[2026-05-05 00:18:43] production.INFO: Telnyx voice webhook received {"event_type":"call.initiated","call_control_id":"v3:EKcBwcIpkQYb-0JeFOMTCjr-RXQ8GeId_6HpztWTl_pxe6adnTMv7Q","direction":"incoming"} 
[2026-05-05 00:18:44] production.INFO: Incoming call - answering {"call_control_id":"v3:EKcBwcIpkQYb-0JeFOMTCjr-RXQ8GeId_6HpztWTl_pxe6adnTMv7Q","from":"+18472123894","to":"+12247354200","caller_user_id":null,"caller_name":"GRZEGORZ SZADY"} 
[2026-05-05 00:18:44] production.INFO: Call command sent: answer {"call_control_id":"v3:EKcBwcIpkQYb-0JeFOMTCjr-RXQ8GeId_6HpztWTl_pxe6adnTMv7Q","result":"ok"} 
[2026-05-05 00:18:44] production.INFO: Telnyx voice webhook received {"event_type":"call.answered","call_control_id":"v3:EKcBwcIpkQYb-0JeFOMTCjr-RXQ8GeId_6HpztWTl_pxe6adnTMv7Q","direction":null} 
[2026-05-05 00:18:44] production.INFO: Playing welcome TTS and dialing admins simultaneously {"call_control_id":"v3:EKcBwcIpkQYb-0JeFOMTCjr-RXQ8GeId_6HpztWTl_pxe6adnTMv7Q","tts":"Good evening! Thanks for calling GS Construction. One moment while we connect you to the GS Crew."} 
[2026-05-05 00:18:44] production.INFO: Call command sent: speak {"call_control_id":"v3:EKcBwcIpkQYb-0JeFOMTCjr-RXQ8GeId_6HpztWTl_pxe6adnTMv7Q","result":"ok"} 
[2026-05-05 00:18:45] production.DEBUG: Push notification delivered {"endpoint":"https://web.push.apple.com/QDkJcfxcMRPW4uLNUaYZ21nDUMJHCJ-cyja1FMQcNEv6qKbL-ec_s…","status":201} 
[2026-05-05 00:18:45] production.DEBUG: Push notification delivered {"endpoint":"https://fcm.googleapis.com/fcm/send/cYR-NIq4nms:APA91bEppjWa7ZIrYxviNuWljHyZ7qnu…","status":201} 
[2026-05-05 00:18:45] production.DEBUG: Push notification delivered {"endpoint":"https://wns2-by3p.notify.windows.com/w/?token=BQYAAACU%2bKDb9Gyej4KtbEbQJBisasbB…","status":201,"wns_status":"received","wns_msg_id":"76C6B9804730B589","wns_debug":"BY3PEPF0001AB00","content_encoding":"aes128gcm","response_body":""} 
[2026-05-05 00:18:45] production.ERROR: Failed to dial admin {"admin_user_id":1,"phone":"+12249993880","error":{"data":{"call_control_id":"v3:cGlkRcx4SnGftRi2NIJS-gsr3fkK_nS0kWrHCl4hyVXcsDkB84Znvw"},"errors":[{"code":10010,"title":null,"detail":"Unverified origination number D51. The source number is a non-Telnyx number that has not been verified."}],"telnyx_error":{"error_code":"D51"}}} 
[2026-05-05 00:18:45] production.ERROR: Failed to dial any admins — triggering voicemail  
[2026-05-05 00:18:45] production.INFO: Playing voicemail IVR menu {"call_control_id":"v3:EKcBwcIpkQYb-0JeFOMTCjr-RXQ8GeId_6HpztWTl_pxe6adnTMv7Q","call_log_id":897,"ivr_prompt":"GS Construction is not available right now. Press 2 to send a text on your behalf so the GS Crew knows to call you back ASAP. Stay on the line to leave a voicemail.","is_known_caller":false} 
[2026-05-05 00:18:45] production.INFO: Call command sent: gather_using_speak {"call_control_id":"v3:EKcBwcIpkQYb-0JeFOMTCjr-RXQ8GeId_6HpztWTl_pxe6adnTMv7Q","result":"ok"} 
[2026-05-05 00:18:45] production.INFO: Telnyx voice webhook received {"event_type":"call.speak.started","call_control_id":"v3:EKcBwcIpkQYb-0JeFOMTCjr-RXQ8GeId_6HpztWTl_pxe6adnTMv7Q","direction":null} 
[2026-05-05 00:18:45] production.INFO: TTS speak started {"call_control_id":"v3:EKcBwcIpkQYb-0JeFOMTCjr-RXQ8GeId_6HpztWTl_pxe6adnTMv7Q"} 
[2026-05-05 00:18:58] production.INFO: Telnyx voice webhook received {"event_type":"call.speak.ended","call_control_id":"v3:EKcBwcIpkQYb-0JeFOMTCjr-RXQ8GeId_6HpztWTl_pxe6adnTMv7Q","direction":null} 
[2026-05-05 00:18:58] production.INFO: handleCallSpeakEnded ENTRY {"call_control_id":"v3:EKcBwcIpkQYb-0JeFOMTCjr-RXQ8GeId_6HpztWTl_pxe6adnTMv7Q","action":"voicemail_ivr_menu","client_state":{"action":"voicemail_ivr_menu","call_log_id":897,"original_caller":"+18472123894","is_known_caller":false,"retry_count":0},"client_state_raw_present":true} 
[2026-05-05 00:18:58] production.INFO: Telnyx voice webhook received {"event_type":"call.hangup","call_control_id":"v3:EKcBwcIpkQYb-0JeFOMTCjr-RXQ8GeId_6HpztWTl_pxe6adnTMv7Q","direction":null} 
[2026-05-05 00:18:58] production.INFO: Call ended {"call_control_id":"v3:EKcBwcIpkQYb-0JeFOMTCjr-RXQ8GeId_6HpztWTl_pxe6adnTMv7Q","status":"missed","hangup_cause":"normal_clearing","duration":14.173737} 
[2026-05-05 00:19:16] production.INFO: Telnyx voice webhook received {"event_type":"call.speak.failed","call_control_id":"v3:EKcBwcIpkQYb-0JeFOMTCjr-RXQ8GeId_6HpztWTl_pxe6adnTMv7Q","direction":null} 
[2026-05-05 00:19:16] production.INFO: Unhandled voice event {"event_type":"call.speak.failed"} 
[2026-05-05 00:19:44] production.INFO: Click-to-call initiated from Calls tab {"call_log_id":898,"user_phone":"+12249993880","target_phone":"+18472123894"} 
[2026-05-05 00:19:44] production.INFO: Telnyx voice webhook received {"event_type":"call.initiated","call_control_id":"v3:iX6WZPySXt2QpHsMjgV0CQD0Sdc3Xsk0e1c2LkBXUizx5xmLwtJUIQ","direction":"outgoing"} 
[2026-05-05 00:19:44] production.INFO: Outbound call initiated {"call_control_id":"v3:iX6WZPySXt2QpHsMjgV0CQD0Sdc3Xsk0e1c2LkBXUizx5xmLwtJUIQ","to":"+12249993880"} 
[2026-05-05 00:19:47] production.INFO: Telnyx voice webhook received {"event_type":"call.answered","call_control_id":"v3:iX6WZPySXt2QpHsMjgV0CQD0Sdc3Xsk0e1c2LkBXUizx5xmLwtJUIQ","direction":null} 
[2026-05-05 00:19:47] production.INFO: Click-to-call: user answered → playing ringback and dialing target {"call_control_id":"v3:iX6WZPySXt2QpHsMjgV0CQD0Sdc3Xsk0e1c2LkBXUizx5xmLwtJUIQ","target_phone":"+18472123894","call_log_id":898} 
[2026-05-05 00:19:47] production.INFO: Call command sent: playback_start {"call_control_id":"v3:iX6WZPySXt2QpHsMjgV0CQD0Sdc3Xsk0e1c2LkBXUizx5xmLwtJUIQ","result":"ok"} 
[2026-05-05 00:19:47] production.INFO: Click-to-call: target dialed {"target_phone":"+18472123894","target_call_control_id":"v3:4FexkpqBjcsNl44Z-F4Gczke8fOkiXhQVjoNEJRCG9sXWD2KKXfi7A"} 
[2026-05-05 00:19:47] production.INFO: Telnyx voice webhook received {"event_type":"call.playback.started","call_control_id":"v3:iX6WZPySXt2QpHsMjgV0CQD0Sdc3Xsk0e1c2LkBXUizx5xmLwtJUIQ","direction":null} 
[2026-05-05 00:19:47] production.INFO: Unhandled voice event {"event_type":"call.playback.started"} 
[2026-05-05 00:19:47] production.INFO: Telnyx voice webhook received {"event_type":"call.initiated","call_control_id":"v3:4FexkpqBjcsNl44Z-F4Gczke8fOkiXhQVjoNEJRCG9sXWD2KKXfi7A","direction":"outgoing"} 
[2026-05-05 00:19:47] production.INFO: Outbound call initiated {"call_control_id":"v3:4FexkpqBjcsNl44Z-F4Gczke8fOkiXhQVjoNEJRCG9sXWD2KKXfi7A","to":"+18472123894"} 
[2026-05-05 00:19:52] production.INFO: Telnyx voice webhook received {"event_type":"call.answered","call_control_id":"v3:4FexkpqBjcsNl44Z-F4Gczke8fOkiXhQVjoNEJRCG9sXWD2KKXfi7A","direction":null} 
[2026-05-05 00:19:52] production.INFO: Click-to-call: target answered — bridging immediately {"target_call_control_id":"v3:4FexkpqBjcsNl44Z-F4Gczke8fOkiXhQVjoNEJRCG9sXWD2KKXfi7A","user_call_control_id":"v3:iX6WZPySXt2QpHsMjgV0CQD0Sdc3Xsk0e1c2LkBXUizx5xmLwtJUIQ","call_log_id":898} 
[2026-05-05 00:19:52] production.INFO: Calls bridged successfully {"call_control_id_a":"v3:4FexkpqBjcsNl44Z-F4Gczke8fOkiXhQVjoNEJRCG9sXWD2KKXfi7A","call_control_id_b":"v3:iX6WZPySXt2QpHsMjgV0CQD0Sdc3Xsk0e1c2LkBXUizx5xmLwtJUIQ"} 
[2026-05-05 00:19:52] production.INFO: Telnyx voice webhook received {"event_type":"call.playback.ended","call_control_id":"v3:iX6WZPySXt2QpHsMjgV0CQD0Sdc3Xsk0e1c2LkBXUizx5xmLwtJUIQ","direction":null} 
[2026-05-05 00:19:52] production.INFO: Telnyx voice webhook received {"event_type":"call.bridged","call_control_id":"v3:4FexkpqBjcsNl44Z-F4Gczke8fOkiXhQVjoNEJRCG9sXWD2KKXfi7A","direction":null} 
[2026-05-05 00:19:52] production.INFO: Call bridged {"call_control_id":"v3:4FexkpqBjcsNl44Z-F4Gczke8fOkiXhQVjoNEJRCG9sXWD2KKXfi7A","call_session_id":"1fcfbd78-4818-11f1-89d8-02420aefe3d3"} 
[2026-05-05 00:19:52] production.INFO: Telnyx voice webhook received {"event_type":"call.bridged","call_control_id":"v3:iX6WZPySXt2QpHsMjgV0CQD0Sdc3Xsk0e1c2LkBXUizx5xmLwtJUIQ","direction":null} 
[2026-05-05 00:19:52] production.INFO: Call bridged {"call_control_id":"v3:iX6WZPySXt2QpHsMjgV0CQD0Sdc3Xsk0e1c2LkBXUizx5xmLwtJUIQ","call_session_id":"1dd0ea10-4818-11f1-a3d7-02420aefe3f3"} 
[2026-05-05 00:19:57] production.INFO: Telnyx voice webhook received {"event_type":"call.machine.premium.detection.ended","call_control_id":"v3:4FexkpqBjcsNl44Z-F4Gczke8fOkiXhQVjoNEJRCG9sXWD2KKXfi7A","direction":null} 
[2026-05-05 00:19:57] production.INFO: AMD ended {"call_control_id":"v3:4FexkpqBjcsNl44Z-F4Gczke8fOkiXhQVjoNEJRCG9sXWD2KKXfi7A","result":"not_sure","action":"click_to_call_target_ring"} 
[2026-05-05 00:20:00] production.INFO: Telnyx voice webhook received {"event_type":"call.hangup","call_control_id":"v3:4FexkpqBjcsNl44Z-F4Gczke8fOkiXhQVjoNEJRCG9sXWD2KKXfi7A","direction":null} 
[2026-05-05 00:20:00] production.INFO: Click-to-call: target hung up after connected call {"call_control_id":"v3:4FexkpqBjcsNl44Z-F4Gczke8fOkiXhQVjoNEJRCG9sXWD2KKXfi7A","hangup_cause":"normal_clearing","call_log_id":898,"duration":13.618943} 
[2026-05-05 00:20:00] production.INFO: Telnyx voice webhook received {"event_type":"call.hangup","call_control_id":"v3:iX6WZPySXt2QpHsMjgV0CQD0Sdc3Xsk0e1c2LkBXUizx5xmLwtJUIQ","direction":null} 
[2026-05-05 00:20:00] production.INFO: Click-to-call user leg ended {"call_control_id":"v3:iX6WZPySXt2QpHsMjgV0CQD0Sdc3Xsk0e1c2LkBXUizx5xmLwtJUIQ","action":"click_to_call_waiting","status":"completed","call_log_id":898,"hangup_cause":"normal_clearing"} 
[2026-05-05 00:20:12] production.INFO: Telnyx voice webhook received {"event_type":"call.initiated","call_control_id":"v3:u_shG_9LK7sGtV_gNIkj_W8vP-mn04ZGKsh_0HtnJnUpTaFdT-N10A","direction":"incoming"} 
[2026-05-05 00:20:12] production.INFO: Incoming call - answering {"call_control_id":"v3:u_shG_9LK7sGtV_gNIkj_W8vP-mn04ZGKsh_0HtnJnUpTaFdT-N10A","from":"+18472123894","to":"+12247354200","caller_user_id":null,"caller_name":"GRZEGORZ SZADY"} 
[2026-05-05 00:20:13] production.INFO: Call command sent: answer {"call_control_id":"v3:u_shG_9LK7sGtV_gNIkj_W8vP-mn04ZGKsh_0HtnJnUpTaFdT-N10A","result":"ok"} 
[2026-05-05 00:20:13] production.INFO: Telnyx voice webhook received {"event_type":"call.answered","call_control_id":"v3:u_shG_9LK7sGtV_gNIkj_W8vP-mn04ZGKsh_0HtnJnUpTaFdT-N10A","direction":null} 
[2026-05-05 00:20:13] production.INFO: Playing welcome TTS and dialing admins simultaneously {"call_control_id":"v3:u_shG_9LK7sGtV_gNIkj_W8vP-mn04ZGKsh_0HtnJnUpTaFdT-N10A","tts":"Good evening! Thanks for calling GS Construction. One moment while we connect you to the GS Crew."} 
[2026-05-05 00:20:13] production.INFO: Call command sent: speak {"call_control_id":"v3:u_shG_9LK7sGtV_gNIkj_W8vP-mn04ZGKsh_0HtnJnUpTaFdT-N10A","result":"ok"} 
[2026-05-05 00:20:14] production.ERROR: Failed to dial admin {"admin_user_id":1,"phone":"+12249993880","error":{"data":{"call_control_id":"v3:1KQciqmb59k2jYZzfCtC6456iRTgMHgT7XK63UXeofdkb8S-I6vL-Q"},"errors":[{"code":10010,"title":null,"detail":"Unverified origination number D51. The source number is a non-Telnyx number that has not been verified."}],"telnyx_error":{"error_code":"D51"}}} 
[2026-05-05 00:20:14] production.ERROR: Failed to dial any admins — triggering voicemail  
[2026-05-05 00:20:14] production.INFO: Playing voicemail IVR menu {"call_control_id":"v3:u_shG_9LK7sGtV_gNIkj_W8vP-mn04ZGKsh_0HtnJnUpTaFdT-N10A","call_log_id":899,"ivr_prompt":"GS Construction is not available right now. Press 2 to send a text on your behalf so the GS Crew knows to call you back ASAP. Stay on the line to leave a voicemail.","is_known_caller":false} 
[2026-05-05 00:20:14] production.INFO: Call command sent: gather_using_speak {"call_control_id":"v3:u_shG_9LK7sGtV_gNIkj_W8vP-mn04ZGKsh_0HtnJnUpTaFdT-N10A","result":"ok"} 
[2026-05-05 00:20:14] production.DEBUG: Push notification delivered {"endpoint":"https://web.push.apple.com/QDkJcfxcMRPW4uLNUaYZ21nDUMJHCJ-cyja1FMQcNEv6qKbL-ec_s…","status":201} 
[2026-05-05 00:20:14] production.DEBUG: Push notification delivered {"endpoint":"https://fcm.googleapis.com/fcm/send/cYR-NIq4nms:APA91bEppjWa7ZIrYxviNuWljHyZ7qnu…","status":201} 
[2026-05-05 00:20:14] production.DEBUG: Push notification delivered {"endpoint":"https://wns2-by3p.notify.windows.com/w/?token=BQYAAACU%2bKDb9Gyej4KtbEbQJBisasbB…","status":201,"wns_status":"received","wns_msg_id":"5F16B84B33AD1AC6","wns_debug":"BY3PEPF00028CF5","content_encoding":"aes128gcm","response_body":""} 
[2026-05-05 00:20:16] production.INFO: Telnyx voice webhook received {"event_type":"call.speak.started","call_control_id":"v3:u_shG_9LK7sGtV_gNIkj_W8vP-mn04ZGKsh_0HtnJnUpTaFdT-N10A","direction":null} 
[2026-05-05 00:20:16] production.INFO: TTS speak started {"call_control_id":"v3:u_shG_9LK7sGtV_gNIkj_W8vP-mn04ZGKsh_0HtnJnUpTaFdT-N10A"} 
[2026-05-05 00:20:22] production.INFO: Telnyx voice webhook received {"event_type":"call.speak.ended","call_control_id":"v3:u_shG_9LK7sGtV_gNIkj_W8vP-mn04ZGKsh_0HtnJnUpTaFdT-N10A","direction":null} 
[2026-05-05 00:20:22] production.INFO: handleCallSpeakEnded ENTRY {"call_control_id":"v3:u_shG_9LK7sGtV_gNIkj_W8vP-mn04ZGKsh_0HtnJnUpTaFdT-N10A","action":"voicemail_ivr_menu","client_state":{"action":"voicemail_ivr_menu","call_log_id":899,"original_caller":"+18472123894","is_known_caller":false,"retry_count":0},"client_state_raw_present":true} 
[2026-05-05 00:20:23] production.INFO: Telnyx voice webhook received {"event_type":"call.gather.ended","call_control_id":"v3:u_shG_9LK7sGtV_gNIkj_W8vP-mn04ZGKsh_0HtnJnUpTaFdT-N10A","direction":null} 
[2026-05-05 00:20:23] production.INFO: IVR gather ended {"call_control_id":"v3:u_shG_9LK7sGtV_gNIkj_W8vP-mn04ZGKsh_0HtnJnUpTaFdT-N10A","digits":"","call_log_id":899} 
[2026-05-05 00:20:23] production.INFO: IVR: no digit pressed — retrying IVR menu (TTS may not have played) {"call_control_id":"v3:u_shG_9LK7sGtV_gNIkj_W8vP-mn04ZGKsh_0HtnJnUpTaFdT-N10A","retry_count":0,"call_log_id":899} 
[2026-05-05 00:20:23] production.INFO: Playing voicemail IVR menu {"call_control_id":"v3:u_shG_9LK7sGtV_gNIkj_W8vP-mn04ZGKsh_0HtnJnUpTaFdT-N10A","call_log_id":899,"ivr_prompt":"GS Construction is not available right now. Press 2 to send a text on your behalf so the GS Crew knows to call you back ASAP. Stay on the line to leave a voicemail.","is_known_caller":false} 
[2026-05-05 00:20:23] production.INFO: Call command sent: gather_using_speak {"call_control_id":"v3:u_shG_9LK7sGtV_gNIkj_W8vP-mn04ZGKsh_0HtnJnUpTaFdT-N10A","result":"ok"} 
[2026-05-05 00:20:24] production.INFO: Telnyx voice webhook received {"event_type":"call.speak.started","call_control_id":"v3:u_shG_9LK7sGtV_gNIkj_W8vP-mn04ZGKsh_0HtnJnUpTaFdT-N10A","direction":null} 
[2026-05-05 00:20:24] production.INFO: TTS speak started {"call_control_id":"v3:u_shG_9LK7sGtV_gNIkj_W8vP-mn04ZGKsh_0HtnJnUpTaFdT-N10A"} 
[2026-05-05 00:20:26] production.INFO: Telnyx voice webhook received {"event_type":"call.gather.ended","call_control_id":"v3:u_shG_9LK7sGtV_gNIkj_W8vP-mn04ZGKsh_0HtnJnUpTaFdT-N10A","direction":null} 
[2026-05-05 00:20:26] production.INFO: Telnyx voice webhook received {"event_type":"call.speak.ended","call_control_id":"v3:u_shG_9LK7sGtV_gNIkj_W8vP-mn04ZGKsh_0HtnJnUpTaFdT-N10A","direction":null} 
[2026-05-05 00:20:26] production.INFO: handleCallSpeakEnded ENTRY {"call_control_id":"v3:u_shG_9LK7sGtV_gNIkj_W8vP-mn04ZGKsh_0HtnJnUpTaFdT-N10A","action":"voicemail_ivr_menu","client_state":{"action":"voicemail_ivr_menu","call_log_id":899,"original_caller":"+18472123894","is_known_caller":false,"retry_count":1},"client_state_raw_present":true} 
[2026-05-05 00:20:26] production.INFO: IVR gather ended {"call_control_id":"v3:u_shG_9LK7sGtV_gNIkj_W8vP-mn04ZGKsh_0HtnJnUpTaFdT-N10A","digits":"","call_log_id":899} 
[2026-05-05 00:20:26] production.INFO: IVR: no digit pressed after retry — playing voicemail greeting {"call_control_id":"v3:u_shG_9LK7sGtV_gNIkj_W8vP-mn04ZGKsh_0HtnJnUpTaFdT-N10A","call_log_id":899} 
[2026-05-05 00:20:26] production.INFO: Telnyx voice webhook received {"event_type":"call.hangup","call_control_id":"v3:u_shG_9LK7sGtV_gNIkj_W8vP-mn04ZGKsh_0HtnJnUpTaFdT-N10A","direction":null} 
[2026-05-05 00:20:26] production.INFO: Call ended {"call_control_id":"v3:u_shG_9LK7sGtV_gNIkj_W8vP-mn04ZGKsh_0HtnJnUpTaFdT-N10A","status":"missed","hangup_cause":"normal_clearing","duration":13.292575000000001} 
[2026-05-05 00:20:26] production.ERROR: Call command failed: speak {"call_control_id":"v3:u_shG_9LK7sGtV_gNIkj_W8vP-mn04ZGKsh_0HtnJnUpTaFdT-N10A","status":422,"error":{"errors":[{"code":"90018","title":"Call has already ended","detail":"This call is no longer active and can't receive commands."}]}} 
[2026-05-05 00:27:42] production.INFO: Telnyx voice webhook received {"event_type":"call.initiated","call_control_id":"v3:YxpEYDp296gakTGh00GeGah4yS9W8UpVgzBC48-zwl_9OMQs6rzE0A","direction":"incoming"} 
[2026-05-05 00:27:42] production.INFO: Incoming call - answering {"call_control_id":"v3:YxpEYDp296gakTGh00GeGah4yS9W8UpVgzBC48-zwl_9OMQs6rzE0A","from":"+18472123894","to":"+12247354200","caller_user_id":null,"caller_name":"GRZEGORZ SZADY"} 
[2026-05-05 00:27:42] production.INFO: Call command sent: answer {"call_control_id":"v3:YxpEYDp296gakTGh00GeGah4yS9W8UpVgzBC48-zwl_9OMQs6rzE0A","result":"ok"} 
[2026-05-05 00:27:42] production.INFO: Telnyx voice webhook received {"event_type":"call.answered","call_control_id":"v3:YxpEYDp296gakTGh00GeGah4yS9W8UpVgzBC48-zwl_9OMQs6rzE0A","direction":null} 
[2026-05-05 00:27:42] production.INFO: Playing welcome TTS and dialing admins simultaneously {"call_control_id":"v3:YxpEYDp296gakTGh00GeGah4yS9W8UpVgzBC48-zwl_9OMQs6rzE0A","tts":"Good evening! Thanks for calling GS Construction. One moment while we connect you to the GS Crew."} 
[2026-05-05 00:27:43] production.INFO: Call command sent: speak {"call_control_id":"v3:YxpEYDp296gakTGh00GeGah4yS9W8UpVgzBC48-zwl_9OMQs6rzE0A","result":"ok"} 
[2026-05-05 00:27:43] production.INFO: Dialed admin {"admin_user_id":1,"admin_name":"Patryk Szady","phone":"+12249993880","admin_call_control_id":"v3:KX87tlVoMbd73_eEvfwQdeaSOnFfiwNVwKDsR-DTrPb_udaO3GZdhA"} 
[2026-05-05 00:27:43] production.INFO: Telnyx voice webhook received {"event_type":"call.speak.started","call_control_id":"v3:YxpEYDp296gakTGh00GeGah4yS9W8UpVgzBC48-zwl_9OMQs6rzE0A","direction":null} 
[2026-05-05 00:27:43] production.INFO: TTS speak started {"call_control_id":"v3:YxpEYDp296gakTGh00GeGah4yS9W8UpVgzBC48-zwl_9OMQs6rzE0A"} 
[2026-05-05 00:27:43] production.INFO: Telnyx voice webhook received {"event_type":"call.initiated","call_control_id":"v3:KX87tlVoMbd73_eEvfwQdeaSOnFfiwNVwKDsR-DTrPb_udaO3GZdhA","direction":"outgoing"} 
[2026-05-05 00:27:43] production.INFO: Outbound call initiated {"call_control_id":"v3:KX87tlVoMbd73_eEvfwQdeaSOnFfiwNVwKDsR-DTrPb_udaO3GZdhA","to":"+12249993880"} 
[2026-05-05 00:27:45] production.DEBUG: Push notification delivered {"endpoint":"https://web.push.apple.com/QDkJcfxcMRPW4uLNUaYZ21nDUMJHCJ-cyja1FMQcNEv6qKbL-ec_s…","status":201} 
[2026-05-05 00:27:45] production.DEBUG: Push notification delivered {"endpoint":"https://fcm.googleapis.com/fcm/send/cYR-NIq4nms:APA91bEppjWa7ZIrYxviNuWljHyZ7qnu…","status":201} 
[2026-05-05 00:27:45] production.DEBUG: Push notification delivered {"endpoint":"https://wns2-by3p.notify.windows.com/w/?token=BQYAAACU%2bKDb9Gyej4KtbEbQJBisasbB…","status":201,"wns_status":"received","wns_msg_id":"456C0C857A7F2FF2","wns_debug":"BY3PEPF0000FF3C","content_encoding":"aes128gcm","response_body":""} 
[2026-05-05 00:27:46] production.DEBUG: Push notification delivered {"endpoint":"https://web.push.apple.com/QDkJcfxcMRPW4uLNUaYZ21nDUMJHCJ-cyja1FMQcNEv6qKbL-ec_s…","status":201} 
[2026-05-05 00:27:46] production.DEBUG: Push notification delivered {"endpoint":"https://fcm.googleapis.com/fcm/send/cYR-NIq4nms:APA91bEppjWa7ZIrYxviNuWljHyZ7qnu…","status":201} 
[2026-05-05 00:27:46] production.DEBUG: Push notification delivered {"endpoint":"https://wns2-by3p.notify.windows.com/w/?token=BQYAAACU%2bKDb9Gyej4KtbEbQJBisasbB…","status":201,"wns_status":"received","wns_msg_id":"5FC6AF0B3C18A5AA","wns_debug":"BY3PEPF0000FF22","content_encoding":"aes128gcm","response_body":""} 
[2026-05-05 00:27:49] production.INFO: Telnyx voice webhook received {"event_type":"call.speak.ended","call_control_id":"v3:YxpEYDp296gakTGh00GeGah4yS9W8UpVgzBC48-zwl_9OMQs6rzE0A","direction":null} 
[2026-05-05 00:27:49] production.INFO: handleCallSpeakEnded ENTRY {"call_control_id":"v3:YxpEYDp296gakTGh00GeGah4yS9W8UpVgzBC48-zwl_9OMQs6rzE0A","action":"welcome_done","client_state":{"action":"welcome_done","call_log_id":900,"original_caller":"+18472123894"},"client_state_raw_present":true} 
[2026-05-05 00:27:49] production.INFO: TTS completed — no admin answered yet, playing ringback {"call_control_id":"v3:YxpEYDp296gakTGh00GeGah4yS9W8UpVgzBC48-zwl_9OMQs6rzE0A","call_log_id":900} 
[2026-05-05 00:27:49] production.INFO: Call command sent: playback_start {"call_control_id":"v3:YxpEYDp296gakTGh00GeGah4yS9W8UpVgzBC48-zwl_9OMQs6rzE0A","result":"ok"} 
[2026-05-05 00:27:49] production.INFO: Telnyx voice webhook received {"event_type":"call.playback.started","call_control_id":"v3:YxpEYDp296gakTGh00GeGah4yS9W8UpVgzBC48-zwl_9OMQs6rzE0A","direction":null} 
[2026-05-05 00:27:49] production.INFO: Unhandled voice event {"event_type":"call.playback.started"} 
[2026-05-05 00:27:50] production.INFO: Telnyx voice webhook received {"event_type":"call.answered","call_control_id":"v3:KX87tlVoMbd73_eEvfwQdeaSOnFfiwNVwKDsR-DTrPb_udaO3GZdhA","direction":null} 
[2026-05-05 00:27:50] production.INFO: First admin answered — bridging without prompt {"admin_call_control_id":"v3:KX87tlVoMbd73_eEvfwQdeaSOnFfiwNVwKDsR-DTrPb_udaO3GZdhA","incoming_call_control_id":"v3:YxpEYDp296gakTGh00GeGah4yS9W8UpVgzBC48-zwl_9OMQs6rzE0A","call_log_id":900,"admin_user_id":1} 
[2026-05-05 00:27:50] production.INFO: Creating conference with caller as first participant {"call_log_id":900,"conference_name":"call_900_f2062d40","incoming_call_control_id":"v3:YxpEYDp296gakTGh00GeGah4yS9W8UpVgzBC48-zwl_9OMQs6rzE0A","admin_call_control_id":"v3:KX87tlVoMbd73_eEvfwQdeaSOnFfiwNVwKDsR-DTrPb_udaO3GZdhA","admin_user_id":1} 
[2026-05-05 00:27:50] production.INFO: Call command sent: playback_stop {"call_control_id":"v3:YxpEYDp296gakTGh00GeGah4yS9W8UpVgzBC48-zwl_9OMQs6rzE0A","result":"ok"} 
[2026-05-05 00:27:50] production.INFO: Telnyx voice webhook received {"event_type":"call.playback.ended","call_control_id":"v3:YxpEYDp296gakTGh00GeGah4yS9W8UpVgzBC48-zwl_9OMQs6rzE0A","direction":null} 
[2026-05-05 00:27:51] production.INFO: Call command sent: playback_stop {"call_control_id":"v3:KX87tlVoMbd73_eEvfwQdeaSOnFfiwNVwKDsR-DTrPb_udaO3GZdhA","result":"ok"} 
[2026-05-05 00:27:51] production.INFO: Call command sent: playback_start {"call_control_id":"v3:YxpEYDp296gakTGh00GeGah4yS9W8UpVgzBC48-zwl_9OMQs6rzE0A","result":"ok"} 
[2026-05-05 00:27:51] production.ERROR: Conference create failed {"name":"call_900_f2062d40","status":422,"error":{"errors":[{"code":"10032","title":"Invalid enumerated value","source":{"pointer":"/beep"},"detail":"The value must be of type 'string' with a value of either true, false, on_enter, on_exit, always or never."}]}} 
[2026-05-05 00:27:51] production.ERROR: Failed to create conference — hanging up admin leg {"call_log_id":900} 
[2026-05-05 00:27:51] production.INFO: Call command sent: hangup {"call_control_id":"v3:KX87tlVoMbd73_eEvfwQdeaSOnFfiwNVwKDsR-DTrPb_udaO3GZdhA","result":"ok"} 
[2026-05-05 00:27:51] production.INFO: Telnyx voice webhook received {"event_type":"call.playback.started","call_control_id":"v3:YxpEYDp296gakTGh00GeGah4yS9W8UpVgzBC48-zwl_9OMQs6rzE0A","direction":null} 
[2026-05-05 00:27:51] production.INFO: Unhandled voice event {"event_type":"call.playback.started"} 
[2026-05-05 00:27:51] production.INFO: Telnyx voice webhook received {"event_type":"call.hangup","call_control_id":"v3:KX87tlVoMbd73_eEvfwQdeaSOnFfiwNVwKDsR-DTrPb_udaO3GZdhA","direction":null} 
[2026-05-05 00:27:51] production.INFO: Admin ring leg hung up {"admin_call_control_id":"v3:KX87tlVoMbd73_eEvfwQdeaSOnFfiwNVwKDsR-DTrPb_udaO3GZdhA","hangup_cause":"normal_clearing","call_log_id":900,"incoming_call_control_id":"v3:YxpEYDp296gakTGh00GeGah4yS9W8UpVgzBC48-zwl_9OMQs6rzE0A"} 
[2026-05-05 00:27:51] production.INFO: Admin removed from pending list {"removed_id":"v3:KX87tlVoMbd73_eEvfwQdeaSOnFfiwNVwKDsR-DTrPb_udaO3GZdhA","was_in_list":true,"remaining_count":0,"call_log_id":900} 
[2026-05-05 00:27:51] production.INFO: All admin legs failed — triggering voicemail {"incoming_call_control_id":"v3:YxpEYDp296gakTGh00GeGah4yS9W8UpVgzBC48-zwl_9OMQs6rzE0A","call_log_id":900} 
[2026-05-05 00:27:51] production.INFO: Playing voicemail IVR menu {"call_control_id":"v3:YxpEYDp296gakTGh00GeGah4yS9W8UpVgzBC48-zwl_9OMQs6rzE0A","call_log_id":900,"ivr_prompt":"GS Construction is not available right now. Press 2 to send a text on your behalf so the GS Crew knows to call you back ASAP. Stay on the line to leave a voicemail.","is_known_caller":false} 
[2026-05-05 00:27:51] production.INFO: Call command sent: gather_using_speak {"call_control_id":"v3:YxpEYDp296gakTGh00GeGah4yS9W8UpVgzBC48-zwl_9OMQs6rzE0A","result":"ok"} 
[2026-05-05 00:27:58] production.INFO: Telnyx voice webhook received {"event_type":"call.hangup","call_control_id":"v3:YxpEYDp296gakTGh00GeGah4yS9W8UpVgzBC48-zwl_9OMQs6rzE0A","direction":null} 
[2026-05-05 00:27:58] production.INFO: Telnyx voice webhook received {"event_type":"call.playback.ended","call_control_id":"v3:YxpEYDp296gakTGh00GeGah4yS9W8UpVgzBC48-zwl_9OMQs6rzE0A","direction":null} 
[2026-05-05 00:27:58] production.INFO: Playback ended (non-ringback) {"call_control_id":"v3:YxpEYDp296gakTGh00GeGah4yS9W8UpVgzBC48-zwl_9OMQs6rzE0A","action":"voicemail_ivr_menu"} 
[2026-05-05 00:27:58] production.INFO: Call ended {"call_control_id":"v3:YxpEYDp296gakTGh00GeGah4yS9W8UpVgzBC48-zwl_9OMQs6rzE0A","status":"missed","hangup_cause":"normal_clearing","duration":16.264592} 
[2026-05-05 00:27:59] production.INFO: Telnyx voice webhook received {"event_type":"call.initiated","call_control_id":"v3:u-9-T847AxTYcwD8zN-ewILbrgk0ocxa6RuuMFAUNGS_bVPy41bUKQ","direction":"incoming"} 
[2026-05-05 00:27:59] production.INFO: Incoming call - answering {"call_control_id":"v3:u-9-T847AxTYcwD8zN-ewILbrgk0ocxa6RuuMFAUNGS_bVPy41bUKQ","from":"+18472123894","to":"+12247354200","caller_user_id":null,"caller_name":"GRZEGORZ SZADY"} 
[2026-05-05 00:27:59] production.INFO: Call command sent: answer {"call_control_id":"v3:u-9-T847AxTYcwD8zN-ewILbrgk0ocxa6RuuMFAUNGS_bVPy41bUKQ","result":"ok"} 
[2026-05-05 00:28:00] production.INFO: Telnyx voice webhook received {"event_type":"call.answered","call_control_id":"v3:u-9-T847AxTYcwD8zN-ewILbrgk0ocxa6RuuMFAUNGS_bVPy41bUKQ","direction":null} 
[2026-05-05 00:28:00] production.INFO: Playing welcome TTS and dialing admins simultaneously {"call_control_id":"v3:u-9-T847AxTYcwD8zN-ewILbrgk0ocxa6RuuMFAUNGS_bVPy41bUKQ","tts":"Good evening! Thanks for calling GS Construction. One moment while we connect you to the GS Crew."} 
[2026-05-05 00:28:00] production.INFO: Call command sent: speak {"call_control_id":"v3:u-9-T847AxTYcwD8zN-ewILbrgk0ocxa6RuuMFAUNGS_bVPy41bUKQ","result":"ok"} 
[2026-05-05 00:28:00] production.INFO: Dialed admin {"admin_user_id":1,"admin_name":"Patryk Szady","phone":"+12249993880","admin_call_control_id":"v3:yIIGKotmz9IalICUEokfOaleSU_9EbxYyt7XRpvLOHZ-_dfEJMqgsA"} 
[2026-05-05 00:28:00] production.INFO: Telnyx voice webhook received {"event_type":"call.speak.started","call_control_id":"v3:u-9-T847AxTYcwD8zN-ewILbrgk0ocxa6RuuMFAUNGS_bVPy41bUKQ","direction":null} 
[2026-05-05 00:28:00] production.INFO: TTS speak started {"call_control_id":"v3:u-9-T847AxTYcwD8zN-ewILbrgk0ocxa6RuuMFAUNGS_bVPy41bUKQ"} 
[2026-05-05 00:28:00] production.INFO: Telnyx voice webhook received {"event_type":"call.initiated","call_control_id":"v3:yIIGKotmz9IalICUEokfOaleSU_9EbxYyt7XRpvLOHZ-_dfEJMqgsA","direction":"outgoing"} 
[2026-05-05 00:28:00] production.INFO: Outbound call initiated {"call_control_id":"v3:yIIGKotmz9IalICUEokfOaleSU_9EbxYyt7XRpvLOHZ-_dfEJMqgsA","to":"+12249993880"} 
[2026-05-05 00:28:05] production.DEBUG: Push notification delivered {"endpoint":"https://web.push.apple.com/QDkJcfxcMRPW4uLNUaYZ21nDUMJHCJ-cyja1FMQcNEv6qKbL-ec_s…","status":201} 
[2026-05-05 00:28:05] production.DEBUG: Push notification delivered {"endpoint":"https://fcm.googleapis.com/fcm/send/cYR-NIq4nms:APA91bEppjWa7ZIrYxviNuWljHyZ7qnu…","status":201} 
[2026-05-05 00:28:05] production.DEBUG: Push notification delivered {"endpoint":"https://wns2-by3p.notify.windows.com/w/?token=BQYAAACU%2bKDb9Gyej4KtbEbQJBisasbB…","status":201,"wns_status":"received","wns_msg_id":"249233380920AD89","wns_debug":"BY3PEPF0001AACF","content_encoding":"aes128gcm","response_body":""} 
[2026-05-05 00:28:05] production.DEBUG: Push notification delivered {"endpoint":"https://web.push.apple.com/QDkJcfxcMRPW4uLNUaYZ21nDUMJHCJ-cyja1FMQcNEv6qKbL-ec_s…","status":201} 
[2026-05-05 00:28:05] production.DEBUG: Push notification delivered {"endpoint":"https://fcm.googleapis.com/fcm/send/cYR-NIq4nms:APA91bEppjWa7ZIrYxviNuWljHyZ7qnu…","status":201} 
[2026-05-05 00:28:05] production.DEBUG: Push notification delivered {"endpoint":"https://wns2-by3p.notify.windows.com/w/?token=BQYAAACU%2bKDb9Gyej4KtbEbQJBisasbB…","status":201,"wns_status":"received","wns_msg_id":"76D90B048E22D13","wns_debug":"BY3PEPF0000E9C8","content_encoding":"aes128gcm","response_body":""} 
[2026-05-05 00:28:07] production.INFO: Telnyx voice webhook received {"event_type":"call.speak.ended","call_control_id":"v3:u-9-T847AxTYcwD8zN-ewILbrgk0ocxa6RuuMFAUNGS_bVPy41bUKQ","direction":null} 
[2026-05-05 00:28:07] production.INFO: handleCallSpeakEnded ENTRY {"call_control_id":"v3:u-9-T847AxTYcwD8zN-ewILbrgk0ocxa6RuuMFAUNGS_bVPy41bUKQ","action":"welcome_done","client_state":{"action":"welcome_done","call_log_id":901,"original_caller":"+18472123894"},"client_state_raw_present":true} 
[2026-05-05 00:28:07] production.INFO: TTS completed — no admin answered yet, playing ringback {"call_control_id":"v3:u-9-T847AxTYcwD8zN-ewILbrgk0ocxa6RuuMFAUNGS_bVPy41bUKQ","call_log_id":901} 
[2026-05-05 00:28:07] production.INFO: Call command sent: playback_start {"call_control_id":"v3:u-9-T847AxTYcwD8zN-ewILbrgk0ocxa6RuuMFAUNGS_bVPy41bUKQ","result":"ok"} 
[2026-05-05 00:28:07] production.INFO: Telnyx voice webhook received {"event_type":"call.answered","call_control_id":"v3:yIIGKotmz9IalICUEokfOaleSU_9EbxYyt7XRpvLOHZ-_dfEJMqgsA","direction":null} 
[2026-05-05 00:28:07] production.INFO: First admin answered — bridging without prompt {"admin_call_control_id":"v3:yIIGKotmz9IalICUEokfOaleSU_9EbxYyt7XRpvLOHZ-_dfEJMqgsA","incoming_call_control_id":"v3:u-9-T847AxTYcwD8zN-ewILbrgk0ocxa6RuuMFAUNGS_bVPy41bUKQ","call_log_id":901,"admin_user_id":1} 
[2026-05-05 00:28:07] production.INFO: Creating conference with caller as first participant {"call_log_id":901,"conference_name":"call_901_b90606c5","incoming_call_control_id":"v3:u-9-T847AxTYcwD8zN-ewILbrgk0ocxa6RuuMFAUNGS_bVPy41bUKQ","admin_call_control_id":"v3:yIIGKotmz9IalICUEokfOaleSU_9EbxYyt7XRpvLOHZ-_dfEJMqgsA","admin_user_id":1} 
[2026-05-05 00:28:08] production.INFO: Call command sent: playback_stop {"call_control_id":"v3:u-9-T847AxTYcwD8zN-ewILbrgk0ocxa6RuuMFAUNGS_bVPy41bUKQ","result":"ok"} 
[2026-05-05 00:28:08] production.INFO: Telnyx voice webhook received {"event_type":"call.playback.ended","call_control_id":"v3:u-9-T847AxTYcwD8zN-ewILbrgk0ocxa6RuuMFAUNGS_bVPy41bUKQ","direction":null} 
[2026-05-05 00:28:08] production.INFO: Telnyx voice webhook received {"event_type":"call.playback.started","call_control_id":"v3:u-9-T847AxTYcwD8zN-ewILbrgk0ocxa6RuuMFAUNGS_bVPy41bUKQ","direction":null} 
[2026-05-05 00:28:08] production.INFO: Unhandled voice event {"event_type":"call.playback.started"} 
[2026-05-05 00:28:08] production.INFO: Call command sent: playback_start {"call_control_id":"v3:u-9-T847AxTYcwD8zN-ewILbrgk0ocxa6RuuMFAUNGS_bVPy41bUKQ","result":"ok"} 
[2026-05-05 00:28:08] production.INFO: Call command sent: playback_stop {"call_control_id":"v3:yIIGKotmz9IalICUEokfOaleSU_9EbxYyt7XRpvLOHZ-_dfEJMqgsA","result":"ok"} 
[2026-05-05 00:28:08] production.ERROR: Conference create failed {"name":"call_901_b90606c5","status":422,"error":{"errors":[{"code":"10032","title":"Invalid enumerated value","source":{"pointer":"/beep"},"detail":"The value must be of type 'string' with a value of either true, false, on_enter, on_exit, always or never."}]}} 
[2026-05-05 00:28:08] production.ERROR: Failed to create conference — hanging up admin leg {"call_log_id":901} 
[2026-05-05 00:28:08] production.INFO: Call command sent: hangup {"call_control_id":"v3:yIIGKotmz9IalICUEokfOaleSU_9EbxYyt7XRpvLOHZ-_dfEJMqgsA","result":"ok"} 
[2026-05-05 00:28:08] production.INFO: Telnyx voice webhook received {"event_type":"call.playback.started","call_control_id":"v3:u-9-T847AxTYcwD8zN-ewILbrgk0ocxa6RuuMFAUNGS_bVPy41bUKQ","direction":null} 
[2026-05-05 00:28:08] production.INFO: Unhandled voice event {"event_type":"call.playback.started"} 
[2026-05-05 00:28:08] production.INFO: Telnyx voice webhook received {"event_type":"call.hangup","call_control_id":"v3:yIIGKotmz9IalICUEokfOaleSU_9EbxYyt7XRpvLOHZ-_dfEJMqgsA","direction":null} 
[2026-05-05 00:28:08] production.INFO: Admin ring leg hung up {"admin_call_control_id":"v3:yIIGKotmz9IalICUEokfOaleSU_9EbxYyt7XRpvLOHZ-_dfEJMqgsA","hangup_cause":"normal_clearing","call_log_id":901,"incoming_call_control_id":"v3:u-9-T847AxTYcwD8zN-ewILbrgk0ocxa6RuuMFAUNGS_bVPy41bUKQ"} 
[2026-05-05 00:28:08] production.INFO: Admin removed from pending list {"removed_id":"v3:yIIGKotmz9IalICUEokfOaleSU_9EbxYyt7XRpvLOHZ-_dfEJMqgsA","was_in_list":true,"remaining_count":0,"call_log_id":901} 
[2026-05-05 00:28:08] production.INFO: All admin legs failed — triggering voicemail {"incoming_call_control_id":"v3:u-9-T847AxTYcwD8zN-ewILbrgk0ocxa6RuuMFAUNGS_bVPy41bUKQ","call_log_id":901} 
[2026-05-05 00:28:08] production.INFO: Playing voicemail IVR menu {"call_control_id":"v3:u-9-T847AxTYcwD8zN-ewILbrgk0ocxa6RuuMFAUNGS_bVPy41bUKQ","call_log_id":901,"ivr_prompt":"GS Construction is not available right now. Press 2 to send a text on your behalf so the GS Crew knows to call you back ASAP. Stay on the line to leave a voicemail.","is_known_caller":false} 
[2026-05-05 00:28:09] production.INFO: Call command sent: gather_using_speak {"call_control_id":"v3:u-9-T847AxTYcwD8zN-ewILbrgk0ocxa6RuuMFAUNGS_bVPy41bUKQ","result":"ok"} 
[2026-05-05 00:28:38] production.INFO: Telnyx voice webhook received {"event_type":"call.playback.ended","call_control_id":"v3:u-9-T847AxTYcwD8zN-ewILbrgk0ocxa6RuuMFAUNGS_bVPy41bUKQ","direction":null} 
[2026-05-05 00:28:38] production.INFO: Playback ended (non-ringback) {"call_control_id":"v3:u-9-T847AxTYcwD8zN-ewILbrgk0ocxa6RuuMFAUNGS_bVPy41bUKQ","action":"voicemail_ivr_menu"} 
[2026-05-05 00:28:39] production.INFO: Telnyx voice webhook received {"event_type":"call.gather.ended","call_control_id":"v3:u-9-T847AxTYcwD8zN-ewILbrgk0ocxa6RuuMFAUNGS_bVPy41bUKQ","direction":null} 
[2026-05-05 00:28:39] production.INFO: IVR gather ended {"call_control_id":"v3:u-9-T847AxTYcwD8zN-ewILbrgk0ocxa6RuuMFAUNGS_bVPy41bUKQ","digits":"","call_log_id":901} 
[2026-05-05 00:28:39] production.INFO: IVR: no digit pressed — retrying IVR menu (TTS may not have played) {"call_control_id":"v3:u-9-T847AxTYcwD8zN-ewILbrgk0ocxa6RuuMFAUNGS_bVPy41bUKQ","retry_count":0,"call_log_id":901} 
[2026-05-05 00:28:39] production.INFO: Playing voicemail IVR menu {"call_control_id":"v3:u-9-T847AxTYcwD8zN-ewILbrgk0ocxa6RuuMFAUNGS_bVPy41bUKQ","call_log_id":901,"ivr_prompt":"GS Construction is not available right now. Press 2 to send a text on your behalf so the GS Crew knows to call you back ASAP. Stay on the line to leave a voicemail.","is_known_caller":false} 
[2026-05-05 00:28:39] production.INFO: Call command sent: gather_using_speak {"call_control_id":"v3:u-9-T847AxTYcwD8zN-ewILbrgk0ocxa6RuuMFAUNGS_bVPy41bUKQ","result":"ok"} 
[2026-05-05 00:28:39] production.INFO: Telnyx voice webhook received {"event_type":"call.speak.started","call_control_id":"v3:u-9-T847AxTYcwD8zN-ewILbrgk0ocxa6RuuMFAUNGS_bVPy41bUKQ","direction":null} 
[2026-05-05 00:28:39] production.INFO: TTS speak started {"call_control_id":"v3:u-9-T847AxTYcwD8zN-ewILbrgk0ocxa6RuuMFAUNGS_bVPy41bUKQ"} 
[2026-05-05 00:28:48] production.INFO: Telnyx voice webhook received {"event_type":"call.speak.ended","call_control_id":"v3:u-9-T847AxTYcwD8zN-ewILbrgk0ocxa6RuuMFAUNGS_bVPy41bUKQ","direction":null} 
[2026-05-05 00:28:48] production.INFO: handleCallSpeakEnded ENTRY {"call_control_id":"v3:u-9-T847AxTYcwD8zN-ewILbrgk0ocxa6RuuMFAUNGS_bVPy41bUKQ","action":"voicemail_ivr_menu","client_state":{"action":"voicemail_ivr_menu","call_log_id":901,"original_caller":"+18472123894","is_known_caller":false,"retry_count":1},"client_state_raw_present":true} 
[2026-05-05 00:28:49] production.INFO: Telnyx voice webhook received {"event_type":"call.gather.ended","call_control_id":"v3:u-9-T847AxTYcwD8zN-ewILbrgk0ocxa6RuuMFAUNGS_bVPy41bUKQ","direction":null} 
[2026-05-05 00:28:49] production.INFO: IVR gather ended {"call_control_id":"v3:u-9-T847AxTYcwD8zN-ewILbrgk0ocxa6RuuMFAUNGS_bVPy41bUKQ","digits":"2","call_log_id":901} 
[2026-05-05 00:28:49] production.INFO: IVR: caller pressed 2 — sending SMS {"call_control_id":"v3:u-9-T847AxTYcwD8zN-ewILbrgk0ocxa6RuuMFAUNGS_bVPy41bUKQ","caller_number":"+18472123894"} 
[2026-05-05 00:28:49] production.INFO: Telnyx voice webhook received {"event_type":"call.dtmf.received","call_control_id":"v3:u-9-T847AxTYcwD8zN-ewILbrgk0ocxa6RuuMFAUNGS_bVPy41bUKQ","direction":null} 
[2026-05-05 00:28:49] production.INFO: DTMF received {"call_control_id":"v3:u-9-T847AxTYcwD8zN-ewILbrgk0ocxa6RuuMFAUNGS_bVPy41bUKQ","digit":"2"} 
[2026-05-05 00:28:49] production.INFO: Callback SMS sent to caller {"caller_number":"+18472123894","from":"+12247354200"} 
[2026-05-05 00:28:49] production.INFO: Auto-created new thread for inbound message {"thread_id":225,"from":"+18472123894","to":"+12247354200","client_id":null} 
[2026-05-05 00:28:49] production.INFO: Callback message created in SMS system {"call_log_id":901,"caller_number":"+18472123894","thread_id":225,"message_id":41712} 
[2026-05-05 00:28:49] production.INFO: Call command sent: speak {"call_control_id":"v3:u-9-T847AxTYcwD8zN-ewILbrgk0ocxa6RuuMFAUNGS_bVPy41bUKQ","result":"ok"} 
[2026-05-05 00:28:49] production.INFO: Telnyx webhook received {"event_type":"message.sent","message_id":"40319df5-899a-4e95-ae3c-dcb5373191de"} 
[2026-05-05 00:28:49] production.INFO: Message sent {"id":"40319df5-899a-4e95-ae3c-dcb5373191de","to":"+18472123894","from":"+12247354200"} 
[2026-05-05 00:28:50] production.INFO: Telnyx webhook received {"event_type":"message.finalized","message_id":"40319df5-899a-4e95-ae3c-dcb5373191de"} 
[2026-05-05 00:28:50] production.INFO: Message finalized {"id":"40319df5-899a-4e95-ae3c-dcb5373191de","to":"+18472123894","status":"delivered"} 
[2026-05-05 00:28:50] production.INFO: Telnyx voice webhook received {"event_type":"call.speak.started","call_control_id":"v3:u-9-T847AxTYcwD8zN-ewILbrgk0ocxa6RuuMFAUNGS_bVPy41bUKQ","direction":null} 
[2026-05-05 00:28:50] production.INFO: TTS speak started {"call_control_id":"v3:u-9-T847AxTYcwD8zN-ewILbrgk0ocxa6RuuMFAUNGS_bVPy41bUKQ"} 
[2026-05-05 00:28:50] production.DEBUG: Push notification delivered {"endpoint":"https://web.push.apple.com/QDkJcfxcMRPW4uLNUaYZ21nDUMJHCJ-cyja1FMQcNEv6qKbL-ec_s…","status":201} 
[2026-05-05 00:28:50] production.DEBUG: Push notification delivered {"endpoint":"https://fcm.googleapis.com/fcm/send/cYR-NIq4nms:APA91bEppjWa7ZIrYxviNuWljHyZ7qnu…","status":201} 
[2026-05-05 00:28:50] production.DEBUG: Push notification delivered {"endpoint":"https://wns2-by3p.notify.windows.com/w/?token=BQYAAACU%2bKDb9Gyej4KtbEbQJBisasbB…","status":201,"wns_status":"received","wns_msg_id":"615AB28539AB2D98","wns_debug":"BY3PEPF00028D00","content_encoding":"aes128gcm","response_body":""} 
[2026-05-05 00:28:50] production.DEBUG: Push notification delivered {"endpoint":"https://wns2-ch1p.notify.windows.com/w/?token=BQYAAAAQe2hvIFkElPQKFh5BKOEEEpIVqW…","status":201,"wns_status":"received","wns_msg_id":"686777860FB483B4","wns_debug":"CH1PEPF00006ED5","content_encoding":"aes128gcm","response_body":""} 
[2026-05-05 00:28:50] production.DEBUG: Push notification delivered {"endpoint":"https://web.push.apple.com/QJnqrnzJg9xule8bhPY8CE20AFCRYEqQblM8TaB0eTcRZ7HDySHVw…","status":201} 
[2026-05-05 00:28:56] production.INFO: Telnyx voice webhook received {"event_type":"call.speak.ended","call_control_id":"v3:u-9-T847AxTYcwD8zN-ewILbrgk0ocxa6RuuMFAUNGS_bVPy41bUKQ","direction":null} 
[2026-05-05 00:28:56] production.INFO: handleCallSpeakEnded ENTRY {"call_control_id":"v3:u-9-T847AxTYcwD8zN-ewILbrgk0ocxa6RuuMFAUNGS_bVPy41bUKQ","action":"ivr_sms_confirmation","client_state":{"action":"ivr_sms_confirmation","call_log_id":901},"client_state_raw_present":true} 
[2026-05-05 00:28:56] production.INFO: IVR SMS confirmation done — hanging up {"call_control_id":"v3:u-9-T847AxTYcwD8zN-ewILbrgk0ocxa6RuuMFAUNGS_bVPy41bUKQ","call_log_id":901} 
[2026-05-05 00:28:57] production.INFO: Call command sent: hangup {"call_control_id":"v3:u-9-T847AxTYcwD8zN-ewILbrgk0ocxa6RuuMFAUNGS_bVPy41bUKQ","result":"ok"} 
[2026-05-05 00:28:57] production.INFO: Telnyx voice webhook received {"event_type":"call.hangup","call_control_id":"v3:u-9-T847AxTYcwD8zN-ewILbrgk0ocxa6RuuMFAUNGS_bVPy41bUKQ","direction":null} 
[2026-05-05 00:28:57] production.INFO: Call ended {"call_control_id":"v3:u-9-T847AxTYcwD8zN-ewILbrgk0ocxa6RuuMFAUNGS_bVPy41bUKQ","status":"missed","hangup_cause":"normal_clearing","duration":57.208049} 
[2026-05-05 00:32:31] production.INFO: Telnyx voice webhook received {"event_type":"call.initiated","call_control_id":"v3:xfF8-MtBbv8MZLvbPyYvKwiIQeu8XYZwNaxNrXJfVrlFx-g3pxcNhQ","direction":"incoming"} 
[2026-05-05 00:32:31] production.INFO: Incoming call - answering {"call_control_id":"v3:xfF8-MtBbv8MZLvbPyYvKwiIQeu8XYZwNaxNrXJfVrlFx-g3pxcNhQ","from":"+18472123894","to":"+12247354200","caller_user_id":null,"caller_name":"GRZEGORZ SZADY"} 
[2026-05-05 00:32:32] production.INFO: Call command sent: answer {"call_control_id":"v3:xfF8-MtBbv8MZLvbPyYvKwiIQeu8XYZwNaxNrXJfVrlFx-g3pxcNhQ","result":"ok"} 
[2026-05-05 00:32:32] production.INFO: Telnyx voice webhook received {"event_type":"call.answered","call_control_id":"v3:xfF8-MtBbv8MZLvbPyYvKwiIQeu8XYZwNaxNrXJfVrlFx-g3pxcNhQ","direction":null} 
[2026-05-05 00:32:32] production.INFO: Playing welcome TTS and dialing admins simultaneously {"call_control_id":"v3:xfF8-MtBbv8MZLvbPyYvKwiIQeu8XYZwNaxNrXJfVrlFx-g3pxcNhQ","tts":"Good evening! Thanks for calling GS Construction. One moment while we connect you to the GS Crew."} 
[2026-05-05 00:32:32] production.INFO: Call command sent: speak {"call_control_id":"v3:xfF8-MtBbv8MZLvbPyYvKwiIQeu8XYZwNaxNrXJfVrlFx-g3pxcNhQ","result":"ok"} 
[2026-05-05 00:32:32] production.INFO: Dialed admin {"admin_user_id":1,"admin_name":"Patryk Szady","phone":"+12249993880","admin_call_control_id":"v3:YtwMuSgoA2HMSVxxJBnwqoPYwFG9KGO1dajjF2HiIKOHag53WAr7ow"} 
[2026-05-05 00:32:33] production.INFO: Telnyx voice webhook received {"event_type":"call.speak.started","call_control_id":"v3:xfF8-MtBbv8MZLvbPyYvKwiIQeu8XYZwNaxNrXJfVrlFx-g3pxcNhQ","direction":null} 
[2026-05-05 00:32:33] production.INFO: Telnyx voice webhook received {"event_type":"call.initiated","call_control_id":"v3:YtwMuSgoA2HMSVxxJBnwqoPYwFG9KGO1dajjF2HiIKOHag53WAr7ow","direction":"outgoing"} 
[2026-05-05 00:32:33] production.INFO: Outbound call initiated {"call_control_id":"v3:YtwMuSgoA2HMSVxxJBnwqoPYwFG9KGO1dajjF2HiIKOHag53WAr7ow","to":"+12249993880"} 
[2026-05-05 00:32:33] production.INFO: TTS speak started {"call_control_id":"v3:xfF8-MtBbv8MZLvbPyYvKwiIQeu8XYZwNaxNrXJfVrlFx-g3pxcNhQ"} 
[2026-05-05 00:32:39] production.DEBUG: Push notification delivered {"endpoint":"https://web.push.apple.com/QDkJcfxcMRPW4uLNUaYZ21nDUMJHCJ-cyja1FMQcNEv6qKbL-ec_s…","status":201} 
[2026-05-05 00:32:39] production.DEBUG: Push notification delivered {"endpoint":"https://fcm.googleapis.com/fcm/send/cYR-NIq4nms:APA91bEppjWa7ZIrYxviNuWljHyZ7qnu…","status":201} 
[2026-05-05 00:32:39] production.DEBUG: Push notification delivered {"endpoint":"https://wns2-by3p.notify.windows.com/w/?token=BQYAAACU%2bKDb9Gyej4KtbEbQJBisasbB…","status":201,"wns_status":"received","wns_msg_id":"1286C0B911D091F3","wns_debug":"BY3PEPF00028CEA","content_encoding":"aes128gcm","response_body":""} 
[2026-05-05 00:32:39] production.INFO: Telnyx voice webhook received {"event_type":"call.speak.ended","call_control_id":"v3:xfF8-MtBbv8MZLvbPyYvKwiIQeu8XYZwNaxNrXJfVrlFx-g3pxcNhQ","direction":null} 
[2026-05-05 00:32:39] production.INFO: handleCallSpeakEnded ENTRY {"call_control_id":"v3:xfF8-MtBbv8MZLvbPyYvKwiIQeu8XYZwNaxNrXJfVrlFx-g3pxcNhQ","action":"welcome_done","client_state":{"action":"welcome_done","call_log_id":902,"original_caller":"+18472123894"},"client_state_raw_present":true} 
[2026-05-05 00:32:39] production.INFO: TTS completed — no admin answered yet, playing ringback {"call_control_id":"v3:xfF8-MtBbv8MZLvbPyYvKwiIQeu8XYZwNaxNrXJfVrlFx-g3pxcNhQ","call_log_id":902} 
[2026-05-05 00:32:39] production.INFO: Call command sent: playback_start {"call_control_id":"v3:xfF8-MtBbv8MZLvbPyYvKwiIQeu8XYZwNaxNrXJfVrlFx-g3pxcNhQ","result":"ok"} 
[2026-05-05 00:32:40] production.DEBUG: Push notification delivered {"endpoint":"https://web.push.apple.com/QDkJcfxcMRPW4uLNUaYZ21nDUMJHCJ-cyja1FMQcNEv6qKbL-ec_s…","status":201} 
[2026-05-05 00:32:40] production.DEBUG: Push notification delivered {"endpoint":"https://fcm.googleapis.com/fcm/send/cYR-NIq4nms:APA91bEppjWa7ZIrYxviNuWljHyZ7qnu…","status":201} 
[2026-05-05 00:32:40] production.DEBUG: Push notification delivered {"endpoint":"https://wns2-by3p.notify.windows.com/w/?token=BQYAAACU%2bKDb9Gyej4KtbEbQJBisasbB…","status":201,"wns_status":"received","wns_msg_id":"7633CC6A3C4E9FE0","wns_debug":"BY3PEPF0001AB13","content_encoding":"aes128gcm","response_body":""} 
[2026-05-05 00:32:40] production.INFO: Telnyx voice webhook received {"event_type":"call.playback.started","call_control_id":"v3:xfF8-MtBbv8MZLvbPyYvKwiIQeu8XYZwNaxNrXJfVrlFx-g3pxcNhQ","direction":null} 
[2026-05-05 00:32:40] production.INFO: Unhandled voice event {"event_type":"call.playback.started"} 
[2026-05-05 00:32:41] production.INFO: Telnyx voice webhook received {"event_type":"call.answered","call_control_id":"v3:YtwMuSgoA2HMSVxxJBnwqoPYwFG9KGO1dajjF2HiIKOHag53WAr7ow","direction":null} 
[2026-05-05 00:32:41] production.INFO: First admin answered — bridging without prompt {"admin_call_control_id":"v3:YtwMuSgoA2HMSVxxJBnwqoPYwFG9KGO1dajjF2HiIKOHag53WAr7ow","incoming_call_control_id":"v3:xfF8-MtBbv8MZLvbPyYvKwiIQeu8XYZwNaxNrXJfVrlFx-g3pxcNhQ","call_log_id":902,"admin_user_id":1} 
[2026-05-05 00:32:41] production.INFO: Creating conference with caller as first participant {"call_log_id":902,"conference_name":"call_902_b582699e","incoming_call_control_id":"v3:xfF8-MtBbv8MZLvbPyYvKwiIQeu8XYZwNaxNrXJfVrlFx-g3pxcNhQ","admin_call_control_id":"v3:YtwMuSgoA2HMSVxxJBnwqoPYwFG9KGO1dajjF2HiIKOHag53WAr7ow","admin_user_id":1} 
[2026-05-05 00:32:41] production.INFO: Call command sent: playback_stop {"call_control_id":"v3:xfF8-MtBbv8MZLvbPyYvKwiIQeu8XYZwNaxNrXJfVrlFx-g3pxcNhQ","result":"ok"} 
[2026-05-05 00:32:41] production.INFO: Telnyx voice webhook received {"event_type":"call.playback.ended","call_control_id":"v3:xfF8-MtBbv8MZLvbPyYvKwiIQeu8XYZwNaxNrXJfVrlFx-g3pxcNhQ","direction":null} 
[2026-05-05 00:32:41] production.INFO: Call command sent: playback_stop {"call_control_id":"v3:YtwMuSgoA2HMSVxxJBnwqoPYwFG9KGO1dajjF2HiIKOHag53WAr7ow","result":"ok"} 
[2026-05-05 00:32:41] production.INFO: Call command sent: playback_start {"call_control_id":"v3:xfF8-MtBbv8MZLvbPyYvKwiIQeu8XYZwNaxNrXJfVrlFx-g3pxcNhQ","result":"ok"} 
[2026-05-05 00:32:42] production.INFO: Conference created {"name":"call_902_b582699e","conference_id":"bf1b7e92-b49a-43d0-9115-77fd6d8de6ea","beneficiary_call_control_id":"v3:xfF8-MtBbv8MZLvbPyYvKwiIQeu8XYZwNaxNrXJfVrlFx-g3pxcNhQ"} 
[2026-05-05 00:32:42] production.INFO: Telnyx voice webhook received {"event_type":"call.playback.started","call_control_id":"v3:xfF8-MtBbv8MZLvbPyYvKwiIQeu8XYZwNaxNrXJfVrlFx-g3pxcNhQ","direction":null} 
[2026-05-05 00:32:42] production.INFO: Unhandled voice event {"event_type":"call.playback.started"} 
[2026-05-05 00:32:42] production.INFO: Telnyx voice webhook received {"event_type":"call.playback.ended","call_control_id":"v3:xfF8-MtBbv8MZLvbPyYvKwiIQeu8XYZwNaxNrXJfVrlFx-g3pxcNhQ","direction":null} 
[2026-05-05 00:32:42] production.INFO: Telnyx voice webhook received {"event_type":"conference.floor.changed","call_control_id":"v3:xfF8-MtBbv8MZLvbPyYvKwiIQeu8XYZwNaxNrXJfVrlFx-g3pxcNhQ","direction":null} 
[2026-05-05 00:32:42] production.INFO: Unhandled voice event {"event_type":"conference.floor.changed"} 
[2026-05-05 00:32:42] production.INFO: Telnyx voice webhook received {"event_type":"conference.created","call_control_id":"v3:xfF8-MtBbv8MZLvbPyYvKwiIQeu8XYZwNaxNrXJfVrlFx-g3pxcNhQ","direction":null} 
[2026-05-05 00:32:42] production.INFO: Unhandled voice event {"event_type":"conference.created"} 
[2026-05-05 00:32:42] production.INFO: Joined conference {"conference_id":"bf1b7e92-b49a-43d0-9115-77fd6d8de6ea","call_control_id":"v3:YtwMuSgoA2HMSVxxJBnwqoPYwFG9KGO1dajjF2HiIKOHag53WAr7ow"} 
[2026-05-05 00:32:42] production.INFO: Telnyx voice webhook received {"event_type":"conference.participant.joined","call_control_id":"v3:xfF8-MtBbv8MZLvbPyYvKwiIQeu8XYZwNaxNrXJfVrlFx-g3pxcNhQ","direction":null} 
[2026-05-05 00:32:42] production.INFO: Unhandled voice event {"event_type":"conference.participant.joined"} 
[2026-05-05 00:32:43] production.INFO: Telnyx voice webhook received {"event_type":"conference.participant.joined","call_control_id":"v3:YtwMuSgoA2HMSVxxJBnwqoPYwFG9KGO1dajjF2HiIKOHag53WAr7ow","direction":null} 
[2026-05-05 00:32:43] production.INFO: Unhandled voice event {"event_type":"conference.participant.joined"} 
[2026-05-05 00:32:43] production.INFO: Telnyx voice webhook received {"event_type":"conference.floor.changed","call_control_id":"v3:YtwMuSgoA2HMSVxxJBnwqoPYwFG9KGO1dajjF2HiIKOHag53WAr7ow","direction":null} 
[2026-05-05 00:32:43] production.INFO: Unhandled voice event {"event_type":"conference.floor.changed"} 
[2026-05-05 00:32:54] production.INFO: Telnyx voice webhook received {"event_type":"call.hangup","call_control_id":"v3:YtwMuSgoA2HMSVxxJBnwqoPYwFG9KGO1dajjF2HiIKOHag53WAr7ow","direction":null} 
[2026-05-05 00:32:54] production.INFO: Admin ring leg hung up {"admin_call_control_id":"v3:YtwMuSgoA2HMSVxxJBnwqoPYwFG9KGO1dajjF2HiIKOHag53WAr7ow","hangup_cause":"normal_clearing","call_log_id":902,"incoming_call_control_id":"v3:xfF8-MtBbv8MZLvbPyYvKwiIQeu8XYZwNaxNrXJfVrlFx-g3pxcNhQ"} 
[2026-05-05 00:32:54] production.INFO: Telnyx voice webhook received {"event_type":"conference.floor.changed","call_control_id":"v3:xfF8-MtBbv8MZLvbPyYvKwiIQeu8XYZwNaxNrXJfVrlFx-g3pxcNhQ","direction":null} 
[2026-05-05 00:32:54] production.INFO: Unhandled voice event {"event_type":"conference.floor.changed"} 
[2026-05-05 00:32:54] production.INFO: Telnyx voice webhook received {"event_type":"conference.floor.changed","call_control_id":"v3:xfF8-MtBbv8MZLvbPyYvKwiIQeu8XYZwNaxNrXJfVrlFx-g3pxcNhQ","direction":null} 
[2026-05-05 00:32:54] production.INFO: Unhandled voice event {"event_type":"conference.floor.changed"} 
[2026-05-05 00:32:54] production.INFO: Telnyx voice webhook received {"event_type":"conference.participant.left","call_control_id":"v3:YtwMuSgoA2HMSVxxJBnwqoPYwFG9KGO1dajjF2HiIKOHag53WAr7ow","direction":null} 
[2026-05-05 00:32:54] production.INFO: Unhandled voice event {"event_type":"conference.participant.left"} 
[2026-05-05 00:33:14] production.INFO: Click-to-call initiated from Calls tab {"call_log_id":903,"user_phone":"+12249993880","target_phone":"+18472123894"} 
[2026-05-05 00:33:14] production.INFO: Telnyx voice webhook received {"event_type":"call.initiated","call_control_id":"v3:EMohvdcae4Y5W9QdqFjVT1_XUeQYUJwt3R21CpHG3nAiqPPRcU4U4Q","direction":"outgoing"} 
[2026-05-05 00:33:14] production.INFO: Outbound call initiated {"call_control_id":"v3:EMohvdcae4Y5W9QdqFjVT1_XUeQYUJwt3R21CpHG3nAiqPPRcU4U4Q","to":"+12249993880"} 
[2026-05-05 00:33:18] production.INFO: Telnyx voice webhook received {"event_type":"call.answered","call_control_id":"v3:EMohvdcae4Y5W9QdqFjVT1_XUeQYUJwt3R21CpHG3nAiqPPRcU4U4Q","direction":null} 
[2026-05-05 00:33:18] production.INFO: Click-to-call: user answered → playing ringback and dialing target {"call_control_id":"v3:EMohvdcae4Y5W9QdqFjVT1_XUeQYUJwt3R21CpHG3nAiqPPRcU4U4Q","target_phone":"+18472123894","call_log_id":903} 
[2026-05-05 00:33:18] production.INFO: Call command sent: playback_start {"call_control_id":"v3:EMohvdcae4Y5W9QdqFjVT1_XUeQYUJwt3R21CpHG3nAiqPPRcU4U4Q","result":"ok"} 
[2026-05-05 00:33:19] production.INFO: Click-to-call: target dialed {"target_phone":"+18472123894","target_call_control_id":"v3:MQWoKXyJkNBXcBvTjY-CELwRqrEYQBI0_0vXfv3hfkXxcjYYhgChpA"} 
[2026-05-05 00:33:19] production.INFO: Telnyx voice webhook received {"event_type":"call.initiated","call_control_id":"v3:MQWoKXyJkNBXcBvTjY-CELwRqrEYQBI0_0vXfv3hfkXxcjYYhgChpA","direction":"outgoing"} 
[2026-05-05 00:33:19] production.INFO: Outbound call initiated {"call_control_id":"v3:MQWoKXyJkNBXcBvTjY-CELwRqrEYQBI0_0vXfv3hfkXxcjYYhgChpA","to":"+18472123894"} 
[2026-05-05 00:33:19] production.INFO: Telnyx voice webhook received {"event_type":"call.playback.started","call_control_id":"v3:EMohvdcae4Y5W9QdqFjVT1_XUeQYUJwt3R21CpHG3nAiqPPRcU4U4Q","direction":null} 
[2026-05-05 00:33:19] production.INFO: Unhandled voice event {"event_type":"call.playback.started"} 
[2026-05-05 00:33:27] production.INFO: Telnyx voice webhook received {"event_type":"call.hold","call_control_id":"v3:xfF8-MtBbv8MZLvbPyYvKwiIQeu8XYZwNaxNrXJfVrlFx-g3pxcNhQ","direction":null} 
[2026-05-05 00:33:27] production.INFO: Unhandled voice event {"event_type":"call.hold"} 
[2026-05-05 00:33:28] production.INFO: Telnyx voice webhook received {"event_type":"call.answered","call_control_id":"v3:MQWoKXyJkNBXcBvTjY-CELwRqrEYQBI0_0vXfv3hfkXxcjYYhgChpA","direction":null} 
[2026-05-05 00:33:28] production.INFO: Click-to-call: target answered — bridging immediately {"target_call_control_id":"v3:MQWoKXyJkNBXcBvTjY-CELwRqrEYQBI0_0vXfv3hfkXxcjYYhgChpA","user_call_control_id":"v3:EMohvdcae4Y5W9QdqFjVT1_XUeQYUJwt3R21CpHG3nAiqPPRcU4U4Q","call_log_id":903} 
[2026-05-05 00:33:28] production.INFO: Telnyx voice webhook received {"event_type":"call.playback.ended","call_control_id":"v3:EMohvdcae4Y5W9QdqFjVT1_XUeQYUJwt3R21CpHG3nAiqPPRcU4U4Q","direction":null} 
[2026-05-05 00:33:28] production.INFO: Calls bridged successfully {"call_control_id_a":"v3:MQWoKXyJkNBXcBvTjY-CELwRqrEYQBI0_0vXfv3hfkXxcjYYhgChpA","call_control_id_b":"v3:EMohvdcae4Y5W9QdqFjVT1_XUeQYUJwt3R21CpHG3nAiqPPRcU4U4Q"} 
[2026-05-05 00:33:28] production.INFO: Telnyx voice webhook received {"event_type":"call.bridged","call_control_id":"v3:MQWoKXyJkNBXcBvTjY-CELwRqrEYQBI0_0vXfv3hfkXxcjYYhgChpA","direction":null} 
[2026-05-05 00:33:28] production.INFO: Call bridged {"call_control_id":"v3:MQWoKXyJkNBXcBvTjY-CELwRqrEYQBI0_0vXfv3hfkXxcjYYhgChpA","call_session_id":"035db7ba-481a-11f1-842f-02420aefe576"} 
[2026-05-05 00:33:29] production.INFO: Telnyx voice webhook received {"event_type":"call.bridged","call_control_id":"v3:EMohvdcae4Y5W9QdqFjVT1_XUeQYUJwt3R21CpHG3nAiqPPRcU4U4Q","direction":null} 
[2026-05-05 00:33:29] production.INFO: Call bridged {"call_control_id":"v3:EMohvdcae4Y5W9QdqFjVT1_XUeQYUJwt3R21CpHG3nAiqPPRcU4U4Q","call_session_id":"00ea2126-481a-11f1-a80e-02420aefe993"} 
[2026-05-05 00:33:31] production.INFO: Telnyx voice webhook received {"event_type":"call.machine.premium.detection.ended","call_control_id":"v3:MQWoKXyJkNBXcBvTjY-CELwRqrEYQBI0_0vXfv3hfkXxcjYYhgChpA","direction":null} 
[2026-05-05 00:33:31] production.INFO: AMD ended {"call_control_id":"v3:MQWoKXyJkNBXcBvTjY-CELwRqrEYQBI0_0vXfv3hfkXxcjYYhgChpA","result":"human_residence","action":"click_to_call_target_ring"} 
[2026-05-05 00:33:36] production.INFO: Telnyx voice webhook received {"event_type":"call.hangup","call_control_id":"v3:MQWoKXyJkNBXcBvTjY-CELwRqrEYQBI0_0vXfv3hfkXxcjYYhgChpA","direction":null} 
[2026-05-05 00:33:36] production.INFO: Click-to-call: target hung up after connected call {"call_control_id":"v3:MQWoKXyJkNBXcBvTjY-CELwRqrEYQBI0_0vXfv3hfkXxcjYYhgChpA","hangup_cause":"normal_clearing","call_log_id":903,"duration":18.779408} 
[2026-05-05 00:33:36] production.INFO: Telnyx voice webhook received {"event_type":"call.hangup","call_control_id":"v3:EMohvdcae4Y5W9QdqFjVT1_XUeQYUJwt3R21CpHG3nAiqPPRcU4U4Q","direction":null} 
[2026-05-05 00:33:36] production.INFO: Click-to-call user leg ended {"call_control_id":"v3:EMohvdcae4Y5W9QdqFjVT1_XUeQYUJwt3R21CpHG3nAiqPPRcU4U4Q","action":"click_to_call_waiting","status":"completed","call_log_id":903,"hangup_cause":"normal_clearing"} 
[2026-05-05 00:33:40] production.INFO: Telnyx voice webhook received {"event_type":"call.unhold","call_control_id":"v3:xfF8-MtBbv8MZLvbPyYvKwiIQeu8XYZwNaxNrXJfVrlFx-g3pxcNhQ","direction":null} 
[2026-05-05 00:33:40] production.INFO: Unhandled voice event {"event_type":"call.unhold"} 
[2026-05-05 00:33:40] production.INFO: Telnyx voice webhook received {"event_type":"call.hangup","call_control_id":"v3:xfF8-MtBbv8MZLvbPyYvKwiIQeu8XYZwNaxNrXJfVrlFx-g3pxcNhQ","direction":null} 
[2026-05-05 00:33:40] production.INFO: Call ended {"call_control_id":"v3:xfF8-MtBbv8MZLvbPyYvKwiIQeu8XYZwNaxNrXJfVrlFx-g3pxcNhQ","status":"completed","hangup_cause":"normal_clearing","duration":68.486025} 
[2026-05-05 00:33:41] production.INFO: Telnyx voice webhook received {"event_type":"conference.ended","call_control_id":"v3:xfF8-MtBbv8MZLvbPyYvKwiIQeu8XYZwNaxNrXJfVrlFx-g3pxcNhQ","direction":null} 
[2026-05-05 00:33:41] production.INFO: Unhandled voice event {"event_type":"conference.ended"} 
[2026-05-05 00:33:41] production.INFO: Telnyx voice webhook received {"event_type":"conference.participant.left","call_control_id":"v3:xfF8-MtBbv8MZLvbPyYvKwiIQeu8XYZwNaxNrXJfVrlFx-g3pxcNhQ","direction":null} 
[2026-05-05 00:33:41] production.INFO: Unhandled voice event {"event_type":"conference.participant.left"} 
[2026-05-05 00:33:42] production.INFO: Telnyx voice webhook received {"event_type":"call.initiated","call_control_id":"v3:_6-rIFWk11qoNPLCb8fcntt3gqclka1s9Fdyg4njY1AEk2Btc14Hyg","direction":"incoming"} 
[2026-05-05 00:33:42] production.INFO: Incoming call - answering {"call_control_id":"v3:_6-rIFWk11qoNPLCb8fcntt3gqclka1s9Fdyg4njY1AEk2Btc14Hyg","from":"+18472123894","to":"+12247354200","caller_user_id":null,"caller_name":"GRZEGORZ SZADY"} 
[2026-05-05 00:33:43] production.INFO: Call command sent: answer {"call_control_id":"v3:_6-rIFWk11qoNPLCb8fcntt3gqclka1s9Fdyg4njY1AEk2Btc14Hyg","result":"ok"} 
[2026-05-05 00:33:43] production.INFO: Telnyx voice webhook received {"event_type":"call.answered","call_control_id":"v3:_6-rIFWk11qoNPLCb8fcntt3gqclka1s9Fdyg4njY1AEk2Btc14Hyg","direction":null} 
[2026-05-05 00:33:43] production.INFO: Playing welcome TTS and dialing admins simultaneously {"call_control_id":"v3:_6-rIFWk11qoNPLCb8fcntt3gqclka1s9Fdyg4njY1AEk2Btc14Hyg","tts":"Good evening! Thanks for calling GS Construction. One moment while we connect you to the GS Crew."} 
[2026-05-05 00:33:43] production.INFO: Call command sent: speak {"call_control_id":"v3:_6-rIFWk11qoNPLCb8fcntt3gqclka1s9Fdyg4njY1AEk2Btc14Hyg","result":"ok"} 
[2026-05-05 00:33:43] production.INFO: Dialed admin {"admin_user_id":1,"admin_name":"Patryk Szady","phone":"+12249993880","admin_call_control_id":"v3:MbvdHp6pHgpBn7b4nBp6VtRnX3bT6Gi4R6gQamRVtaadqRmVCMTe5g"} 
[2026-05-05 00:33:44] production.INFO: Telnyx voice webhook received {"event_type":"call.initiated","call_control_id":"v3:MbvdHp6pHgpBn7b4nBp6VtRnX3bT6Gi4R6gQamRVtaadqRmVCMTe5g","direction":"outgoing"} 
[2026-05-05 00:33:44] production.INFO: Outbound call initiated {"call_control_id":"v3:MbvdHp6pHgpBn7b4nBp6VtRnX3bT6Gi4R6gQamRVtaadqRmVCMTe5g","to":"+12249993880"} 
[2026-05-05 00:33:44] production.INFO: Telnyx voice webhook received {"event_type":"call.speak.started","call_control_id":"v3:_6-rIFWk11qoNPLCb8fcntt3gqclka1s9Fdyg4njY1AEk2Btc14Hyg","direction":null} 
[2026-05-05 00:33:44] production.INFO: TTS speak started {"call_control_id":"v3:_6-rIFWk11qoNPLCb8fcntt3gqclka1s9Fdyg4njY1AEk2Btc14Hyg"} 
[2026-05-05 00:33:44] production.DEBUG: Push notification delivered {"endpoint":"https://web.push.apple.com/QDkJcfxcMRPW4uLNUaYZ21nDUMJHCJ-cyja1FMQcNEv6qKbL-ec_s…","status":201} 
[2026-05-05 00:33:44] production.DEBUG: Push notification delivered {"endpoint":"https://fcm.googleapis.com/fcm/send/cYR-NIq4nms:APA91bEppjWa7ZIrYxviNuWljHyZ7qnu…","status":201} 
[2026-05-05 00:33:44] production.DEBUG: Push notification delivered {"endpoint":"https://wns2-by3p.notify.windows.com/w/?token=BQYAAACU%2bKDb9Gyej4KtbEbQJBisasbB…","status":201,"wns_status":"received","wns_msg_id":"6F98F86046C35E9D","wns_debug":"BY3PEPF0001AB1B","content_encoding":"aes128gcm","response_body":""} 
[2026-05-05 00:33:45] production.DEBUG: Push notification delivered {"endpoint":"https://web.push.apple.com/QDkJcfxcMRPW4uLNUaYZ21nDUMJHCJ-cyja1FMQcNEv6qKbL-ec_s…","status":201} 
[2026-05-05 00:33:45] production.DEBUG: Push notification delivered {"endpoint":"https://fcm.googleapis.com/fcm/send/cYR-NIq4nms:APA91bEppjWa7ZIrYxviNuWljHyZ7qnu…","status":201} 
[2026-05-05 00:33:45] production.DEBUG: Push notification delivered {"endpoint":"https://wns2-by3p.notify.windows.com/w/?token=BQYAAACU%2bKDb9Gyej4KtbEbQJBisasbB…","status":201,"wns_status":"received","wns_msg_id":"4F5BC7D64B178A6D","wns_debug":"BY3PEPF00028D13","content_encoding":"aes128gcm","response_body":""} 
[2026-05-05 00:33:50] production.INFO: Telnyx voice webhook received {"event_type":"call.speak.ended","call_control_id":"v3:_6-rIFWk11qoNPLCb8fcntt3gqclka1s9Fdyg4njY1AEk2Btc14Hyg","direction":null} 
[2026-05-05 00:33:50] production.INFO: handleCallSpeakEnded ENTRY {"call_control_id":"v3:_6-rIFWk11qoNPLCb8fcntt3gqclka1s9Fdyg4njY1AEk2Btc14Hyg","action":"welcome_done","client_state":{"action":"welcome_done","call_log_id":904,"original_caller":"+18472123894"},"client_state_raw_present":true} 
[2026-05-05 00:33:50] production.INFO: TTS completed — no admin answered yet, playing ringback {"call_control_id":"v3:_6-rIFWk11qoNPLCb8fcntt3gqclka1s9Fdyg4njY1AEk2Btc14Hyg","call_log_id":904} 
[2026-05-05 00:33:50] production.INFO: Call command sent: playback_start {"call_control_id":"v3:_6-rIFWk11qoNPLCb8fcntt3gqclka1s9Fdyg4njY1AEk2Btc14Hyg","result":"ok"} 
[2026-05-05 00:33:51] production.INFO: Telnyx voice webhook received {"event_type":"call.playback.started","call_control_id":"v3:_6-rIFWk11qoNPLCb8fcntt3gqclka1s9Fdyg4njY1AEk2Btc14Hyg","direction":null} 
[2026-05-05 00:33:51] production.INFO: Unhandled voice event {"event_type":"call.playback.started"} 
[2026-05-05 00:33:52] production.INFO: Telnyx voice webhook received {"event_type":"call.answered","call_control_id":"v3:MbvdHp6pHgpBn7b4nBp6VtRnX3bT6Gi4R6gQamRVtaadqRmVCMTe5g","direction":null} 
[2026-05-05 00:33:52] production.INFO: First admin answered — bridging without prompt {"admin_call_control_id":"v3:MbvdHp6pHgpBn7b4nBp6VtRnX3bT6Gi4R6gQamRVtaadqRmVCMTe5g","incoming_call_control_id":"v3:_6-rIFWk11qoNPLCb8fcntt3gqclka1s9Fdyg4njY1AEk2Btc14Hyg","call_log_id":904,"admin_user_id":1} 
[2026-05-05 00:33:52] production.INFO: Creating conference with caller as first participant {"call_log_id":904,"conference_name":"call_904_d1296ca7","incoming_call_control_id":"v3:_6-rIFWk11qoNPLCb8fcntt3gqclka1s9Fdyg4njY1AEk2Btc14Hyg","admin_call_control_id":"v3:MbvdHp6pHgpBn7b4nBp6VtRnX3bT6Gi4R6gQamRVtaadqRmVCMTe5g","admin_user_id":1} 
[2026-05-05 00:33:52] production.INFO: Call command sent: playback_stop {"call_control_id":"v3:_6-rIFWk11qoNPLCb8fcntt3gqclka1s9Fdyg4njY1AEk2Btc14Hyg","result":"ok"} 
[2026-05-05 00:33:52] production.INFO: Telnyx voice webhook received {"event_type":"call.playback.ended","call_control_id":"v3:_6-rIFWk11qoNPLCb8fcntt3gqclka1s9Fdyg4njY1AEk2Btc14Hyg","direction":null} 
[2026-05-05 00:33:52] production.INFO: Call command sent: playback_start {"call_control_id":"v3:_6-rIFWk11qoNPLCb8fcntt3gqclka1s9Fdyg4njY1AEk2Btc14Hyg","result":"ok"} 
[2026-05-05 00:33:52] production.INFO: Call command sent: playback_stop {"call_control_id":"v3:MbvdHp6pHgpBn7b4nBp6VtRnX3bT6Gi4R6gQamRVtaadqRmVCMTe5g","result":"ok"} 
[2026-05-05 00:33:52] production.INFO: Telnyx voice webhook received {"event_type":"call.playback.started","call_control_id":"v3:_6-rIFWk11qoNPLCb8fcntt3gqclka1s9Fdyg4njY1AEk2Btc14Hyg","direction":null} 
[2026-05-05 00:33:52] production.INFO: Unhandled voice event {"event_type":"call.playback.started"} 
[2026-05-05 00:33:53] production.INFO: Conference created {"name":"call_904_d1296ca7","conference_id":"98827876-c17a-4c6d-ad87-873c449f9f73","beneficiary_call_control_id":"v3:_6-rIFWk11qoNPLCb8fcntt3gqclka1s9Fdyg4njY1AEk2Btc14Hyg"} 
[2026-05-05 00:33:53] production.INFO: Telnyx voice webhook received {"event_type":"call.playback.ended","call_control_id":"v3:_6-rIFWk11qoNPLCb8fcntt3gqclka1s9Fdyg4njY1AEk2Btc14Hyg","direction":null} 
[2026-05-05 00:33:53] production.INFO: Telnyx voice webhook received {"event_type":"conference.floor.changed","call_control_id":"v3:_6-rIFWk11qoNPLCb8fcntt3gqclka1s9Fdyg4njY1AEk2Btc14Hyg","direction":null} 
[2026-05-05 00:33:53] production.INFO: Unhandled voice event {"event_type":"conference.floor.changed"} 
[2026-05-05 00:33:53] production.INFO: Telnyx voice webhook received {"event_type":"conference.created","call_control_id":"v3:_6-rIFWk11qoNPLCb8fcntt3gqclka1s9Fdyg4njY1AEk2Btc14Hyg","direction":null} 
[2026-05-05 00:33:53] production.INFO: Unhandled voice event {"event_type":"conference.created"} 
[2026-05-05 00:33:53] production.INFO: Telnyx voice webhook received {"event_type":"conference.participant.joined","call_control_id":"v3:_6-rIFWk11qoNPLCb8fcntt3gqclka1s9Fdyg4njY1AEk2Btc14Hyg","direction":null} 
[2026-05-05 00:33:53] production.INFO: Unhandled voice event {"event_type":"conference.participant.joined"} 
[2026-05-05 00:33:53] production.INFO: Joined conference {"conference_id":"98827876-c17a-4c6d-ad87-873c449f9f73","call_control_id":"v3:MbvdHp6pHgpBn7b4nBp6VtRnX3bT6Gi4R6gQamRVtaadqRmVCMTe5g"} 
[2026-05-05 00:33:54] production.INFO: Telnyx voice webhook received {"event_type":"conference.participant.joined","call_control_id":"v3:MbvdHp6pHgpBn7b4nBp6VtRnX3bT6Gi4R6gQamRVtaadqRmVCMTe5g","direction":null} 
[2026-05-05 00:33:54] production.INFO: Unhandled voice event {"event_type":"conference.participant.joined"} 
[2026-05-05 00:33:56] production.INFO: Telnyx voice webhook received {"event_type":"conference.floor.changed","call_control_id":"v3:MbvdHp6pHgpBn7b4nBp6VtRnX3bT6Gi4R6gQamRVtaadqRmVCMTe5g","direction":null} 
[2026-05-05 00:33:56] production.INFO: Unhandled voice event {"event_type":"conference.floor.changed"} 
[2026-05-05 00:33:58] production.INFO: Telnyx voice webhook received {"event_type":"call.hangup","call_control_id":"v3:MbvdHp6pHgpBn7b4nBp6VtRnX3bT6Gi4R6gQamRVtaadqRmVCMTe5g","direction":null} 
[2026-05-05 00:33:58] production.INFO: Admin ring leg hung up {"admin_call_control_id":"v3:MbvdHp6pHgpBn7b4nBp6VtRnX3bT6Gi4R6gQamRVtaadqRmVCMTe5g","hangup_cause":"normal_clearing","call_log_id":904,"incoming_call_control_id":"v3:_6-rIFWk11qoNPLCb8fcntt3gqclka1s9Fdyg4njY1AEk2Btc14Hyg"} 
[2026-05-05 00:33:58] production.INFO: Telnyx voice webhook received {"event_type":"conference.floor.changed","call_control_id":"v3:_6-rIFWk11qoNPLCb8fcntt3gqclka1s9Fdyg4njY1AEk2Btc14Hyg","direction":null} 
[2026-05-05 00:33:58] production.INFO: Unhandled voice event {"event_type":"conference.floor.changed"} 
[2026-05-05 00:33:58] production.INFO: Telnyx voice webhook received {"event_type":"conference.participant.left","call_control_id":"v3:MbvdHp6pHgpBn7b4nBp6VtRnX3bT6Gi4R6gQamRVtaadqRmVCMTe5g","direction":null} 
[2026-05-05 00:33:58] production.INFO: Unhandled voice event {"event_type":"conference.participant.left"} 
[2026-05-05 00:33:58] production.INFO: Telnyx voice webhook received {"event_type":"conference.floor.changed","call_control_id":"v3:_6-rIFWk11qoNPLCb8fcntt3gqclka1s9Fdyg4njY1AEk2Btc14Hyg","direction":null} 
[2026-05-05 00:33:58] production.INFO: Unhandled voice event {"event_type":"conference.floor.changed"} 
[2026-05-05 00:33:59] production.INFO: Telnyx voice webhook received {"event_type":"call.hangup","call_control_id":"v3:_6-rIFWk11qoNPLCb8fcntt3gqclka1s9Fdyg4njY1AEk2Btc14Hyg","direction":null} 
[2026-05-05 00:33:59] production.INFO: Call ended {"call_control_id":"v3:_6-rIFWk11qoNPLCb8fcntt3gqclka1s9Fdyg4njY1AEk2Btc14Hyg","status":"completed","hangup_cause":"normal_clearing","duration":16.022217} 
[2026-05-05 00:33:59] production.INFO: Telnyx voice webhook received {"event_type":"conference.ended","call_control_id":"v3:_6-rIFWk11qoNPLCb8fcntt3gqclka1s9Fdyg4njY1AEk2Btc14Hyg","direction":null} 
[2026-05-05 00:33:59] production.INFO: Unhandled voice event {"event_type":"conference.ended"} 
[2026-05-05 00:33:59] production.INFO: Telnyx voice webhook received {"event_type":"conference.participant.left","call_control_id":"v3:_6-rIFWk11qoNPLCb8fcntt3gqclka1s9Fdyg4njY1AEk2Btc14Hyg","direction":null} 
[2026-05-05 00:33:59] production.INFO: Unhandled voice event {"event_type":"conference.participant.left"} 
[2026-05-05 00:45:20] production.INFO: Telnyx voice webhook received {"event_type":"call.initiated","call_control_id":"v3:OQroMVRJ1hMODUF8Yx2yPPL-nRw_pprJBeB_VbfF9iaDwNamNIEeEw","direction":"incoming"} 
[2026-05-05 00:45:20] production.INFO: Incoming call - answering {"call_control_id":"v3:OQroMVRJ1hMODUF8Yx2yPPL-nRw_pprJBeB_VbfF9iaDwNamNIEeEw","from":"+18472123894","to":"+12247354200","caller_user_id":null,"caller_name":"GRZEGORZ SZADY"} 
[2026-05-05 00:45:20] production.INFO: Call command sent: answer {"call_control_id":"v3:OQroMVRJ1hMODUF8Yx2yPPL-nRw_pprJBeB_VbfF9iaDwNamNIEeEw","result":"ok"} 
[2026-05-05 00:45:21] production.INFO: Telnyx voice webhook received {"event_type":"call.answered","call_control_id":"v3:OQroMVRJ1hMODUF8Yx2yPPL-nRw_pprJBeB_VbfF9iaDwNamNIEeEw","direction":null} 
[2026-05-05 00:45:21] production.INFO: Playing welcome TTS and dialing admins simultaneously {"call_control_id":"v3:OQroMVRJ1hMODUF8Yx2yPPL-nRw_pprJBeB_VbfF9iaDwNamNIEeEw","tts":"Good evening! Thanks for calling GS Construction. One moment while we connect you to the GS Crew."} 
[2026-05-05 00:45:21] production.INFO: Call command sent: speak {"call_control_id":"v3:OQroMVRJ1hMODUF8Yx2yPPL-nRw_pprJBeB_VbfF9iaDwNamNIEeEw","result":"ok"} 
[2026-05-05 00:45:21] production.INFO: Dialed admin {"admin_user_id":1,"admin_name":"Patryk Szady","phone":"+12249993880","admin_call_control_id":"v3:nCFRN10yYxKb0yKShOCKpkATZP-Hav6RgS-Dko22Xv6DoQ99cb9rgw"} 
[2026-05-05 00:45:21] production.INFO: Telnyx voice webhook received {"event_type":"call.initiated","call_control_id":"v3:nCFRN10yYxKb0yKShOCKpkATZP-Hav6RgS-Dko22Xv6DoQ99cb9rgw","direction":"outgoing"} 
[2026-05-05 00:45:21] production.INFO: Outbound call initiated {"call_control_id":"v3:nCFRN10yYxKb0yKShOCKpkATZP-Hav6RgS-Dko22Xv6DoQ99cb9rgw","to":"+12249993880"} 
[2026-05-05 00:45:21] production.INFO: Telnyx voice webhook received {"event_type":"call.speak.started","call_control_id":"v3:OQroMVRJ1hMODUF8Yx2yPPL-nRw_pprJBeB_VbfF9iaDwNamNIEeEw","direction":null} 
[2026-05-05 00:45:21] production.INFO: TTS speak started {"call_control_id":"v3:OQroMVRJ1hMODUF8Yx2yPPL-nRw_pprJBeB_VbfF9iaDwNamNIEeEw"} 
[2026-05-05 00:45:23] production.DEBUG: Push notification delivered {"endpoint":"https://web.push.apple.com/QDkJcfxcMRPW4uLNUaYZ21nDUMJHCJ-cyja1FMQcNEv6qKbL-ec_s…","status":201} 
[2026-05-05 00:45:23] production.DEBUG: Push notification delivered {"endpoint":"https://fcm.googleapis.com/fcm/send/cYR-NIq4nms:APA91bEppjWa7ZIrYxviNuWljHyZ7qnu…","status":201} 
[2026-05-05 00:45:23] production.DEBUG: Push notification delivered {"endpoint":"https://wns2-by3p.notify.windows.com/w/?token=BQYAAACU%2bKDb9Gyej4KtbEbQJBisasbB…","status":201,"wns_status":"received","wns_msg_id":"7A8792608DFFB44","wns_debug":"BY3PEPF0000E9E8","content_encoding":"aes128gcm","response_body":""} 
[2026-05-05 00:45:23] production.DEBUG: Push notification delivered {"endpoint":"https://web.push.apple.com/QDkJcfxcMRPW4uLNUaYZ21nDUMJHCJ-cyja1FMQcNEv6qKbL-ec_s…","status":201} 
[2026-05-05 00:45:23] production.DEBUG: Push notification delivered {"endpoint":"https://fcm.googleapis.com/fcm/send/cYR-NIq4nms:APA91bEppjWa7ZIrYxviNuWljHyZ7qnu…","status":201} 
[2026-05-05 00:45:23] production.DEBUG: Push notification delivered {"endpoint":"https://wns2-by3p.notify.windows.com/w/?token=BQYAAACU%2bKDb9Gyej4KtbEbQJBisasbB…","status":201,"wns_status":"received","wns_msg_id":"43968F3532D8B382","wns_debug":"BY3PEPF00028D12","content_encoding":"aes128gcm","response_body":""} 
[2026-05-05 00:45:26] production.INFO: Telnyx voice webhook received {"event_type":"call.speak.ended","call_control_id":"v3:OQroMVRJ1hMODUF8Yx2yPPL-nRw_pprJBeB_VbfF9iaDwNamNIEeEw","direction":null} 
[2026-05-05 00:45:26] production.INFO: handleCallSpeakEnded ENTRY {"call_control_id":"v3:OQroMVRJ1hMODUF8Yx2yPPL-nRw_pprJBeB_VbfF9iaDwNamNIEeEw","action":"welcome_done","client_state":{"action":"welcome_done","call_log_id":905,"original_caller":"+18472123894"},"client_state_raw_present":true} 
[2026-05-05 00:45:27] production.INFO: TTS completed — no admin answered yet, playing ringback {"call_control_id":"v3:OQroMVRJ1hMODUF8Yx2yPPL-nRw_pprJBeB_VbfF9iaDwNamNIEeEw","call_log_id":905} 
[2026-05-05 00:45:27] production.INFO: Call command sent: playback_start {"call_control_id":"v3:OQroMVRJ1hMODUF8Yx2yPPL-nRw_pprJBeB_VbfF9iaDwNamNIEeEw","result":"ok"} 
[2026-05-05 00:45:27] production.INFO: Telnyx voice webhook received {"event_type":"call.playback.started","call_control_id":"v3:OQroMVRJ1hMODUF8Yx2yPPL-nRw_pprJBeB_VbfF9iaDwNamNIEeEw","direction":null} 
[2026-05-05 00:45:27] production.INFO: Unhandled voice event {"event_type":"call.playback.started"} 
[2026-05-05 00:45:30] production.INFO: Telnyx voice webhook received {"event_type":"call.answered","call_control_id":"v3:nCFRN10yYxKb0yKShOCKpkATZP-Hav6RgS-Dko22Xv6DoQ99cb9rgw","direction":null} 
[2026-05-05 00:45:30] production.INFO: Playing admin screening prompt {"admin_call_control_id":"v3:nCFRN10yYxKb0yKShOCKpkATZP-Hav6RgS-Dko22Xv6DoQ99cb9rgw","call_log_id":905,"admin_user_id":1,"is_late_answerer":false,"caller_label":"GRZEGORZ SZADY"} 
[2026-05-05 00:45:30] production.INFO: Call command sent: speak {"call_control_id":"v3:nCFRN10yYxKb0yKShOCKpkATZP-Hav6RgS-Dko22Xv6DoQ99cb9rgw","result":"ok"} 
[2026-05-05 00:45:30] production.INFO: Telnyx voice webhook received {"event_type":"call.speak.started","call_control_id":"v3:nCFRN10yYxKb0yKShOCKpkATZP-Hav6RgS-Dko22Xv6DoQ99cb9rgw","direction":null} 
[2026-05-05 00:45:30] production.INFO: TTS speak started {"call_control_id":"v3:nCFRN10yYxKb0yKShOCKpkATZP-Hav6RgS-Dko22Xv6DoQ99cb9rgw"} 
[2026-05-05 00:45:36] production.INFO: Telnyx voice webhook received {"event_type":"call.speak.ended","call_control_id":"v3:nCFRN10yYxKb0yKShOCKpkATZP-Hav6RgS-Dko22Xv6DoQ99cb9rgw","direction":null} 
[2026-05-05 00:45:36] production.INFO: handleCallSpeakEnded ENTRY {"call_control_id":"v3:nCFRN10yYxKb0yKShOCKpkATZP-Hav6RgS-Dko22Xv6DoQ99cb9rgw","action":"admin_screen_done","client_state":{"action":"admin_screen_done","call_log_id":905,"incoming_call_control_id":"v3:OQroMVRJ1hMODUF8Yx2yPPL-nRw_pprJBeB_VbfF9iaDwNamNIEeEw","admin_user_id":1,"conference_id":null},"client_state_raw_present":true} 
[2026-05-05 00:45:36] production.INFO: First admin answered — bridging without prompt {"admin_call_control_id":"v3:nCFRN10yYxKb0yKShOCKpkATZP-Hav6RgS-Dko22Xv6DoQ99cb9rgw","incoming_call_control_id":"v3:OQroMVRJ1hMODUF8Yx2yPPL-nRw_pprJBeB_VbfF9iaDwNamNIEeEw","call_log_id":905,"admin_user_id":1} 
[2026-05-05 00:45:36] production.INFO: Creating conference with caller as first participant {"call_log_id":905,"conference_name":"call_905_52a337d9","incoming_call_control_id":"v3:OQroMVRJ1hMODUF8Yx2yPPL-nRw_pprJBeB_VbfF9iaDwNamNIEeEw","admin_call_control_id":"v3:nCFRN10yYxKb0yKShOCKpkATZP-Hav6RgS-Dko22Xv6DoQ99cb9rgw","admin_user_id":1} 
[2026-05-05 00:45:36] production.INFO: Call command sent: playback_stop {"call_control_id":"v3:OQroMVRJ1hMODUF8Yx2yPPL-nRw_pprJBeB_VbfF9iaDwNamNIEeEw","result":"ok"} 
[2026-05-05 00:45:36] production.INFO: Telnyx voice webhook received {"event_type":"call.playback.ended","call_control_id":"v3:OQroMVRJ1hMODUF8Yx2yPPL-nRw_pprJBeB_VbfF9iaDwNamNIEeEw","direction":null} 
[2026-05-05 00:45:36] production.INFO: Call command sent: playback_start {"call_control_id":"v3:OQroMVRJ1hMODUF8Yx2yPPL-nRw_pprJBeB_VbfF9iaDwNamNIEeEw","result":"ok"} 
[2026-05-05 00:45:36] production.INFO: Call command sent: playback_stop {"call_control_id":"v3:nCFRN10yYxKb0yKShOCKpkATZP-Hav6RgS-Dko22Xv6DoQ99cb9rgw","result":"ok"} 
[2026-05-05 00:45:37] production.INFO: Telnyx voice webhook received {"event_type":"call.playback.started","call_control_id":"v3:OQroMVRJ1hMODUF8Yx2yPPL-nRw_pprJBeB_VbfF9iaDwNamNIEeEw","direction":null} 
[2026-05-05 00:45:37] production.INFO: Unhandled voice event {"event_type":"call.playback.started"} 
[2026-05-05 00:45:37] production.INFO: Conference created {"name":"call_905_52a337d9","conference_id":"df9f49b4-a5ff-4ac0-8ecb-233d70881c6a","beneficiary_call_control_id":"v3:OQroMVRJ1hMODUF8Yx2yPPL-nRw_pprJBeB_VbfF9iaDwNamNIEeEw"} 
[2026-05-05 00:45:37] production.INFO: Telnyx voice webhook received {"event_type":"call.playback.ended","call_control_id":"v3:OQroMVRJ1hMODUF8Yx2yPPL-nRw_pprJBeB_VbfF9iaDwNamNIEeEw","direction":null} 
[2026-05-05 00:45:37] production.INFO: Telnyx voice webhook received {"event_type":"conference.floor.changed","call_control_id":"v3:OQroMVRJ1hMODUF8Yx2yPPL-nRw_pprJBeB_VbfF9iaDwNamNIEeEw","direction":null} 
[2026-05-05 00:45:37] production.INFO: Unhandled voice event {"event_type":"conference.floor.changed"} 
[2026-05-05 00:45:37] production.INFO: Telnyx voice webhook received {"event_type":"conference.created","call_control_id":"v3:OQroMVRJ1hMODUF8Yx2yPPL-nRw_pprJBeB_VbfF9iaDwNamNIEeEw","direction":null} 
[2026-05-05 00:45:37] production.INFO: Unhandled voice event {"event_type":"conference.created"} 
[2026-05-05 00:45:37] production.INFO: Telnyx voice webhook received {"event_type":"conference.participant.joined","call_control_id":"v3:OQroMVRJ1hMODUF8Yx2yPPL-nRw_pprJBeB_VbfF9iaDwNamNIEeEw","direction":null} 
[2026-05-05 00:45:37] production.INFO: Unhandled voice event {"event_type":"conference.participant.joined"} 
[2026-05-05 00:45:38] production.INFO: Joined conference {"conference_id":"df9f49b4-a5ff-4ac0-8ecb-233d70881c6a","call_control_id":"v3:nCFRN10yYxKb0yKShOCKpkATZP-Hav6RgS-Dko22Xv6DoQ99cb9rgw"} 
[2026-05-05 00:45:38] production.INFO: Telnyx voice webhook received {"event_type":"conference.participant.joined","call_control_id":"v3:nCFRN10yYxKb0yKShOCKpkATZP-Hav6RgS-Dko22Xv6DoQ99cb9rgw","direction":null} 
[2026-05-05 00:45:38] production.INFO: Unhandled voice event {"event_type":"conference.participant.joined"} 
[2026-05-05 00:45:38] production.INFO: Telnyx voice webhook received {"event_type":"conference.floor.changed","call_control_id":"v3:nCFRN10yYxKb0yKShOCKpkATZP-Hav6RgS-Dko22Xv6DoQ99cb9rgw","direction":null} 
[2026-05-05 00:45:38] production.INFO: Unhandled voice event {"event_type":"conference.floor.changed"} 
[2026-05-05 00:45:44] production.INFO: Telnyx voice webhook received {"event_type":"call.hangup","call_control_id":"v3:nCFRN10yYxKb0yKShOCKpkATZP-Hav6RgS-Dko22Xv6DoQ99cb9rgw","direction":null} 
[2026-05-05 00:45:44] production.INFO: Telnyx voice webhook received {"event_type":"conference.floor.changed","call_control_id":"v3:OQroMVRJ1hMODUF8Yx2yPPL-nRw_pprJBeB_VbfF9iaDwNamNIEeEw","direction":null} 
[2026-05-05 00:45:44] production.INFO: Unhandled voice event {"event_type":"conference.floor.changed"} 
[2026-05-05 00:45:44] production.INFO: Telnyx voice webhook received {"event_type":"conference.participant.left","call_control_id":"v3:nCFRN10yYxKb0yKShOCKpkATZP-Hav6RgS-Dko22Xv6DoQ99cb9rgw","direction":null} 
[2026-05-05 00:45:44] production.INFO: Unhandled voice event {"event_type":"conference.participant.left"} 
[2026-05-05 00:45:44] production.INFO: Telnyx voice webhook received {"event_type":"conference.floor.changed","call_control_id":"v3:OQroMVRJ1hMODUF8Yx2yPPL-nRw_pprJBeB_VbfF9iaDwNamNIEeEw","direction":null} 
[2026-05-05 00:45:44] production.INFO: Unhandled voice event {"event_type":"conference.floor.changed"} 
[2026-05-05 00:45:49] production.INFO: Telnyx voice webhook received {"event_type":"call.hangup","call_control_id":"v3:OQroMVRJ1hMODUF8Yx2yPPL-nRw_pprJBeB_VbfF9iaDwNamNIEeEw","direction":null} 
[2026-05-05 00:45:49] production.INFO: Call ended {"call_control_id":"v3:OQroMVRJ1hMODUF8Yx2yPPL-nRw_pprJBeB_VbfF9iaDwNamNIEeEw","status":"completed","hangup_cause":"normal_clearing","duration":28.382976} 
[2026-05-05 00:45:49] production.INFO: Telnyx voice webhook received {"event_type":"conference.ended","call_control_id":"v3:OQroMVRJ1hMODUF8Yx2yPPL-nRw_pprJBeB_VbfF9iaDwNamNIEeEw","direction":null} 
[2026-05-05 00:45:49] production.INFO: Unhandled voice event {"event_type":"conference.ended"} 
[2026-05-05 00:45:49] production.INFO: Telnyx voice webhook received {"event_type":"conference.participant.left","call_control_id":"v3:OQroMVRJ1hMODUF8Yx2yPPL-nRw_pprJBeB_VbfF9iaDwNamNIEeEw","direction":null} 
[2026-05-05 00:45:49] production.INFO: Unhandled voice event {"event_type":"conference.participant.left"} 
[2026-05-05 00:45:51] production.INFO: Telnyx voice webhook received {"event_type":"call.initiated","call_control_id":"v3:KrXHmmHvH9SAVXynfeG82ix9HOhb5ze7lrQDNJbUg6sy1O4kMXnsCg","direction":"incoming"} 
[2026-05-05 00:45:51] production.INFO: Incoming call - answering {"call_control_id":"v3:KrXHmmHvH9SAVXynfeG82ix9HOhb5ze7lrQDNJbUg6sy1O4kMXnsCg","from":"+18472123894","to":"+12247354200","caller_user_id":null,"caller_name":"GRZEGORZ SZADY"} 
[2026-05-05 00:45:51] production.INFO: Call command sent: answer {"call_control_id":"v3:KrXHmmHvH9SAVXynfeG82ix9HOhb5ze7lrQDNJbUg6sy1O4kMXnsCg","result":"ok"} 
[2026-05-05 00:45:51] production.INFO: Telnyx voice webhook received {"event_type":"call.answered","call_control_id":"v3:KrXHmmHvH9SAVXynfeG82ix9HOhb5ze7lrQDNJbUg6sy1O4kMXnsCg","direction":null} 
[2026-05-05 00:45:51] production.INFO: Playing welcome TTS and dialing admins simultaneously {"call_control_id":"v3:KrXHmmHvH9SAVXynfeG82ix9HOhb5ze7lrQDNJbUg6sy1O4kMXnsCg","tts":"Good evening! Thanks for calling GS Construction. One moment while we connect you to the GS Crew."} 
[2026-05-05 00:45:52] production.INFO: Call command sent: speak {"call_control_id":"v3:KrXHmmHvH9SAVXynfeG82ix9HOhb5ze7lrQDNJbUg6sy1O4kMXnsCg","result":"ok"} 
[2026-05-05 00:45:52] production.INFO: Dialed admin {"admin_user_id":1,"admin_name":"Patryk Szady","phone":"+12249993880","admin_call_control_id":"v3:kr3a3egoLLFbUM5RK0MeW39AO3bif2yVnBv3Y5LK2zPnpVWqzLeRew"} 
[2026-05-05 00:45:52] production.INFO: Telnyx voice webhook received {"event_type":"call.speak.started","call_control_id":"v3:KrXHmmHvH9SAVXynfeG82ix9HOhb5ze7lrQDNJbUg6sy1O4kMXnsCg","direction":null} 
[2026-05-05 00:45:52] production.INFO: TTS speak started {"call_control_id":"v3:KrXHmmHvH9SAVXynfeG82ix9HOhb5ze7lrQDNJbUg6sy1O4kMXnsCg"} 
[2026-05-05 00:45:52] production.INFO: Telnyx voice webhook received {"event_type":"call.initiated","call_control_id":"v3:kr3a3egoLLFbUM5RK0MeW39AO3bif2yVnBv3Y5LK2zPnpVWqzLeRew","direction":"outgoing"} 
[2026-05-05 00:45:52] production.INFO: Outbound call initiated {"call_control_id":"v3:kr3a3egoLLFbUM5RK0MeW39AO3bif2yVnBv3Y5LK2zPnpVWqzLeRew","to":"+12249993880"} 
[2026-05-05 00:45:53] production.DEBUG: Push notification delivered {"endpoint":"https://web.push.apple.com/QDkJcfxcMRPW4uLNUaYZ21nDUMJHCJ-cyja1FMQcNEv6qKbL-ec_s…","status":201} 
[2026-05-05 00:45:53] production.DEBUG: Push notification delivered {"endpoint":"https://fcm.googleapis.com/fcm/send/cYR-NIq4nms:APA91bEppjWa7ZIrYxviNuWljHyZ7qnu…","status":201} 
[2026-05-05 00:45:53] production.DEBUG: Push notification delivered {"endpoint":"https://wns2-by3p.notify.windows.com/w/?token=BQYAAACU%2bKDb9Gyej4KtbEbQJBisasbB…","status":201,"wns_status":"received","wns_msg_id":"304F66BC5F8D8F48","wns_debug":"BY3PEPF0000E9C0","content_encoding":"aes128gcm","response_body":""} 
[2026-05-05 00:45:53] production.DEBUG: Push notification delivered {"endpoint":"https://web.push.apple.com/QDkJcfxcMRPW4uLNUaYZ21nDUMJHCJ-cyja1FMQcNEv6qKbL-ec_s…","status":201} 
[2026-05-05 00:45:53] production.DEBUG: Push notification delivered {"endpoint":"https://fcm.googleapis.com/fcm/send/cYR-NIq4nms:APA91bEppjWa7ZIrYxviNuWljHyZ7qnu…","status":201} 
[2026-05-05 00:45:53] production.DEBUG: Push notification delivered {"endpoint":"https://wns2-by3p.notify.windows.com/w/?token=BQYAAACU%2bKDb9Gyej4KtbEbQJBisasbB…","status":201,"wns_status":"received","wns_msg_id":"63B34FD66E895196","wns_debug":"BY3PEPF00019594","content_encoding":"aes128gcm","response_body":""} 
[2026-05-05 00:45:59] production.INFO: Telnyx voice webhook received {"event_type":"call.speak.ended","call_control_id":"v3:KrXHmmHvH9SAVXynfeG82ix9HOhb5ze7lrQDNJbUg6sy1O4kMXnsCg","direction":null} 
[2026-05-05 00:45:59] production.INFO: handleCallSpeakEnded ENTRY {"call_control_id":"v3:KrXHmmHvH9SAVXynfeG82ix9HOhb5ze7lrQDNJbUg6sy1O4kMXnsCg","action":"welcome_done","client_state":{"action":"welcome_done","call_log_id":906,"original_caller":"+18472123894"},"client_state_raw_present":true} 
[2026-05-05 00:45:59] production.INFO: TTS completed — no admin answered yet, playing ringback {"call_control_id":"v3:KrXHmmHvH9SAVXynfeG82ix9HOhb5ze7lrQDNJbUg6sy1O4kMXnsCg","call_log_id":906} 
[2026-05-05 00:45:59] production.INFO: Call command sent: playback_start {"call_control_id":"v3:KrXHmmHvH9SAVXynfeG82ix9HOhb5ze7lrQDNJbUg6sy1O4kMXnsCg","result":"ok"} 
[2026-05-05 00:45:59] production.INFO: Telnyx voice webhook received {"event_type":"call.playback.started","call_control_id":"v3:KrXHmmHvH9SAVXynfeG82ix9HOhb5ze7lrQDNJbUg6sy1O4kMXnsCg","direction":null} 
[2026-05-05 00:45:59] production.INFO: Unhandled voice event {"event_type":"call.playback.started"} 
[2026-05-05 00:46:00] production.INFO: Telnyx voice webhook received {"event_type":"call.answered","call_control_id":"v3:kr3a3egoLLFbUM5RK0MeW39AO3bif2yVnBv3Y5LK2zPnpVWqzLeRew","direction":null} 
[2026-05-05 00:46:00] production.INFO: Playing admin screening prompt {"admin_call_control_id":"v3:kr3a3egoLLFbUM5RK0MeW39AO3bif2yVnBv3Y5LK2zPnpVWqzLeRew","call_log_id":906,"admin_user_id":1,"is_late_answerer":false,"caller_label":"GRZEGORZ SZADY"} 
[2026-05-05 00:46:00] production.INFO: Call command sent: speak {"call_control_id":"v3:kr3a3egoLLFbUM5RK0MeW39AO3bif2yVnBv3Y5LK2zPnpVWqzLeRew","result":"ok"} 
[2026-05-05 00:46:00] production.INFO: Telnyx voice webhook received {"event_type":"call.speak.started","call_control_id":"v3:kr3a3egoLLFbUM5RK0MeW39AO3bif2yVnBv3Y5LK2zPnpVWqzLeRew","direction":null} 
[2026-05-05 00:46:00] production.INFO: TTS speak started {"call_control_id":"v3:kr3a3egoLLFbUM5RK0MeW39AO3bif2yVnBv3Y5LK2zPnpVWqzLeRew"} 
[2026-05-05 00:46:06] production.INFO: Telnyx voice webhook received {"event_type":"call.speak.ended","call_control_id":"v3:kr3a3egoLLFbUM5RK0MeW39AO3bif2yVnBv3Y5LK2zPnpVWqzLeRew","direction":null} 
[2026-05-05 00:46:06] production.INFO: handleCallSpeakEnded ENTRY {"call_control_id":"v3:kr3a3egoLLFbUM5RK0MeW39AO3bif2yVnBv3Y5LK2zPnpVWqzLeRew","action":"admin_screen_done","client_state":{"action":"admin_screen_done","call_log_id":906,"incoming_call_control_id":"v3:KrXHmmHvH9SAVXynfeG82ix9HOhb5ze7lrQDNJbUg6sy1O4kMXnsCg","admin_user_id":1,"conference_id":null},"client_state_raw_present":true} 
[2026-05-05 00:46:06] production.INFO: First admin answered — bridging without prompt {"admin_call_control_id":"v3:kr3a3egoLLFbUM5RK0MeW39AO3bif2yVnBv3Y5LK2zPnpVWqzLeRew","incoming_call_control_id":"v3:KrXHmmHvH9SAVXynfeG82ix9HOhb5ze7lrQDNJbUg6sy1O4kMXnsCg","call_log_id":906,"admin_user_id":1} 
[2026-05-05 00:46:06] production.INFO: Creating conference with caller as first participant {"call_log_id":906,"conference_name":"call_906_fcb348db","incoming_call_control_id":"v3:KrXHmmHvH9SAVXynfeG82ix9HOhb5ze7lrQDNJbUg6sy1O4kMXnsCg","admin_call_control_id":"v3:kr3a3egoLLFbUM5RK0MeW39AO3bif2yVnBv3Y5LK2zPnpVWqzLeRew","admin_user_id":1} 
[2026-05-05 00:46:06] production.INFO: Call command sent: playback_stop {"call_control_id":"v3:KrXHmmHvH9SAVXynfeG82ix9HOhb5ze7lrQDNJbUg6sy1O4kMXnsCg","result":"ok"} 
[2026-05-05 00:46:07] production.INFO: Telnyx voice webhook received {"event_type":"call.playback.ended","call_control_id":"v3:KrXHmmHvH9SAVXynfeG82ix9HOhb5ze7lrQDNJbUg6sy1O4kMXnsCg","direction":null} 
[2026-05-05 00:46:07] production.INFO: Call command sent: playback_start {"call_control_id":"v3:KrXHmmHvH9SAVXynfeG82ix9HOhb5ze7lrQDNJbUg6sy1O4kMXnsCg","result":"ok"} 
[2026-05-05 00:46:07] production.INFO: Call command sent: playback_stop {"call_control_id":"v3:kr3a3egoLLFbUM5RK0MeW39AO3bif2yVnBv3Y5LK2zPnpVWqzLeRew","result":"ok"} 
[2026-05-05 00:46:07] production.INFO: Telnyx voice webhook received {"event_type":"call.playback.started","call_control_id":"v3:KrXHmmHvH9SAVXynfeG82ix9HOhb5ze7lrQDNJbUg6sy1O4kMXnsCg","direction":null} 
[2026-05-05 00:46:07] production.INFO: Unhandled voice event {"event_type":"call.playback.started"} 
[2026-05-05 00:46:07] production.INFO: Conference created {"name":"call_906_fcb348db","conference_id":"a2435d06-2a64-456b-8f89-da637efbec8c","beneficiary_call_control_id":"v3:KrXHmmHvH9SAVXynfeG82ix9HOhb5ze7lrQDNJbUg6sy1O4kMXnsCg"} 
[2026-05-05 00:46:07] production.INFO: Telnyx voice webhook received {"event_type":"call.playback.ended","call_control_id":"v3:KrXHmmHvH9SAVXynfeG82ix9HOhb5ze7lrQDNJbUg6sy1O4kMXnsCg","direction":null} 
[2026-05-05 00:46:07] production.INFO: Telnyx voice webhook received {"event_type":"conference.floor.changed","call_control_id":"v3:KrXHmmHvH9SAVXynfeG82ix9HOhb5ze7lrQDNJbUg6sy1O4kMXnsCg","direction":null} 
[2026-05-05 00:46:07] production.INFO: Unhandled voice event {"event_type":"conference.floor.changed"} 
[2026-05-05 00:46:08] production.INFO: Telnyx voice webhook received {"event_type":"conference.created","call_control_id":"v3:KrXHmmHvH9SAVXynfeG82ix9HOhb5ze7lrQDNJbUg6sy1O4kMXnsCg","direction":null} 
[2026-05-05 00:46:08] production.INFO: Unhandled voice event {"event_type":"conference.created"} 
[2026-05-05 00:46:08] production.INFO: Telnyx voice webhook received {"event_type":"conference.participant.joined","call_control_id":"v3:KrXHmmHvH9SAVXynfeG82ix9HOhb5ze7lrQDNJbUg6sy1O4kMXnsCg","direction":null} 
[2026-05-05 00:46:08] production.INFO: Unhandled voice event {"event_type":"conference.participant.joined"} 
[2026-05-05 00:46:08] production.INFO: Joined conference {"conference_id":"a2435d06-2a64-456b-8f89-da637efbec8c","call_control_id":"v3:kr3a3egoLLFbUM5RK0MeW39AO3bif2yVnBv3Y5LK2zPnpVWqzLeRew"} 
[2026-05-05 00:46:08] production.INFO: Telnyx voice webhook received {"event_type":"conference.participant.joined","call_control_id":"v3:kr3a3egoLLFbUM5RK0MeW39AO3bif2yVnBv3Y5LK2zPnpVWqzLeRew","direction":null} 
[2026-05-05 00:46:08] production.INFO: Unhandled voice event {"event_type":"conference.participant.joined"} 
[2026-05-05 00:46:11] production.INFO: Telnyx voice webhook received {"event_type":"conference.floor.changed","call_control_id":"v3:kr3a3egoLLFbUM5RK0MeW39AO3bif2yVnBv3Y5LK2zPnpVWqzLeRew","direction":null} 
[2026-05-05 00:46:11] production.INFO: Unhandled voice event {"event_type":"conference.floor.changed"} 
[2026-05-05 00:46:13] production.INFO: Telnyx voice webhook received {"event_type":"call.hangup","call_control_id":"v3:kr3a3egoLLFbUM5RK0MeW39AO3bif2yVnBv3Y5LK2zPnpVWqzLeRew","direction":null} 
[2026-05-05 00:46:13] production.INFO: Telnyx voice webhook received {"event_type":"conference.floor.changed","call_control_id":"v3:KrXHmmHvH9SAVXynfeG82ix9HOhb5ze7lrQDNJbUg6sy1O4kMXnsCg","direction":null} 
[2026-05-05 00:46:13] production.INFO: Unhandled voice event {"event_type":"conference.floor.changed"} 
[2026-05-05 00:46:13] production.INFO: Telnyx voice webhook received {"event_type":"conference.participant.left","call_control_id":"v3:kr3a3egoLLFbUM5RK0MeW39AO3bif2yVnBv3Y5LK2zPnpVWqzLeRew","direction":null} 
[2026-05-05 00:46:13] production.INFO: Unhandled voice event {"event_type":"conference.participant.left"} 
[2026-05-05 00:46:13] production.INFO: Telnyx voice webhook received {"event_type":"conference.floor.changed","call_control_id":"v3:KrXHmmHvH9SAVXynfeG82ix9HOhb5ze7lrQDNJbUg6sy1O4kMXnsCg","direction":null} 
[2026-05-05 00:46:13] production.INFO: Unhandled voice event {"event_type":"conference.floor.changed"} 
[2026-05-05 00:46:17] production.INFO: Click-to-call initiated from Calls tab {"call_log_id":907,"user_phone":"+12249993880","target_phone":"+18472123894"} 
[2026-05-05 00:46:17] production.INFO: Telnyx voice webhook received {"event_type":"call.initiated","call_control_id":"v3:VYePXKXEPnOhYvVzyAdkdKgBhIxUB-AxxY9FRvhyPgp0q5nvgc2k8A","direction":"outgoing"} 
[2026-05-05 00:46:17] production.INFO: Outbound call initiated {"call_control_id":"v3:VYePXKXEPnOhYvVzyAdkdKgBhIxUB-AxxY9FRvhyPgp0q5nvgc2k8A","to":"+12249993880"} 
[2026-05-05 00:46:23] production.INFO: Telnyx voice webhook received {"event_type":"call.hangup","call_control_id":"v3:KrXHmmHvH9SAVXynfeG82ix9HOhb5ze7lrQDNJbUg6sy1O4kMXnsCg","direction":null} 
[2026-05-05 00:46:23] production.INFO: Call ended {"call_control_id":"v3:KrXHmmHvH9SAVXynfeG82ix9HOhb5ze7lrQDNJbUg6sy1O4kMXnsCg","status":"completed","hangup_cause":"normal_clearing","duration":32.290592000000004} 
[2026-05-05 00:46:23] production.INFO: Telnyx voice webhook received {"event_type":"conference.ended","call_control_id":"v3:KrXHmmHvH9SAVXynfeG82ix9HOhb5ze7lrQDNJbUg6sy1O4kMXnsCg","direction":null} 
[2026-05-05 00:46:23] production.INFO: Unhandled voice event {"event_type":"conference.ended"} 
[2026-05-05 00:46:23] production.INFO: Telnyx voice webhook received {"event_type":"conference.participant.left","call_control_id":"v3:KrXHmmHvH9SAVXynfeG82ix9HOhb5ze7lrQDNJbUg6sy1O4kMXnsCg","direction":null} 
[2026-05-05 00:46:23] production.INFO: Unhandled voice event {"event_type":"conference.participant.left"} 
[2026-05-05 00:46:24] production.INFO: Telnyx voice webhook received {"event_type":"call.answered","call_control_id":"v3:VYePXKXEPnOhYvVzyAdkdKgBhIxUB-AxxY9FRvhyPgp0q5nvgc2k8A","direction":null} 
[2026-05-05 00:46:24] production.INFO: Click-to-call: user answered → playing ringback and dialing target {"call_control_id":"v3:VYePXKXEPnOhYvVzyAdkdKgBhIxUB-AxxY9FRvhyPgp0q5nvgc2k8A","target_phone":"+18472123894","call_log_id":907} 
[2026-05-05 00:46:24] production.INFO: Call command sent: playback_start {"call_control_id":"v3:VYePXKXEPnOhYvVzyAdkdKgBhIxUB-AxxY9FRvhyPgp0q5nvgc2k8A","result":"ok"} 
[2026-05-05 00:46:24] production.INFO: Telnyx voice webhook received {"event_type":"call.playback.started","call_control_id":"v3:VYePXKXEPnOhYvVzyAdkdKgBhIxUB-AxxY9FRvhyPgp0q5nvgc2k8A","direction":null} 
[2026-05-05 00:46:24] production.INFO: Unhandled voice event {"event_type":"call.playback.started"} 
[2026-05-05 00:46:24] production.INFO: Click-to-call: target dialed {"target_phone":"+18472123894","target_call_control_id":"v3:3vYe5IHek1ak-Q0LmFjr473gGFUCowo7W80H5f8vPzdp_EUICB49jQ"} 
[2026-05-05 00:46:25] production.INFO: Telnyx voice webhook received {"event_type":"call.initiated","call_control_id":"v3:3vYe5IHek1ak-Q0LmFjr473gGFUCowo7W80H5f8vPzdp_EUICB49jQ","direction":"outgoing"} 
[2026-05-05 00:46:25] production.INFO: Outbound call initiated {"call_control_id":"v3:3vYe5IHek1ak-Q0LmFjr473gGFUCowo7W80H5f8vPzdp_EUICB49jQ","to":"+18472123894"} 
[2026-05-05 00:46:26] production.INFO: Click-to-call initiated from Calls tab {"call_log_id":908,"user_phone":"+12249993880","target_phone":"+18472123894"} 
[2026-05-05 00:46:26] production.INFO: Telnyx voice webhook received {"event_type":"call.initiated","call_control_id":"v3:JMVu1TVVbEMeGOUqjUtUYcCr7EDpXvurXlFMlBnEnp3B1VGDN2EvfQ","direction":"outgoing"} 
[2026-05-05 00:46:26] production.INFO: Outbound call initiated {"call_control_id":"v3:JMVu1TVVbEMeGOUqjUtUYcCr7EDpXvurXlFMlBnEnp3B1VGDN2EvfQ","to":"+12249993880"} 
[2026-05-05 00:46:30] production.INFO: Telnyx voice webhook received {"event_type":"call.playback.ended","call_control_id":"v3:VYePXKXEPnOhYvVzyAdkdKgBhIxUB-AxxY9FRvhyPgp0q5nvgc2k8A","direction":null} 
[2026-05-05 00:46:30] production.INFO: Telnyx voice webhook received {"event_type":"call.hangup","call_control_id":"v3:VYePXKXEPnOhYvVzyAdkdKgBhIxUB-AxxY9FRvhyPgp0q5nvgc2k8A","direction":null} 
[2026-05-05 00:46:30] production.INFO: Click-to-call user leg ended {"call_control_id":"v3:VYePXKXEPnOhYvVzyAdkdKgBhIxUB-AxxY9FRvhyPgp0q5nvgc2k8A","action":"click_to_call_waiting","status":"answered","call_log_id":907,"hangup_cause":"normal_clearing"} 
[2026-05-05 00:46:30] production.INFO: Telnyx voice webhook received {"event_type":"call.answered","call_control_id":"v3:JMVu1TVVbEMeGOUqjUtUYcCr7EDpXvurXlFMlBnEnp3B1VGDN2EvfQ","direction":null} 
[2026-05-05 00:46:30] production.INFO: Click-to-call: user answered → playing ringback and dialing target {"call_control_id":"v3:JMVu1TVVbEMeGOUqjUtUYcCr7EDpXvurXlFMlBnEnp3B1VGDN2EvfQ","target_phone":"+18472123894","call_log_id":908} 
[2026-05-05 00:46:30] production.ERROR: Call command failed: playback_start {"call_control_id":"v3:VYePXKXEPnOhYvVzyAdkdKgBhIxUB-AxxY9FRvhyPgp0q5nvgc2k8A","status":422,"error":{"errors":[{"code":"90018","title":"Call has already ended","detail":"This call is no longer active and can't receive commands."}]}} 
[2026-05-05 00:46:30] production.INFO: Call command sent: playback_start {"call_control_id":"v3:JMVu1TVVbEMeGOUqjUtUYcCr7EDpXvurXlFMlBnEnp3B1VGDN2EvfQ","result":"ok"} 
[2026-05-05 00:46:30] production.INFO: Telnyx voice webhook received {"event_type":"call.playback.started","call_control_id":"v3:JMVu1TVVbEMeGOUqjUtUYcCr7EDpXvurXlFMlBnEnp3B1VGDN2EvfQ","direction":null} 
[2026-05-05 00:46:30] production.INFO: Unhandled voice event {"event_type":"call.playback.started"} 
[2026-05-05 00:46:31] production.INFO: Telnyx voice webhook received {"event_type":"call.initiated","call_control_id":"v3:olOQKrEUU_zy_HlkNmPnt7uDvnokUeqGTFHPvBGG4ugkKDpKXWiQJw","direction":"outgoing"} 
[2026-05-05 00:46:31] production.INFO: Outbound call initiated {"call_control_id":"v3:olOQKrEUU_zy_HlkNmPnt7uDvnokUeqGTFHPvBGG4ugkKDpKXWiQJw","to":"+18472123894"} 
[2026-05-05 00:46:31] production.INFO: Click-to-call: target dialed {"target_phone":"+18472123894","target_call_control_id":"v3:olOQKrEUU_zy_HlkNmPnt7uDvnokUeqGTFHPvBGG4ugkKDpKXWiQJw"} 
[2026-05-05 00:46:31] production.INFO: Telnyx voice webhook received {"event_type":"call.answered","call_control_id":"v3:3vYe5IHek1ak-Q0LmFjr473gGFUCowo7W80H5f8vPzdp_EUICB49jQ","direction":null} 
[2026-05-05 00:46:31] production.INFO: Click-to-call: target answered — bridging immediately {"target_call_control_id":"v3:3vYe5IHek1ak-Q0LmFjr473gGFUCowo7W80H5f8vPzdp_EUICB49jQ","user_call_control_id":"v3:VYePXKXEPnOhYvVzyAdkdKgBhIxUB-AxxY9FRvhyPgp0q5nvgc2k8A","call_log_id":907} 
[2026-05-05 00:46:32] production.ERROR: Bridge failed {"call_control_id_a":"v3:3vYe5IHek1ak-Q0LmFjr473gGFUCowo7W80H5f8vPzdp_EUICB49jQ","call_control_id_b":"v3:VYePXKXEPnOhYvVzyAdkdKgBhIxUB-AxxY9FRvhyPgp0q5nvgc2k8A","status":422,"error":{"errors":[{"code":"90015","title":"Invalid Call Control ID","source":{"pointer":"/call_control_id"},"detail":"The provided call_control_id 'v3:VYePXKXEPnOhYvVzyAdkdKgBhIxUB-AxxY9FRvhyPgp0q5nvgc2k8A' was not valid."}]}} 
[2026-05-05 00:46:32] production.WARNING: Click-to-call bridge failed — cleaning up {"target_call_control_id":"v3:3vYe5IHek1ak-Q0LmFjr473gGFUCowo7W80H5f8vPzdp_EUICB49jQ","user_call_control_id":"v3:VYePXKXEPnOhYvVzyAdkdKgBhIxUB-AxxY9FRvhyPgp0q5nvgc2k8A","call_log_id":907} 
[2026-05-05 00:46:32] production.INFO: Call command sent: hangup {"call_control_id":"v3:3vYe5IHek1ak-Q0LmFjr473gGFUCowo7W80H5f8vPzdp_EUICB49jQ","result":"ok"} 
[2026-05-05 00:46:32] production.INFO: Telnyx voice webhook received {"event_type":"call.hangup","call_control_id":"v3:3vYe5IHek1ak-Q0LmFjr473gGFUCowo7W80H5f8vPzdp_EUICB49jQ","direction":null} 
[2026-05-05 00:46:32] production.INFO: Click-to-call: target did not answer {"call_control_id":"v3:3vYe5IHek1ak-Q0LmFjr473gGFUCowo7W80H5f8vPzdp_EUICB49jQ","hangup_cause":"normal_clearing","call_log_id":907} 
[2026-05-05 00:46:32] production.ERROR: Call command failed: speak {"call_control_id":"v3:VYePXKXEPnOhYvVzyAdkdKgBhIxUB-AxxY9FRvhyPgp0q5nvgc2k8A","status":422,"error":{"errors":[{"code":"90018","title":"Call has already ended","detail":"This call is no longer active and can't receive commands."}]}} 
[2026-05-05 00:46:34] production.INFO: Click-to-call initiated from Calls tab {"call_log_id":909,"user_phone":"+12249993880","target_phone":"+18472123894"} 
[2026-05-05 00:46:34] production.INFO: Telnyx voice webhook received {"event_type":"call.initiated","call_control_id":"v3:ealYLQ3T7tXKtlsqc0zDzh8CMcCv7FDdh-TPXq4LAm6srLkfUmRk_g","direction":"outgoing"} 
[2026-05-05 00:46:34] production.INFO: Outbound call initiated {"call_control_id":"v3:ealYLQ3T7tXKtlsqc0zDzh8CMcCv7FDdh-TPXq4LAm6srLkfUmRk_g","to":"+12249993880"} 
[2026-05-05 00:46:36] production.INFO: Telnyx voice webhook received {"event_type":"call.answered","call_control_id":"v3:ealYLQ3T7tXKtlsqc0zDzh8CMcCv7FDdh-TPXq4LAm6srLkfUmRk_g","direction":null} 
[2026-05-05 00:46:36] production.INFO: Click-to-call: user answered → playing ringback and dialing target {"call_control_id":"v3:ealYLQ3T7tXKtlsqc0zDzh8CMcCv7FDdh-TPXq4LAm6srLkfUmRk_g","target_phone":"+18472123894","call_log_id":909} 
[2026-05-05 00:46:36] production.INFO: Call command sent: playback_start {"call_control_id":"v3:ealYLQ3T7tXKtlsqc0zDzh8CMcCv7FDdh-TPXq4LAm6srLkfUmRk_g","result":"ok"} 
[2026-05-05 00:46:36] production.INFO: Telnyx voice webhook received {"event_type":"call.playback.started","call_control_id":"v3:ealYLQ3T7tXKtlsqc0zDzh8CMcCv7FDdh-TPXq4LAm6srLkfUmRk_g","direction":null} 
[2026-05-05 00:46:36] production.INFO: Unhandled voice event {"event_type":"call.playback.started"} 
[2026-05-05 00:46:37] production.INFO: Click-to-call: target dialed {"target_phone":"+18472123894","target_call_control_id":"v3:7Obp3R2GTFJ4nz2WVa-EXMppZ84B7zsrth4qDgk4HQiLqDNRHOTykw"} 
[2026-05-05 00:46:37] production.INFO: Telnyx voice webhook received {"event_type":"call.initiated","call_control_id":"v3:7Obp3R2GTFJ4nz2WVa-EXMppZ84B7zsrth4qDgk4HQiLqDNRHOTykw","direction":"outgoing"} 
[2026-05-05 00:46:37] production.INFO: Outbound call initiated {"call_control_id":"v3:7Obp3R2GTFJ4nz2WVa-EXMppZ84B7zsrth4qDgk4HQiLqDNRHOTykw","to":"+18472123894"} 
[2026-05-05 00:46:38] production.INFO: Telnyx voice webhook received {"event_type":"call.answered","call_control_id":"v3:olOQKrEUU_zy_HlkNmPnt7uDvnokUeqGTFHPvBGG4ugkKDpKXWiQJw","direction":null} 
[2026-05-05 00:46:38] production.INFO: Click-to-call: target answered — bridging immediately {"target_call_control_id":"v3:olOQKrEUU_zy_HlkNmPnt7uDvnokUeqGTFHPvBGG4ugkKDpKXWiQJw","user_call_control_id":"v3:JMVu1TVVbEMeGOUqjUtUYcCr7EDpXvurXlFMlBnEnp3B1VGDN2EvfQ","call_log_id":908} 
[2026-05-05 00:46:38] production.INFO: Telnyx voice webhook received {"event_type":"call.playback.ended","call_control_id":"v3:JMVu1TVVbEMeGOUqjUtUYcCr7EDpXvurXlFMlBnEnp3B1VGDN2EvfQ","direction":null} 
[2026-05-05 00:46:39] production.INFO: Calls bridged successfully {"call_control_id_a":"v3:olOQKrEUU_zy_HlkNmPnt7uDvnokUeqGTFHPvBGG4ugkKDpKXWiQJw","call_control_id_b":"v3:JMVu1TVVbEMeGOUqjUtUYcCr7EDpXvurXlFMlBnEnp3B1VGDN2EvfQ"} 
[2026-05-05 00:46:39] production.INFO: Telnyx voice webhook received {"event_type":"call.bridged","call_control_id":"v3:olOQKrEUU_zy_HlkNmPnt7uDvnokUeqGTFHPvBGG4ugkKDpKXWiQJw","direction":null} 
[2026-05-05 00:46:39] production.INFO: Call bridged {"call_control_id":"v3:olOQKrEUU_zy_HlkNmPnt7uDvnokUeqGTFHPvBGG4ugkKDpKXWiQJw","call_session_id":"db62ac00-481b-11f1-b283-02420aefe473"} 
[2026-05-05 00:46:39] production.INFO: Telnyx voice webhook received {"event_type":"call.bridged","call_control_id":"v3:JMVu1TVVbEMeGOUqjUtUYcCr7EDpXvurXlFMlBnEnp3B1VGDN2EvfQ","direction":null} 
[2026-05-05 00:46:39] production.INFO: Call bridged {"call_control_id":"v3:JMVu1TVVbEMeGOUqjUtUYcCr7EDpXvurXlFMlBnEnp3B1VGDN2EvfQ","call_session_id":"d8c01d70-481b-11f1-8c07-02420aefe473"} 
[2026-05-05 00:46:39] production.INFO: Telnyx voice webhook received {"event_type":"call.answered","call_control_id":"v3:7Obp3R2GTFJ4nz2WVa-EXMppZ84B7zsrth4qDgk4HQiLqDNRHOTykw","direction":null} 
[2026-05-05 00:46:39] production.INFO: Click-to-call: target answered — bridging immediately {"target_call_control_id":"v3:7Obp3R2GTFJ4nz2WVa-EXMppZ84B7zsrth4qDgk4HQiLqDNRHOTykw","user_call_control_id":"v3:ealYLQ3T7tXKtlsqc0zDzh8CMcCv7FDdh-TPXq4LAm6srLkfUmRk_g","call_log_id":909} 
[2026-05-05 00:46:39] production.INFO: Telnyx voice webhook received {"event_type":"call.playback.ended","call_control_id":"v3:ealYLQ3T7tXKtlsqc0zDzh8CMcCv7FDdh-TPXq4LAm6srLkfUmRk_g","direction":null} 
[2026-05-05 00:46:40] production.INFO: Calls bridged successfully {"call_control_id_a":"v3:7Obp3R2GTFJ4nz2WVa-EXMppZ84B7zsrth4qDgk4HQiLqDNRHOTykw","call_control_id_b":"v3:ealYLQ3T7tXKtlsqc0zDzh8CMcCv7FDdh-TPXq4LAm6srLkfUmRk_g"} 
[2026-05-05 00:46:40] production.INFO: Telnyx voice webhook received {"event_type":"call.bridged","call_control_id":"v3:7Obp3R2GTFJ4nz2WVa-EXMppZ84B7zsrth4qDgk4HQiLqDNRHOTykw","direction":null} 
[2026-05-05 00:46:40] production.INFO: Call bridged {"call_control_id":"v3:7Obp3R2GTFJ4nz2WVa-EXMppZ84B7zsrth4qDgk4HQiLqDNRHOTykw","call_session_id":"df0759aa-481b-11f1-b283-02420aefe073"} 
[2026-05-05 00:46:40] production.INFO: Telnyx voice webhook received {"event_type":"call.bridged","call_control_id":"v3:ealYLQ3T7tXKtlsqc0zDzh8CMcCv7FDdh-TPXq4LAm6srLkfUmRk_g","direction":null} 
[2026-05-05 00:46:40] production.INFO: Call bridged {"call_control_id":"v3:ealYLQ3T7tXKtlsqc0zDzh8CMcCv7FDdh-TPXq4LAm6srLkfUmRk_g","call_session_id":"dd26e6fa-481b-11f1-888f-02420aefe017"} 
[2026-05-05 00:46:43] production.INFO: Telnyx voice webhook received {"event_type":"call.machine.premium.detection.ended","call_control_id":"v3:olOQKrEUU_zy_HlkNmPnt7uDvnokUeqGTFHPvBGG4ugkKDpKXWiQJw","direction":null} 
[2026-05-05 00:46:43] production.INFO: AMD ended {"call_control_id":"v3:olOQKrEUU_zy_HlkNmPnt7uDvnokUeqGTFHPvBGG4ugkKDpKXWiQJw","result":"machine","action":"click_to_call_target_ring"} 
[2026-05-05 00:46:43] production.INFO: AMD detected machine on click-to-call target but call already bridged — ignoring {"call_control_id":"v3:olOQKrEUU_zy_HlkNmPnt7uDvnokUeqGTFHPvBGG4ugkKDpKXWiQJw","result":"machine","call_log_id":908} 
[2026-05-05 00:46:43] production.INFO: Telnyx voice webhook received {"event_type":"call.hangup","call_control_id":"v3:7Obp3R2GTFJ4nz2WVa-EXMppZ84B7zsrth4qDgk4HQiLqDNRHOTykw","direction":null} 
[2026-05-05 00:46:43] production.INFO: Click-to-call: target hung up after connected call {"call_control_id":"v3:7Obp3R2GTFJ4nz2WVa-EXMppZ84B7zsrth4qDgk4HQiLqDNRHOTykw","hangup_cause":"normal_clearing","call_log_id":909,"duration":7.487095999999999} 
[2026-05-05 00:46:43] production.INFO: Telnyx voice webhook received {"event_type":"call.hangup","call_control_id":"v3:ealYLQ3T7tXKtlsqc0zDzh8CMcCv7FDdh-TPXq4LAm6srLkfUmRk_g","direction":null} 
[2026-05-05 00:46:43] production.INFO: Click-to-call user leg ended {"call_control_id":"v3:ealYLQ3T7tXKtlsqc0zDzh8CMcCv7FDdh-TPXq4LAm6srLkfUmRk_g","action":"click_to_call_waiting","status":"completed","call_log_id":909,"hangup_cause":"normal_clearing"} 
[2026-05-05 00:46:43] production.INFO: Telnyx voice webhook received {"event_type":"call.machine.premium.greeting.ended","call_control_id":"v3:olOQKrEUU_zy_HlkNmPnt7uDvnokUeqGTFHPvBGG4ugkKDpKXWiQJw","direction":null} 
[2026-05-05 00:46:43] production.INFO: AMD greeting ended (premium) {"call_control_id":"v3:olOQKrEUU_zy_HlkNmPnt7uDvnokUeqGTFHPvBGG4ugkKDpKXWiQJw","result":"no_beep_detected"} 
[2026-05-05 00:46:46] production.INFO: Click-to-call initiated from Calls tab {"call_log_id":910,"user_phone":"+12249993880","target_phone":"+18472123894"} 
[2026-05-05 00:46:46] production.INFO: Telnyx voice webhook received {"event_type":"call.initiated","call_control_id":"v3:HiEtxdk1zp50V1TNlLd7hLlQ9BAWsHXboOKwKQ8Pc8VHuOMWsp-P7Q","direction":"outgoing"} 
[2026-05-05 00:46:46] production.INFO: Outbound call initiated {"call_control_id":"v3:HiEtxdk1zp50V1TNlLd7hLlQ9BAWsHXboOKwKQ8Pc8VHuOMWsp-P7Q","to":"+12249993880"} 
[2026-05-05 00:46:48] production.INFO: Telnyx voice webhook received {"event_type":"call.answered","call_control_id":"v3:HiEtxdk1zp50V1TNlLd7hLlQ9BAWsHXboOKwKQ8Pc8VHuOMWsp-P7Q","direction":null} 
[2026-05-05 00:46:48] production.INFO: Click-to-call: user answered → playing ringback and dialing target {"call_control_id":"v3:HiEtxdk1zp50V1TNlLd7hLlQ9BAWsHXboOKwKQ8Pc8VHuOMWsp-P7Q","target_phone":"+18472123894","call_log_id":910} 
[2026-05-05 00:46:48] production.INFO: Call command sent: playback_start {"call_control_id":"v3:HiEtxdk1zp50V1TNlLd7hLlQ9BAWsHXboOKwKQ8Pc8VHuOMWsp-P7Q","result":"ok"} 
[2026-05-05 00:46:48] production.INFO: Telnyx voice webhook received {"event_type":"call.playback.started","call_control_id":"v3:HiEtxdk1zp50V1TNlLd7hLlQ9BAWsHXboOKwKQ8Pc8VHuOMWsp-P7Q","direction":null} 
[2026-05-05 00:46:48] production.INFO: Unhandled voice event {"event_type":"call.playback.started"} 
[2026-05-05 00:46:48] production.INFO: Click-to-call: target dialed {"target_phone":"+18472123894","target_call_control_id":"v3:_tLsVz0KUm0bGB1hv67BnQux67RoFO8fYRgi_Ulyeb-i6YpmIQGwsA"} 
[2026-05-05 00:46:48] production.INFO: Telnyx voice webhook received {"event_type":"call.initiated","call_control_id":"v3:_tLsVz0KUm0bGB1hv67BnQux67RoFO8fYRgi_Ulyeb-i6YpmIQGwsA","direction":"outgoing"} 
[2026-05-05 00:46:48] production.INFO: Outbound call initiated {"call_control_id":"v3:_tLsVz0KUm0bGB1hv67BnQux67RoFO8fYRgi_Ulyeb-i6YpmIQGwsA","to":"+18472123894"} 
[2026-05-05 00:46:52] production.INFO: Telnyx voice webhook received {"event_type":"call.answered","call_control_id":"v3:_tLsVz0KUm0bGB1hv67BnQux67RoFO8fYRgi_Ulyeb-i6YpmIQGwsA","direction":null} 
[2026-05-05 00:46:52] production.INFO: Click-to-call: target answered — bridging immediately {"target_call_control_id":"v3:_tLsVz0KUm0bGB1hv67BnQux67RoFO8fYRgi_Ulyeb-i6YpmIQGwsA","user_call_control_id":"v3:HiEtxdk1zp50V1TNlLd7hLlQ9BAWsHXboOKwKQ8Pc8VHuOMWsp-P7Q","call_log_id":910} 
[2026-05-05 00:46:52] production.INFO: Telnyx voice webhook received {"event_type":"call.playback.ended","call_control_id":"v3:HiEtxdk1zp50V1TNlLd7hLlQ9BAWsHXboOKwKQ8Pc8VHuOMWsp-P7Q","direction":null} 
[2026-05-05 00:46:52] production.INFO: Calls bridged successfully {"call_control_id_a":"v3:_tLsVz0KUm0bGB1hv67BnQux67RoFO8fYRgi_Ulyeb-i6YpmIQGwsA","call_control_id_b":"v3:HiEtxdk1zp50V1TNlLd7hLlQ9BAWsHXboOKwKQ8Pc8VHuOMWsp-P7Q"} 
[2026-05-05 00:46:52] production.INFO: Telnyx voice webhook received {"event_type":"call.bridged","call_control_id":"v3:HiEtxdk1zp50V1TNlLd7hLlQ9BAWsHXboOKwKQ8Pc8VHuOMWsp-P7Q","direction":null} 
[2026-05-05 00:46:52] production.INFO: Call bridged {"call_control_id":"v3:HiEtxdk1zp50V1TNlLd7hLlQ9BAWsHXboOKwKQ8Pc8VHuOMWsp-P7Q","call_session_id":"e46ad0e8-481b-11f1-9867-02420aefe45a"} 
[2026-05-05 00:46:52] production.INFO: Telnyx voice webhook received {"event_type":"call.bridged","call_control_id":"v3:_tLsVz0KUm0bGB1hv67BnQux67RoFO8fYRgi_Ulyeb-i6YpmIQGwsA","direction":null} 
[2026-05-05 00:46:52] production.INFO: Call bridged {"call_control_id":"v3:_tLsVz0KUm0bGB1hv67BnQux67RoFO8fYRgi_Ulyeb-i6YpmIQGwsA","call_session_id":"e6018cda-481b-11f1-b9ce-02420aefe173"} 
[2026-05-05 00:46:56] production.INFO: Telnyx voice webhook received {"event_type":"call.machine.premium.detection.ended","call_control_id":"v3:_tLsVz0KUm0bGB1hv67BnQux67RoFO8fYRgi_Ulyeb-i6YpmIQGwsA","direction":null} 
[2026-05-05 00:46:56] production.INFO: AMD ended {"call_control_id":"v3:_tLsVz0KUm0bGB1hv67BnQux67RoFO8fYRgi_Ulyeb-i6YpmIQGwsA","result":"human_residence","action":"click_to_call_target_ring"} 
[2026-05-05 00:46:57] production.INFO: Telnyx voice webhook received {"event_type":"call.hangup","call_control_id":"v3:_tLsVz0KUm0bGB1hv67BnQux67RoFO8fYRgi_Ulyeb-i6YpmIQGwsA","direction":null} 
[2026-05-05 00:46:57] production.INFO: Click-to-call: target hung up after connected call {"call_control_id":"v3:_tLsVz0KUm0bGB1hv67BnQux67RoFO8fYRgi_Ulyeb-i6YpmIQGwsA","hangup_cause":"normal_clearing","call_log_id":910,"duration":9.016110000000001} 
[2026-05-05 00:46:57] production.INFO: Telnyx voice webhook received {"event_type":"call.hangup","call_control_id":"v3:HiEtxdk1zp50V1TNlLd7hLlQ9BAWsHXboOKwKQ8Pc8VHuOMWsp-P7Q","direction":null} 
[2026-05-05 00:46:57] production.INFO: Click-to-call user leg ended {"call_control_id":"v3:HiEtxdk1zp50V1TNlLd7hLlQ9BAWsHXboOKwKQ8Pc8VHuOMWsp-P7Q","action":"click_to_call_waiting","status":"completed","call_log_id":910,"hangup_cause":"normal_clearing"} 
[2026-05-05 00:47:52] production.INFO: Telnyx voice webhook received {"event_type":"call.hangup","call_control_id":"v3:olOQKrEUU_zy_HlkNmPnt7uDvnokUeqGTFHPvBGG4ugkKDpKXWiQJw","direction":null} 
[2026-05-05 00:47:52] production.INFO: Click-to-call: target hung up after connected call {"call_control_id":"v3:olOQKrEUU_zy_HlkNmPnt7uDvnokUeqGTFHPvBGG4ugkKDpKXWiQJw","hangup_cause":"normal_clearing","call_log_id":908,"duration":82.442846} 
[2026-05-05 00:47:52] production.INFO: Telnyx voice webhook received {"event_type":"call.hangup","call_control_id":"v3:JMVu1TVVbEMeGOUqjUtUYcCr7EDpXvurXlFMlBnEnp3B1VGDN2EvfQ","direction":null} 
[2026-05-05 00:47:52] production.INFO: Click-to-call user leg ended {"call_control_id":"v3:JMVu1TVVbEMeGOUqjUtUYcCr7EDpXvurXlFMlBnEnp3B1VGDN2EvfQ","action":"click_to_call_waiting","status":"completed","call_log_id":908,"hangup_cause":"normal_clearing"} 
[2026-05-05 01:01:51] production.INFO: Telnyx voice webhook received {"event_type":"call.initiated","call_control_id":"v3:c_Yd0kNTfsIIiQD4bcZS_lDKF8Sl4xWHw71qNV_9hh1s1vFzx7y4XA","direction":"incoming"} 
[2026-05-05 01:01:52] production.INFO: Incoming call - answering {"call_control_id":"v3:c_Yd0kNTfsIIiQD4bcZS_lDKF8Sl4xWHw71qNV_9hh1s1vFzx7y4XA","from":"+18472123894","to":"+12247354200","caller_user_id":null,"caller_name":"GRZEGORZ SZADY"} 
[2026-05-05 01:01:52] production.INFO: Call command sent: answer {"call_control_id":"v3:c_Yd0kNTfsIIiQD4bcZS_lDKF8Sl4xWHw71qNV_9hh1s1vFzx7y4XA","result":"ok"} 
[2026-05-05 01:01:53] production.INFO: Telnyx voice webhook received {"event_type":"call.answered","call_control_id":"v3:c_Yd0kNTfsIIiQD4bcZS_lDKF8Sl4xWHw71qNV_9hh1s1vFzx7y4XA","direction":null} 
[2026-05-05 01:01:53] production.INFO: Playing welcome TTS and dialing admins simultaneously {"call_control_id":"v3:c_Yd0kNTfsIIiQD4bcZS_lDKF8Sl4xWHw71qNV_9hh1s1vFzx7y4XA","tts":"Good evening! Thanks for calling GS Construction. One moment while we connect you to the GS Crew.","is_known_caller":false} 
[2026-05-05 01:01:53] production.INFO: Call command sent: speak {"call_control_id":"v3:c_Yd0kNTfsIIiQD4bcZS_lDKF8Sl4xWHw71qNV_9hh1s1vFzx7y4XA","result":"ok"} 
[2026-05-05 01:01:53] production.INFO: Telnyx voice webhook received {"event_type":"call.speak.started","call_control_id":"v3:c_Yd0kNTfsIIiQD4bcZS_lDKF8Sl4xWHw71qNV_9hh1s1vFzx7y4XA","direction":null} 
[2026-05-05 01:01:53] production.INFO: TTS speak started {"call_control_id":"v3:c_Yd0kNTfsIIiQD4bcZS_lDKF8Sl4xWHw71qNV_9hh1s1vFzx7y4XA"} 
[2026-05-05 01:01:53] production.INFO: Dialed admin {"admin_user_id":1,"admin_name":"Patryk Szady","phone":"+12249993880","admin_call_control_id":"v3:NeSFMf2Sinx7V1mM0iamAhPnkh75To4hRlLsnFYuaTTXIoDsAYEu2A"} 
[2026-05-05 01:01:53] production.INFO: Telnyx voice webhook received {"event_type":"call.initiated","call_control_id":"v3:NeSFMf2Sinx7V1mM0iamAhPnkh75To4hRlLsnFYuaTTXIoDsAYEu2A","direction":"outgoing"} 
[2026-05-05 01:01:53] production.INFO: Outbound call initiated {"call_control_id":"v3:NeSFMf2Sinx7V1mM0iamAhPnkh75To4hRlLsnFYuaTTXIoDsAYEu2A","to":"+12249993880"} 
[2026-05-05 01:01:54] production.DEBUG: Push notification delivered {"endpoint":"https://web.push.apple.com/QDkJcfxcMRPW4uLNUaYZ21nDUMJHCJ-cyja1FMQcNEv6qKbL-ec_s…","status":201} 
[2026-05-05 01:01:54] production.DEBUG: Push notification delivered {"endpoint":"https://fcm.googleapis.com/fcm/send/cYR-NIq4nms:APA91bEppjWa7ZIrYxviNuWljHyZ7qnu…","status":201} 
[2026-05-05 01:01:54] production.DEBUG: Push notification delivered {"endpoint":"https://wns2-by3p.notify.windows.com/w/?token=BQYAAACU%2bKDb9Gyej4KtbEbQJBisasbB…","status":201,"wns_status":"received","wns_msg_id":"1FE2DE7F4EA029F6","wns_debug":"BY3PEPF0001AB26","content_encoding":"aes128gcm","response_body":""} 
[2026-05-05 01:01:55] production.DEBUG: Push notification delivered {"endpoint":"https://web.push.apple.com/QDkJcfxcMRPW4uLNUaYZ21nDUMJHCJ-cyja1FMQcNEv6qKbL-ec_s…","status":201} 
[2026-05-05 01:01:55] production.DEBUG: Push notification delivered {"endpoint":"https://fcm.googleapis.com/fcm/send/cYR-NIq4nms:APA91bEppjWa7ZIrYxviNuWljHyZ7qnu…","status":201} 
[2026-05-05 01:01:55] production.DEBUG: Push notification delivered {"endpoint":"https://wns2-by3p.notify.windows.com/w/?token=BQYAAACU%2bKDb9Gyej4KtbEbQJBisasbB…","status":201,"wns_status":"received","wns_msg_id":"720A8C5A6B7D88A0","wns_debug":"BY3PEPF0000E9CE","content_encoding":"aes128gcm","response_body":""} 
[2026-05-05 01:01:58] production.INFO: Telnyx voice webhook received {"event_type":"call.answered","call_control_id":"v3:NeSFMf2Sinx7V1mM0iamAhPnkh75To4hRlLsnFYuaTTXIoDsAYEu2A","direction":null} 
[2026-05-05 01:01:58] production.INFO: Playing admin screening prompt {"admin_call_control_id":"v3:NeSFMf2Sinx7V1mM0iamAhPnkh75To4hRlLsnFYuaTTXIoDsAYEu2A","call_log_id":911,"admin_user_id":1,"is_late_answerer":false,"caller_label":"GRZEGORZ SZADY"} 
[2026-05-05 01:01:58] production.INFO: Call command sent: speak {"call_control_id":"v3:NeSFMf2Sinx7V1mM0iamAhPnkh75To4hRlLsnFYuaTTXIoDsAYEu2A","result":"ok"} 
[2026-05-05 01:01:59] production.INFO: Telnyx voice webhook received {"event_type":"call.speak.started","call_control_id":"v3:NeSFMf2Sinx7V1mM0iamAhPnkh75To4hRlLsnFYuaTTXIoDsAYEu2A","direction":null} 
[2026-05-05 01:01:59] production.INFO: TTS speak started {"call_control_id":"v3:NeSFMf2Sinx7V1mM0iamAhPnkh75To4hRlLsnFYuaTTXIoDsAYEu2A"} 
[2026-05-05 01:02:00] production.INFO: Telnyx voice webhook received {"event_type":"call.speak.ended","call_control_id":"v3:c_Yd0kNTfsIIiQD4bcZS_lDKF8Sl4xWHw71qNV_9hh1s1vFzx7y4XA","direction":null} 
[2026-05-05 01:02:00] production.INFO: handleCallSpeakEnded ENTRY {"call_control_id":"v3:c_Yd0kNTfsIIiQD4bcZS_lDKF8Sl4xWHw71qNV_9hh1s1vFzx7y4XA","action":"welcome_done","client_state":{"action":"welcome_done","call_log_id":911,"original_caller":"+18472123894"},"client_state_raw_present":true} 
[2026-05-05 01:02:00] production.INFO: TTS completed — no admin answered yet, playing ringback {"call_control_id":"v3:c_Yd0kNTfsIIiQD4bcZS_lDKF8Sl4xWHw71qNV_9hh1s1vFzx7y4XA","call_log_id":911} 
[2026-05-05 01:02:00] production.INFO: Call command sent: playback_start {"call_control_id":"v3:c_Yd0kNTfsIIiQD4bcZS_lDKF8Sl4xWHw71qNV_9hh1s1vFzx7y4XA","result":"ok"} 
[2026-05-05 01:02:00] production.INFO: Telnyx voice webhook received {"event_type":"call.playback.started","call_control_id":"v3:c_Yd0kNTfsIIiQD4bcZS_lDKF8Sl4xWHw71qNV_9hh1s1vFzx7y4XA","direction":null} 
[2026-05-05 01:02:00] production.INFO: Unhandled voice event {"event_type":"call.playback.started"} 
[2026-05-05 01:02:06] production.INFO: Telnyx voice webhook received {"event_type":"call.speak.ended","call_control_id":"v3:NeSFMf2Sinx7V1mM0iamAhPnkh75To4hRlLsnFYuaTTXIoDsAYEu2A","direction":null} 
[2026-05-05 01:02:06] production.INFO: handleCallSpeakEnded ENTRY {"call_control_id":"v3:NeSFMf2Sinx7V1mM0iamAhPnkh75To4hRlLsnFYuaTTXIoDsAYEu2A","action":"admin_screen_done","client_state":{"action":"admin_screen_done","call_log_id":911,"incoming_call_control_id":"v3:c_Yd0kNTfsIIiQD4bcZS_lDKF8Sl4xWHw71qNV_9hh1s1vFzx7y4XA","admin_user_id":1,"conference_id":null},"client_state_raw_present":true} 
[2026-05-05 01:02:06] production.INFO: First admin answered — bridging without prompt {"admin_call_control_id":"v3:NeSFMf2Sinx7V1mM0iamAhPnkh75To4hRlLsnFYuaTTXIoDsAYEu2A","incoming_call_control_id":"v3:c_Yd0kNTfsIIiQD4bcZS_lDKF8Sl4xWHw71qNV_9hh1s1vFzx7y4XA","call_log_id":911,"admin_user_id":1} 
[2026-05-05 01:02:06] production.INFO: Creating conference with caller as first participant {"call_log_id":911,"conference_name":"call_911_6f898add","incoming_call_control_id":"v3:c_Yd0kNTfsIIiQD4bcZS_lDKF8Sl4xWHw71qNV_9hh1s1vFzx7y4XA","admin_call_control_id":"v3:NeSFMf2Sinx7V1mM0iamAhPnkh75To4hRlLsnFYuaTTXIoDsAYEu2A","admin_user_id":1} 
[2026-05-05 01:02:06] production.INFO: Call command sent: playback_stop {"call_control_id":"v3:c_Yd0kNTfsIIiQD4bcZS_lDKF8Sl4xWHw71qNV_9hh1s1vFzx7y4XA","result":"ok"} 
[2026-05-05 01:02:06] production.INFO: Telnyx voice webhook received {"event_type":"call.playback.ended","call_control_id":"v3:c_Yd0kNTfsIIiQD4bcZS_lDKF8Sl4xWHw71qNV_9hh1s1vFzx7y4XA","direction":null} 
[2026-05-05 01:02:06] production.INFO: Call command sent: playback_stop {"call_control_id":"v3:NeSFMf2Sinx7V1mM0iamAhPnkh75To4hRlLsnFYuaTTXIoDsAYEu2A","result":"ok"} 
[2026-05-05 01:02:07] production.INFO: Call command sent: playback_start {"call_control_id":"v3:c_Yd0kNTfsIIiQD4bcZS_lDKF8Sl4xWHw71qNV_9hh1s1vFzx7y4XA","result":"ok"} 
[2026-05-05 01:02:07] production.INFO: Telnyx voice webhook received {"event_type":"call.playback.started","call_control_id":"v3:c_Yd0kNTfsIIiQD4bcZS_lDKF8Sl4xWHw71qNV_9hh1s1vFzx7y4XA","direction":null} 
[2026-05-05 01:02:07] production.INFO: Unhandled voice event {"event_type":"call.playback.started"} 
[2026-05-05 01:02:07] production.INFO: Conference created {"name":"call_911_6f898add","conference_id":"93e83069-7e47-479e-a01c-17645a56a44d","beneficiary_call_control_id":"v3:c_Yd0kNTfsIIiQD4bcZS_lDKF8Sl4xWHw71qNV_9hh1s1vFzx7y4XA"} 
[2026-05-05 01:02:07] production.INFO: Telnyx voice webhook received {"event_type":"call.playback.ended","call_control_id":"v3:c_Yd0kNTfsIIiQD4bcZS_lDKF8Sl4xWHw71qNV_9hh1s1vFzx7y4XA","direction":null} 
[2026-05-05 01:02:07] production.INFO: Telnyx voice webhook received {"event_type":"conference.floor.changed","call_control_id":"v3:c_Yd0kNTfsIIiQD4bcZS_lDKF8Sl4xWHw71qNV_9hh1s1vFzx7y4XA","direction":null} 
[2026-05-05 01:02:07] production.INFO: Unhandled voice event {"event_type":"conference.floor.changed"} 
[2026-05-05 01:02:07] production.INFO: Telnyx voice webhook received {"event_type":"conference.created","call_control_id":"v3:c_Yd0kNTfsIIiQD4bcZS_lDKF8Sl4xWHw71qNV_9hh1s1vFzx7y4XA","direction":null} 
[2026-05-05 01:02:07] production.INFO: Unhandled voice event {"event_type":"conference.created"} 
[2026-05-05 01:02:07] production.INFO: Telnyx voice webhook received {"event_type":"conference.participant.joined","call_control_id":"v3:c_Yd0kNTfsIIiQD4bcZS_lDKF8Sl4xWHw71qNV_9hh1s1vFzx7y4XA","direction":null} 
[2026-05-05 01:02:07] production.INFO: Unhandled voice event {"event_type":"conference.participant.joined"} 
[2026-05-05 01:02:07] production.INFO: Joined conference {"conference_id":"93e83069-7e47-479e-a01c-17645a56a44d","call_control_id":"v3:NeSFMf2Sinx7V1mM0iamAhPnkh75To4hRlLsnFYuaTTXIoDsAYEu2A"} 
[2026-05-05 01:02:08] production.INFO: Telnyx voice webhook received {"event_type":"conference.participant.joined","call_control_id":"v3:NeSFMf2Sinx7V1mM0iamAhPnkh75To4hRlLsnFYuaTTXIoDsAYEu2A","direction":null} 
[2026-05-05 01:02:08] production.INFO: Unhandled voice event {"event_type":"conference.participant.joined"} 
[2026-05-05 01:02:08] production.INFO: Telnyx voice webhook received {"event_type":"conference.floor.changed","call_control_id":"v3:NeSFMf2Sinx7V1mM0iamAhPnkh75To4hRlLsnFYuaTTXIoDsAYEu2A","direction":null} 
[2026-05-05 01:02:08] production.INFO: Unhandled voice event {"event_type":"conference.floor.changed"} 
[2026-05-05 01:02:11] production.INFO: Telnyx voice webhook received {"event_type":"call.hangup","call_control_id":"v3:c_Yd0kNTfsIIiQD4bcZS_lDKF8Sl4xWHw71qNV_9hh1s1vFzx7y4XA","direction":null} 
[2026-05-05 01:02:11] production.INFO: Call ended {"call_control_id":"v3:c_Yd0kNTfsIIiQD4bcZS_lDKF8Sl4xWHw71qNV_9hh1s1vFzx7y4XA","status":"completed","hangup_cause":"normal_clearing","duration":18.878669000000002} 
[2026-05-05 01:02:11] production.INFO: Telnyx voice webhook received {"event_type":"conference.participant.left","call_control_id":"v3:c_Yd0kNTfsIIiQD4bcZS_lDKF8Sl4xWHw71qNV_9hh1s1vFzx7y4XA","direction":null} 
[2026-05-05 01:02:11] production.INFO: Unhandled voice event {"event_type":"conference.participant.left"} 
[2026-05-05 01:02:15] production.INFO: Telnyx voice webhook received {"event_type":"call.hangup","call_control_id":"v3:NeSFMf2Sinx7V1mM0iamAhPnkh75To4hRlLsnFYuaTTXIoDsAYEu2A","direction":null} 
[2026-05-05 01:02:15] production.INFO: Telnyx voice webhook received {"event_type":"conference.participant.left","call_control_id":"v3:NeSFMf2Sinx7V1mM0iamAhPnkh75To4hRlLsnFYuaTTXIoDsAYEu2A","direction":null} 
[2026-05-05 01:02:15] production.INFO: Unhandled voice event {"event_type":"conference.participant.left"} 
[2026-05-05 01:02:15] production.INFO: Telnyx voice webhook received {"event_type":"conference.ended","call_control_id":"v3:NeSFMf2Sinx7V1mM0iamAhPnkh75To4hRlLsnFYuaTTXIoDsAYEu2A","direction":null} 
[2026-05-05 01:02:15] production.INFO: Unhandled voice event {"event_type":"conference.ended"} 
[2026-05-05 01:02:19] production.INFO: Telnyx voice webhook received {"event_type":"call.initiated","call_control_id":"v3:t08CudiWorScVprQWRyUkWs_typm6LOHyGEaTbEgBrKhT-HMAYb3vQ","direction":"incoming"} 
[2026-05-05 01:02:19] production.INFO: Incoming call - answering {"call_control_id":"v3:t08CudiWorScVprQWRyUkWs_typm6LOHyGEaTbEgBrKhT-HMAYb3vQ","from":"+18472123894","to":"+12247354200","caller_user_id":null,"caller_name":"GRZEGORZ SZADY"} 
[2026-05-05 01:02:20] production.INFO: Call command sent: answer {"call_control_id":"v3:t08CudiWorScVprQWRyUkWs_typm6LOHyGEaTbEgBrKhT-HMAYb3vQ","result":"ok"} 
[2026-05-05 01:02:20] production.INFO: Telnyx voice webhook received {"event_type":"call.answered","call_control_id":"v3:t08CudiWorScVprQWRyUkWs_typm6LOHyGEaTbEgBrKhT-HMAYb3vQ","direction":null} 
[2026-05-05 01:02:20] production.INFO: Playing welcome TTS and dialing admins simultaneously {"call_control_id":"v3:t08CudiWorScVprQWRyUkWs_typm6LOHyGEaTbEgBrKhT-HMAYb3vQ","tts":"Good evening! Thanks for calling GS Construction. One moment while we connect you to the GS Crew.","is_known_caller":false} 
[2026-05-05 01:02:20] production.INFO: Call command sent: speak {"call_control_id":"v3:t08CudiWorScVprQWRyUkWs_typm6LOHyGEaTbEgBrKhT-HMAYb3vQ","result":"ok"} 
[2026-05-05 01:02:20] production.INFO: Telnyx voice webhook received {"event_type":"call.speak.started","call_control_id":"v3:t08CudiWorScVprQWRyUkWs_typm6LOHyGEaTbEgBrKhT-HMAYb3vQ","direction":null} 
[2026-05-05 01:02:20] production.INFO: TTS speak started {"call_control_id":"v3:t08CudiWorScVprQWRyUkWs_typm6LOHyGEaTbEgBrKhT-HMAYb3vQ"} 
[2026-05-05 01:02:21] production.INFO: Dialed admin {"admin_user_id":1,"admin_name":"Patryk Szady","phone":"+12249993880","admin_call_control_id":"v3:LYUMXLEPv6AfAtRyxCHAV3kfIfGYhuMvoZk0WRX6xkK8mjbxYCluHQ"} 
[2026-05-05 01:02:21] production.INFO: Telnyx voice webhook received {"event_type":"call.initiated","call_control_id":"v3:LYUMXLEPv6AfAtRyxCHAV3kfIfGYhuMvoZk0WRX6xkK8mjbxYCluHQ","direction":"outgoing"} 
[2026-05-05 01:02:21] production.INFO: Outbound call initiated {"call_control_id":"v3:LYUMXLEPv6AfAtRyxCHAV3kfIfGYhuMvoZk0WRX6xkK8mjbxYCluHQ","to":"+12249993880"} 
[2026-05-05 01:02:21] production.DEBUG: Push notification delivered {"endpoint":"https://web.push.apple.com/QDkJcfxcMRPW4uLNUaYZ21nDUMJHCJ-cyja1FMQcNEv6qKbL-ec_s…","status":201} 
[2026-05-05 01:02:21] production.DEBUG: Push notification delivered {"endpoint":"https://fcm.googleapis.com/fcm/send/cYR-NIq4nms:APA91bEppjWa7ZIrYxviNuWljHyZ7qnu…","status":201} 
[2026-05-05 01:02:21] production.DEBUG: Push notification delivered {"endpoint":"https://wns2-by3p.notify.windows.com/w/?token=BQYAAACU%2bKDb9Gyej4KtbEbQJBisasbB…","status":201,"wns_status":"received","wns_msg_id":"3F09736961D79C07","wns_debug":"BY3PEPF00028D0F","content_encoding":"aes128gcm","response_body":""} 
[2026-05-05 01:02:22] production.DEBUG: Push notification delivered {"endpoint":"https://web.push.apple.com/QDkJcfxcMRPW4uLNUaYZ21nDUMJHCJ-cyja1FMQcNEv6qKbL-ec_s…","status":201} 
[2026-05-05 01:02:22] production.DEBUG: Push notification delivered {"endpoint":"https://fcm.googleapis.com/fcm/send/cYR-NIq4nms:APA91bEppjWa7ZIrYxviNuWljHyZ7qnu…","status":201} 
[2026-05-05 01:02:22] production.DEBUG: Push notification delivered {"endpoint":"https://wns2-by3p.notify.windows.com/w/?token=BQYAAACU%2bKDb9Gyej4KtbEbQJBisasbB…","status":201,"wns_status":"received","wns_msg_id":"3454FDDF35B20978","wns_debug":"BY3PEPF000197CA","content_encoding":"aes128gcm","response_body":""} 
[2026-05-05 01:02:27] production.INFO: Telnyx voice webhook received {"event_type":"call.speak.ended","call_control_id":"v3:t08CudiWorScVprQWRyUkWs_typm6LOHyGEaTbEgBrKhT-HMAYb3vQ","direction":null} 
[2026-05-05 01:02:27] production.INFO: handleCallSpeakEnded ENTRY {"call_control_id":"v3:t08CudiWorScVprQWRyUkWs_typm6LOHyGEaTbEgBrKhT-HMAYb3vQ","action":"welcome_done","client_state":{"action":"welcome_done","call_log_id":912,"original_caller":"+18472123894"},"client_state_raw_present":true} 
[2026-05-05 01:02:27] production.INFO: TTS completed — no admin answered yet, playing ringback {"call_control_id":"v3:t08CudiWorScVprQWRyUkWs_typm6LOHyGEaTbEgBrKhT-HMAYb3vQ","call_log_id":912} 
[2026-05-05 01:02:27] production.INFO: Call command sent: playback_start {"call_control_id":"v3:t08CudiWorScVprQWRyUkWs_typm6LOHyGEaTbEgBrKhT-HMAYb3vQ","result":"ok"} 
[2026-05-05 01:02:27] production.INFO: Telnyx voice webhook received {"event_type":"call.playback.started","call_control_id":"v3:t08CudiWorScVprQWRyUkWs_typm6LOHyGEaTbEgBrKhT-HMAYb3vQ","direction":null} 
[2026-05-05 01:02:27] production.INFO: Unhandled voice event {"event_type":"call.playback.started"} 
[2026-05-05 01:02:36] production.INFO: Telnyx voice webhook received {"event_type":"call.hangup","call_control_id":"v3:LYUMXLEPv6AfAtRyxCHAV3kfIfGYhuMvoZk0WRX6xkK8mjbxYCluHQ","direction":null} 
[2026-05-05 01:02:36] production.INFO: Admin ring leg hung up {"admin_call_control_id":"v3:LYUMXLEPv6AfAtRyxCHAV3kfIfGYhuMvoZk0WRX6xkK8mjbxYCluHQ","hangup_cause":"timeout","call_log_id":912,"incoming_call_control_id":"v3:t08CudiWorScVprQWRyUkWs_typm6LOHyGEaTbEgBrKhT-HMAYb3vQ"} 
[2026-05-05 01:02:36] production.INFO: Admin removed from pending list {"removed_id":"v3:LYUMXLEPv6AfAtRyxCHAV3kfIfGYhuMvoZk0WRX6xkK8mjbxYCluHQ","was_in_list":true,"remaining_count":0,"call_log_id":912} 
[2026-05-05 01:02:36] production.INFO: All admin legs failed — triggering voicemail {"incoming_call_control_id":"v3:t08CudiWorScVprQWRyUkWs_typm6LOHyGEaTbEgBrKhT-HMAYb3vQ","call_log_id":912} 
[2026-05-05 01:02:36] production.INFO: Playing voicemail IVR menu {"call_control_id":"v3:t08CudiWorScVprQWRyUkWs_typm6LOHyGEaTbEgBrKhT-HMAYb3vQ","call_log_id":912,"ivr_prompt":"GS Construction is not available right now. Press 2 to send a text on your behalf so the GS Crew knows to call you back ASAP. Stay on the line to leave a voicemail.","is_known_caller":false} 
[2026-05-05 01:02:36] production.INFO: Call command sent: gather_using_speak {"call_control_id":"v3:t08CudiWorScVprQWRyUkWs_typm6LOHyGEaTbEgBrKhT-HMAYb3vQ","result":"ok"} 
[2026-05-05 01:02:58] production.INFO: Telnyx voice webhook received {"event_type":"call.playback.ended","call_control_id":"v3:t08CudiWorScVprQWRyUkWs_typm6LOHyGEaTbEgBrKhT-HMAYb3vQ","direction":null} 
[2026-05-05 01:02:58] production.INFO: Playback ended (non-ringback) {"call_control_id":"v3:t08CudiWorScVprQWRyUkWs_typm6LOHyGEaTbEgBrKhT-HMAYb3vQ","action":"voicemail_ivr_menu"} 
[2026-05-05 01:02:58] production.INFO: Telnyx voice webhook received {"event_type":"call.speak.started","call_control_id":"v3:t08CudiWorScVprQWRyUkWs_typm6LOHyGEaTbEgBrKhT-HMAYb3vQ","direction":null} 
[2026-05-05 01:02:58] production.INFO: TTS speak started {"call_control_id":"v3:t08CudiWorScVprQWRyUkWs_typm6LOHyGEaTbEgBrKhT-HMAYb3vQ"} 
[2026-05-05 01:03:05] production.INFO: Telnyx voice webhook received {"event_type":"call.speak.ended","call_control_id":"v3:t08CudiWorScVprQWRyUkWs_typm6LOHyGEaTbEgBrKhT-HMAYb3vQ","direction":null} 
[2026-05-05 01:03:05] production.INFO: handleCallSpeakEnded ENTRY {"call_control_id":"v3:t08CudiWorScVprQWRyUkWs_typm6LOHyGEaTbEgBrKhT-HMAYb3vQ","action":"voicemail_ivr_menu","client_state":{"action":"voicemail_ivr_menu","call_log_id":912,"original_caller":"+18472123894","is_known_caller":false,"retry_count":0},"client_state_raw_present":true} 
[2026-05-05 01:03:07] production.INFO: Telnyx voice webhook received {"event_type":"call.gather.ended","call_control_id":"v3:t08CudiWorScVprQWRyUkWs_typm6LOHyGEaTbEgBrKhT-HMAYb3vQ","direction":null} 
[2026-05-05 01:03:07] production.INFO: IVR gather ended {"call_control_id":"v3:t08CudiWorScVprQWRyUkWs_typm6LOHyGEaTbEgBrKhT-HMAYb3vQ","digits":"","call_log_id":912} 
[2026-05-05 01:03:07] production.INFO: IVR: no digit pressed — retrying IVR menu (TTS may not have played) {"call_control_id":"v3:t08CudiWorScVprQWRyUkWs_typm6LOHyGEaTbEgBrKhT-HMAYb3vQ","retry_count":0,"call_log_id":912} 
[2026-05-05 01:03:07] production.INFO: Playing voicemail IVR menu {"call_control_id":"v3:t08CudiWorScVprQWRyUkWs_typm6LOHyGEaTbEgBrKhT-HMAYb3vQ","call_log_id":912,"ivr_prompt":"GS Construction is not available right now. Press 2 to send a text on your behalf so the GS Crew knows to call you back ASAP. Stay on the line to leave a voicemail.","is_known_caller":false} 
[2026-05-05 01:03:07] production.INFO: Call command sent: gather_using_speak {"call_control_id":"v3:t08CudiWorScVprQWRyUkWs_typm6LOHyGEaTbEgBrKhT-HMAYb3vQ","result":"ok"} 
[2026-05-05 01:03:08] production.INFO: Telnyx voice webhook received {"event_type":"call.speak.started","call_control_id":"v3:t08CudiWorScVprQWRyUkWs_typm6LOHyGEaTbEgBrKhT-HMAYb3vQ","direction":null} 
[2026-05-05 01:03:08] production.INFO: TTS speak started {"call_control_id":"v3:t08CudiWorScVprQWRyUkWs_typm6LOHyGEaTbEgBrKhT-HMAYb3vQ"} 
[2026-05-05 01:03:15] production.INFO: Telnyx voice webhook received {"event_type":"call.speak.ended","call_control_id":"v3:t08CudiWorScVprQWRyUkWs_typm6LOHyGEaTbEgBrKhT-HMAYb3vQ","direction":null} 
[2026-05-05 01:03:15] production.INFO: handleCallSpeakEnded ENTRY {"call_control_id":"v3:t08CudiWorScVprQWRyUkWs_typm6LOHyGEaTbEgBrKhT-HMAYb3vQ","action":"voicemail_ivr_menu","client_state":{"action":"voicemail_ivr_menu","call_log_id":912,"original_caller":"+18472123894","is_known_caller":false,"retry_count":1},"client_state_raw_present":true} 
[2026-05-05 01:03:17] production.INFO: Telnyx voice webhook received {"event_type":"call.gather.ended","call_control_id":"v3:t08CudiWorScVprQWRyUkWs_typm6LOHyGEaTbEgBrKhT-HMAYb3vQ","direction":null} 
[2026-05-05 01:03:17] production.INFO: IVR gather ended {"call_control_id":"v3:t08CudiWorScVprQWRyUkWs_typm6LOHyGEaTbEgBrKhT-HMAYb3vQ","digits":"","call_log_id":912} 
[2026-05-05 01:03:17] production.INFO: IVR: no digit pressed after retry — playing voicemail greeting {"call_control_id":"v3:t08CudiWorScVprQWRyUkWs_typm6LOHyGEaTbEgBrKhT-HMAYb3vQ","call_log_id":912} 
[2026-05-05 01:03:17] production.INFO: Call command sent: speak {"call_control_id":"v3:t08CudiWorScVprQWRyUkWs_typm6LOHyGEaTbEgBrKhT-HMAYb3vQ","result":"ok"} 
[2026-05-05 01:03:18] production.INFO: Telnyx voice webhook received {"event_type":"call.speak.started","call_control_id":"v3:t08CudiWorScVprQWRyUkWs_typm6LOHyGEaTbEgBrKhT-HMAYb3vQ","direction":null} 
[2026-05-05 01:03:18] production.INFO: TTS speak started {"call_control_id":"v3:t08CudiWorScVprQWRyUkWs_typm6LOHyGEaTbEgBrKhT-HMAYb3vQ"} 
[2026-05-05 01:03:26] production.INFO: Telnyx voice webhook received {"event_type":"call.speak.ended","call_control_id":"v3:t08CudiWorScVprQWRyUkWs_typm6LOHyGEaTbEgBrKhT-HMAYb3vQ","direction":null} 
[2026-05-05 01:03:26] production.INFO: handleCallSpeakEnded ENTRY {"call_control_id":"v3:t08CudiWorScVprQWRyUkWs_typm6LOHyGEaTbEgBrKhT-HMAYb3vQ","action":"voicemail_prompt_done","client_state":{"action":"voicemail_prompt_done","call_log_id":912},"client_state_raw_present":true} 
[2026-05-05 01:03:26] production.INFO: Voicemail prompt done — starting recording {"call_control_id":"v3:t08CudiWorScVprQWRyUkWs_typm6LOHyGEaTbEgBrKhT-HMAYb3vQ"} 
[2026-05-05 01:03:26] production.INFO: Call command sent: record_start {"call_control_id":"v3:t08CudiWorScVprQWRyUkWs_typm6LOHyGEaTbEgBrKhT-HMAYb3vQ","result":"ok"} 
[2026-05-05 01:03:26] production.INFO: Telnyx voice webhook received {"event_type":"call.hangup","call_control_id":"v3:t08CudiWorScVprQWRyUkWs_typm6LOHyGEaTbEgBrKhT-HMAYb3vQ","direction":null} 
[2026-05-05 01:03:26] production.INFO: Voicemail call ended {"call_control_id":"v3:t08CudiWorScVprQWRyUkWs_typm6LOHyGEaTbEgBrKhT-HMAYb3vQ","call_log_id":912} 
[2026-05-05 01:03:42] production.INFO: Telnyx voice webhook received {"event_type":"call.initiated","call_control_id":"v3:J29uuGC5pLX_kQ9hvkxSxhyYQ8TO0-yXh4CLNNzoH6yCn0ja--Zeug","direction":"incoming"} 
[2026-05-05 01:03:42] production.INFO: Incoming call - answering {"call_control_id":"v3:J29uuGC5pLX_kQ9hvkxSxhyYQ8TO0-yXh4CLNNzoH6yCn0ja--Zeug","from":"+18472123894","to":"+12247354200","caller_user_id":null,"caller_name":"GRZEGORZ SZADY"} 
[2026-05-05 01:03:42] production.INFO: Call command sent: answer {"call_control_id":"v3:J29uuGC5pLX_kQ9hvkxSxhyYQ8TO0-yXh4CLNNzoH6yCn0ja--Zeug","result":"ok"} 
[2026-05-05 01:03:42] production.INFO: Telnyx voice webhook received {"event_type":"call.answered","call_control_id":"v3:J29uuGC5pLX_kQ9hvkxSxhyYQ8TO0-yXh4CLNNzoH6yCn0ja--Zeug","direction":null} 
[2026-05-05 01:03:42] production.INFO: Playing welcome TTS and dialing admins simultaneously {"call_control_id":"v3:J29uuGC5pLX_kQ9hvkxSxhyYQ8TO0-yXh4CLNNzoH6yCn0ja--Zeug","tts":"Good evening! Thanks for calling GS Construction. One moment while we connect you to the GS Crew.","is_known_caller":false} 
[2026-05-05 01:03:42] production.INFO: Call command sent: speak {"call_control_id":"v3:J29uuGC5pLX_kQ9hvkxSxhyYQ8TO0-yXh4CLNNzoH6yCn0ja--Zeug","result":"ok"} 
[2026-05-05 01:03:43] production.INFO: Telnyx voice webhook received {"event_type":"call.speak.started","call_control_id":"v3:J29uuGC5pLX_kQ9hvkxSxhyYQ8TO0-yXh4CLNNzoH6yCn0ja--Zeug","direction":null} 
[2026-05-05 01:03:43] production.INFO: TTS speak started {"call_control_id":"v3:J29uuGC5pLX_kQ9hvkxSxhyYQ8TO0-yXh4CLNNzoH6yCn0ja--Zeug"} 
[2026-05-05 01:03:43] production.INFO: Dialed admin {"admin_user_id":1,"admin_name":"Patryk Szady","phone":"+12249993880","admin_call_control_id":"v3:yh7JF4mZnjlegpsHTPU2sAhR5bv8KRTOPmJrUZ4ieeGknFAkF0DOqQ"} 
[2026-05-05 01:03:43] production.INFO: Telnyx voice webhook received {"event_type":"call.initiated","call_control_id":"v3:yh7JF4mZnjlegpsHTPU2sAhR5bv8KRTOPmJrUZ4ieeGknFAkF0DOqQ","direction":"outgoing"} 
[2026-05-05 01:03:43] production.INFO: Outbound call initiated {"call_control_id":"v3:yh7JF4mZnjlegpsHTPU2sAhR5bv8KRTOPmJrUZ4ieeGknFAkF0DOqQ","to":"+12249993880"} 
[2026-05-05 01:03:43] production.DEBUG: Push notification delivered {"endpoint":"https://web.push.apple.com/QDkJcfxcMRPW4uLNUaYZ21nDUMJHCJ-cyja1FMQcNEv6qKbL-ec_s…","status":201} 
[2026-05-05 01:03:43] production.DEBUG: Push notification delivered {"endpoint":"https://fcm.googleapis.com/fcm/send/cYR-NIq4nms:APA91bEppjWa7ZIrYxviNuWljHyZ7qnu…","status":201} 
[2026-05-05 01:03:43] production.DEBUG: Push notification delivered {"endpoint":"https://wns2-by3p.notify.windows.com/w/?token=BQYAAACU%2bKDb9Gyej4KtbEbQJBisasbB…","status":201,"wns_status":"received","wns_msg_id":"6655DE724140C7B","wns_debug":"BY3PEPF0000E9AA","content_encoding":"aes128gcm","response_body":""} 
[2026-05-05 01:03:44] production.DEBUG: Push notification delivered {"endpoint":"https://web.push.apple.com/QDkJcfxcMRPW4uLNUaYZ21nDUMJHCJ-cyja1FMQcNEv6qKbL-ec_s…","status":201} 
[2026-05-05 01:03:44] production.DEBUG: Push notification delivered {"endpoint":"https://fcm.googleapis.com/fcm/send/cYR-NIq4nms:APA91bEppjWa7ZIrYxviNuWljHyZ7qnu…","status":201} 
[2026-05-05 01:03:44] production.DEBUG: Push notification delivered {"endpoint":"https://wns2-by3p.notify.windows.com/w/?token=BQYAAACU%2bKDb9Gyej4KtbEbQJBisasbB…","status":201,"wns_status":"received","wns_msg_id":"6ABCF23A07A858B9","wns_debug":"BY3PEPF0001959A","content_encoding":"aes128gcm","response_body":""} 
[2026-05-05 01:03:46] production.INFO: Telnyx voice webhook received {"event_type":"call.answered","call_control_id":"v3:yh7JF4mZnjlegpsHTPU2sAhR5bv8KRTOPmJrUZ4ieeGknFAkF0DOqQ","direction":null} 
[2026-05-05 01:03:46] production.INFO: Playing admin screening prompt {"admin_call_control_id":"v3:yh7JF4mZnjlegpsHTPU2sAhR5bv8KRTOPmJrUZ4ieeGknFAkF0DOqQ","call_log_id":913,"admin_user_id":1,"is_late_answerer":false,"caller_label":"GRZEGORZ SZADY"} 
[2026-05-05 01:03:46] production.INFO: Call command sent: speak {"call_control_id":"v3:yh7JF4mZnjlegpsHTPU2sAhR5bv8KRTOPmJrUZ4ieeGknFAkF0DOqQ","result":"ok"} 
[2026-05-05 01:03:47] production.INFO: Telnyx voice webhook received {"event_type":"call.speak.started","call_control_id":"v3:yh7JF4mZnjlegpsHTPU2sAhR5bv8KRTOPmJrUZ4ieeGknFAkF0DOqQ","direction":null} 
[2026-05-05 01:03:47] production.INFO: TTS speak started {"call_control_id":"v3:yh7JF4mZnjlegpsHTPU2sAhR5bv8KRTOPmJrUZ4ieeGknFAkF0DOqQ"} 
[2026-05-05 01:03:49] production.INFO: Telnyx voice webhook received {"event_type":"call.speak.ended","call_control_id":"v3:J29uuGC5pLX_kQ9hvkxSxhyYQ8TO0-yXh4CLNNzoH6yCn0ja--Zeug","direction":null} 
[2026-05-05 01:03:49] production.INFO: handleCallSpeakEnded ENTRY {"call_control_id":"v3:J29uuGC5pLX_kQ9hvkxSxhyYQ8TO0-yXh4CLNNzoH6yCn0ja--Zeug","action":"welcome_done","client_state":{"action":"welcome_done","call_log_id":913,"original_caller":"+18472123894"},"client_state_raw_present":true} 
[2026-05-05 01:03:49] production.INFO: TTS completed — no admin answered yet, playing ringback {"call_control_id":"v3:J29uuGC5pLX_kQ9hvkxSxhyYQ8TO0-yXh4CLNNzoH6yCn0ja--Zeug","call_log_id":913} 
[2026-05-05 01:03:49] production.INFO: Call command sent: playback_start {"call_control_id":"v3:J29uuGC5pLX_kQ9hvkxSxhyYQ8TO0-yXh4CLNNzoH6yCn0ja--Zeug","result":"ok"} 
[2026-05-05 01:03:50] production.INFO: Telnyx voice webhook received {"event_type":"call.playback.started","call_control_id":"v3:J29uuGC5pLX_kQ9hvkxSxhyYQ8TO0-yXh4CLNNzoH6yCn0ja--Zeug","direction":null} 
[2026-05-05 01:03:50] production.INFO: Unhandled voice event {"event_type":"call.playback.started"} 
[2026-05-05 01:03:53] production.INFO: Telnyx voice webhook received {"event_type":"call.speak.ended","call_control_id":"v3:yh7JF4mZnjlegpsHTPU2sAhR5bv8KRTOPmJrUZ4ieeGknFAkF0DOqQ","direction":null} 
[2026-05-05 01:03:53] production.INFO: handleCallSpeakEnded ENTRY {"call_control_id":"v3:yh7JF4mZnjlegpsHTPU2sAhR5bv8KRTOPmJrUZ4ieeGknFAkF0DOqQ","action":"admin_screen_done","client_state":{"action":"admin_screen_done","call_log_id":913,"incoming_call_control_id":"v3:J29uuGC5pLX_kQ9hvkxSxhyYQ8TO0-yXh4CLNNzoH6yCn0ja--Zeug","admin_user_id":1,"conference_id":null},"client_state_raw_present":true} 
[2026-05-05 01:03:53] production.INFO: First admin answered — bridging without prompt {"admin_call_control_id":"v3:yh7JF4mZnjlegpsHTPU2sAhR5bv8KRTOPmJrUZ4ieeGknFAkF0DOqQ","incoming_call_control_id":"v3:J29uuGC5pLX_kQ9hvkxSxhyYQ8TO0-yXh4CLNNzoH6yCn0ja--Zeug","call_log_id":913,"admin_user_id":1} 
[2026-05-05 01:03:53] production.INFO: Creating conference with caller as first participant {"call_log_id":913,"conference_name":"call_913_1167fdca","incoming_call_control_id":"v3:J29uuGC5pLX_kQ9hvkxSxhyYQ8TO0-yXh4CLNNzoH6yCn0ja--Zeug","admin_call_control_id":"v3:yh7JF4mZnjlegpsHTPU2sAhR5bv8KRTOPmJrUZ4ieeGknFAkF0DOqQ","admin_user_id":1} 
[2026-05-05 01:03:53] production.INFO: Telnyx voice webhook received {"event_type":"call.hangup","call_control_id":"v3:yh7JF4mZnjlegpsHTPU2sAhR5bv8KRTOPmJrUZ4ieeGknFAkF0DOqQ","direction":null} 
[2026-05-05 01:03:53] production.INFO: Call command sent: playback_stop {"call_control_id":"v3:J29uuGC5pLX_kQ9hvkxSxhyYQ8TO0-yXh4CLNNzoH6yCn0ja--Zeug","result":"ok"} 
[2026-05-05 01:03:54] production.INFO: Telnyx voice webhook received {"event_type":"call.playback.ended","call_control_id":"v3:J29uuGC5pLX_kQ9hvkxSxhyYQ8TO0-yXh4CLNNzoH6yCn0ja--Zeug","direction":null} 
[2026-05-05 01:03:54] production.ERROR: Call command failed: playback_stop {"call_control_id":"v3:yh7JF4mZnjlegpsHTPU2sAhR5bv8KRTOPmJrUZ4ieeGknFAkF0DOqQ","status":422,"error":{"errors":[{"code":"90018","title":"Call has already ended","detail":"This call is no longer active and can't receive commands."}]}} 
[2026-05-05 01:03:54] production.INFO: Call command sent: playback_start {"call_control_id":"v3:J29uuGC5pLX_kQ9hvkxSxhyYQ8TO0-yXh4CLNNzoH6yCn0ja--Zeug","result":"ok"} 
[2026-05-05 01:03:54] production.INFO: Telnyx voice webhook received {"event_type":"call.playback.started","call_control_id":"v3:J29uuGC5pLX_kQ9hvkxSxhyYQ8TO0-yXh4CLNNzoH6yCn0ja--Zeug","direction":null} 
[2026-05-05 01:03:54] production.INFO: Unhandled voice event {"event_type":"call.playback.started"} 
[2026-05-05 01:03:54] production.INFO: Conference created {"name":"call_913_1167fdca","conference_id":"bc1f33ee-8666-4bd8-a0ca-364f80cc74b5","beneficiary_call_control_id":"v3:J29uuGC5pLX_kQ9hvkxSxhyYQ8TO0-yXh4CLNNzoH6yCn0ja--Zeug"} 
[2026-05-05 01:03:54] production.INFO: Telnyx voice webhook received {"event_type":"call.playback.ended","call_control_id":"v3:J29uuGC5pLX_kQ9hvkxSxhyYQ8TO0-yXh4CLNNzoH6yCn0ja--Zeug","direction":null} 
[2026-05-05 01:03:54] production.INFO: Telnyx voice webhook received {"event_type":"conference.floor.changed","call_control_id":"v3:J29uuGC5pLX_kQ9hvkxSxhyYQ8TO0-yXh4CLNNzoH6yCn0ja--Zeug","direction":null} 
[2026-05-05 01:03:54] production.INFO: Unhandled voice event {"event_type":"conference.floor.changed"} 
[2026-05-05 01:03:54] production.ERROR: Conference join failed {"conference_id":"bc1f33ee-8666-4bd8-a0ca-364f80cc74b5","call_control_id":"v3:yh7JF4mZnjlegpsHTPU2sAhR5bv8KRTOPmJrUZ4ieeGknFAkF0DOqQ","status":422,"error":{"errors":[{"code":"90018","title":"Call has already ended","detail":"This call is no longer active and can't receive commands."}]}} 
[2026-05-05 01:03:54] production.ERROR: Failed to join admin to fresh conference {"admin_call_control_id":"v3:yh7JF4mZnjlegpsHTPU2sAhR5bv8KRTOPmJrUZ4ieeGknFAkF0DOqQ","conference_id":"bc1f33ee-8666-4bd8-a0ca-364f80cc74b5"} 
[2026-05-05 01:03:54] production.ERROR: Call command failed: hangup {"call_control_id":"v3:yh7JF4mZnjlegpsHTPU2sAhR5bv8KRTOPmJrUZ4ieeGknFAkF0DOqQ","status":422,"error":{"errors":[{"code":"90018","title":"Call has already ended","detail":"This call is no longer active and can't receive commands."}]}} 
[2026-05-05 01:03:54] production.INFO: Telnyx voice webhook received {"event_type":"conference.participant.joined","call_control_id":"v3:J29uuGC5pLX_kQ9hvkxSxhyYQ8TO0-yXh4CLNNzoH6yCn0ja--Zeug","direction":null} 
[2026-05-05 01:03:54] production.INFO: Unhandled voice event {"event_type":"conference.participant.joined"} 
[2026-05-05 01:03:54] production.INFO: Telnyx voice webhook received {"event_type":"conference.created","call_control_id":"v3:J29uuGC5pLX_kQ9hvkxSxhyYQ8TO0-yXh4CLNNzoH6yCn0ja--Zeug","direction":null} 
[2026-05-05 01:03:54] production.INFO: Unhandled voice event {"event_type":"conference.created"} 
[2026-05-05 01:04:08] production.INFO: Telnyx voice webhook received {"event_type":"call.hangup","call_control_id":"v3:J29uuGC5pLX_kQ9hvkxSxhyYQ8TO0-yXh4CLNNzoH6yCn0ja--Zeug","direction":null} 
[2026-05-05 01:04:08] production.INFO: Call ended {"call_control_id":"v3:J29uuGC5pLX_kQ9hvkxSxhyYQ8TO0-yXh4CLNNzoH6yCn0ja--Zeug","status":"completed","hangup_cause":"normal_clearing","duration":26.392902999999997} 
[2026-05-05 01:04:08] production.INFO: Telnyx voice webhook received {"event_type":"conference.participant.left","call_control_id":"v3:J29uuGC5pLX_kQ9hvkxSxhyYQ8TO0-yXh4CLNNzoH6yCn0ja--Zeug","direction":null} 
[2026-05-05 01:04:08] production.INFO: Unhandled voice event {"event_type":"conference.participant.left"} 
[2026-05-05 01:04:08] production.INFO: Telnyx voice webhook received {"event_type":"conference.ended","call_control_id":"v3:J29uuGC5pLX_kQ9hvkxSxhyYQ8TO0-yXh4CLNNzoH6yCn0ja--Zeug","direction":null} 
[2026-05-05 01:04:08] production.INFO: Unhandled voice event {"event_type":"conference.ended"} 
[2026-05-05 01:11:54] production.DEBUG: Push notification delivered {"endpoint":"https://web.push.apple.com/QJnqrnzJg9xule8bhPY8CE20AFCRYEqQblM8TaB0eTcRZ7HDySHVw…","status":201} 
[2026-05-05 01:11:54] production.DEBUG: Push notification delivered {"endpoint":"https://wns2-ch1p.notify.windows.com/w/?token=BQYAAAAQe2hvIFkElPQKFh5BKOEEEpIVqW…","status":201,"wns_status":"received","wns_msg_id":"6AAA0FB165CA0180","wns_debug":"CH1PEPF00006F76","content_encoding":"aes128gcm","response_body":""} 
[2026-05-05 01:11:57] production.INFO: Telnyx webhook received {"event_type":"message.sent","message_id":"40319df5-b10e-4fe7-b248-c311dfabd55e"} 
[2026-05-05 01:11:57] production.INFO: Message sent {"id":"40319df5-b10e-4fe7-b248-c311dfabd55e","to":"+13097815746","from":"+12247354200"} 
[2026-05-05 01:12:03] production.INFO: Telnyx webhook received {"event_type":"message.finalized","message_id":"40319df5-b10e-4fe7-b248-c311dfabd55e"} 
[2026-05-05 01:12:03] production.INFO: Message finalized {"id":"40319df5-b10e-4fe7-b248-c311dfabd55e","to":"+13097815746","status":"delivered"} 
[2026-05-05 01:19:46] production.DEBUG: Push notification delivered {"endpoint":"https://web.push.apple.com/QJnqrnzJg9xule8bhPY8CE20AFCRYEqQblM8TaB0eTcRZ7HDySHVw…","status":201} 
[2026-05-05 01:19:46] production.DEBUG: Push notification delivered {"endpoint":"https://wns2-ch1p.notify.windows.com/w/?token=BQYAAAAQe2hvIFkElPQKFh5BKOEEEpIVqW…","status":201,"wns_status":"received","wns_msg_id":"4FE17103561DD39C","wns_debug":"CH1PEPF00006F72","content_encoding":"aes128gcm","response_body":""} 
[2026-05-05 01:19:48] production.INFO: Telnyx webhook received {"event_type":"message.sent","message_id":"40319df5-b841-4041-ab4b-8e61e2455cc7"} 
[2026-05-05 01:19:48] production.INFO: Message sent {"id":"40319df5-b841-4041-ab4b-8e61e2455cc7","to":"+13097815746","from":"+12247354200"} 
[2026-05-05 01:19:56] production.INFO: Telnyx webhook received {"event_type":"message.finalized","message_id":"40319df5-b841-4041-ab4b-8e61e2455cc7"} 
[2026-05-05 01:19:56] production.INFO: Message finalized {"id":"40319df5-b841-4041-ab4b-8e61e2455cc7","to":"+13097815746","status":"delivered"} 
[2026-05-05 01:27:33] production.INFO: Telnyx webhook received {"event_type":"message.sent","message_id":"40319df5-bf57-4ac7-afab-41536eab484a"} 
[2026-05-05 01:27:33] production.INFO: Message sent {"id":"40319df5-bf57-4ac7-afab-41536eab484a","to":"+12245351018","from":"+12247354200"} 
[2026-05-05 01:27:36] production.INFO: Telnyx webhook received {"event_type":"message.finalized","message_id":"40319df5-bf57-4ac7-afab-41536eab484a"} 
[2026-05-05 01:27:36] production.INFO: Message finalized {"id":"40319df5-bf57-4ac7-afab-41536eab484a","to":"+12245351018","status":"delivered"} 
[2026-05-05 01:42:27] production.INFO: Telnyx voice webhook received {"event_type":"call.initiated","call_control_id":"v3:ZuiyUmWkVn_cSEVBRVSnlZD_1UXl-JR4J2Klr6Yl7GdTSaGC5-MUDw","direction":"incoming"} 
[2026-05-05 01:42:27] production.INFO: Incoming call - answering {"call_control_id":"v3:ZuiyUmWkVn_cSEVBRVSnlZD_1UXl-JR4J2Klr6Yl7GdTSaGC5-MUDw","from":"+18472123894","to":"+12247354200","caller_user_id":null,"caller_name":"GRZEGORZ SZADY"} 
[2026-05-05 01:42:28] production.INFO: Call command sent: answer {"call_control_id":"v3:ZuiyUmWkVn_cSEVBRVSnlZD_1UXl-JR4J2Klr6Yl7GdTSaGC5-MUDw","result":"ok"} 
[2026-05-05 01:42:28] production.INFO: Telnyx voice webhook received {"event_type":"call.answered","call_control_id":"v3:ZuiyUmWkVn_cSEVBRVSnlZD_1UXl-JR4J2Klr6Yl7GdTSaGC5-MUDw","direction":null} 
[2026-05-05 01:42:28] production.INFO: Playing welcome TTS and dialing admins simultaneously {"call_control_id":"v3:ZuiyUmWkVn_cSEVBRVSnlZD_1UXl-JR4J2Klr6Yl7GdTSaGC5-MUDw","tts":"Good evening! Thanks for calling GS Construction. One moment while we connect you to the GS Crew.","is_known_caller":false} 
[2026-05-05 01:42:28] production.INFO: Call command sent: speak {"call_control_id":"v3:ZuiyUmWkVn_cSEVBRVSnlZD_1UXl-JR4J2Klr6Yl7GdTSaGC5-MUDw","result":"ok"} 
[2026-05-05 01:42:28] production.DEBUG: Push notification delivered {"endpoint":"https://web.push.apple.com/QDkJcfxcMRPW4uLNUaYZ21nDUMJHCJ-cyja1FMQcNEv6qKbL-ec_s…","status":201} 
[2026-05-05 01:42:28] production.DEBUG: Push notification delivered {"endpoint":"https://fcm.googleapis.com/fcm/send/cYR-NIq4nms:APA91bEppjWa7ZIrYxviNuWljHyZ7qnu…","status":201} 
[2026-05-05 01:42:28] production.DEBUG: Push notification delivered {"endpoint":"https://wns2-by3p.notify.windows.com/w/?token=BQYAAACU%2bKDb9Gyej4KtbEbQJBisasbB…","status":201,"wns_status":"received","wns_msg_id":"3EE81137481A380D","wns_debug":"BY3PEPF0000E9CB","content_encoding":"aes128gcm","response_body":""} 
[2026-05-05 01:42:29] production.INFO: Dialed admin {"admin_user_id":1,"admin_name":"Patryk Szady","phone":"+12249993880","admin_call_control_id":"v3:4ojBdqYOOE0X2xR_u0_Kx-58aF59En7XH0i-naAFVHqmbR8PaDYxWg"} 
[2026-05-05 01:42:29] production.INFO: Telnyx voice webhook received {"event_type":"call.initiated","call_control_id":"v3:4ojBdqYOOE0X2xR_u0_Kx-58aF59En7XH0i-naAFVHqmbR8PaDYxWg","direction":"outgoing"} 
[2026-05-05 01:42:29] production.INFO: Outbound call initiated {"call_control_id":"v3:4ojBdqYOOE0X2xR_u0_Kx-58aF59En7XH0i-naAFVHqmbR8PaDYxWg","to":"+12249993880"} 
[2026-05-05 01:42:29] production.INFO: Telnyx voice webhook received {"event_type":"call.speak.started","call_control_id":"v3:ZuiyUmWkVn_cSEVBRVSnlZD_1UXl-JR4J2Klr6Yl7GdTSaGC5-MUDw","direction":null} 
[2026-05-05 01:42:29] production.INFO: TTS speak started {"call_control_id":"v3:ZuiyUmWkVn_cSEVBRVSnlZD_1UXl-JR4J2Klr6Yl7GdTSaGC5-MUDw"} 
[2026-05-05 01:42:29] production.DEBUG: Push notification delivered {"endpoint":"https://web.push.apple.com/QDkJcfxcMRPW4uLNUaYZ21nDUMJHCJ-cyja1FMQcNEv6qKbL-ec_s…","status":201} 
[2026-05-05 01:42:29] production.DEBUG: Push notification delivered {"endpoint":"https://fcm.googleapis.com/fcm/send/cYR-NIq4nms:APA91bEppjWa7ZIrYxviNuWljHyZ7qnu…","status":201} 
[2026-05-05 01:42:29] production.DEBUG: Push notification delivered {"endpoint":"https://wns2-by3p.notify.windows.com/w/?token=BQYAAACU%2bKDb9Gyej4KtbEbQJBisasbB…","status":201,"wns_status":"received","wns_msg_id":"D5028BA74A47E3C","wns_debug":"BY3PEPF000197D5","content_encoding":"aes128gcm","response_body":""} 
[2026-05-05 01:42:32] production.INFO: Telnyx voice webhook received {"event_type":"call.answered","call_control_id":"v3:4ojBdqYOOE0X2xR_u0_Kx-58aF59En7XH0i-naAFVHqmbR8PaDYxWg","direction":null} 
[2026-05-05 01:42:32] production.INFO: Playing admin screening prompt {"admin_call_control_id":"v3:4ojBdqYOOE0X2xR_u0_Kx-58aF59En7XH0i-naAFVHqmbR8PaDYxWg","call_log_id":914,"admin_user_id":1,"is_late_answerer":false,"caller_label":"GRZEGORZ SZADY"} 
[2026-05-05 01:42:32] production.INFO: Call command sent: speak {"call_control_id":"v3:4ojBdqYOOE0X2xR_u0_Kx-58aF59En7XH0i-naAFVHqmbR8PaDYxWg","result":"ok"} 
[2026-05-05 01:42:33] production.INFO: Telnyx voice webhook received {"event_type":"call.speak.started","call_control_id":"v3:4ojBdqYOOE0X2xR_u0_Kx-58aF59En7XH0i-naAFVHqmbR8PaDYxWg","direction":null} 
[2026-05-05 01:42:33] production.INFO: TTS speak started {"call_control_id":"v3:4ojBdqYOOE0X2xR_u0_Kx-58aF59En7XH0i-naAFVHqmbR8PaDYxWg"} 
[2026-05-05 01:42:35] production.INFO: Telnyx voice webhook received {"event_type":"call.speak.ended","call_control_id":"v3:ZuiyUmWkVn_cSEVBRVSnlZD_1UXl-JR4J2Klr6Yl7GdTSaGC5-MUDw","direction":null} 
[2026-05-05 01:42:35] production.INFO: handleCallSpeakEnded ENTRY {"call_control_id":"v3:ZuiyUmWkVn_cSEVBRVSnlZD_1UXl-JR4J2Klr6Yl7GdTSaGC5-MUDw","action":"welcome_done","client_state":{"action":"welcome_done","call_log_id":914,"original_caller":"+18472123894"},"client_state_raw_present":true} 
[2026-05-05 01:42:35] production.INFO: TTS completed — no admin answered yet, playing ringback {"call_control_id":"v3:ZuiyUmWkVn_cSEVBRVSnlZD_1UXl-JR4J2Klr6Yl7GdTSaGC5-MUDw","call_log_id":914} 
[2026-05-05 01:42:35] production.INFO: Call command sent: playback_start {"call_control_id":"v3:ZuiyUmWkVn_cSEVBRVSnlZD_1UXl-JR4J2Klr6Yl7GdTSaGC5-MUDw","result":"ok"} 
[2026-05-05 01:42:36] production.INFO: Telnyx voice webhook received {"event_type":"call.playback.started","call_control_id":"v3:ZuiyUmWkVn_cSEVBRVSnlZD_1UXl-JR4J2Klr6Yl7GdTSaGC5-MUDw","direction":null} 
[2026-05-05 01:42:36] production.INFO: Unhandled voice event {"event_type":"call.playback.started"} 
[2026-05-05 01:42:40] production.INFO: Telnyx voice webhook received {"event_type":"call.speak.ended","call_control_id":"v3:4ojBdqYOOE0X2xR_u0_Kx-58aF59En7XH0i-naAFVHqmbR8PaDYxWg","direction":null} 
[2026-05-05 01:42:40] production.INFO: handleCallSpeakEnded ENTRY {"call_control_id":"v3:4ojBdqYOOE0X2xR_u0_Kx-58aF59En7XH0i-naAFVHqmbR8PaDYxWg","action":"admin_screen_done","client_state":{"action":"admin_screen_done","call_log_id":914,"incoming_call_control_id":"v3:ZuiyUmWkVn_cSEVBRVSnlZD_1UXl-JR4J2Klr6Yl7GdTSaGC5-MUDw","admin_user_id":1,"conference_id":null},"client_state_raw_present":true} 
[2026-05-05 01:42:40] production.INFO: First admin answered — bridging without prompt {"admin_call_control_id":"v3:4ojBdqYOOE0X2xR_u0_Kx-58aF59En7XH0i-naAFVHqmbR8PaDYxWg","incoming_call_control_id":"v3:ZuiyUmWkVn_cSEVBRVSnlZD_1UXl-JR4J2Klr6Yl7GdTSaGC5-MUDw","call_log_id":914,"admin_user_id":1} 
[2026-05-05 01:42:40] production.INFO: Creating conference with caller as first participant {"call_log_id":914,"conference_name":"call_914_d6a5cffd","incoming_call_control_id":"v3:ZuiyUmWkVn_cSEVBRVSnlZD_1UXl-JR4J2Klr6Yl7GdTSaGC5-MUDw","admin_call_control_id":"v3:4ojBdqYOOE0X2xR_u0_Kx-58aF59En7XH0i-naAFVHqmbR8PaDYxWg","admin_user_id":1} 
[2026-05-05 01:42:40] production.INFO: Call command sent: playback_stop {"call_control_id":"v3:ZuiyUmWkVn_cSEVBRVSnlZD_1UXl-JR4J2Klr6Yl7GdTSaGC5-MUDw","result":"ok"} 
[2026-05-05 01:42:40] production.INFO: Telnyx voice webhook received {"event_type":"call.playback.ended","call_control_id":"v3:ZuiyUmWkVn_cSEVBRVSnlZD_1UXl-JR4J2Klr6Yl7GdTSaGC5-MUDw","direction":null} 
[2026-05-05 01:42:40] production.INFO: Call command sent: playback_stop {"call_control_id":"v3:4ojBdqYOOE0X2xR_u0_Kx-58aF59En7XH0i-naAFVHqmbR8PaDYxWg","result":"ok"} 
[2026-05-05 01:42:40] production.INFO: Call command sent: playback_start {"call_control_id":"v3:ZuiyUmWkVn_cSEVBRVSnlZD_1UXl-JR4J2Klr6Yl7GdTSaGC5-MUDw","result":"ok"} 
[2026-05-05 01:42:41] production.INFO: Telnyx voice webhook received {"event_type":"call.playback.started","call_control_id":"v3:ZuiyUmWkVn_cSEVBRVSnlZD_1UXl-JR4J2Klr6Yl7GdTSaGC5-MUDw","direction":null} 
[2026-05-05 01:42:41] production.INFO: Unhandled voice event {"event_type":"call.playback.started"} 
[2026-05-05 01:42:41] production.INFO: Conference created {"name":"call_914_d6a5cffd","conference_id":"e42addbd-3519-459f-a790-a8b487f04d79","beneficiary_call_control_id":"v3:ZuiyUmWkVn_cSEVBRVSnlZD_1UXl-JR4J2Klr6Yl7GdTSaGC5-MUDw"} 
[2026-05-05 01:42:41] production.INFO: Telnyx voice webhook received {"event_type":"call.playback.ended","call_control_id":"v3:ZuiyUmWkVn_cSEVBRVSnlZD_1UXl-JR4J2Klr6Yl7GdTSaGC5-MUDw","direction":null} 
[2026-05-05 01:42:41] production.INFO: Telnyx voice webhook received {"event_type":"conference.floor.changed","call_control_id":"v3:ZuiyUmWkVn_cSEVBRVSnlZD_1UXl-JR4J2Klr6Yl7GdTSaGC5-MUDw","direction":null} 
[2026-05-05 01:42:41] production.INFO: Unhandled voice event {"event_type":"conference.floor.changed"} 
[2026-05-05 01:42:41] production.INFO: Telnyx voice webhook received {"event_type":"conference.created","call_control_id":"v3:ZuiyUmWkVn_cSEVBRVSnlZD_1UXl-JR4J2Klr6Yl7GdTSaGC5-MUDw","direction":null} 
[2026-05-05 01:42:41] production.INFO: Unhandled voice event {"event_type":"conference.created"} 
[2026-05-05 01:42:41] production.INFO: Joined conference {"conference_id":"e42addbd-3519-459f-a790-a8b487f04d79","call_control_id":"v3:4ojBdqYOOE0X2xR_u0_Kx-58aF59En7XH0i-naAFVHqmbR8PaDYxWg"} 
[2026-05-05 01:42:41] production.INFO: Telnyx voice webhook received {"event_type":"conference.participant.joined","call_control_id":"v3:ZuiyUmWkVn_cSEVBRVSnlZD_1UXl-JR4J2Klr6Yl7GdTSaGC5-MUDw","direction":null} 
[2026-05-05 01:42:41] production.INFO: Unhandled voice event {"event_type":"conference.participant.joined"} 
[2026-05-05 01:42:41] production.INFO: Telnyx voice webhook received {"event_type":"conference.participant.joined","call_control_id":"v3:4ojBdqYOOE0X2xR_u0_Kx-58aF59En7XH0i-naAFVHqmbR8PaDYxWg","direction":null} 
[2026-05-05 01:42:41] production.INFO: Unhandled voice event {"event_type":"conference.participant.joined"} 
[2026-05-05 01:42:43] production.INFO: Telnyx voice webhook received {"event_type":"conference.floor.changed","call_control_id":"v3:4ojBdqYOOE0X2xR_u0_Kx-58aF59En7XH0i-naAFVHqmbR8PaDYxWg","direction":null} 
[2026-05-05 01:42:43] production.INFO: Unhandled voice event {"event_type":"conference.floor.changed"} 
[2026-05-05 01:42:44] production.INFO: Telnyx voice webhook received {"event_type":"conference.floor.changed","call_control_id":"v3:4ojBdqYOOE0X2xR_u0_Kx-58aF59En7XH0i-naAFVHqmbR8PaDYxWg","direction":null} 
[2026-05-05 01:42:44] production.INFO: Unhandled voice event {"event_type":"conference.floor.changed"} 
[2026-05-05 01:42:45] production.INFO: Telnyx voice webhook received {"event_type":"conference.floor.changed","call_control_id":"v3:4ojBdqYOOE0X2xR_u0_Kx-58aF59En7XH0i-naAFVHqmbR8PaDYxWg","direction":null} 
[2026-05-05 01:42:45] production.INFO: Unhandled voice event {"event_type":"conference.floor.changed"} 
[2026-05-05 01:42:46] production.INFO: Telnyx voice webhook received {"event_type":"call.hangup","call_control_id":"v3:ZuiyUmWkVn_cSEVBRVSnlZD_1UXl-JR4J2Klr6Yl7GdTSaGC5-MUDw","direction":null} 
[2026-05-05 01:42:46] production.INFO: Call ended {"call_control_id":"v3:ZuiyUmWkVn_cSEVBRVSnlZD_1UXl-JR4J2Klr6Yl7GdTSaGC5-MUDw","status":"completed","hangup_cause":"normal_clearing","duration":18.16596} 
[2026-05-05 01:42:46] production.INFO: Telnyx voice webhook received {"event_type":"conference.participant.left","call_control_id":"v3:ZuiyUmWkVn_cSEVBRVSnlZD_1UXl-JR4J2Klr6Yl7GdTSaGC5-MUDw","direction":null} 
[2026-05-05 01:42:46] production.INFO: Unhandled voice event {"event_type":"conference.participant.left"} 
[2026-05-05 01:42:48] production.INFO: Telnyx voice webhook received {"event_type":"call.hangup","call_control_id":"v3:4ojBdqYOOE0X2xR_u0_Kx-58aF59En7XH0i-naAFVHqmbR8PaDYxWg","direction":null} 
[2026-05-05 01:42:49] production.INFO: Telnyx voice webhook received {"event_type":"conference.ended","call_control_id":"v3:4ojBdqYOOE0X2xR_u0_Kx-58aF59En7XH0i-naAFVHqmbR8PaDYxWg","direction":null} 
[2026-05-05 01:42:49] production.INFO: Unhandled voice event {"event_type":"conference.ended"} 
[2026-05-05 01:42:49] production.INFO: Telnyx voice webhook received {"event_type":"conference.participant.left","call_control_id":"v3:4ojBdqYOOE0X2xR_u0_Kx-58aF59En7XH0i-naAFVHqmbR8PaDYxWg","direction":null} 
[2026-05-05 01:42:49] production.INFO: Unhandled voice event {"event_type":"conference.participant.left"} 
[2026-05-05 01:43:44] production.INFO: Telnyx voice webhook received {"event_type":"call.initiated","call_control_id":"v3:_xPTtIX13d19q9RezdamwB1x7gNaHW_YUZPcU88RVKrIz3HEtvLRuQ","direction":"incoming"} 
[2026-05-05 01:43:44] production.INFO: Incoming call - answering {"call_control_id":"v3:_xPTtIX13d19q9RezdamwB1x7gNaHW_YUZPcU88RVKrIz3HEtvLRuQ","from":"+18472123894","to":"+12247354200","caller_user_id":null,"caller_name":"GRZEGORZ SZADY"} 
[2026-05-05 01:43:45] production.INFO: Call command sent: answer {"call_control_id":"v3:_xPTtIX13d19q9RezdamwB1x7gNaHW_YUZPcU88RVKrIz3HEtvLRuQ","result":"ok"} 
[2026-05-05 01:43:45] production.INFO: Telnyx voice webhook received {"event_type":"call.answered","call_control_id":"v3:_xPTtIX13d19q9RezdamwB1x7gNaHW_YUZPcU88RVKrIz3HEtvLRuQ","direction":null} 
[2026-05-05 01:43:45] production.INFO: Playing welcome TTS and dialing admins simultaneously {"call_control_id":"v3:_xPTtIX13d19q9RezdamwB1x7gNaHW_YUZPcU88RVKrIz3HEtvLRuQ","tts":"Good evening! Thanks for calling GS Construction. One moment while we connect you to the GS Crew.","is_known_caller":false} 
[2026-05-05 01:43:45] production.INFO: Call command sent: speak {"call_control_id":"v3:_xPTtIX13d19q9RezdamwB1x7gNaHW_YUZPcU88RVKrIz3HEtvLRuQ","result":"ok"} 
[2026-05-05 01:43:45] production.DEBUG: Push notification delivered {"endpoint":"https://web.push.apple.com/QDkJcfxcMRPW4uLNUaYZ21nDUMJHCJ-cyja1FMQcNEv6qKbL-ec_s…","status":201} 
[2026-05-05 01:43:45] production.DEBUG: Push notification delivered {"endpoint":"https://fcm.googleapis.com/fcm/send/cYR-NIq4nms:APA91bEppjWa7ZIrYxviNuWljHyZ7qnu…","status":201} 
[2026-05-05 01:43:45] production.DEBUG: Push notification delivered {"endpoint":"https://wns2-by3p.notify.windows.com/w/?token=BQYAAACU%2bKDb9Gyej4KtbEbQJBisasbB…","status":201,"wns_status":"received","wns_msg_id":"32BA5E4162668813","wns_debug":"BY3PEPF000197D7","content_encoding":"aes128gcm","response_body":""} 
[2026-05-05 01:43:45] production.INFO: Telnyx voice webhook received {"event_type":"call.speak.started","call_control_id":"v3:_xPTtIX13d19q9RezdamwB1x7gNaHW_YUZPcU88RVKrIz3HEtvLRuQ","direction":null} 
[2026-05-05 01:43:45] production.INFO: TTS speak started {"call_control_id":"v3:_xPTtIX13d19q9RezdamwB1x7gNaHW_YUZPcU88RVKrIz3HEtvLRuQ"} 
[2026-05-05 01:43:46] production.INFO: Dialed admin {"admin_user_id":1,"admin_name":"Patryk Szady","phone":"+12249993880","admin_call_control_id":"v3:X26FIUhCPxkOxyoAvD2Hzy-KbKrRlEUi1kMRqrE1Tmdcs1Ouen4wSA"} 
[2026-05-05 01:43:46] production.INFO: Telnyx voice webhook received {"event_type":"call.initiated","call_control_id":"v3:X26FIUhCPxkOxyoAvD2Hzy-KbKrRlEUi1kMRqrE1Tmdcs1Ouen4wSA","direction":"outgoing"} 
[2026-05-05 01:43:46] production.INFO: Outbound call initiated {"call_control_id":"v3:X26FIUhCPxkOxyoAvD2Hzy-KbKrRlEUi1kMRqrE1Tmdcs1Ouen4wSA","to":"+12249993880"} 
[2026-05-05 01:43:46] production.DEBUG: Push notification delivered {"endpoint":"https://web.push.apple.com/QDkJcfxcMRPW4uLNUaYZ21nDUMJHCJ-cyja1FMQcNEv6qKbL-ec_s…","status":201} 
[2026-05-05 01:43:46] production.DEBUG: Push notification delivered {"endpoint":"https://fcm.googleapis.com/fcm/send/cYR-NIq4nms:APA91bEppjWa7ZIrYxviNuWljHyZ7qnu…","status":201} 
[2026-05-05 01:43:46] production.DEBUG: Push notification delivered {"endpoint":"https://wns2-by3p.notify.windows.com/w/?token=BQYAAACU%2bKDb9Gyej4KtbEbQJBisasbB…","status":201,"wns_status":"received","wns_msg_id":"FD5FAC6718CAEE9","wns_debug":"BY3PEPF0000E9BE","content_encoding":"aes128gcm","response_body":""} 
[2026-05-05 01:43:49] production.INFO: Telnyx voice webhook received {"event_type":"call.answered","call_control_id":"v3:X26FIUhCPxkOxyoAvD2Hzy-KbKrRlEUi1kMRqrE1Tmdcs1Ouen4wSA","direction":null} 
[2026-05-05 01:43:49] production.INFO: Playing admin screening prompt {"admin_call_control_id":"v3:X26FIUhCPxkOxyoAvD2Hzy-KbKrRlEUi1kMRqrE1Tmdcs1Ouen4wSA","call_log_id":915,"admin_user_id":1,"is_late_answerer":false,"caller_label":"GRZEGORZ SZADY"} 
[2026-05-05 01:43:50] production.INFO: Call command sent: speak {"call_control_id":"v3:X26FIUhCPxkOxyoAvD2Hzy-KbKrRlEUi1kMRqrE1Tmdcs1Ouen4wSA","result":"ok"} 
[2026-05-05 01:43:50] production.INFO: Telnyx voice webhook received {"event_type":"call.speak.started","call_control_id":"v3:X26FIUhCPxkOxyoAvD2Hzy-KbKrRlEUi1kMRqrE1Tmdcs1Ouen4wSA","direction":null} 
[2026-05-05 01:43:50] production.INFO: TTS speak started {"call_control_id":"v3:X26FIUhCPxkOxyoAvD2Hzy-KbKrRlEUi1kMRqrE1Tmdcs1Ouen4wSA"} 
[2026-05-05 01:43:52] production.INFO: Telnyx voice webhook received {"event_type":"call.speak.ended","call_control_id":"v3:_xPTtIX13d19q9RezdamwB1x7gNaHW_YUZPcU88RVKrIz3HEtvLRuQ","direction":null} 
[2026-05-05 01:43:52] production.INFO: handleCallSpeakEnded ENTRY {"call_control_id":"v3:_xPTtIX13d19q9RezdamwB1x7gNaHW_YUZPcU88RVKrIz3HEtvLRuQ","action":"welcome_done","client_state":{"action":"welcome_done","call_log_id":915,"original_caller":"+18472123894"},"client_state_raw_present":true} 
[2026-05-05 01:43:52] production.INFO: TTS completed — no admin answered yet, playing ringback {"call_control_id":"v3:_xPTtIX13d19q9RezdamwB1x7gNaHW_YUZPcU88RVKrIz3HEtvLRuQ","call_log_id":915} 
[2026-05-05 01:43:52] production.INFO: Call command sent: playback_start {"call_control_id":"v3:_xPTtIX13d19q9RezdamwB1x7gNaHW_YUZPcU88RVKrIz3HEtvLRuQ","result":"ok"} 
[2026-05-05 01:43:52] production.INFO: Telnyx voice webhook received {"event_type":"call.playback.started","call_control_id":"v3:_xPTtIX13d19q9RezdamwB1x7gNaHW_YUZPcU88RVKrIz3HEtvLRuQ","direction":null} 
[2026-05-05 01:43:52] production.INFO: Unhandled voice event {"event_type":"call.playback.started"} 
[2026-05-05 01:43:56] production.INFO: Telnyx voice webhook received {"event_type":"call.speak.ended","call_control_id":"v3:X26FIUhCPxkOxyoAvD2Hzy-KbKrRlEUi1kMRqrE1Tmdcs1Ouen4wSA","direction":null} 
[2026-05-05 01:43:56] production.INFO: handleCallSpeakEnded ENTRY {"call_control_id":"v3:X26FIUhCPxkOxyoAvD2Hzy-KbKrRlEUi1kMRqrE1Tmdcs1Ouen4wSA","action":"admin_screen_done","client_state":{"action":"admin_screen_done","call_log_id":915,"incoming_call_control_id":"v3:_xPTtIX13d19q9RezdamwB1x7gNaHW_YUZPcU88RVKrIz3HEtvLRuQ","admin_user_id":1,"conference_id":null},"client_state_raw_present":true} 
[2026-05-05 01:43:57] production.INFO: First admin answered — bridging without prompt {"admin_call_control_id":"v3:X26FIUhCPxkOxyoAvD2Hzy-KbKrRlEUi1kMRqrE1Tmdcs1Ouen4wSA","incoming_call_control_id":"v3:_xPTtIX13d19q9RezdamwB1x7gNaHW_YUZPcU88RVKrIz3HEtvLRuQ","call_log_id":915,"admin_user_id":1} 
[2026-05-05 01:43:57] production.INFO: Creating conference with caller as first participant {"call_log_id":915,"conference_name":"call_915_a1264b34","incoming_call_control_id":"v3:_xPTtIX13d19q9RezdamwB1x7gNaHW_YUZPcU88RVKrIz3HEtvLRuQ","admin_call_control_id":"v3:X26FIUhCPxkOxyoAvD2Hzy-KbKrRlEUi1kMRqrE1Tmdcs1Ouen4wSA","admin_user_id":1} 
[2026-05-05 01:43:57] production.INFO: Call command sent: playback_stop {"call_control_id":"v3:_xPTtIX13d19q9RezdamwB1x7gNaHW_YUZPcU88RVKrIz3HEtvLRuQ","result":"ok"} 
[2026-05-05 01:43:57] production.INFO: Telnyx voice webhook received {"event_type":"call.playback.ended","call_control_id":"v3:_xPTtIX13d19q9RezdamwB1x7gNaHW_YUZPcU88RVKrIz3HEtvLRuQ","direction":null} 
[2026-05-05 01:43:57] production.INFO: Call command sent: playback_stop {"call_control_id":"v3:X26FIUhCPxkOxyoAvD2Hzy-KbKrRlEUi1kMRqrE1Tmdcs1Ouen4wSA","result":"ok"} 
[2026-05-05 01:43:57] production.INFO: Call command sent: playback_start {"call_control_id":"v3:_xPTtIX13d19q9RezdamwB1x7gNaHW_YUZPcU88RVKrIz3HEtvLRuQ","result":"ok"} 
[2026-05-05 01:43:57] production.INFO: Telnyx voice webhook received {"event_type":"call.playback.ended","call_control_id":"v3:_xPTtIX13d19q9RezdamwB1x7gNaHW_YUZPcU88RVKrIz3HEtvLRuQ","direction":null} 
[2026-05-05 01:43:57] production.INFO: Call command sent: playback_start {"call_control_id":"v3:_xPTtIX13d19q9RezdamwB1x7gNaHW_YUZPcU88RVKrIz3HEtvLRuQ","result":"ok"} 
[2026-05-05 01:43:57] production.INFO: Conference created {"name":"call_915_a1264b34","conference_id":"38cef774-6ea8-4472-9df0-fca8b9e2f584","beneficiary_call_control_id":"v3:_xPTtIX13d19q9RezdamwB1x7gNaHW_YUZPcU88RVKrIz3HEtvLRuQ"} 
[2026-05-05 01:43:58] production.INFO: Telnyx voice webhook received {"event_type":"call.hangup","call_control_id":"v3:X26FIUhCPxkOxyoAvD2Hzy-KbKrRlEUi1kMRqrE1Tmdcs1Ouen4wSA","direction":null} 
[2026-05-05 01:43:58] production.ERROR: Conference join failed {"conference_id":"38cef774-6ea8-4472-9df0-fca8b9e2f584","call_control_id":"v3:X26FIUhCPxkOxyoAvD2Hzy-KbKrRlEUi1kMRqrE1Tmdcs1Ouen4wSA","status":422,"error":{"errors":[{"code":"90018","title":"Call has already ended","detail":"This call is no longer active and can't receive commands."}]}} 
[2026-05-05 01:43:58] production.ERROR: Failed to join admin to fresh conference {"admin_call_control_id":"v3:X26FIUhCPxkOxyoAvD2Hzy-KbKrRlEUi1kMRqrE1Tmdcs1Ouen4wSA","conference_id":"38cef774-6ea8-4472-9df0-fca8b9e2f584"} 
[2026-05-05 01:43:58] production.INFO: Telnyx voice webhook received {"event_type":"conference.floor.changed","call_control_id":"v3:_xPTtIX13d19q9RezdamwB1x7gNaHW_YUZPcU88RVKrIz3HEtvLRuQ","direction":null} 
[2026-05-05 01:43:58] production.INFO: Unhandled voice event {"event_type":"conference.floor.changed"} 
[2026-05-05 01:43:58] production.ERROR: Call command failed: hangup {"call_control_id":"v3:X26FIUhCPxkOxyoAvD2Hzy-KbKrRlEUi1kMRqrE1Tmdcs1Ouen4wSA","status":422,"error":{"errors":[{"code":"90018","title":"Call has already ended","detail":"This call is no longer active and can't receive commands."}]}} 
[2026-05-05 01:43:58] production.INFO: Telnyx voice webhook received {"event_type":"call.playback.started","call_control_id":"v3:_xPTtIX13d19q9RezdamwB1x7gNaHW_YUZPcU88RVKrIz3HEtvLRuQ","direction":null} 
[2026-05-05 01:43:58] production.INFO: Unhandled voice event {"event_type":"call.playback.started"} 
[2026-05-05 01:43:58] production.INFO: Telnyx voice webhook received {"event_type":"conference.created","call_control_id":"v3:_xPTtIX13d19q9RezdamwB1x7gNaHW_YUZPcU88RVKrIz3HEtvLRuQ","direction":null} 
[2026-05-05 01:43:58] production.INFO: Unhandled voice event {"event_type":"conference.created"} 
[2026-05-05 01:43:58] production.INFO: Telnyx voice webhook received {"event_type":"conference.participant.joined","call_control_id":"v3:_xPTtIX13d19q9RezdamwB1x7gNaHW_YUZPcU88RVKrIz3HEtvLRuQ","direction":null} 
[2026-05-05 01:43:58] production.INFO: Unhandled voice event {"event_type":"conference.participant.joined"} 
[2026-05-05 01:44:28] production.INFO: Telnyx voice webhook received {"event_type":"call.playback.ended","call_control_id":"v3:_xPTtIX13d19q9RezdamwB1x7gNaHW_YUZPcU88RVKrIz3HEtvLRuQ","direction":null} 
[2026-05-05 01:44:42] production.INFO: Telnyx voice webhook received {"event_type":"call.hangup","call_control_id":"v3:_xPTtIX13d19q9RezdamwB1x7gNaHW_YUZPcU88RVKrIz3HEtvLRuQ","direction":null} 
[2026-05-05 01:44:42] production.INFO: Call ended {"call_control_id":"v3:_xPTtIX13d19q9RezdamwB1x7gNaHW_YUZPcU88RVKrIz3HEtvLRuQ","status":"completed","hangup_cause":"normal_clearing","duration":57.387218999999995} 
[2026-05-05 01:44:42] production.INFO: Telnyx voice webhook received {"event_type":"conference.ended","call_control_id":"v3:_xPTtIX13d19q9RezdamwB1x7gNaHW_YUZPcU88RVKrIz3HEtvLRuQ","direction":null} 
[2026-05-05 01:44:42] production.INFO: Unhandled voice event {"event_type":"conference.ended"} 
[2026-05-05 01:44:42] production.INFO: Telnyx voice webhook received {"event_type":"conference.participant.left","call_control_id":"v3:_xPTtIX13d19q9RezdamwB1x7gNaHW_YUZPcU88RVKrIz3HEtvLRuQ","direction":null} 
[2026-05-05 01:44:42] production.INFO: Unhandled voice event {"event_type":"conference.participant.left"} 
[2026-05-05 01:44:44] production.INFO: Telnyx voice webhook received {"event_type":"call.initiated","call_control_id":"v3:FMiA1fgMPds9eQxLqK-CxzZdW8h335DuwSnFhzbWJvgps1hTzE0PCQ","direction":"incoming"} 
[2026-05-05 01:44:44] production.INFO: Incoming call - answering {"call_control_id":"v3:FMiA1fgMPds9eQxLqK-CxzZdW8h335DuwSnFhzbWJvgps1hTzE0PCQ","from":"+18472123894","to":"+12247354200","caller_user_id":null,"caller_name":"GRZEGORZ SZADY"} 
[2026-05-05 01:44:44] production.INFO: Call command sent: answer {"call_control_id":"v3:FMiA1fgMPds9eQxLqK-CxzZdW8h335DuwSnFhzbWJvgps1hTzE0PCQ","result":"ok"} 
[2026-05-05 01:44:44] production.INFO: Telnyx voice webhook received {"event_type":"call.answered","call_control_id":"v3:FMiA1fgMPds9eQxLqK-CxzZdW8h335DuwSnFhzbWJvgps1hTzE0PCQ","direction":null} 
[2026-05-05 01:44:44] production.INFO: Playing welcome TTS and dialing admins simultaneously {"call_control_id":"v3:FMiA1fgMPds9eQxLqK-CxzZdW8h335DuwSnFhzbWJvgps1hTzE0PCQ","tts":"Good evening! Thanks for calling GS Construction. One moment while we connect you to the GS Crew.","is_known_caller":false} 
[2026-05-05 01:44:45] production.INFO: Call command sent: speak {"call_control_id":"v3:FMiA1fgMPds9eQxLqK-CxzZdW8h335DuwSnFhzbWJvgps1hTzE0PCQ","result":"ok"} 
[2026-05-05 01:44:45] production.INFO: Telnyx voice webhook received {"event_type":"call.speak.started","call_control_id":"v3:FMiA1fgMPds9eQxLqK-CxzZdW8h335DuwSnFhzbWJvgps1hTzE0PCQ","direction":null} 
[2026-05-05 01:44:45] production.INFO: TTS speak started {"call_control_id":"v3:FMiA1fgMPds9eQxLqK-CxzZdW8h335DuwSnFhzbWJvgps1hTzE0PCQ"} 
[2026-05-05 01:44:45] production.INFO: Dialed admin {"admin_user_id":1,"admin_name":"Patryk Szady","phone":"+12249993880","admin_call_control_id":"v3:L69n7BMiM6IUcwdLLsczYbqj5UQe4s6tkGvdO9cseo4u3O8hrJvw8g"} 
[2026-05-05 01:44:45] production.INFO: Telnyx voice webhook received {"event_type":"call.initiated","call_control_id":"v3:L69n7BMiM6IUcwdLLsczYbqj5UQe4s6tkGvdO9cseo4u3O8hrJvw8g","direction":"outgoing"} 
[2026-05-05 01:44:45] production.INFO: Outbound call initiated {"call_control_id":"v3:L69n7BMiM6IUcwdLLsczYbqj5UQe4s6tkGvdO9cseo4u3O8hrJvw8g","to":"+12249993880"} 
[2026-05-05 01:44:45] production.DEBUG: Push notification delivered {"endpoint":"https://web.push.apple.com/QDkJcfxcMRPW4uLNUaYZ21nDUMJHCJ-cyja1FMQcNEv6qKbL-ec_s…","status":201} 
[2026-05-05 01:44:45] production.DEBUG: Push notification delivered {"endpoint":"https://fcm.googleapis.com/fcm/send/cYR-NIq4nms:APA91bEppjWa7ZIrYxviNuWljHyZ7qnu…","status":201} 
[2026-05-05 01:44:45] production.DEBUG: Push notification delivered {"endpoint":"https://wns2-by3p.notify.windows.com/w/?token=BQYAAACU%2bKDb9Gyej4KtbEbQJBisasbB…","status":201,"wns_status":"received","wns_msg_id":"6F2B6ACB313EB1FE","wns_debug":"BY3PEPF0001AB1D","content_encoding":"aes128gcm","response_body":""} 
[2026-05-05 01:44:46] production.DEBUG: Push notification delivered {"endpoint":"https://web.push.apple.com/QDkJcfxcMRPW4uLNUaYZ21nDUMJHCJ-cyja1FMQcNEv6qKbL-ec_s…","status":201} 
[2026-05-05 01:44:46] production.DEBUG: Push notification delivered {"endpoint":"https://fcm.googleapis.com/fcm/send/cYR-NIq4nms:APA91bEppjWa7ZIrYxviNuWljHyZ7qnu…","status":201} 
[2026-05-05 01:44:46] production.DEBUG: Push notification delivered {"endpoint":"https://wns2-by3p.notify.windows.com/w/?token=BQYAAACU%2bKDb9Gyej4KtbEbQJBisasbB…","status":201,"wns_status":"received","wns_msg_id":"1A3B6477616D017F","wns_debug":"BY3PEPF00028D1B","content_encoding":"aes128gcm","response_body":""} 
[2026-05-05 01:44:52] production.INFO: Telnyx voice webhook received {"event_type":"call.speak.ended","call_control_id":"v3:FMiA1fgMPds9eQxLqK-CxzZdW8h335DuwSnFhzbWJvgps1hTzE0PCQ","direction":null} 
[2026-05-05 01:44:52] production.INFO: handleCallSpeakEnded ENTRY {"call_control_id":"v3:FMiA1fgMPds9eQxLqK-CxzZdW8h335DuwSnFhzbWJvgps1hTzE0PCQ","action":"welcome_done","client_state":{"action":"welcome_done","call_log_id":916,"original_caller":"+18472123894"},"client_state_raw_present":true} 
[2026-05-05 01:44:52] production.INFO: TTS completed — no admin answered yet, playing ringback {"call_control_id":"v3:FMiA1fgMPds9eQxLqK-CxzZdW8h335DuwSnFhzbWJvgps1hTzE0PCQ","call_log_id":916} 
[2026-05-05 01:44:52] production.INFO: Call command sent: playback_start {"call_control_id":"v3:FMiA1fgMPds9eQxLqK-CxzZdW8h335DuwSnFhzbWJvgps1hTzE0PCQ","result":"ok"} 
[2026-05-05 01:44:52] production.INFO: Telnyx voice webhook received {"event_type":"call.playback.started","call_control_id":"v3:FMiA1fgMPds9eQxLqK-CxzZdW8h335DuwSnFhzbWJvgps1hTzE0PCQ","direction":null} 
[2026-05-05 01:44:52] production.INFO: Unhandled voice event {"event_type":"call.playback.started"} 
[2026-05-05 01:45:00] production.INFO: Telnyx voice webhook received {"event_type":"call.hangup","call_control_id":"v3:L69n7BMiM6IUcwdLLsczYbqj5UQe4s6tkGvdO9cseo4u3O8hrJvw8g","direction":null} 
[2026-05-05 01:45:00] production.INFO: Admin ring leg hung up {"admin_call_control_id":"v3:L69n7BMiM6IUcwdLLsczYbqj5UQe4s6tkGvdO9cseo4u3O8hrJvw8g","hangup_cause":"timeout","call_log_id":916,"incoming_call_control_id":"v3:FMiA1fgMPds9eQxLqK-CxzZdW8h335DuwSnFhzbWJvgps1hTzE0PCQ"} 
[2026-05-05 01:45:00] production.INFO: Admin removed from pending list {"removed_id":"v3:L69n7BMiM6IUcwdLLsczYbqj5UQe4s6tkGvdO9cseo4u3O8hrJvw8g","was_in_list":true,"remaining_count":0,"call_log_id":916} 
[2026-05-05 01:45:00] production.INFO: All admin legs failed — triggering voicemail {"incoming_call_control_id":"v3:FMiA1fgMPds9eQxLqK-CxzZdW8h335DuwSnFhzbWJvgps1hTzE0PCQ","call_log_id":916} 
[2026-05-05 01:45:00] production.INFO: Call command sent: playback_stop {"call_control_id":"v3:FMiA1fgMPds9eQxLqK-CxzZdW8h335DuwSnFhzbWJvgps1hTzE0PCQ","result":"ok"} 
[2026-05-05 01:45:00] production.INFO: Playing voicemail IVR menu {"call_control_id":"v3:FMiA1fgMPds9eQxLqK-CxzZdW8h335DuwSnFhzbWJvgps1hTzE0PCQ","call_log_id":916,"ivr_prompt":"GS Construction is not available right now. Press 2 to send a text on your behalf so the GS Crew knows to call you back ASAP. Stay on the line to leave a voicemail.","is_known_caller":false} 
[2026-05-05 01:45:01] production.INFO: Telnyx voice webhook received {"event_type":"call.playback.ended","call_control_id":"v3:FMiA1fgMPds9eQxLqK-CxzZdW8h335DuwSnFhzbWJvgps1hTzE0PCQ","direction":null} 
[2026-05-05 01:45:01] production.INFO: Call command sent: gather_using_speak {"call_control_id":"v3:FMiA1fgMPds9eQxLqK-CxzZdW8h335DuwSnFhzbWJvgps1hTzE0PCQ","result":"ok"} 
[2026-05-05 01:45:01] production.INFO: Telnyx voice webhook received {"event_type":"call.speak.started","call_control_id":"v3:FMiA1fgMPds9eQxLqK-CxzZdW8h335DuwSnFhzbWJvgps1hTzE0PCQ","direction":null} 
[2026-05-05 01:45:01] production.INFO: TTS speak started {"call_control_id":"v3:FMiA1fgMPds9eQxLqK-CxzZdW8h335DuwSnFhzbWJvgps1hTzE0PCQ"} 
[2026-05-05 01:45:08] production.INFO: Telnyx voice webhook received {"event_type":"call.speak.ended","call_control_id":"v3:FMiA1fgMPds9eQxLqK-CxzZdW8h335DuwSnFhzbWJvgps1hTzE0PCQ","direction":null} 
[2026-05-05 01:45:08] production.INFO: handleCallSpeakEnded ENTRY {"call_control_id":"v3:FMiA1fgMPds9eQxLqK-CxzZdW8h335DuwSnFhzbWJvgps1hTzE0PCQ","action":"voicemail_ivr_menu","client_state":{"action":"voicemail_ivr_menu","call_log_id":916,"original_caller":"+18472123894","is_known_caller":false,"retry_count":0},"client_state_raw_present":true} 
[2026-05-05 01:45:16] production.INFO: Telnyx voice webhook received {"event_type":"call.gather.ended","call_control_id":"v3:FMiA1fgMPds9eQxLqK-CxzZdW8h335DuwSnFhzbWJvgps1hTzE0PCQ","direction":null} 
[2026-05-05 01:45:16] production.INFO: IVR gather ended {"call_control_id":"v3:FMiA1fgMPds9eQxLqK-CxzZdW8h335DuwSnFhzbWJvgps1hTzE0PCQ","digits":"","call_log_id":916} 
[2026-05-05 01:45:16] production.INFO: IVR: no digit pressed — playing voicemail greeting {"call_control_id":"v3:FMiA1fgMPds9eQxLqK-CxzZdW8h335DuwSnFhzbWJvgps1hTzE0PCQ","call_log_id":916} 
[2026-05-05 01:45:16] production.INFO: Call command sent: speak {"call_control_id":"v3:FMiA1fgMPds9eQxLqK-CxzZdW8h335DuwSnFhzbWJvgps1hTzE0PCQ","result":"ok"} 
[2026-05-05 01:45:16] production.INFO: Telnyx voice webhook received {"event_type":"call.speak.started","call_control_id":"v3:FMiA1fgMPds9eQxLqK-CxzZdW8h335DuwSnFhzbWJvgps1hTzE0PCQ","direction":null} 
[2026-05-05 01:45:16] production.INFO: TTS speak started {"call_control_id":"v3:FMiA1fgMPds9eQxLqK-CxzZdW8h335DuwSnFhzbWJvgps1hTzE0PCQ"} 
[2026-05-05 01:45:20] production.INFO: Telnyx voice webhook received {"event_type":"call.speak.ended","call_control_id":"v3:FMiA1fgMPds9eQxLqK-CxzZdW8h335DuwSnFhzbWJvgps1hTzE0PCQ","direction":null} 
[2026-05-05 01:45:20] production.INFO: handleCallSpeakEnded ENTRY {"call_control_id":"v3:FMiA1fgMPds9eQxLqK-CxzZdW8h335DuwSnFhzbWJvgps1hTzE0PCQ","action":"voicemail_prompt_done","client_state":{"action":"voicemail_prompt_done","call_log_id":916},"client_state_raw_present":true} 
[2026-05-05 01:45:20] production.INFO: Voicemail prompt done — starting recording {"call_control_id":"v3:FMiA1fgMPds9eQxLqK-CxzZdW8h335DuwSnFhzbWJvgps1hTzE0PCQ"} 
[2026-05-05 01:45:21] production.INFO: Call command sent: record_start {"call_control_id":"v3:FMiA1fgMPds9eQxLqK-CxzZdW8h335DuwSnFhzbWJvgps1hTzE0PCQ","result":"ok"} 
[2026-05-05 01:45:26] production.INFO: Telnyx voice webhook received {"event_type":"call.initiated","call_control_id":"v3:ZhX8A0p7G84gn_FjPNiy_0UiOvCyuOfsY-4Oi0fhMgHfivCbhvbxVw","direction":"incoming"} 
[2026-05-05 01:45:27] production.INFO: Telnyx voice webhook received {"event_type":"call.hangup","call_control_id":"v3:ZhX8A0p7G84gn_FjPNiy_0UiOvCyuOfsY-4Oi0fhMgHfivCbhvbxVw","direction":null} 
[2026-05-05 01:45:27] production.INFO: Incoming call - answering {"call_control_id":"v3:ZhX8A0p7G84gn_FjPNiy_0UiOvCyuOfsY-4Oi0fhMgHfivCbhvbxVw","from":"+12249993880","to":"+12247354200","caller_user_id":1,"caller_name":"Patryk Szady"} 
[2026-05-05 01:45:27] production.ERROR: Call command failed: answer {"call_control_id":"v3:ZhX8A0p7G84gn_FjPNiy_0UiOvCyuOfsY-4Oi0fhMgHfivCbhvbxVw","status":422,"error":{"errors":[{"code":"90018","title":"Call has already ended","detail":"This call is no longer active and can't receive commands."}]}} 
[2026-05-05 01:45:28] production.INFO: Telnyx voice webhook received {"event_type":"call.hangup","call_control_id":"v3:FMiA1fgMPds9eQxLqK-CxzZdW8h335DuwSnFhzbWJvgps1hTzE0PCQ","direction":null} 
[2026-05-05 01:45:28] production.INFO: Voicemail call ended {"call_control_id":"v3:FMiA1fgMPds9eQxLqK-CxzZdW8h335DuwSnFhzbWJvgps1hTzE0PCQ","call_log_id":916} 
[2026-05-05 01:45:28] production.DEBUG: Push notification delivered {"endpoint":"https://web.push.apple.com/QDkJcfxcMRPW4uLNUaYZ21nDUMJHCJ-cyja1FMQcNEv6qKbL-ec_s…","status":201} 
[2026-05-05 01:45:28] production.DEBUG: Push notification delivered {"endpoint":"https://fcm.googleapis.com/fcm/send/cYR-NIq4nms:APA91bEppjWa7ZIrYxviNuWljHyZ7qnu…","status":201} 
[2026-05-05 01:45:28] production.DEBUG: Push notification delivered {"endpoint":"https://wns2-by3p.notify.windows.com/w/?token=BQYAAACU%2bKDb9Gyej4KtbEbQJBisasbB…","status":201,"wns_status":"received","wns_msg_id":"5BF4F8AF2CC505D0","wns_debug":"BY3PEPF000197D9","content_encoding":"aes128gcm","response_body":""} 
[2026-05-05 01:45:29] production.DEBUG: Push notification delivered {"endpoint":"https://web.push.apple.com/QDkJcfxcMRPW4uLNUaYZ21nDUMJHCJ-cyja1FMQcNEv6qKbL-ec_s…","status":201} 
[2026-05-05 01:45:29] production.DEBUG: Push notification delivered {"endpoint":"https://fcm.googleapis.com/fcm/send/cYR-NIq4nms:APA91bEppjWa7ZIrYxviNuWljHyZ7qnu…","status":201} 
[2026-05-05 01:45:29] production.DEBUG: Push notification delivered {"endpoint":"https://wns2-by3p.notify.windows.com/w/?token=BQYAAACU%2bKDb9Gyej4KtbEbQJBisasbB…","status":201,"wns_status":"received","wns_msg_id":"21510B043B3EF12","wns_debug":"BY3PEPF0000E9BD","content_encoding":"aes128gcm","response_body":""} 
[2026-05-05 01:45:29] production.INFO: Telnyx voice webhook received {"event_type":"call.recording.saved","call_control_id":"v3:FMiA1fgMPds9eQxLqK-CxzZdW8h335DuwSnFhzbWJvgps1hTzE0PCQ","direction":null} 
[2026-05-05 01:45:29] production.INFO: Call recording saved {"call_control_id":"v3:FMiA1fgMPds9eQxLqK-CxzZdW8h335DuwSnFhzbWJvgps1hTzE0PCQ","recording_urls":{"mp3":"https://s3.amazonaws.com/telephony-recorder-prod/49566db4-02e9-44ab-813f-f71a0c0b49d7/2026-05-05/fda27662-4823-11f1-bffb-02420aef3520-1777945521097829.mp3?X-Amz-Algorithm=AWS4-HMAC-SHA256&X-Amz-Credential=AKIASDC5E2MJDPKMH7UW%2F20260505%2Fus-east-1%2Fs3%2Faws4_request&X-Amz-Date=20260505T014529Z&X-Amz-Expires=600&X-Amz-SignedHeaders=host&X-Amz-Signature=6d41f82f2b5055b8e360c0bab871070acf4cd75632c0e26c74d72c442aba609c"},"is_voicemail":true} 
[2026-05-05 01:45:30] production.INFO: Call recording stored locally {"call_log_id":916,"path":"call-recordings/2026/05/780258a6-aa3a-40b9-aba4-d8976f8ec0bb.mp3"} 
[2026-05-05 01:45:36] production.INFO: Telnyx voice webhook received {"event_type":"call.initiated","call_control_id":"v3:SbYFGUdymE-lYquxDlfr2ev-zxr0FwOKgG1OFDYpc6BJEfxbjbaoiQ","direction":"outgoing"} 
[2026-05-05 01:45:36] production.INFO: Outbound call initiated {"call_control_id":"v3:SbYFGUdymE-lYquxDlfr2ev-zxr0FwOKgG1OFDYpc6BJEfxbjbaoiQ","to":"+12249993880"} 
[2026-05-05 01:45:36] production.INFO: Click-to-call initiated from Calls tab {"call_log_id":918,"user_phone":"+12249993880","target_phone":"+18472123894"} 
[2026-05-05 01:45:42] production.INFO: Telnyx voice webhook received {"event_type":"call.answered","call_control_id":"v3:SbYFGUdymE-lYquxDlfr2ev-zxr0FwOKgG1OFDYpc6BJEfxbjbaoiQ","direction":null} 
[2026-05-05 01:45:42] production.INFO: Click-to-call: user answered → playing ringback and dialing target {"call_control_id":"v3:SbYFGUdymE-lYquxDlfr2ev-zxr0FwOKgG1OFDYpc6BJEfxbjbaoiQ","target_phone":"+18472123894","call_log_id":918} 
[2026-05-05 01:45:42] production.INFO: Call command sent: playback_start {"call_control_id":"v3:SbYFGUdymE-lYquxDlfr2ev-zxr0FwOKgG1OFDYpc6BJEfxbjbaoiQ","result":"ok"} 
[2026-05-05 01:45:42] production.INFO: Telnyx voice webhook received {"event_type":"call.playback.started","call_control_id":"v3:SbYFGUdymE-lYquxDlfr2ev-zxr0FwOKgG1OFDYpc6BJEfxbjbaoiQ","direction":null} 
[2026-05-05 01:45:42] production.INFO: Unhandled voice event {"event_type":"call.playback.started"} 
[2026-05-05 01:45:43] production.INFO: Click-to-call: target dialed {"target_phone":"+18472123894","target_call_control_id":"v3:nhpky2qGCA47yvXF8LyEeAan2vkaYIV0YlUY4Poh-qnKWRV-JOyNww"} 
[2026-05-05 01:45:43] production.INFO: Telnyx voice webhook received {"event_type":"call.initiated","call_control_id":"v3:nhpky2qGCA47yvXF8LyEeAan2vkaYIV0YlUY4Poh-qnKWRV-JOyNww","direction":"outgoing"} 
[2026-05-05 01:45:43] production.INFO: Outbound call initiated {"call_control_id":"v3:nhpky2qGCA47yvXF8LyEeAan2vkaYIV0YlUY4Poh-qnKWRV-JOyNww","to":"+18472123894"} 
[2026-05-05 01:45:45] production.INFO: Telnyx voice webhook received {"event_type":"call.answered","call_control_id":"v3:nhpky2qGCA47yvXF8LyEeAan2vkaYIV0YlUY4Poh-qnKWRV-JOyNww","direction":null} 
[2026-05-05 01:45:45] production.INFO: Click-to-call: target answered — bridging immediately {"target_call_control_id":"v3:nhpky2qGCA47yvXF8LyEeAan2vkaYIV0YlUY4Poh-qnKWRV-JOyNww","user_call_control_id":"v3:SbYFGUdymE-lYquxDlfr2ev-zxr0FwOKgG1OFDYpc6BJEfxbjbaoiQ","call_log_id":918} 
[2026-05-05 01:45:46] production.INFO: Calls bridged successfully {"call_control_id_a":"v3:nhpky2qGCA47yvXF8LyEeAan2vkaYIV0YlUY4Poh-qnKWRV-JOyNww","call_control_id_b":"v3:SbYFGUdymE-lYquxDlfr2ev-zxr0FwOKgG1OFDYpc6BJEfxbjbaoiQ"} 
[2026-05-05 01:45:46] production.INFO: Telnyx voice webhook received {"event_type":"call.playback.ended","call_control_id":"v3:SbYFGUdymE-lYquxDlfr2ev-zxr0FwOKgG1OFDYpc6BJEfxbjbaoiQ","direction":null} 
[2026-05-05 01:45:46] production.INFO: Telnyx voice webhook received {"event_type":"call.bridged","call_control_id":"v3:nhpky2qGCA47yvXF8LyEeAan2vkaYIV0YlUY4Poh-qnKWRV-JOyNww","direction":null} 
[2026-05-05 01:45:46] production.INFO: Call bridged {"call_control_id":"v3:nhpky2qGCA47yvXF8LyEeAan2vkaYIV0YlUY4Poh-qnKWRV-JOyNww","call_session_id":"208aff96-4824-11f1-a8ec-02420aefe473"} 
[2026-05-05 01:45:46] production.INFO: Telnyx voice webhook received {"event_type":"call.bridged","call_control_id":"v3:SbYFGUdymE-lYquxDlfr2ev-zxr0FwOKgG1OFDYpc6BJEfxbjbaoiQ","direction":null} 
[2026-05-05 01:45:46] production.INFO: Call bridged {"call_control_id":"v3:SbYFGUdymE-lYquxDlfr2ev-zxr0FwOKgG1OFDYpc6BJEfxbjbaoiQ","call_session_id":"1ccdbeb6-4824-11f1-be47-02420aefe45a"} 
[2026-05-05 01:45:48] production.INFO: Telnyx voice webhook received {"event_type":"call.hangup","call_control_id":"v3:SbYFGUdymE-lYquxDlfr2ev-zxr0FwOKgG1OFDYpc6BJEfxbjbaoiQ","direction":null} 
[2026-05-05 01:45:48] production.INFO: Click-to-call user leg ended {"call_control_id":"v3:SbYFGUdymE-lYquxDlfr2ev-zxr0FwOKgG1OFDYpc6BJEfxbjbaoiQ","action":"click_to_call_waiting","status":"completed","call_log_id":918,"hangup_cause":"normal_clearing"} 
[2026-05-05 01:45:48] production.INFO: Telnyx voice webhook received {"event_type":"call.hangup","call_control_id":"v3:nhpky2qGCA47yvXF8LyEeAan2vkaYIV0YlUY4Poh-qnKWRV-JOyNww","direction":null} 
[2026-05-05 01:45:48] production.INFO: Click-to-call: target hung up after connected call {"call_control_id":"v3:nhpky2qGCA47yvXF8LyEeAan2vkaYIV0YlUY4Poh-qnKWRV-JOyNww","hangup_cause":"normal_clearing","call_log_id":918,"duration":6.889147} 
[2026-05-05 01:56:54] production.INFO: Telnyx webhook received {"event_type":"message.received","message_id":"32f48005-a6c7-4d46-bef9-c81dc162b05b"} 
[2026-05-05 01:56:54] production.INFO: Inbound SMS received {"id":"32f48005-a6c7-4d46-bef9-c81dc162b05b","from":"+12245351018","to":"+12247354200","all_to":["+12247354200","+18474204414"],"text":"Ty!","media_count":0,"type":"MMS"} 
[2026-05-05 01:56:55] production.DEBUG: Push notification delivered {"endpoint":"https://web.push.apple.com/QDkJcfxcMRPW4uLNUaYZ21nDUMJHCJ-cyja1FMQcNEv6qKbL-ec_s…","status":201} 
[2026-05-05 01:56:55] production.DEBUG: Push notification delivered {"endpoint":"https://fcm.googleapis.com/fcm/send/cYR-NIq4nms:APA91bEppjWa7ZIrYxviNuWljHyZ7qnu…","status":201} 
[2026-05-05 01:56:55] production.DEBUG: Push notification delivered {"endpoint":"https://wns2-by3p.notify.windows.com/w/?token=BQYAAACU%2bKDb9Gyej4KtbEbQJBisasbB…","status":201,"wns_status":"received","wns_msg_id":"7F5A7CBB7C422068","wns_debug":"BY3PEPF0000E98D","content_encoding":"aes128gcm","response_body":""} 
[2026-05-05 01:56:56] production.DEBUG: Push notification delivered {"endpoint":"https://wns2-ch1p.notify.windows.com/w/?token=BQYAAAAQe2hvIFkElPQKFh5BKOEEEpIVqW…","status":201,"wns_status":"received","wns_msg_id":"613E73082473A751","wns_debug":"CH1PEPF00006EEC","content_encoding":"aes128gcm","response_body":""} 
[2026-05-05 01:56:56] production.DEBUG: Push notification delivered {"endpoint":"https://web.push.apple.com/QJnqrnzJg9xule8bhPY8CE20AFCRYEqQblM8TaB0eTcRZ7HDySHVw…","status":201} 
[2026-05-05 02:13:06] production.INFO: Telnyx voice webhook received {"event_type":"call.initiated","call_control_id":"v3:FuTVE5MAaGwiCUmvOJBM7Pn0_cL-umJ4dlkxP9WY1cy8Rn6rypJr9g","direction":"incoming"} 
[2026-05-05 02:13:07] production.INFO: Incoming call - answering {"call_control_id":"v3:FuTVE5MAaGwiCUmvOJBM7Pn0_cL-umJ4dlkxP9WY1cy8Rn6rypJr9g","from":"+18472123894","to":"+12247354200","caller_user_id":null,"caller_name":"GRZEGORZ SZADY"} 
[2026-05-05 02:13:07] production.INFO: Call command sent: answer {"call_control_id":"v3:FuTVE5MAaGwiCUmvOJBM7Pn0_cL-umJ4dlkxP9WY1cy8Rn6rypJr9g","result":"ok"} 
[2026-05-05 02:13:07] production.INFO: Telnyx voice webhook received {"event_type":"call.answered","call_control_id":"v3:FuTVE5MAaGwiCUmvOJBM7Pn0_cL-umJ4dlkxP9WY1cy8Rn6rypJr9g","direction":null} 
[2026-05-05 02:13:07] production.INFO: Playing welcome TTS and dialing admins simultaneously {"call_control_id":"v3:FuTVE5MAaGwiCUmvOJBM7Pn0_cL-umJ4dlkxP9WY1cy8Rn6rypJr9g","tts":"<speak version=\"1.0\" xml:lang=\"en-US\">Good evening, thanks for calling GS Construction! One moment while we connect you to the GS Crew.<break time=\"400ms\"/></speak>","is_known_caller":false} 
[2026-05-05 02:13:07] production.INFO: Call command sent: speak {"call_control_id":"v3:FuTVE5MAaGwiCUmvOJBM7Pn0_cL-umJ4dlkxP9WY1cy8Rn6rypJr9g","result":"ok"} 
[2026-05-05 02:13:08] production.DEBUG: Push notification delivered {"endpoint":"https://web.push.apple.com/QDkJcfxcMRPW4uLNUaYZ21nDUMJHCJ-cyja1FMQcNEv6qKbL-ec_s…","status":201} 
[2026-05-05 02:13:08] production.DEBUG: Push notification delivered {"endpoint":"https://fcm.googleapis.com/fcm/send/cYR-NIq4nms:APA91bEppjWa7ZIrYxviNuWljHyZ7qnu…","status":201} 
[2026-05-05 02:13:08] production.DEBUG: Push notification delivered {"endpoint":"https://wns2-by3p.notify.windows.com/w/?token=BQYAAACU%2bKDb9Gyej4KtbEbQJBisasbB…","status":201,"wns_status":"received","wns_msg_id":"FFF26F95D97AC73","wns_debug":"BY3PEPF0001AB0F","content_encoding":"aes128gcm","response_body":""} 
[2026-05-05 02:13:08] production.INFO: Dialed admin {"admin_user_id":1,"admin_name":"Patryk Szady","phone":"+12249993880","admin_call_control_id":"v3:A64WF_AUVSD7vh_lMfj8ddxicdaDOT8X4y7w5sHTh5x1z0Oo9-Idkw"} 
[2026-05-05 02:13:08] production.INFO: Telnyx voice webhook received {"event_type":"call.initiated","call_control_id":"v3:A64WF_AUVSD7vh_lMfj8ddxicdaDOT8X4y7w5sHTh5x1z0Oo9-Idkw","direction":"outgoing"} 
[2026-05-05 02:13:08] production.INFO: Outbound call initiated {"call_control_id":"v3:A64WF_AUVSD7vh_lMfj8ddxicdaDOT8X4y7w5sHTh5x1z0Oo9-Idkw","to":"+12249993880"} 
[2026-05-05 02:13:08] production.DEBUG: Push notification delivered {"endpoint":"https://web.push.apple.com/QDkJcfxcMRPW4uLNUaYZ21nDUMJHCJ-cyja1FMQcNEv6qKbL-ec_s…","status":201} 
[2026-05-05 02:13:08] production.DEBUG: Push notification delivered {"endpoint":"https://fcm.googleapis.com/fcm/send/cYR-NIq4nms:APA91bEppjWa7ZIrYxviNuWljHyZ7qnu…","status":201} 
[2026-05-05 02:13:08] production.DEBUG: Push notification delivered {"endpoint":"https://wns2-by3p.notify.windows.com/w/?token=BQYAAACU%2bKDb9Gyej4KtbEbQJBisasbB…","status":201,"wns_status":"received","wns_msg_id":"4CDBD8B37D59B92C","wns_debug":"BY3PEPF0001959F","content_encoding":"aes128gcm","response_body":""} 
[2026-05-05 02:13:08] production.INFO: Telnyx voice webhook received {"event_type":"call.speak.started","call_control_id":"v3:FuTVE5MAaGwiCUmvOJBM7Pn0_cL-umJ4dlkxP9WY1cy8Rn6rypJr9g","direction":null} 
[2026-05-05 02:13:08] production.INFO: TTS speak started {"call_control_id":"v3:FuTVE5MAaGwiCUmvOJBM7Pn0_cL-umJ4dlkxP9WY1cy8Rn6rypJr9g"} 
[2026-05-05 02:13:11] production.INFO: Telnyx voice webhook received {"event_type":"call.answered","call_control_id":"v3:A64WF_AUVSD7vh_lMfj8ddxicdaDOT8X4y7w5sHTh5x1z0Oo9-Idkw","direction":null} 
[2026-05-05 02:13:11] production.INFO: Playing admin screening prompt {"admin_call_control_id":"v3:A64WF_AUVSD7vh_lMfj8ddxicdaDOT8X4y7w5sHTh5x1z0Oo9-Idkw","call_log_id":919,"admin_user_id":1,"is_late_answerer":false,"caller_label":"GRZEGORZ SZADY"} 
[2026-05-05 02:13:11] production.INFO: Call command sent: speak {"call_control_id":"v3:A64WF_AUVSD7vh_lMfj8ddxicdaDOT8X4y7w5sHTh5x1z0Oo9-Idkw","result":"ok"} 
[2026-05-05 02:13:12] production.INFO: Telnyx voice webhook received {"event_type":"call.speak.started","call_control_id":"v3:A64WF_AUVSD7vh_lMfj8ddxicdaDOT8X4y7w5sHTh5x1z0Oo9-Idkw","direction":null} 
[2026-05-05 02:13:12] production.INFO: TTS speak started {"call_control_id":"v3:A64WF_AUVSD7vh_lMfj8ddxicdaDOT8X4y7w5sHTh5x1z0Oo9-Idkw"} 
[2026-05-05 02:13:15] production.INFO: Telnyx voice webhook received {"event_type":"call.speak.ended","call_control_id":"v3:FuTVE5MAaGwiCUmvOJBM7Pn0_cL-umJ4dlkxP9WY1cy8Rn6rypJr9g","direction":null} 
[2026-05-05 02:13:15] production.INFO: handleCallSpeakEnded ENTRY {"call_control_id":"v3:FuTVE5MAaGwiCUmvOJBM7Pn0_cL-umJ4dlkxP9WY1cy8Rn6rypJr9g","action":"welcome_done","client_state":{"action":"welcome_done","call_log_id":919,"original_caller":"+18472123894"},"client_state_raw_present":true} 
[2026-05-05 02:13:15] production.INFO: TTS completed — no admin answered yet, playing ringback {"call_control_id":"v3:FuTVE5MAaGwiCUmvOJBM7Pn0_cL-umJ4dlkxP9WY1cy8Rn6rypJr9g","call_log_id":919} 
[2026-05-05 02:13:15] production.INFO: Call command sent: playback_start {"call_control_id":"v3:FuTVE5MAaGwiCUmvOJBM7Pn0_cL-umJ4dlkxP9WY1cy8Rn6rypJr9g","result":"ok"} 
[2026-05-05 02:13:16] production.INFO: Telnyx voice webhook received {"event_type":"call.playback.started","call_control_id":"v3:FuTVE5MAaGwiCUmvOJBM7Pn0_cL-umJ4dlkxP9WY1cy8Rn6rypJr9g","direction":null} 
[2026-05-05 02:13:16] production.INFO: Unhandled voice event {"event_type":"call.playback.started"} 
[2026-05-05 02:13:18] production.INFO: Telnyx voice webhook received {"event_type":"call.speak.ended","call_control_id":"v3:A64WF_AUVSD7vh_lMfj8ddxicdaDOT8X4y7w5sHTh5x1z0Oo9-Idkw","direction":null} 
[2026-05-05 02:13:18] production.INFO: handleCallSpeakEnded ENTRY {"call_control_id":"v3:A64WF_AUVSD7vh_lMfj8ddxicdaDOT8X4y7w5sHTh5x1z0Oo9-Idkw","action":"admin_screen_done","client_state":{"action":"admin_screen_done","call_log_id":919,"incoming_call_control_id":"v3:FuTVE5MAaGwiCUmvOJBM7Pn0_cL-umJ4dlkxP9WY1cy8Rn6rypJr9g","admin_user_id":1,"conference_id":null},"client_state_raw_present":true} 
[2026-05-05 02:13:18] production.INFO: First admin answered — bridging without prompt {"admin_call_control_id":"v3:A64WF_AUVSD7vh_lMfj8ddxicdaDOT8X4y7w5sHTh5x1z0Oo9-Idkw","incoming_call_control_id":"v3:FuTVE5MAaGwiCUmvOJBM7Pn0_cL-umJ4dlkxP9WY1cy8Rn6rypJr9g","call_log_id":919,"admin_user_id":1} 
[2026-05-05 02:13:18] production.INFO: Creating conference with caller as first participant {"call_log_id":919,"conference_name":"call_919_04a99d4e","incoming_call_control_id":"v3:FuTVE5MAaGwiCUmvOJBM7Pn0_cL-umJ4dlkxP9WY1cy8Rn6rypJr9g","admin_call_control_id":"v3:A64WF_AUVSD7vh_lMfj8ddxicdaDOT8X4y7w5sHTh5x1z0Oo9-Idkw","admin_user_id":1} 
[2026-05-05 02:13:18] production.INFO: Call command sent: playback_stop {"call_control_id":"v3:FuTVE5MAaGwiCUmvOJBM7Pn0_cL-umJ4dlkxP9WY1cy8Rn6rypJr9g","result":"ok"} 
[2026-05-05 02:13:18] production.INFO: Telnyx voice webhook received {"event_type":"call.playback.ended","call_control_id":"v3:FuTVE5MAaGwiCUmvOJBM7Pn0_cL-umJ4dlkxP9WY1cy8Rn6rypJr9g","direction":null} 
[2026-05-05 02:13:18] production.INFO: Call command sent: playback_start {"call_control_id":"v3:FuTVE5MAaGwiCUmvOJBM7Pn0_cL-umJ4dlkxP9WY1cy8Rn6rypJr9g","result":"ok"} 
[2026-05-05 02:13:18] production.INFO: Call command sent: playback_stop {"call_control_id":"v3:A64WF_AUVSD7vh_lMfj8ddxicdaDOT8X4y7w5sHTh5x1z0Oo9-Idkw","result":"ok"} 
[2026-05-05 02:13:19] production.INFO: Telnyx voice webhook received {"event_type":"call.playback.started","call_control_id":"v3:FuTVE5MAaGwiCUmvOJBM7Pn0_cL-umJ4dlkxP9WY1cy8Rn6rypJr9g","direction":null} 
[2026-05-05 02:13:19] production.INFO: Unhandled voice event {"event_type":"call.playback.started"} 
[2026-05-05 02:13:19] production.INFO: Conference created {"name":"call_919_04a99d4e","conference_id":"1ad988c4-8aa4-4f53-b872-8e4f49203862","beneficiary_call_control_id":"v3:FuTVE5MAaGwiCUmvOJBM7Pn0_cL-umJ4dlkxP9WY1cy8Rn6rypJr9g"} 
[2026-05-05 02:13:19] production.INFO: Telnyx voice webhook received {"event_type":"call.playback.ended","call_control_id":"v3:FuTVE5MAaGwiCUmvOJBM7Pn0_cL-umJ4dlkxP9WY1cy8Rn6rypJr9g","direction":null} 
[2026-05-05 02:13:19] production.INFO: Telnyx voice webhook received {"event_type":"conference.floor.changed","call_control_id":"v3:FuTVE5MAaGwiCUmvOJBM7Pn0_cL-umJ4dlkxP9WY1cy8Rn6rypJr9g","direction":null} 
[2026-05-05 02:13:19] production.INFO: Unhandled voice event {"event_type":"conference.floor.changed"} 
[2026-05-05 02:13:19] production.INFO: Joined conference {"conference_id":"1ad988c4-8aa4-4f53-b872-8e4f49203862","call_control_id":"v3:A64WF_AUVSD7vh_lMfj8ddxicdaDOT8X4y7w5sHTh5x1z0Oo9-Idkw"} 
[2026-05-05 02:13:19] production.INFO: Telnyx voice webhook received {"event_type":"conference.created","call_control_id":"v3:FuTVE5MAaGwiCUmvOJBM7Pn0_cL-umJ4dlkxP9WY1cy8Rn6rypJr9g","direction":null} 
[2026-05-05 02:13:19] production.INFO: Unhandled voice event {"event_type":"conference.created"} 
[2026-05-05 02:13:19] production.INFO: Telnyx voice webhook received {"event_type":"conference.participant.joined","call_control_id":"v3:FuTVE5MAaGwiCUmvOJBM7Pn0_cL-umJ4dlkxP9WY1cy8Rn6rypJr9g","direction":null} 
[2026-05-05 02:13:19] production.INFO: Unhandled voice event {"event_type":"conference.participant.joined"} 
[2026-05-05 02:13:20] production.INFO: Telnyx voice webhook received {"event_type":"conference.participant.joined","call_control_id":"v3:A64WF_AUVSD7vh_lMfj8ddxicdaDOT8X4y7w5sHTh5x1z0Oo9-Idkw","direction":null} 
[2026-05-05 02:13:20] production.INFO: Unhandled voice event {"event_type":"conference.participant.joined"} 
[2026-05-05 02:13:21] production.INFO: Telnyx voice webhook received {"event_type":"conference.floor.changed","call_control_id":"v3:A64WF_AUVSD7vh_lMfj8ddxicdaDOT8X4y7w5sHTh5x1z0Oo9-Idkw","direction":null} 
[2026-05-05 02:13:21] production.INFO: Unhandled voice event {"event_type":"conference.floor.changed"} 
[2026-05-05 02:13:22] production.INFO: Telnyx voice webhook received {"event_type":"call.hangup","call_control_id":"v3:FuTVE5MAaGwiCUmvOJBM7Pn0_cL-umJ4dlkxP9WY1cy8Rn6rypJr9g","direction":null} 
[2026-05-05 02:13:22] production.INFO: Call ended {"call_control_id":"v3:FuTVE5MAaGwiCUmvOJBM7Pn0_cL-umJ4dlkxP9WY1cy8Rn6rypJr9g","status":"completed","hangup_cause":"normal_clearing","duration":15.850062} 
[2026-05-05 02:13:22] production.INFO: Telnyx voice webhook received {"event_type":"conference.participant.left","call_control_id":"v3:FuTVE5MAaGwiCUmvOJBM7Pn0_cL-umJ4dlkxP9WY1cy8Rn6rypJr9g","direction":null} 
[2026-05-05 02:13:22] production.INFO: Unhandled voice event {"event_type":"conference.participant.left"} 
[2026-05-05 02:13:25] production.INFO: Telnyx voice webhook received {"event_type":"call.hangup","call_control_id":"v3:A64WF_AUVSD7vh_lMfj8ddxicdaDOT8X4y7w5sHTh5x1z0Oo9-Idkw","direction":null} 
[2026-05-05 02:13:26] production.INFO: Telnyx voice webhook received {"event_type":"conference.ended","call_control_id":"v3:A64WF_AUVSD7vh_lMfj8ddxicdaDOT8X4y7w5sHTh5x1z0Oo9-Idkw","direction":null} 
[2026-05-05 02:13:26] production.INFO: Unhandled voice event {"event_type":"conference.ended"} 
[2026-05-05 02:13:26] production.INFO: Telnyx voice webhook received {"event_type":"conference.participant.left","call_control_id":"v3:A64WF_AUVSD7vh_lMfj8ddxicdaDOT8X4y7w5sHTh5x1z0Oo9-Idkw","direction":null} 
[2026-05-05 02:13:26] production.INFO: Unhandled voice event {"event_type":"conference.participant.left"} 
[2026-05-05 02:13:27] production.INFO: Telnyx voice webhook received {"event_type":"call.initiated","call_control_id":"v3:EX2srY7gveqdgRjcigg_N4ao-vyWaKkUWwY-5PN6OFGOVe4ottXFhQ","direction":"incoming"} 
[2026-05-05 02:13:27] production.INFO: Incoming call - answering {"call_control_id":"v3:EX2srY7gveqdgRjcigg_N4ao-vyWaKkUWwY-5PN6OFGOVe4ottXFhQ","from":"+18472123894","to":"+12247354200","caller_user_id":null,"caller_name":"GRZEGORZ SZADY"} 
[2026-05-05 02:13:27] production.INFO: Call command sent: answer {"call_control_id":"v3:EX2srY7gveqdgRjcigg_N4ao-vyWaKkUWwY-5PN6OFGOVe4ottXFhQ","result":"ok"} 
[2026-05-05 02:13:28] production.INFO: Telnyx voice webhook received {"event_type":"call.answered","call_control_id":"v3:EX2srY7gveqdgRjcigg_N4ao-vyWaKkUWwY-5PN6OFGOVe4ottXFhQ","direction":null} 
[2026-05-05 02:13:28] production.INFO: Playing welcome TTS and dialing admins simultaneously {"call_control_id":"v3:EX2srY7gveqdgRjcigg_N4ao-vyWaKkUWwY-5PN6OFGOVe4ottXFhQ","tts":"<speak version=\"1.0\" xml:lang=\"en-US\">Good evening, thanks for calling GS Construction! One moment while we connect you to the GS Crew.<break time=\"400ms\"/></speak>","is_known_caller":false} 
[2026-05-05 02:13:28] production.INFO: Call command sent: speak {"call_control_id":"v3:EX2srY7gveqdgRjcigg_N4ao-vyWaKkUWwY-5PN6OFGOVe4ottXFhQ","result":"ok"} 
[2026-05-05 02:13:28] production.INFO: Dialed admin {"admin_user_id":1,"admin_name":"Patryk Szady","phone":"+12249993880","admin_call_control_id":"v3:sPfflI0eII-snyepFJlkxWIOdgMcumFuKcRoac8H3mJ2YdD10FyO0w"} 
[2026-05-05 02:13:28] production.INFO: Telnyx voice webhook received {"event_type":"call.initiated","call_control_id":"v3:sPfflI0eII-snyepFJlkxWIOdgMcumFuKcRoac8H3mJ2YdD10FyO0w","direction":"outgoing"} 
[2026-05-05 02:13:28] production.INFO: Outbound call initiated {"call_control_id":"v3:sPfflI0eII-snyepFJlkxWIOdgMcumFuKcRoac8H3mJ2YdD10FyO0w","to":"+12249993880"} 
[2026-05-05 02:13:29] production.INFO: Telnyx voice webhook received {"event_type":"call.speak.started","call_control_id":"v3:EX2srY7gveqdgRjcigg_N4ao-vyWaKkUWwY-5PN6OFGOVe4ottXFhQ","direction":null} 
[2026-05-05 02:13:29] production.INFO: TTS speak started {"call_control_id":"v3:EX2srY7gveqdgRjcigg_N4ao-vyWaKkUWwY-5PN6OFGOVe4ottXFhQ"} 
[2026-05-05 02:13:29] production.DEBUG: Push notification delivered {"endpoint":"https://web.push.apple.com/QDkJcfxcMRPW4uLNUaYZ21nDUMJHCJ-cyja1FMQcNEv6qKbL-ec_s…","status":201} 
[2026-05-05 02:13:29] production.DEBUG: Push notification delivered {"endpoint":"https://fcm.googleapis.com/fcm/send/cYR-NIq4nms:APA91bEppjWa7ZIrYxviNuWljHyZ7qnu…","status":201} 
[2026-05-05 02:13:29] production.DEBUG: Push notification delivered {"endpoint":"https://wns2-by3p.notify.windows.com/w/?token=BQYAAACU%2bKDb9Gyej4KtbEbQJBisasbB…","status":201,"wns_status":"received","wns_msg_id":"3F6E3A9F651EE517","wns_debug":"BY3PEPF0001AB0D","content_encoding":"aes128gcm","response_body":""} 
[2026-05-05 02:13:29] production.DEBUG: Push notification delivered {"endpoint":"https://web.push.apple.com/QDkJcfxcMRPW4uLNUaYZ21nDUMJHCJ-cyja1FMQcNEv6qKbL-ec_s…","status":201} 
[2026-05-05 02:13:29] production.DEBUG: Push notification delivered {"endpoint":"https://fcm.googleapis.com/fcm/send/cYR-NIq4nms:APA91bEppjWa7ZIrYxviNuWljHyZ7qnu…","status":201} 
[2026-05-05 02:13:29] production.DEBUG: Push notification delivered {"endpoint":"https://wns2-by3p.notify.windows.com/w/?token=BQYAAACU%2bKDb9Gyej4KtbEbQJBisasbB…","status":201,"wns_status":"received","wns_msg_id":"F3D6315757584E9","wns_debug":"BY3PEPF0000E996","content_encoding":"aes128gcm","response_body":""} 
[2026-05-05 02:13:31] production.INFO: Telnyx voice webhook received {"event_type":"call.answered","call_control_id":"v3:sPfflI0eII-snyepFJlkxWIOdgMcumFuKcRoac8H3mJ2YdD10FyO0w","direction":null} 
[2026-05-05 02:13:31] production.INFO: Playing admin screening prompt {"admin_call_control_id":"v3:sPfflI0eII-snyepFJlkxWIOdgMcumFuKcRoac8H3mJ2YdD10FyO0w","call_log_id":920,"admin_user_id":1,"is_late_answerer":false,"caller_label":"GRZEGORZ SZADY"} 
[2026-05-05 02:13:31] production.INFO: Call command sent: speak {"call_control_id":"v3:sPfflI0eII-snyepFJlkxWIOdgMcumFuKcRoac8H3mJ2YdD10FyO0w","result":"ok"} 
[2026-05-05 02:13:32] production.INFO: Telnyx voice webhook received {"event_type":"call.speak.started","call_control_id":"v3:sPfflI0eII-snyepFJlkxWIOdgMcumFuKcRoac8H3mJ2YdD10FyO0w","direction":null} 
[2026-05-05 02:13:32] production.INFO: TTS speak started {"call_control_id":"v3:sPfflI0eII-snyepFJlkxWIOdgMcumFuKcRoac8H3mJ2YdD10FyO0w"} 
[2026-05-05 02:13:36] production.INFO: Telnyx voice webhook received {"event_type":"call.speak.ended","call_control_id":"v3:EX2srY7gveqdgRjcigg_N4ao-vyWaKkUWwY-5PN6OFGOVe4ottXFhQ","direction":null} 
[2026-05-05 02:13:36] production.INFO: handleCallSpeakEnded ENTRY {"call_control_id":"v3:EX2srY7gveqdgRjcigg_N4ao-vyWaKkUWwY-5PN6OFGOVe4ottXFhQ","action":"welcome_done","client_state":{"action":"welcome_done","call_log_id":920,"original_caller":"+18472123894"},"client_state_raw_present":true} 
[2026-05-05 02:13:36] production.INFO: TTS completed — no admin answered yet, playing ringback {"call_control_id":"v3:EX2srY7gveqdgRjcigg_N4ao-vyWaKkUWwY-5PN6OFGOVe4ottXFhQ","call_log_id":920} 
[2026-05-05 02:13:36] production.INFO: Call command sent: playback_start {"call_control_id":"v3:EX2srY7gveqdgRjcigg_N4ao-vyWaKkUWwY-5PN6OFGOVe4ottXFhQ","result":"ok"} 
[2026-05-05 02:13:36] production.INFO: Telnyx voice webhook received {"event_type":"call.playback.started","call_control_id":"v3:EX2srY7gveqdgRjcigg_N4ao-vyWaKkUWwY-5PN6OFGOVe4ottXFhQ","direction":null} 
[2026-05-05 02:13:36] production.INFO: Unhandled voice event {"event_type":"call.playback.started"} 
[2026-05-05 02:13:37] production.INFO: Telnyx voice webhook received {"event_type":"call.hangup","call_control_id":"v3:sPfflI0eII-snyepFJlkxWIOdgMcumFuKcRoac8H3mJ2YdD10FyO0w","direction":null} 
[2026-05-05 02:13:37] production.INFO: Telnyx voice webhook received {"event_type":"call.speak.ended","call_control_id":"v3:sPfflI0eII-snyepFJlkxWIOdgMcumFuKcRoac8H3mJ2YdD10FyO0w","direction":null} 
[2026-05-05 02:13:37] production.INFO: handleCallSpeakEnded ENTRY {"call_control_id":"v3:sPfflI0eII-snyepFJlkxWIOdgMcumFuKcRoac8H3mJ2YdD10FyO0w","action":"admin_screen_done","client_state":{"action":"admin_screen_done","call_log_id":920,"incoming_call_control_id":"v3:EX2srY7gveqdgRjcigg_N4ao-vyWaKkUWwY-5PN6OFGOVe4ottXFhQ","admin_user_id":1,"conference_id":null},"client_state_raw_present":true} 
[2026-05-05 02:13:37] production.INFO: First admin answered — bridging without prompt {"admin_call_control_id":"v3:sPfflI0eII-snyepFJlkxWIOdgMcumFuKcRoac8H3mJ2YdD10FyO0w","incoming_call_control_id":"v3:EX2srY7gveqdgRjcigg_N4ao-vyWaKkUWwY-5PN6OFGOVe4ottXFhQ","call_log_id":920,"admin_user_id":1} 
[2026-05-05 02:13:37] production.INFO: Creating conference with caller as first participant {"call_log_id":920,"conference_name":"call_920_8c6fcdad","incoming_call_control_id":"v3:EX2srY7gveqdgRjcigg_N4ao-vyWaKkUWwY-5PN6OFGOVe4ottXFhQ","admin_call_control_id":"v3:sPfflI0eII-snyepFJlkxWIOdgMcumFuKcRoac8H3mJ2YdD10FyO0w","admin_user_id":1} 
[2026-05-05 02:13:37] production.INFO: Call command sent: playback_stop {"call_control_id":"v3:EX2srY7gveqdgRjcigg_N4ao-vyWaKkUWwY-5PN6OFGOVe4ottXFhQ","result":"ok"} 
[2026-05-05 02:13:37] production.ERROR: Call command failed: playback_stop {"call_control_id":"v3:sPfflI0eII-snyepFJlkxWIOdgMcumFuKcRoac8H3mJ2YdD10FyO0w","status":422,"error":{"errors":[{"code":"90018","title":"Call has already ended","detail":"This call is no longer active and can't receive commands."}]}} 
[2026-05-05 02:13:37] production.INFO: Telnyx voice webhook received {"event_type":"call.playback.ended","call_control_id":"v3:EX2srY7gveqdgRjcigg_N4ao-vyWaKkUWwY-5PN6OFGOVe4ottXFhQ","direction":null} 
[2026-05-05 02:13:37] production.INFO: Call command sent: playback_start {"call_control_id":"v3:EX2srY7gveqdgRjcigg_N4ao-vyWaKkUWwY-5PN6OFGOVe4ottXFhQ","result":"ok"} 
[2026-05-05 02:13:38] production.INFO: Telnyx voice webhook received {"event_type":"call.playback.started","call_control_id":"v3:EX2srY7gveqdgRjcigg_N4ao-vyWaKkUWwY-5PN6OFGOVe4ottXFhQ","direction":null} 
[2026-05-05 02:13:38] production.INFO: Unhandled voice event {"event_type":"call.playback.started"} 
[2026-05-05 02:13:38] production.INFO: Conference created {"name":"call_920_8c6fcdad","conference_id":"22bba25b-e600-46e1-ba46-cc7b22f082cf","beneficiary_call_control_id":"v3:EX2srY7gveqdgRjcigg_N4ao-vyWaKkUWwY-5PN6OFGOVe4ottXFhQ"} 
[2026-05-05 02:13:38] production.INFO: Telnyx voice webhook received {"event_type":"call.playback.ended","call_control_id":"v3:EX2srY7gveqdgRjcigg_N4ao-vyWaKkUWwY-5PN6OFGOVe4ottXFhQ","direction":null} 
[2026-05-05 02:13:38] production.ERROR: Conference join failed {"conference_id":"22bba25b-e600-46e1-ba46-cc7b22f082cf","call_control_id":"v3:sPfflI0eII-snyepFJlkxWIOdgMcumFuKcRoac8H3mJ2YdD10FyO0w","status":422,"error":{"errors":[{"code":"90018","title":"Call has already ended","detail":"This call is no longer active and can't receive commands."}]}} 
[2026-05-05 02:13:38] production.ERROR: Failed to join admin to fresh conference {"admin_call_control_id":"v3:sPfflI0eII-snyepFJlkxWIOdgMcumFuKcRoac8H3mJ2YdD10FyO0w","conference_id":"22bba25b-e600-46e1-ba46-cc7b22f082cf"} 
[2026-05-05 02:13:38] production.INFO: Telnyx voice webhook received {"event_type":"conference.floor.changed","call_control_id":"v3:EX2srY7gveqdgRjcigg_N4ao-vyWaKkUWwY-5PN6OFGOVe4ottXFhQ","direction":null} 
[2026-05-05 02:13:38] production.INFO: Unhandled voice event {"event_type":"conference.floor.changed"} 
[2026-05-05 02:13:38] production.ERROR: Call command failed: hangup {"call_control_id":"v3:sPfflI0eII-snyepFJlkxWIOdgMcumFuKcRoac8H3mJ2YdD10FyO0w","status":422,"error":{"errors":[{"code":"90018","title":"Call has already ended","detail":"This call is no longer active and can't receive commands."}]}} 
[2026-05-05 02:13:38] production.WARNING: Admin hung up before joining conference — no other admins ringing, triggering voicemail {"incoming_call_control_id":"v3:EX2srY7gveqdgRjcigg_N4ao-vyWaKkUWwY-5PN6OFGOVe4ottXFhQ","call_log_id":920} 
[2026-05-05 02:13:38] production.INFO: Telnyx voice webhook received {"event_type":"conference.created","call_control_id":"v3:EX2srY7gveqdgRjcigg_N4ao-vyWaKkUWwY-5PN6OFGOVe4ottXFhQ","direction":null} 
[2026-05-05 02:13:38] production.INFO: Unhandled voice event {"event_type":"conference.created"} 
[2026-05-05 02:13:38] production.INFO: Telnyx voice webhook received {"event_type":"conference.participant.joined","call_control_id":"v3:EX2srY7gveqdgRjcigg_N4ao-vyWaKkUWwY-5PN6OFGOVe4ottXFhQ","direction":null} 
[2026-05-05 02:13:38] production.INFO: Unhandled voice event {"event_type":"conference.participant.joined"} 
[2026-05-05 02:13:38] production.INFO: Call command sent: playback_stop {"call_control_id":"v3:EX2srY7gveqdgRjcigg_N4ao-vyWaKkUWwY-5PN6OFGOVe4ottXFhQ","result":"ok"} 
[2026-05-05 02:13:38] production.INFO: Playing voicemail IVR menu {"call_control_id":"v3:EX2srY7gveqdgRjcigg_N4ao-vyWaKkUWwY-5PN6OFGOVe4ottXFhQ","call_log_id":920,"ivr_prompt":"<speak version=\"1.0\" xml:lang=\"en-US\">GS Construction is not available right now. Press 2 to send a text on your behalf so the GS Crew knows to call you back ASAP or stay on the line to leave a voicemail.<break time=\"400ms\"/></speak>","is_known_caller":false} 
[2026-05-05 02:13:38] production.INFO: Call command sent: gather_using_speak {"call_control_id":"v3:EX2srY7gveqdgRjcigg_N4ao-vyWaKkUWwY-5PN6OFGOVe4ottXFhQ","result":"ok"} 
[2026-05-05 02:13:39] production.INFO: Telnyx voice webhook received {"event_type":"call.speak.started","call_control_id":"v3:EX2srY7gveqdgRjcigg_N4ao-vyWaKkUWwY-5PN6OFGOVe4ottXFhQ","direction":null} 
[2026-05-05 02:13:39] production.INFO: TTS speak started {"call_control_id":"v3:EX2srY7gveqdgRjcigg_N4ao-vyWaKkUWwY-5PN6OFGOVe4ottXFhQ"} 
[2026-05-05 02:13:51] production.INFO: Telnyx voice webhook received {"event_type":"call.speak.ended","call_control_id":"v3:EX2srY7gveqdgRjcigg_N4ao-vyWaKkUWwY-5PN6OFGOVe4ottXFhQ","direction":null} 
[2026-05-05 02:13:51] production.INFO: handleCallSpeakEnded ENTRY {"call_control_id":"v3:EX2srY7gveqdgRjcigg_N4ao-vyWaKkUWwY-5PN6OFGOVe4ottXFhQ","action":"voicemail_ivr_menu","client_state":{"action":"voicemail_ivr_menu","call_log_id":920,"original_caller":"+18472123894","is_known_caller":false,"retry_count":0},"client_state_raw_present":true} 
[2026-05-05 02:13:58] production.INFO: Telnyx voice webhook received {"event_type":"call.gather.ended","call_control_id":"v3:EX2srY7gveqdgRjcigg_N4ao-vyWaKkUWwY-5PN6OFGOVe4ottXFhQ","direction":null} 
[2026-05-05 02:13:58] production.INFO: IVR gather ended {"call_control_id":"v3:EX2srY7gveqdgRjcigg_N4ao-vyWaKkUWwY-5PN6OFGOVe4ottXFhQ","digits":"","call_log_id":920} 
[2026-05-05 02:13:58] production.INFO: IVR: no digit pressed — playing voicemail greeting {"call_control_id":"v3:EX2srY7gveqdgRjcigg_N4ao-vyWaKkUWwY-5PN6OFGOVe4ottXFhQ","call_log_id":920} 
[2026-05-05 02:13:58] production.INFO: Call command sent: speak {"call_control_id":"v3:EX2srY7gveqdgRjcigg_N4ao-vyWaKkUWwY-5PN6OFGOVe4ottXFhQ","result":"ok"} 
[2026-05-05 02:13:59] production.INFO: Telnyx voice webhook received {"event_type":"call.speak.started","call_control_id":"v3:EX2srY7gveqdgRjcigg_N4ao-vyWaKkUWwY-5PN6OFGOVe4ottXFhQ","direction":null} 
[2026-05-05 02:13:59] production.INFO: TTS speak started {"call_control_id":"v3:EX2srY7gveqdgRjcigg_N4ao-vyWaKkUWwY-5PN6OFGOVe4ottXFhQ"} 
[2026-05-05 02:14:03] production.INFO: Telnyx voice webhook received {"event_type":"call.speak.ended","call_control_id":"v3:EX2srY7gveqdgRjcigg_N4ao-vyWaKkUWwY-5PN6OFGOVe4ottXFhQ","direction":null} 
[2026-05-05 02:14:03] production.INFO: handleCallSpeakEnded ENTRY {"call_control_id":"v3:EX2srY7gveqdgRjcigg_N4ao-vyWaKkUWwY-5PN6OFGOVe4ottXFhQ","action":"voicemail_prompt_done","client_state":{"action":"voicemail_prompt_done","call_log_id":920},"client_state_raw_present":true} 
[2026-05-05 02:14:03] production.INFO: Voicemail prompt done — starting recording {"call_control_id":"v3:EX2srY7gveqdgRjcigg_N4ao-vyWaKkUWwY-5PN6OFGOVe4ottXFhQ"} 
[2026-05-05 02:14:04] production.INFO: Call command sent: record_start {"call_control_id":"v3:EX2srY7gveqdgRjcigg_N4ao-vyWaKkUWwY-5PN6OFGOVe4ottXFhQ","result":"ok"} 
[2026-05-05 02:14:04] production.INFO: Telnyx voice webhook received {"event_type":"call.hangup","call_control_id":"v3:EX2srY7gveqdgRjcigg_N4ao-vyWaKkUWwY-5PN6OFGOVe4ottXFhQ","direction":null} 
[2026-05-05 02:14:04] production.INFO: Voicemail call ended {"call_control_id":"v3:EX2srY7gveqdgRjcigg_N4ao-vyWaKkUWwY-5PN6OFGOVe4ottXFhQ","call_log_id":920} 
[2026-05-05 02:14:05] production.INFO: Telnyx voice webhook received {"event_type":"conference.participant.left","call_control_id":"v3:EX2srY7gveqdgRjcigg_N4ao-vyWaKkUWwY-5PN6OFGOVe4ottXFhQ","direction":null} 
[2026-05-05 02:14:05] production.INFO: Unhandled voice event {"event_type":"conference.participant.left"} 
[2026-05-05 02:14:05] production.INFO: Telnyx voice webhook received {"event_type":"conference.ended","call_control_id":"v3:EX2srY7gveqdgRjcigg_N4ao-vyWaKkUWwY-5PN6OFGOVe4ottXFhQ","direction":null} 
[2026-05-05 02:14:05] production.INFO: Unhandled voice event {"event_type":"conference.ended"} 
[2026-05-05 02:14:07] production.INFO: Telnyx voice webhook received {"event_type":"call.initiated","call_control_id":"v3:PSMlXZVeM75HuR7Ds4WU0wpoi7ZWA3AneUZ9rJgdVc73xTFoV8n4HA","direction":"incoming"} 
[2026-05-05 02:14:07] production.INFO: Incoming call - answering {"call_control_id":"v3:PSMlXZVeM75HuR7Ds4WU0wpoi7ZWA3AneUZ9rJgdVc73xTFoV8n4HA","from":"+18472123894","to":"+12247354200","caller_user_id":null,"caller_name":"GRZEGORZ SZADY"} 
[2026-05-05 02:14:08] production.INFO: Call command sent: answer {"call_control_id":"v3:PSMlXZVeM75HuR7Ds4WU0wpoi7ZWA3AneUZ9rJgdVc73xTFoV8n4HA","result":"ok"} 
[2026-05-05 02:14:08] production.INFO: Telnyx voice webhook received {"event_type":"call.answered","call_control_id":"v3:PSMlXZVeM75HuR7Ds4WU0wpoi7ZWA3AneUZ9rJgdVc73xTFoV8n4HA","direction":null} 
[2026-05-05 02:14:08] production.INFO: Playing welcome TTS and dialing admins simultaneously {"call_control_id":"v3:PSMlXZVeM75HuR7Ds4WU0wpoi7ZWA3AneUZ9rJgdVc73xTFoV8n4HA","tts":"<speak version=\"1.0\" xml:lang=\"en-US\">Good evening, thanks for calling GS Construction! One moment while we connect you to the GS Crew.<break time=\"400ms\"/></speak>","is_known_caller":false} 
[2026-05-05 02:14:08] production.INFO: Call command sent: speak {"call_control_id":"v3:PSMlXZVeM75HuR7Ds4WU0wpoi7ZWA3AneUZ9rJgdVc73xTFoV8n4HA","result":"ok"} 
[2026-05-05 02:14:08] production.INFO: Dialed admin {"admin_user_id":1,"admin_name":"Patryk Szady","phone":"+12249993880","admin_call_control_id":"v3:pz0AuOhMY-4_M3QrW09ZbLerKpAddG8p9M546CRC4TFWC_t-GmfQZQ"} 
[2026-05-05 02:14:08] production.INFO: Telnyx voice webhook received {"event_type":"call.initiated","call_control_id":"v3:pz0AuOhMY-4_M3QrW09ZbLerKpAddG8p9M546CRC4TFWC_t-GmfQZQ","direction":"outgoing"} 
[2026-05-05 02:14:08] production.INFO: Outbound call initiated {"call_control_id":"v3:pz0AuOhMY-4_M3QrW09ZbLerKpAddG8p9M546CRC4TFWC_t-GmfQZQ","to":"+12249993880"} 
[2026-05-05 02:14:09] production.INFO: Telnyx voice webhook received {"event_type":"call.speak.started","call_control_id":"v3:PSMlXZVeM75HuR7Ds4WU0wpoi7ZWA3AneUZ9rJgdVc73xTFoV8n4HA","direction":null} 
[2026-05-05 02:14:09] production.INFO: TTS speak started {"call_control_id":"v3:PSMlXZVeM75HuR7Ds4WU0wpoi7ZWA3AneUZ9rJgdVc73xTFoV8n4HA"} 
[2026-05-05 02:14:09] production.DEBUG: Push notification delivered {"endpoint":"https://web.push.apple.com/QDkJcfxcMRPW4uLNUaYZ21nDUMJHCJ-cyja1FMQcNEv6qKbL-ec_s…","status":201} 
[2026-05-05 02:14:09] production.DEBUG: Push notification delivered {"endpoint":"https://fcm.googleapis.com/fcm/send/cYR-NIq4nms:APA91bEppjWa7ZIrYxviNuWljHyZ7qnu…","status":201} 
[2026-05-05 02:14:09] production.DEBUG: Push notification delivered {"endpoint":"https://wns2-by3p.notify.windows.com/w/?token=BQYAAACU%2bKDb9Gyej4KtbEbQJBisasbB…","status":201,"wns_status":"received","wns_msg_id":"399C0848684220DB","wns_debug":"BY3PEPF0000E9BC","content_encoding":"aes128gcm","response_body":""} 
[2026-05-05 02:14:10] production.DEBUG: Push notification delivered {"endpoint":"https://web.push.apple.com/QDkJcfxcMRPW4uLNUaYZ21nDUMJHCJ-cyja1FMQcNEv6qKbL-ec_s…","status":201} 
[2026-05-05 02:14:10] production.DEBUG: Push notification delivered {"endpoint":"https://fcm.googleapis.com/fcm/send/cYR-NIq4nms:APA91bEppjWa7ZIrYxviNuWljHyZ7qnu…","status":201} 
[2026-05-05 02:14:10] production.DEBUG: Push notification delivered {"endpoint":"https://wns2-by3p.notify.windows.com/w/?token=BQYAAACU%2bKDb9Gyej4KtbEbQJBisasbB…","status":201,"wns_status":"received","wns_msg_id":"1134F38566A93515","wns_debug":"BY3PEPF0001AAEC","content_encoding":"aes128gcm","response_body":""} 
[2026-05-05 02:14:11] production.INFO: Telnyx voice webhook received {"event_type":"call.answered","call_control_id":"v3:pz0AuOhMY-4_M3QrW09ZbLerKpAddG8p9M546CRC4TFWC_t-GmfQZQ","direction":null} 
[2026-05-05 02:14:11] production.INFO: Playing admin screening prompt {"admin_call_control_id":"v3:pz0AuOhMY-4_M3QrW09ZbLerKpAddG8p9M546CRC4TFWC_t-GmfQZQ","call_log_id":921,"admin_user_id":1,"is_late_answerer":false,"caller_label":"GRZEGORZ SZADY"} 
[2026-05-05 02:14:11] production.INFO: Call command sent: speak {"call_control_id":"v3:pz0AuOhMY-4_M3QrW09ZbLerKpAddG8p9M546CRC4TFWC_t-GmfQZQ","result":"ok"} 
[2026-05-05 02:14:12] production.INFO: Telnyx voice webhook received {"event_type":"call.speak.started","call_control_id":"v3:pz0AuOhMY-4_M3QrW09ZbLerKpAddG8p9M546CRC4TFWC_t-GmfQZQ","direction":null} 
[2026-05-05 02:14:12] production.INFO: TTS speak started {"call_control_id":"v3:pz0AuOhMY-4_M3QrW09ZbLerKpAddG8p9M546CRC4TFWC_t-GmfQZQ"} 
[2026-05-05 02:14:15] production.INFO: Telnyx voice webhook received {"event_type":"call.speak.ended","call_control_id":"v3:PSMlXZVeM75HuR7Ds4WU0wpoi7ZWA3AneUZ9rJgdVc73xTFoV8n4HA","direction":null} 
[2026-05-05 02:14:15] production.INFO: handleCallSpeakEnded ENTRY {"call_control_id":"v3:PSMlXZVeM75HuR7Ds4WU0wpoi7ZWA3AneUZ9rJgdVc73xTFoV8n4HA","action":"welcome_done","client_state":{"action":"welcome_done","call_log_id":921,"original_caller":"+18472123894"},"client_state_raw_present":true} 
[2026-05-05 02:14:15] production.INFO: TTS completed — no admin answered yet, playing ringback {"call_control_id":"v3:PSMlXZVeM75HuR7Ds4WU0wpoi7ZWA3AneUZ9rJgdVc73xTFoV8n4HA","call_log_id":921} 
[2026-05-05 02:14:16] production.INFO: Call command sent: playback_start {"call_control_id":"v3:PSMlXZVeM75HuR7Ds4WU0wpoi7ZWA3AneUZ9rJgdVc73xTFoV8n4HA","result":"ok"} 
[2026-05-05 02:14:16] production.INFO: Telnyx voice webhook received {"event_type":"call.playback.started","call_control_id":"v3:PSMlXZVeM75HuR7Ds4WU0wpoi7ZWA3AneUZ9rJgdVc73xTFoV8n4HA","direction":null} 
[2026-05-05 02:14:16] production.INFO: Unhandled voice event {"event_type":"call.playback.started"} 
[2026-05-05 02:14:17] production.INFO: Telnyx voice webhook received {"event_type":"call.speak.ended","call_control_id":"v3:pz0AuOhMY-4_M3QrW09ZbLerKpAddG8p9M546CRC4TFWC_t-GmfQZQ","direction":null} 
[2026-05-05 02:14:17] production.INFO: handleCallSpeakEnded ENTRY {"call_control_id":"v3:pz0AuOhMY-4_M3QrW09ZbLerKpAddG8p9M546CRC4TFWC_t-GmfQZQ","action":"admin_screen_done","client_state":{"action":"admin_screen_done","call_log_id":921,"incoming_call_control_id":"v3:PSMlXZVeM75HuR7Ds4WU0wpoi7ZWA3AneUZ9rJgdVc73xTFoV8n4HA","admin_user_id":1,"conference_id":null},"client_state_raw_present":true} 
[2026-05-05 02:14:17] production.INFO: First admin answered — bridging without prompt {"admin_call_control_id":"v3:pz0AuOhMY-4_M3QrW09ZbLerKpAddG8p9M546CRC4TFWC_t-GmfQZQ","incoming_call_control_id":"v3:PSMlXZVeM75HuR7Ds4WU0wpoi7ZWA3AneUZ9rJgdVc73xTFoV8n4HA","call_log_id":921,"admin_user_id":1} 
[2026-05-05 02:14:17] production.INFO: Creating conference with caller as first participant {"call_log_id":921,"conference_name":"call_921_0f75d9cb","incoming_call_control_id":"v3:PSMlXZVeM75HuR7Ds4WU0wpoi7ZWA3AneUZ9rJgdVc73xTFoV8n4HA","admin_call_control_id":"v3:pz0AuOhMY-4_M3QrW09ZbLerKpAddG8p9M546CRC4TFWC_t-GmfQZQ","admin_user_id":1} 
[2026-05-05 02:14:18] production.INFO: Call command sent: playback_stop {"call_control_id":"v3:PSMlXZVeM75HuR7Ds4WU0wpoi7ZWA3AneUZ9rJgdVc73xTFoV8n4HA","result":"ok"} 
[2026-05-05 02:14:18] production.INFO: Telnyx voice webhook received {"event_type":"call.playback.ended","call_control_id":"v3:PSMlXZVeM75HuR7Ds4WU0wpoi7ZWA3AneUZ9rJgdVc73xTFoV8n4HA","direction":null} 
[2026-05-05 02:14:18] production.INFO: Call command sent: playback_start {"call_control_id":"v3:PSMlXZVeM75HuR7Ds4WU0wpoi7ZWA3AneUZ9rJgdVc73xTFoV8n4HA","result":"ok"} 
[2026-05-05 02:14:18] production.INFO: Call command sent: playback_stop {"call_control_id":"v3:pz0AuOhMY-4_M3QrW09ZbLerKpAddG8p9M546CRC4TFWC_t-GmfQZQ","result":"ok"} 
[2026-05-05 02:14:18] production.INFO: Telnyx voice webhook received {"event_type":"call.playback.started","call_control_id":"v3:PSMlXZVeM75HuR7Ds4WU0wpoi7ZWA3AneUZ9rJgdVc73xTFoV8n4HA","direction":null} 
[2026-05-05 02:14:18] production.INFO: Unhandled voice event {"event_type":"call.playback.started"} 
[2026-05-05 02:14:18] production.INFO: Conference created {"name":"call_921_0f75d9cb","conference_id":"960da724-a49e-4259-948d-3256f662c880","beneficiary_call_control_id":"v3:PSMlXZVeM75HuR7Ds4WU0wpoi7ZWA3AneUZ9rJgdVc73xTFoV8n4HA"} 
[2026-05-05 02:14:19] production.INFO: Telnyx voice webhook received {"event_type":"call.playback.ended","call_control_id":"v3:PSMlXZVeM75HuR7Ds4WU0wpoi7ZWA3AneUZ9rJgdVc73xTFoV8n4HA","direction":null} 
[2026-05-05 02:14:19] production.INFO: Telnyx voice webhook received {"event_type":"conference.floor.changed","call_control_id":"v3:PSMlXZVeM75HuR7Ds4WU0wpoi7ZWA3AneUZ9rJgdVc73xTFoV8n4HA","direction":null} 
[2026-05-05 02:14:19] production.INFO: Unhandled voice event {"event_type":"conference.floor.changed"} 
[2026-05-05 02:14:19] production.INFO: Telnyx voice webhook received {"event_type":"conference.participant.joined","call_control_id":"v3:PSMlXZVeM75HuR7Ds4WU0wpoi7ZWA3AneUZ9rJgdVc73xTFoV8n4HA","direction":null} 
[2026-05-05 02:14:19] production.INFO: Unhandled voice event {"event_type":"conference.participant.joined"} 
[2026-05-05 02:14:19] production.INFO: Telnyx voice webhook received {"event_type":"conference.created","call_control_id":"v3:PSMlXZVeM75HuR7Ds4WU0wpoi7ZWA3AneUZ9rJgdVc73xTFoV8n4HA","direction":null} 
[2026-05-05 02:14:19] production.INFO: Unhandled voice event {"event_type":"conference.created"} 
[2026-05-05 02:14:19] production.INFO: Joined conference {"conference_id":"960da724-a49e-4259-948d-3256f662c880","call_control_id":"v3:pz0AuOhMY-4_M3QrW09ZbLerKpAddG8p9M546CRC4TFWC_t-GmfQZQ"} 
[2026-05-05 02:14:19] production.INFO: Telnyx voice webhook received {"event_type":"conference.participant.joined","call_control_id":"v3:pz0AuOhMY-4_M3QrW09ZbLerKpAddG8p9M546CRC4TFWC_t-GmfQZQ","direction":null} 
[2026-05-05 02:14:19] production.INFO: Unhandled voice event {"event_type":"conference.participant.joined"} 
[2026-05-05 02:14:21] production.INFO: Telnyx voice webhook received {"event_type":"conference.floor.changed","call_control_id":"v3:pz0AuOhMY-4_M3QrW09ZbLerKpAddG8p9M546CRC4TFWC_t-GmfQZQ","direction":null} 
[2026-05-05 02:14:21] production.INFO: Unhandled voice event {"event_type":"conference.floor.changed"} 
[2026-05-05 02:14:21] production.INFO: Telnyx voice webhook received {"event_type":"call.hangup","call_control_id":"v3:PSMlXZVeM75HuR7Ds4WU0wpoi7ZWA3AneUZ9rJgdVc73xTFoV8n4HA","direction":null} 
[2026-05-05 02:14:21] production.INFO: Call ended {"call_control_id":"v3:PSMlXZVeM75HuR7Ds4WU0wpoi7ZWA3AneUZ9rJgdVc73xTFoV8n4HA","status":"completed","hangup_cause":"normal_clearing","duration":13.589466} 
[2026-05-05 02:14:21] production.INFO: Telnyx voice webhook received {"event_type":"conference.participant.left","call_control_id":"v3:PSMlXZVeM75HuR7Ds4WU0wpoi7ZWA3AneUZ9rJgdVc73xTFoV8n4HA","direction":null} 
[2026-05-05 02:14:21] production.INFO: Unhandled voice event {"event_type":"conference.participant.left"} 
[2026-05-05 02:14:23] production.INFO: Telnyx voice webhook received {"event_type":"call.initiated","call_control_id":"v3:uKUDE0UUHEllRC7mp0SDrMPq_Lo864fsIPcH8-EwbkUu1jH9hyD8Yw","direction":"incoming"} 
[2026-05-05 02:14:23] production.INFO: Incoming call - answering {"call_control_id":"v3:uKUDE0UUHEllRC7mp0SDrMPq_Lo864fsIPcH8-EwbkUu1jH9hyD8Yw","from":"+18472123894","to":"+12247354200","caller_user_id":null,"caller_name":"GRZEGORZ SZADY"} 
[2026-05-05 02:14:23] production.INFO: Call command sent: answer {"call_control_id":"v3:uKUDE0UUHEllRC7mp0SDrMPq_Lo864fsIPcH8-EwbkUu1jH9hyD8Yw","result":"ok"} 
[2026-05-05 02:14:23] production.INFO: Telnyx voice webhook received {"event_type":"call.answered","call_control_id":"v3:uKUDE0UUHEllRC7mp0SDrMPq_Lo864fsIPcH8-EwbkUu1jH9hyD8Yw","direction":null} 
[2026-05-05 02:14:23] production.INFO: Playing welcome TTS and dialing admins simultaneously {"call_control_id":"v3:uKUDE0UUHEllRC7mp0SDrMPq_Lo864fsIPcH8-EwbkUu1jH9hyD8Yw","tts":"<speak version=\"1.0\" xml:lang=\"en-US\">Good evening, thanks for calling GS Construction! One moment while we connect you to the GS Crew.<break time=\"400ms\"/></speak>","is_known_caller":false} 
[2026-05-05 02:14:23] production.INFO: Call command sent: speak {"call_control_id":"v3:uKUDE0UUHEllRC7mp0SDrMPq_Lo864fsIPcH8-EwbkUu1jH9hyD8Yw","result":"ok"} 
[2026-05-05 02:14:24] production.INFO: Dialed admin {"admin_user_id":1,"admin_name":"Patryk Szady","phone":"+12249993880","admin_call_control_id":"v3:h9b-K-5UebqFpmO9XnxhvA_YcalCL74xL2NHF3BYmXBoTMwtchfmMQ"} 
[2026-05-05 02:14:24] production.INFO: Telnyx voice webhook received {"event_type":"call.initiated","call_control_id":"v3:h9b-K-5UebqFpmO9XnxhvA_YcalCL74xL2NHF3BYmXBoTMwtchfmMQ","direction":"outgoing"} 
[2026-05-05 02:14:24] production.INFO: Outbound call initiated {"call_control_id":"v3:h9b-K-5UebqFpmO9XnxhvA_YcalCL74xL2NHF3BYmXBoTMwtchfmMQ","to":"+12249993880"} 
[2026-05-05 02:14:24] production.INFO: Telnyx voice webhook received {"event_type":"call.speak.started","call_control_id":"v3:uKUDE0UUHEllRC7mp0SDrMPq_Lo864fsIPcH8-EwbkUu1jH9hyD8Yw","direction":null} 
[2026-05-05 02:14:24] production.INFO: TTS speak started {"call_control_id":"v3:uKUDE0UUHEllRC7mp0SDrMPq_Lo864fsIPcH8-EwbkUu1jH9hyD8Yw"} 
[2026-05-05 02:14:25] production.DEBUG: Push notification delivered {"endpoint":"https://web.push.apple.com/QDkJcfxcMRPW4uLNUaYZ21nDUMJHCJ-cyja1FMQcNEv6qKbL-ec_s…","status":201} 
[2026-05-05 02:14:25] production.DEBUG: Push notification delivered {"endpoint":"https://fcm.googleapis.com/fcm/send/cYR-NIq4nms:APA91bEppjWa7ZIrYxviNuWljHyZ7qnu…","status":201} 
[2026-05-05 02:14:25] production.DEBUG: Push notification delivered {"endpoint":"https://wns2-by3p.notify.windows.com/w/?token=BQYAAACU%2bKDb9Gyej4KtbEbQJBisasbB…","status":201,"wns_status":"received","wns_msg_id":"154E9CCC7D843E1C","wns_debug":"BY3PEPF0001958F","content_encoding":"aes128gcm","response_body":""} 
[2026-05-05 02:14:26] production.DEBUG: Push notification delivered {"endpoint":"https://web.push.apple.com/QDkJcfxcMRPW4uLNUaYZ21nDUMJHCJ-cyja1FMQcNEv6qKbL-ec_s…","status":201} 
[2026-05-05 02:14:26] production.DEBUG: Push notification delivered {"endpoint":"https://fcm.googleapis.com/fcm/send/cYR-NIq4nms:APA91bEppjWa7ZIrYxviNuWljHyZ7qnu…","status":201} 
[2026-05-05 02:14:26] production.DEBUG: Push notification delivered {"endpoint":"https://wns2-by3p.notify.windows.com/w/?token=BQYAAACU%2bKDb9Gyej4KtbEbQJBisasbB…","status":201,"wns_status":"received","wns_msg_id":"3940895342D5C5D4","wns_debug":"BY3PEPF0000FF3B","content_encoding":"aes128gcm","response_body":""} 
[2026-05-05 02:14:26] production.INFO: Telnyx voice webhook received {"event_type":"call.hangup","call_control_id":"v3:pz0AuOhMY-4_M3QrW09ZbLerKpAddG8p9M546CRC4TFWC_t-GmfQZQ","direction":null} 
[2026-05-05 02:14:27] production.INFO: Telnyx voice webhook received {"event_type":"conference.ended","call_control_id":"v3:pz0AuOhMY-4_M3QrW09ZbLerKpAddG8p9M546CRC4TFWC_t-GmfQZQ","direction":null} 
[2026-05-05 02:14:27] production.INFO: Unhandled voice event {"event_type":"conference.ended"} 
[2026-05-05 02:14:27] production.INFO: Telnyx voice webhook received {"event_type":"conference.participant.left","call_control_id":"v3:pz0AuOhMY-4_M3QrW09ZbLerKpAddG8p9M546CRC4TFWC_t-GmfQZQ","direction":null} 
[2026-05-05 02:14:27] production.INFO: Unhandled voice event {"event_type":"conference.participant.left"} 
[2026-05-05 02:14:28] production.INFO: Telnyx voice webhook received {"event_type":"call.answered","call_control_id":"v3:h9b-K-5UebqFpmO9XnxhvA_YcalCL74xL2NHF3BYmXBoTMwtchfmMQ","direction":null} 
[2026-05-05 02:14:28] production.INFO: Playing admin screening prompt {"admin_call_control_id":"v3:h9b-K-5UebqFpmO9XnxhvA_YcalCL74xL2NHF3BYmXBoTMwtchfmMQ","call_log_id":922,"admin_user_id":1,"is_late_answerer":false,"caller_label":"GRZEGORZ SZADY"} 
[2026-05-05 02:14:28] production.INFO: Call command sent: speak {"call_control_id":"v3:h9b-K-5UebqFpmO9XnxhvA_YcalCL74xL2NHF3BYmXBoTMwtchfmMQ","result":"ok"} 
[2026-05-05 02:14:28] production.INFO: Telnyx voice webhook received {"event_type":"call.speak.started","call_control_id":"v3:h9b-K-5UebqFpmO9XnxhvA_YcalCL74xL2NHF3BYmXBoTMwtchfmMQ","direction":null} 
[2026-05-05 02:14:28] production.INFO: TTS speak started {"call_control_id":"v3:h9b-K-5UebqFpmO9XnxhvA_YcalCL74xL2NHF3BYmXBoTMwtchfmMQ"} 
[2026-05-05 02:14:31] production.INFO: Telnyx voice webhook received {"event_type":"call.speak.ended","call_control_id":"v3:uKUDE0UUHEllRC7mp0SDrMPq_Lo864fsIPcH8-EwbkUu1jH9hyD8Yw","direction":null} 
[2026-05-05 02:14:31] production.INFO: handleCallSpeakEnded ENTRY {"call_control_id":"v3:uKUDE0UUHEllRC7mp0SDrMPq_Lo864fsIPcH8-EwbkUu1jH9hyD8Yw","action":"welcome_done","client_state":{"action":"welcome_done","call_log_id":922,"original_caller":"+18472123894"},"client_state_raw_present":true} 
[2026-05-05 02:14:31] production.INFO: TTS completed — no admin answered yet, playing ringback {"call_control_id":"v3:uKUDE0UUHEllRC7mp0SDrMPq_Lo864fsIPcH8-EwbkUu1jH9hyD8Yw","call_log_id":922} 
[2026-05-05 02:14:31] production.INFO: Call command sent: playback_start {"call_control_id":"v3:uKUDE0UUHEllRC7mp0SDrMPq_Lo864fsIPcH8-EwbkUu1jH9hyD8Yw","result":"ok"} 
[2026-05-05 02:14:32] production.INFO: Telnyx voice webhook received {"event_type":"call.playback.started","call_control_id":"v3:uKUDE0UUHEllRC7mp0SDrMPq_Lo864fsIPcH8-EwbkUu1jH9hyD8Yw","direction":null} 
[2026-05-05 02:14:32] production.INFO: Unhandled voice event {"event_type":"call.playback.started"} 
[2026-05-05 02:14:35] production.INFO: Telnyx voice webhook received {"event_type":"call.speak.ended","call_control_id":"v3:h9b-K-5UebqFpmO9XnxhvA_YcalCL74xL2NHF3BYmXBoTMwtchfmMQ","direction":null} 
[2026-05-05 02:14:35] production.INFO: handleCallSpeakEnded ENTRY {"call_control_id":"v3:h9b-K-5UebqFpmO9XnxhvA_YcalCL74xL2NHF3BYmXBoTMwtchfmMQ","action":"admin_screen_done","client_state":{"action":"admin_screen_done","call_log_id":922,"incoming_call_control_id":"v3:uKUDE0UUHEllRC7mp0SDrMPq_Lo864fsIPcH8-EwbkUu1jH9hyD8Yw","admin_user_id":1,"conference_id":null},"client_state_raw_present":true} 
[2026-05-05 02:14:35] production.INFO: First admin answered — bridging without prompt {"admin_call_control_id":"v3:h9b-K-5UebqFpmO9XnxhvA_YcalCL74xL2NHF3BYmXBoTMwtchfmMQ","incoming_call_control_id":"v3:uKUDE0UUHEllRC7mp0SDrMPq_Lo864fsIPcH8-EwbkUu1jH9hyD8Yw","call_log_id":922,"admin_user_id":1} 
[2026-05-05 02:14:35] production.INFO: Creating conference with caller as first participant {"call_log_id":922,"conference_name":"call_922_9b79f745","incoming_call_control_id":"v3:uKUDE0UUHEllRC7mp0SDrMPq_Lo864fsIPcH8-EwbkUu1jH9hyD8Yw","admin_call_control_id":"v3:h9b-K-5UebqFpmO9XnxhvA_YcalCL74xL2NHF3BYmXBoTMwtchfmMQ","admin_user_id":1} 
[2026-05-05 02:14:35] production.INFO: Call command sent: playback_stop {"call_control_id":"v3:uKUDE0UUHEllRC7mp0SDrMPq_Lo864fsIPcH8-EwbkUu1jH9hyD8Yw","result":"ok"} 
[2026-05-05 02:14:35] production.INFO: Telnyx voice webhook received {"event_type":"call.playback.ended","call_control_id":"v3:uKUDE0UUHEllRC7mp0SDrMPq_Lo864fsIPcH8-EwbkUu1jH9hyD8Yw","direction":null} 
[2026-05-05 02:14:35] production.INFO: Call command sent: playback_stop {"call_control_id":"v3:h9b-K-5UebqFpmO9XnxhvA_YcalCL74xL2NHF3BYmXBoTMwtchfmMQ","result":"ok"} 
[2026-05-05 02:14:35] production.INFO: Call command sent: playback_start {"call_control_id":"v3:uKUDE0UUHEllRC7mp0SDrMPq_Lo864fsIPcH8-EwbkUu1jH9hyD8Yw","result":"ok"} 
[2026-05-05 02:14:35] production.INFO: Telnyx voice webhook received {"event_type":"call.playback.ended","call_control_id":"v3:uKUDE0UUHEllRC7mp0SDrMPq_Lo864fsIPcH8-EwbkUu1jH9hyD8Yw","direction":null} 
[2026-05-05 02:14:35] production.INFO: Call command sent: playback_start {"call_control_id":"v3:uKUDE0UUHEllRC7mp0SDrMPq_Lo864fsIPcH8-EwbkUu1jH9hyD8Yw","result":"ok"} 
[2026-05-05 02:14:35] production.INFO: Conference created {"name":"call_922_9b79f745","conference_id":"f2b3b918-1ef4-4c82-9258-bbe3d0792485","beneficiary_call_control_id":"v3:uKUDE0UUHEllRC7mp0SDrMPq_Lo864fsIPcH8-EwbkUu1jH9hyD8Yw"} 
[2026-05-05 02:14:35] production.INFO: Telnyx voice webhook received {"event_type":"call.playback.ended","call_control_id":"v3:uKUDE0UUHEllRC7mp0SDrMPq_Lo864fsIPcH8-EwbkUu1jH9hyD8Yw","direction":null} 
[2026-05-05 02:14:36] production.INFO: Telnyx voice webhook received {"event_type":"conference.floor.changed","call_control_id":"v3:uKUDE0UUHEllRC7mp0SDrMPq_Lo864fsIPcH8-EwbkUu1jH9hyD8Yw","direction":null} 
[2026-05-05 02:14:36] production.INFO: Unhandled voice event {"event_type":"conference.floor.changed"} 
[2026-05-05 02:14:36] production.INFO: Telnyx voice webhook received {"event_type":"conference.created","call_control_id":"v3:uKUDE0UUHEllRC7mp0SDrMPq_Lo864fsIPcH8-EwbkUu1jH9hyD8Yw","direction":null} 
[2026-05-05 02:14:36] production.INFO: Unhandled voice event {"event_type":"conference.created"} 
[2026-05-05 02:14:36] production.INFO: Joined conference {"conference_id":"f2b3b918-1ef4-4c82-9258-bbe3d0792485","call_control_id":"v3:h9b-K-5UebqFpmO9XnxhvA_YcalCL74xL2NHF3BYmXBoTMwtchfmMQ"} 
[2026-05-05 02:14:36] production.INFO: Telnyx voice webhook received {"event_type":"conference.participant.joined","call_control_id":"v3:uKUDE0UUHEllRC7mp0SDrMPq_Lo864fsIPcH8-EwbkUu1jH9hyD8Yw","direction":null} 
[2026-05-05 02:14:36] production.INFO: Unhandled voice event {"event_type":"conference.participant.joined"} 
[2026-05-05 02:14:36] production.INFO: Telnyx voice webhook received {"event_type":"conference.participant.joined","call_control_id":"v3:h9b-K-5UebqFpmO9XnxhvA_YcalCL74xL2NHF3BYmXBoTMwtchfmMQ","direction":null} 
[2026-05-05 02:14:36] production.INFO: Unhandled voice event {"event_type":"conference.participant.joined"} 
[2026-05-05 02:14:38] production.INFO: Telnyx voice webhook received {"event_type":"conference.floor.changed","call_control_id":"v3:h9b-K-5UebqFpmO9XnxhvA_YcalCL74xL2NHF3BYmXBoTMwtchfmMQ","direction":null} 
[2026-05-05 02:14:38] production.INFO: Unhandled voice event {"event_type":"conference.floor.changed"} 
[2026-05-05 02:14:39] production.INFO: Telnyx voice webhook received {"event_type":"call.hangup","call_control_id":"v3:h9b-K-5UebqFpmO9XnxhvA_YcalCL74xL2NHF3BYmXBoTMwtchfmMQ","direction":null} 
[2026-05-05 02:14:39] production.INFO: Telnyx voice webhook received {"event_type":"conference.floor.changed","call_control_id":"v3:uKUDE0UUHEllRC7mp0SDrMPq_Lo864fsIPcH8-EwbkUu1jH9hyD8Yw","direction":null} 
[2026-05-05 02:14:39] production.INFO: Unhandled voice event {"event_type":"conference.floor.changed"} 
[2026-05-05 02:14:39] production.INFO: Telnyx voice webhook received {"event_type":"conference.floor.changed","call_control_id":"v3:uKUDE0UUHEllRC7mp0SDrMPq_Lo864fsIPcH8-EwbkUu1jH9hyD8Yw","direction":null} 
[2026-05-05 02:14:39] production.INFO: Unhandled voice event {"event_type":"conference.floor.changed"} 
[2026-05-05 02:14:39] production.INFO: Telnyx voice webhook received {"event_type":"conference.participant.left","call_control_id":"v3:h9b-K-5UebqFpmO9XnxhvA_YcalCL74xL2NHF3BYmXBoTMwtchfmMQ","direction":null} 
[2026-05-05 02:14:39] production.INFO: Unhandled voice event {"event_type":"conference.participant.left"} 
[2026-05-05 02:14:39] production.INFO: Telnyx voice webhook received {"event_type":"call.hangup","call_control_id":"v3:uKUDE0UUHEllRC7mp0SDrMPq_Lo864fsIPcH8-EwbkUu1jH9hyD8Yw","direction":null} 
[2026-05-05 02:14:39] production.INFO: Call ended {"call_control_id":"v3:uKUDE0UUHEllRC7mp0SDrMPq_Lo864fsIPcH8-EwbkUu1jH9hyD8Yw","status":"completed","hangup_cause":"normal_clearing","duration":16.810848999999997} 
[2026-05-05 02:14:40] production.INFO: Telnyx voice webhook received {"event_type":"conference.ended","call_control_id":"v3:uKUDE0UUHEllRC7mp0SDrMPq_Lo864fsIPcH8-EwbkUu1jH9hyD8Yw","direction":null} 
[2026-05-05 02:14:40] production.INFO: Unhandled voice event {"event_type":"conference.ended"} 
[2026-05-05 02:14:40] production.INFO: Telnyx voice webhook received {"event_type":"conference.participant.left","call_control_id":"v3:uKUDE0UUHEllRC7mp0SDrMPq_Lo864fsIPcH8-EwbkUu1jH9hyD8Yw","direction":null} 
[2026-05-05 02:14:40] production.INFO: Unhandled voice event {"event_type":"conference.participant.left"} 
[2026-05-05 02:14:46] production.INFO: Click-to-call initiated from Calls tab {"call_log_id":923,"user_phone":"+12249993880","target_phone":"+18472123894"} 
[2026-05-05 02:14:46] production.INFO: Telnyx voice webhook received {"event_type":"call.initiated","call_control_id":"v3:F2A89vJJlrherlEk5xxCjUrtNpl_nA5pyjIPCPWIaM-dYNKWHc2woQ","direction":"outgoing"} 
[2026-05-05 02:14:46] production.INFO: Outbound call initiated {"call_control_id":"v3:F2A89vJJlrherlEk5xxCjUrtNpl_nA5pyjIPCPWIaM-dYNKWHc2woQ","to":"+12249993880"} 
[2026-05-05 02:14:48] production.INFO: Telnyx voice webhook received {"event_type":"call.answered","call_control_id":"v3:F2A89vJJlrherlEk5xxCjUrtNpl_nA5pyjIPCPWIaM-dYNKWHc2woQ","direction":null} 
[2026-05-05 02:14:48] production.INFO: Click-to-call: user answered → playing ringback and dialing target {"call_control_id":"v3:F2A89vJJlrherlEk5xxCjUrtNpl_nA5pyjIPCPWIaM-dYNKWHc2woQ","target_phone":"+18472123894","call_log_id":923} 
[2026-05-05 02:14:48] production.INFO: Call command sent: playback_start {"call_control_id":"v3:F2A89vJJlrherlEk5xxCjUrtNpl_nA5pyjIPCPWIaM-dYNKWHc2woQ","result":"ok"} 
[2026-05-05 02:14:49] production.INFO: Telnyx voice webhook received {"event_type":"call.playback.started","call_control_id":"v3:F2A89vJJlrherlEk5xxCjUrtNpl_nA5pyjIPCPWIaM-dYNKWHc2woQ","direction":null} 
[2026-05-05 02:14:49] production.INFO: Unhandled voice event {"event_type":"call.playback.started"} 
[2026-05-05 02:14:49] production.INFO: Click-to-call: target dialed {"target_phone":"+18472123894","target_call_control_id":"v3:xj5a2ZB2huMqocNwqiHZF-kbZvokqdJYbUlcN5ZMr_noFIk4tvG3iw"} 
[2026-05-05 02:14:49] production.INFO: Telnyx voice webhook received {"event_type":"call.initiated","call_control_id":"v3:xj5a2ZB2huMqocNwqiHZF-kbZvokqdJYbUlcN5ZMr_noFIk4tvG3iw","direction":"outgoing"} 
[2026-05-05 02:14:49] production.INFO: Outbound call initiated {"call_control_id":"v3:xj5a2ZB2huMqocNwqiHZF-kbZvokqdJYbUlcN5ZMr_noFIk4tvG3iw","to":"+18472123894"} 
[2026-05-05 02:14:51] production.INFO: Telnyx voice webhook received {"event_type":"call.answered","call_control_id":"v3:xj5a2ZB2huMqocNwqiHZF-kbZvokqdJYbUlcN5ZMr_noFIk4tvG3iw","direction":null} 
[2026-05-05 02:14:51] production.INFO: Click-to-call: target answered — bridging immediately {"target_call_control_id":"v3:xj5a2ZB2huMqocNwqiHZF-kbZvokqdJYbUlcN5ZMr_noFIk4tvG3iw","user_call_control_id":"v3:F2A89vJJlrherlEk5xxCjUrtNpl_nA5pyjIPCPWIaM-dYNKWHc2woQ","call_log_id":923} 
[2026-05-05 02:14:51] production.INFO: Telnyx voice webhook received {"event_type":"call.playback.ended","call_control_id":"v3:F2A89vJJlrherlEk5xxCjUrtNpl_nA5pyjIPCPWIaM-dYNKWHc2woQ","direction":null} 
[2026-05-05 02:14:52] production.INFO: Calls bridged successfully {"call_control_id_a":"v3:xj5a2ZB2huMqocNwqiHZF-kbZvokqdJYbUlcN5ZMr_noFIk4tvG3iw","call_control_id_b":"v3:F2A89vJJlrherlEk5xxCjUrtNpl_nA5pyjIPCPWIaM-dYNKWHc2woQ"} 
[2026-05-05 02:14:52] production.INFO: Telnyx voice webhook received {"event_type":"call.bridged","call_control_id":"v3:xj5a2ZB2huMqocNwqiHZF-kbZvokqdJYbUlcN5ZMr_noFIk4tvG3iw","direction":null} 
[2026-05-05 02:14:52] production.INFO: Call bridged {"call_control_id":"v3:xj5a2ZB2huMqocNwqiHZF-kbZvokqdJYbUlcN5ZMr_noFIk4tvG3iw","call_session_id":"316d69e4-4828-11f1-ab8a-02420aefe973"} 
[2026-05-05 02:14:52] production.INFO: Telnyx voice webhook received {"event_type":"call.bridged","call_control_id":"v3:F2A89vJJlrherlEk5xxCjUrtNpl_nA5pyjIPCPWIaM-dYNKWHc2woQ","direction":null} 
[2026-05-05 02:14:52] production.INFO: Call bridged {"call_control_id":"v3:F2A89vJJlrherlEk5xxCjUrtNpl_nA5pyjIPCPWIaM-dYNKWHc2woQ","call_session_id":"2fd86214-4828-11f1-a8a7-02420aefe073"} 
[2026-05-05 02:14:54] production.INFO: Telnyx voice webhook received {"event_type":"call.hangup","call_control_id":"v3:xj5a2ZB2huMqocNwqiHZF-kbZvokqdJYbUlcN5ZMr_noFIk4tvG3iw","direction":null} 
[2026-05-05 02:14:54] production.INFO: Click-to-call: target hung up after connected call {"call_control_id":"v3:xj5a2ZB2huMqocNwqiHZF-kbZvokqdJYbUlcN5ZMr_noFIk4tvG3iw","hangup_cause":"normal_clearing","call_log_id":923,"duration":6.696216000000001} 
[2026-05-05 02:14:54] production.INFO: Telnyx voice webhook received {"event_type":"call.hangup","call_control_id":"v3:F2A89vJJlrherlEk5xxCjUrtNpl_nA5pyjIPCPWIaM-dYNKWHc2woQ","direction":null} 
[2026-05-05 02:14:54] production.INFO: Click-to-call user leg ended {"call_control_id":"v3:F2A89vJJlrherlEk5xxCjUrtNpl_nA5pyjIPCPWIaM-dYNKWHc2woQ","action":"click_to_call_waiting","status":"completed","call_log_id":923,"hangup_cause":"normal_clearing"} 
[2026-05-05 02:15:38] production.INFO: Click-to-call initiated from Calls tab {"call_log_id":924,"user_phone":"+12249993880","target_phone":"+18472123894"} 
[2026-05-05 02:15:38] production.INFO: Telnyx voice webhook received {"event_type":"call.initiated","call_control_id":"v3:OSGbnuv9JBU4619Tuemkuh8oBX-mXkzA8D-UFj5oCvgNCLvtotuXmA","direction":"outgoing"} 
[2026-05-05 02:15:38] production.INFO: Outbound call initiated {"call_control_id":"v3:OSGbnuv9JBU4619Tuemkuh8oBX-mXkzA8D-UFj5oCvgNCLvtotuXmA","to":"+12249993880"} 
[2026-05-05 02:15:41] production.INFO: Telnyx voice webhook received {"event_type":"call.answered","call_control_id":"v3:OSGbnuv9JBU4619Tuemkuh8oBX-mXkzA8D-UFj5oCvgNCLvtotuXmA","direction":null} 
[2026-05-05 02:15:41] production.INFO: Click-to-call: user answered → playing ringback and dialing target {"call_control_id":"v3:OSGbnuv9JBU4619Tuemkuh8oBX-mXkzA8D-UFj5oCvgNCLvtotuXmA","target_phone":"+18472123894","call_log_id":924} 
[2026-05-05 02:15:41] production.INFO: Call command sent: playback_start {"call_control_id":"v3:OSGbnuv9JBU4619Tuemkuh8oBX-mXkzA8D-UFj5oCvgNCLvtotuXmA","result":"ok"} 
[2026-05-05 02:15:41] production.INFO: Telnyx voice webhook received {"event_type":"call.playback.started","call_control_id":"v3:OSGbnuv9JBU4619Tuemkuh8oBX-mXkzA8D-UFj5oCvgNCLvtotuXmA","direction":null} 
[2026-05-05 02:15:41] production.INFO: Unhandled voice event {"event_type":"call.playback.started"} 
[2026-05-05 02:15:41] production.INFO: Click-to-call: target dialed {"target_phone":"+18472123894","target_call_control_id":"v3:7wKgmrTNmlJKQo1y9oOE9HfBaxGT2WJLRhY6u3cAg19t8tX4RRBnPQ"} 
[2026-05-05 02:15:41] production.INFO: Telnyx voice webhook received {"event_type":"call.initiated","call_control_id":"v3:7wKgmrTNmlJKQo1y9oOE9HfBaxGT2WJLRhY6u3cAg19t8tX4RRBnPQ","direction":"outgoing"} 
[2026-05-05 02:15:41] production.INFO: Outbound call initiated {"call_control_id":"v3:7wKgmrTNmlJKQo1y9oOE9HfBaxGT2WJLRhY6u3cAg19t8tX4RRBnPQ","to":"+18472123894"} 
[2026-05-05 02:15:44] production.INFO: Telnyx voice webhook received {"event_type":"call.answered","call_control_id":"v3:7wKgmrTNmlJKQo1y9oOE9HfBaxGT2WJLRhY6u3cAg19t8tX4RRBnPQ","direction":null} 
[2026-05-05 02:15:44] production.INFO: Click-to-call: target answered — bridging immediately {"target_call_control_id":"v3:7wKgmrTNmlJKQo1y9oOE9HfBaxGT2WJLRhY6u3cAg19t8tX4RRBnPQ","user_call_control_id":"v3:OSGbnuv9JBU4619Tuemkuh8oBX-mXkzA8D-UFj5oCvgNCLvtotuXmA","call_log_id":924} 
[2026-05-05 02:15:45] production.INFO: Telnyx voice webhook received {"event_type":"call.playback.ended","call_control_id":"v3:OSGbnuv9JBU4619Tuemkuh8oBX-mXkzA8D-UFj5oCvgNCLvtotuXmA","direction":null} 
[2026-05-05 02:15:45] production.INFO: Calls bridged successfully {"call_control_id_a":"v3:7wKgmrTNmlJKQo1y9oOE9HfBaxGT2WJLRhY6u3cAg19t8tX4RRBnPQ","call_control_id_b":"v3:OSGbnuv9JBU4619Tuemkuh8oBX-mXkzA8D-UFj5oCvgNCLvtotuXmA"} 
[2026-05-05 02:15:45] production.INFO: Telnyx voice webhook received {"event_type":"call.bridged","call_control_id":"v3:OSGbnuv9JBU4619Tuemkuh8oBX-mXkzA8D-UFj5oCvgNCLvtotuXmA","direction":null} 
[2026-05-05 02:15:45] production.INFO: Call bridged {"call_control_id":"v3:OSGbnuv9JBU4619Tuemkuh8oBX-mXkzA8D-UFj5oCvgNCLvtotuXmA","call_session_id":"4ea2fe5c-4828-11f1-bddb-02420aefe3f3"} 
[2026-05-05 02:15:45] production.INFO: Telnyx voice webhook received {"event_type":"call.bridged","call_control_id":"v3:7wKgmrTNmlJKQo1y9oOE9HfBaxGT2WJLRhY6u3cAg19t8tX4RRBnPQ","direction":null} 
[2026-05-05 02:15:45] production.INFO: Call bridged {"call_control_id":"v3:7wKgmrTNmlJKQo1y9oOE9HfBaxGT2WJLRhY6u3cAg19t8tX4RRBnPQ","call_session_id":"50bc0576-4828-11f1-9121-02420aefe45a"} 
[2026-05-05 02:15:49] production.INFO: Telnyx voice webhook received {"event_type":"call.hangup","call_control_id":"v3:7wKgmrTNmlJKQo1y9oOE9HfBaxGT2WJLRhY6u3cAg19t8tX4RRBnPQ","direction":null} 
[2026-05-05 02:15:49] production.INFO: Telnyx voice webhook received {"event_type":"call.hangup","call_control_id":"v3:OSGbnuv9JBU4619Tuemkuh8oBX-mXkzA8D-UFj5oCvgNCLvtotuXmA","direction":null} 
[2026-05-05 02:15:49] production.INFO: Click-to-call: target hung up after connected call {"call_control_id":"v3:7wKgmrTNmlJKQo1y9oOE9HfBaxGT2WJLRhY6u3cAg19t8tX4RRBnPQ","hangup_cause":"normal_clearing","call_log_id":924,"duration":8.055895} 
[2026-05-05 02:15:49] production.INFO: Click-to-call user leg ended {"call_control_id":"v3:OSGbnuv9JBU4619Tuemkuh8oBX-mXkzA8D-UFj5oCvgNCLvtotuXmA","action":"click_to_call_waiting","status":"completed","call_log_id":924,"hangup_cause":"normal_clearing"} 
[2026-05-05 02:15:55] production.INFO: Telnyx voice webhook received {"event_type":"call.initiated","call_control_id":"v3:ashmzNKEMg2vJh6RTiYFZfJo_q3ZLNBjqwgbtfFFpQ3_00adhAz_0A","direction":"incoming"} 
[2026-05-05 02:15:55] production.INFO: Incoming call - answering {"call_control_id":"v3:ashmzNKEMg2vJh6RTiYFZfJo_q3ZLNBjqwgbtfFFpQ3_00adhAz_0A","from":"+18472123894","to":"+12247354200","caller_user_id":null,"caller_name":"GRZEGORZ SZADY"} 
[2026-05-05 02:15:55] production.INFO: Call command sent: answer {"call_control_id":"v3:ashmzNKEMg2vJh6RTiYFZfJo_q3ZLNBjqwgbtfFFpQ3_00adhAz_0A","result":"ok"} 
[2026-05-05 02:15:55] production.INFO: Telnyx voice webhook received {"event_type":"call.answered","call_control_id":"v3:ashmzNKEMg2vJh6RTiYFZfJo_q3ZLNBjqwgbtfFFpQ3_00adhAz_0A","direction":null} 
[2026-05-05 02:15:55] production.INFO: Playing welcome TTS and dialing admins simultaneously {"call_control_id":"v3:ashmzNKEMg2vJh6RTiYFZfJo_q3ZLNBjqwgbtfFFpQ3_00adhAz_0A","tts":"<speak version=\"1.0\" xml:lang=\"en-US\">Good evening, thanks for calling GS Construction! One moment while we connect you to the GS Crew.<break time=\"400ms\"/></speak>","is_known_caller":false} 
[2026-05-05 02:15:55] production.INFO: Call command sent: speak {"call_control_id":"v3:ashmzNKEMg2vJh6RTiYFZfJo_q3ZLNBjqwgbtfFFpQ3_00adhAz_0A","result":"ok"} 
[2026-05-05 02:15:56] production.INFO: Dialed admin {"admin_user_id":1,"admin_name":"Patryk Szady","phone":"+12249993880","admin_call_control_id":"v3:2PEPApyQxapOW0VuP9vSPZwP85iPW0P6IChe7poxfMmnijcWGatArw"} 
[2026-05-05 02:15:56] production.INFO: Telnyx voice webhook received {"event_type":"call.initiated","call_control_id":"v3:2PEPApyQxapOW0VuP9vSPZwP85iPW0P6IChe7poxfMmnijcWGatArw","direction":"outgoing"} 
[2026-05-05 02:15:56] production.INFO: Outbound call initiated {"call_control_id":"v3:2PEPApyQxapOW0VuP9vSPZwP85iPW0P6IChe7poxfMmnijcWGatArw","to":"+12249993880"} 
[2026-05-05 02:15:56] production.INFO: Telnyx voice webhook received {"event_type":"call.speak.started","call_control_id":"v3:ashmzNKEMg2vJh6RTiYFZfJo_q3ZLNBjqwgbtfFFpQ3_00adhAz_0A","direction":null} 
[2026-05-05 02:15:56] production.INFO: TTS speak started {"call_control_id":"v3:ashmzNKEMg2vJh6RTiYFZfJo_q3ZLNBjqwgbtfFFpQ3_00adhAz_0A"} 
[2026-05-05 02:15:56] production.DEBUG: Push notification delivered {"endpoint":"https://web.push.apple.com/QDkJcfxcMRPW4uLNUaYZ21nDUMJHCJ-cyja1FMQcNEv6qKbL-ec_s…","status":201} 
[2026-05-05 02:15:56] production.DEBUG: Push notification delivered {"endpoint":"https://fcm.googleapis.com/fcm/send/cYR-NIq4nms:APA91bEppjWa7ZIrYxviNuWljHyZ7qnu…","status":201} 
[2026-05-05 02:15:56] production.DEBUG: Push notification delivered {"endpoint":"https://wns2-by3p.notify.windows.com/w/?token=BQYAAACU%2bKDb9Gyej4KtbEbQJBisasbB…","status":201,"wns_status":"received","wns_msg_id":"423D9F8B0D3CFE9A","wns_debug":"BY3PEPF0000E983","content_encoding":"aes128gcm","response_body":""} 
[2026-05-05 02:15:56] production.DEBUG: Push notification delivered {"endpoint":"https://web.push.apple.com/QDkJcfxcMRPW4uLNUaYZ21nDUMJHCJ-cyja1FMQcNEv6qKbL-ec_s…","status":201} 
[2026-05-05 02:15:56] production.DEBUG: Push notification delivered {"endpoint":"https://fcm.googleapis.com/fcm/send/cYR-NIq4nms:APA91bEppjWa7ZIrYxviNuWljHyZ7qnu…","status":201} 
[2026-05-05 02:15:56] production.DEBUG: Push notification delivered {"endpoint":"https://wns2-by3p.notify.windows.com/w/?token=BQYAAACU%2bKDb9Gyej4KtbEbQJBisasbB…","status":201,"wns_status":"received","wns_msg_id":"6C5F569F146C8DF3","wns_debug":"BY3PEPF0000FF2D","content_encoding":"aes128gcm","response_body":""} 
[2026-05-05 02:16:03] production.INFO: Telnyx voice webhook received {"event_type":"call.speak.ended","call_control_id":"v3:ashmzNKEMg2vJh6RTiYFZfJo_q3ZLNBjqwgbtfFFpQ3_00adhAz_0A","direction":null} 
[2026-05-05 02:16:03] production.INFO: handleCallSpeakEnded ENTRY {"call_control_id":"v3:ashmzNKEMg2vJh6RTiYFZfJo_q3ZLNBjqwgbtfFFpQ3_00adhAz_0A","action":"welcome_done","client_state":{"action":"welcome_done","call_log_id":925,"original_caller":"+18472123894"},"client_state_raw_present":true} 
[2026-05-05 02:16:03] production.INFO: TTS completed — no admin answered yet, playing ringback {"call_control_id":"v3:ashmzNKEMg2vJh6RTiYFZfJo_q3ZLNBjqwgbtfFFpQ3_00adhAz_0A","call_log_id":925} 
[2026-05-05 02:16:03] production.INFO: Call command sent: playback_start {"call_control_id":"v3:ashmzNKEMg2vJh6RTiYFZfJo_q3ZLNBjqwgbtfFFpQ3_00adhAz_0A","result":"ok"} 
[2026-05-05 02:16:03] production.INFO: Telnyx voice webhook received {"event_type":"call.answered","call_control_id":"v3:2PEPApyQxapOW0VuP9vSPZwP85iPW0P6IChe7poxfMmnijcWGatArw","direction":null} 
[2026-05-05 02:16:03] production.INFO: Playing admin screening prompt {"admin_call_control_id":"v3:2PEPApyQxapOW0VuP9vSPZwP85iPW0P6IChe7poxfMmnijcWGatArw","call_log_id":925,"admin_user_id":1,"is_late_answerer":false,"caller_label":"GRZEGORZ SZADY"} 
[2026-05-05 02:16:03] production.INFO: Call command sent: speak {"call_control_id":"v3:2PEPApyQxapOW0VuP9vSPZwP85iPW0P6IChe7poxfMmnijcWGatArw","result":"ok"} 
[2026-05-05 02:16:03] production.INFO: Telnyx voice webhook received {"event_type":"call.playback.started","call_control_id":"v3:ashmzNKEMg2vJh6RTiYFZfJo_q3ZLNBjqwgbtfFFpQ3_00adhAz_0A","direction":null} 
[2026-05-05 02:16:03] production.INFO: Unhandled voice event {"event_type":"call.playback.started"} 
[2026-05-05 02:16:04] production.INFO: Telnyx voice webhook received {"event_type":"call.speak.started","call_control_id":"v3:2PEPApyQxapOW0VuP9vSPZwP85iPW0P6IChe7poxfMmnijcWGatArw","direction":null} 
[2026-05-05 02:16:04] production.INFO: TTS speak started {"call_control_id":"v3:2PEPApyQxapOW0VuP9vSPZwP85iPW0P6IChe7poxfMmnijcWGatArw"} 
[2026-05-05 02:16:10] production.INFO: Telnyx voice webhook received {"event_type":"call.speak.ended","call_control_id":"v3:2PEPApyQxapOW0VuP9vSPZwP85iPW0P6IChe7poxfMmnijcWGatArw","direction":null} 
[2026-05-05 02:16:10] production.INFO: handleCallSpeakEnded ENTRY {"call_control_id":"v3:2PEPApyQxapOW0VuP9vSPZwP85iPW0P6IChe7poxfMmnijcWGatArw","action":"admin_screen_done","client_state":{"action":"admin_screen_done","call_log_id":925,"incoming_call_control_id":"v3:ashmzNKEMg2vJh6RTiYFZfJo_q3ZLNBjqwgbtfFFpQ3_00adhAz_0A","admin_user_id":1,"conference_id":null},"client_state_raw_present":true} 
[2026-05-05 02:16:10] production.INFO: First admin answered — bridging without prompt {"admin_call_control_id":"v3:2PEPApyQxapOW0VuP9vSPZwP85iPW0P6IChe7poxfMmnijcWGatArw","incoming_call_control_id":"v3:ashmzNKEMg2vJh6RTiYFZfJo_q3ZLNBjqwgbtfFFpQ3_00adhAz_0A","call_log_id":925,"admin_user_id":1} 
[2026-05-05 02:16:10] production.INFO: Creating conference with caller as first participant {"call_log_id":925,"conference_name":"call_925_7c14b4c5","incoming_call_control_id":"v3:ashmzNKEMg2vJh6RTiYFZfJo_q3ZLNBjqwgbtfFFpQ3_00adhAz_0A","admin_call_control_id":"v3:2PEPApyQxapOW0VuP9vSPZwP85iPW0P6IChe7poxfMmnijcWGatArw","admin_user_id":1} 
[2026-05-05 02:16:10] production.INFO: Call command sent: playback_stop {"call_control_id":"v3:ashmzNKEMg2vJh6RTiYFZfJo_q3ZLNBjqwgbtfFFpQ3_00adhAz_0A","result":"ok"} 
[2026-05-05 02:16:11] production.INFO: Telnyx voice webhook received {"event_type":"call.playback.ended","call_control_id":"v3:ashmzNKEMg2vJh6RTiYFZfJo_q3ZLNBjqwgbtfFFpQ3_00adhAz_0A","direction":null} 
[2026-05-05 02:16:11] production.INFO: Call command sent: playback_stop {"call_control_id":"v3:2PEPApyQxapOW0VuP9vSPZwP85iPW0P6IChe7poxfMmnijcWGatArw","result":"ok"} 
[2026-05-05 02:16:11] production.INFO: Call command sent: playback_start {"call_control_id":"v3:ashmzNKEMg2vJh6RTiYFZfJo_q3ZLNBjqwgbtfFFpQ3_00adhAz_0A","result":"ok"} 
[2026-05-05 02:16:11] production.INFO: Telnyx voice webhook received {"event_type":"call.playback.ended","call_control_id":"v3:ashmzNKEMg2vJh6RTiYFZfJo_q3ZLNBjqwgbtfFFpQ3_00adhAz_0A","direction":null} 
[2026-05-05 02:16:11] production.INFO: Call command sent: playback_start {"call_control_id":"v3:ashmzNKEMg2vJh6RTiYFZfJo_q3ZLNBjqwgbtfFFpQ3_00adhAz_0A","result":"ok"} 
[2026-05-05 02:16:11] production.INFO: Conference created {"name":"call_925_7c14b4c5","conference_id":"c3f24cdc-44f5-47fb-bf64-b38407f1cd3f","beneficiary_call_control_id":"v3:ashmzNKEMg2vJh6RTiYFZfJo_q3ZLNBjqwgbtfFFpQ3_00adhAz_0A"} 
[2026-05-05 02:16:11] production.INFO: Telnyx voice webhook received {"event_type":"call.playback.started","call_control_id":"v3:ashmzNKEMg2vJh6RTiYFZfJo_q3ZLNBjqwgbtfFFpQ3_00adhAz_0A","direction":null} 
[2026-05-05 02:16:11] production.INFO: Unhandled voice event {"event_type":"call.playback.started"} 
[2026-05-05 02:16:11] production.INFO: Telnyx voice webhook received {"event_type":"call.playback.ended","call_control_id":"v3:ashmzNKEMg2vJh6RTiYFZfJo_q3ZLNBjqwgbtfFFpQ3_00adhAz_0A","direction":null} 
[2026-05-05 02:16:11] production.INFO: Telnyx voice webhook received {"event_type":"conference.floor.changed","call_control_id":"v3:ashmzNKEMg2vJh6RTiYFZfJo_q3ZLNBjqwgbtfFFpQ3_00adhAz_0A","direction":null} 
[2026-05-05 02:16:11] production.INFO: Unhandled voice event {"event_type":"conference.floor.changed"} 
[2026-05-05 02:16:12] production.INFO: Telnyx voice webhook received {"event_type":"conference.created","call_control_id":"v3:ashmzNKEMg2vJh6RTiYFZfJo_q3ZLNBjqwgbtfFFpQ3_00adhAz_0A","direction":null} 
[2026-05-05 02:16:12] production.INFO: Unhandled voice event {"event_type":"conference.created"} 
[2026-05-05 02:16:12] production.INFO: Telnyx voice webhook received {"event_type":"conference.participant.joined","call_control_id":"v3:ashmzNKEMg2vJh6RTiYFZfJo_q3ZLNBjqwgbtfFFpQ3_00adhAz_0A","direction":null} 
[2026-05-05 02:16:12] production.INFO: Unhandled voice event {"event_type":"conference.participant.joined"} 
[2026-05-05 02:16:12] production.INFO: Joined conference {"conference_id":"c3f24cdc-44f5-47fb-bf64-b38407f1cd3f","call_control_id":"v3:2PEPApyQxapOW0VuP9vSPZwP85iPW0P6IChe7poxfMmnijcWGatArw"} 
[2026-05-05 02:16:12] production.INFO: Telnyx voice webhook received {"event_type":"conference.participant.joined","call_control_id":"v3:2PEPApyQxapOW0VuP9vSPZwP85iPW0P6IChe7poxfMmnijcWGatArw","direction":null} 
[2026-05-05 02:16:12] production.INFO: Unhandled voice event {"event_type":"conference.participant.joined"} 
[2026-05-05 02:16:13] production.INFO: Telnyx voice webhook received {"event_type":"conference.floor.changed","call_control_id":"v3:2PEPApyQxapOW0VuP9vSPZwP85iPW0P6IChe7poxfMmnijcWGatArw","direction":null} 
[2026-05-05 02:16:13] production.INFO: Unhandled voice event {"event_type":"conference.floor.changed"} 
[2026-05-05 02:16:15] production.INFO: Telnyx voice webhook received {"event_type":"call.hangup","call_control_id":"v3:ashmzNKEMg2vJh6RTiYFZfJo_q3ZLNBjqwgbtfFFpQ3_00adhAz_0A","direction":null} 
[2026-05-05 02:16:15] production.INFO: Call ended {"call_control_id":"v3:ashmzNKEMg2vJh6RTiYFZfJo_q3ZLNBjqwgbtfFFpQ3_00adhAz_0A","status":"completed","hangup_cause":"normal_clearing","duration":20.288413000000002} 
[2026-05-05 02:16:15] production.INFO: Telnyx voice webhook received {"event_type":"conference.participant.left","call_control_id":"v3:ashmzNKEMg2vJh6RTiYFZfJo_q3ZLNBjqwgbtfFFpQ3_00adhAz_0A","direction":null} 
[2026-05-05 02:16:15] production.INFO: Unhandled voice event {"event_type":"conference.participant.left"} 
[2026-05-05 02:16:21] production.INFO: Telnyx voice webhook received {"event_type":"call.initiated","call_control_id":"v3:jJTeGP9-4VM1m-a2J7cvFW4S9s3gRQfK1NR9y8s_-sw5Rhukdz_Thg","direction":"incoming"} 
[2026-05-05 02:16:21] production.INFO: Incoming call - answering {"call_control_id":"v3:jJTeGP9-4VM1m-a2J7cvFW4S9s3gRQfK1NR9y8s_-sw5Rhukdz_Thg","from":"+18472123894","to":"+12247354200","caller_user_id":null,"caller_name":"GRZEGORZ SZADY"} 
[2026-05-05 02:16:21] production.INFO: Call command sent: answer {"call_control_id":"v3:jJTeGP9-4VM1m-a2J7cvFW4S9s3gRQfK1NR9y8s_-sw5Rhukdz_Thg","result":"ok"} 
[2026-05-05 02:16:21] production.INFO: Telnyx voice webhook received {"event_type":"call.answered","call_control_id":"v3:jJTeGP9-4VM1m-a2J7cvFW4S9s3gRQfK1NR9y8s_-sw5Rhukdz_Thg","direction":null} 
[2026-05-05 02:16:21] production.INFO: Playing welcome TTS and dialing admins simultaneously {"call_control_id":"v3:jJTeGP9-4VM1m-a2J7cvFW4S9s3gRQfK1NR9y8s_-sw5Rhukdz_Thg","tts":"<speak version=\"1.0\" xml:lang=\"en-US\">Good evening, thanks for calling GS Construction! One moment while we connect you to the GS Crew.<break time=\"400ms\"/></speak>","is_known_caller":false} 
[2026-05-05 02:16:22] production.INFO: Call command sent: speak {"call_control_id":"v3:jJTeGP9-4VM1m-a2J7cvFW4S9s3gRQfK1NR9y8s_-sw5Rhukdz_Thg","result":"ok"} 
[2026-05-05 02:16:22] production.INFO: Dialed admin {"admin_user_id":1,"admin_name":"Patryk Szady","phone":"+12249993880","admin_call_control_id":"v3:yyS_-M-Lspnxd1K2Df5mXaCXpywesQNv_hFJE-2DRYupMySxx8svKQ"} 
[2026-05-05 02:16:22] production.INFO: Telnyx voice webhook received {"event_type":"call.initiated","call_control_id":"v3:yyS_-M-Lspnxd1K2Df5mXaCXpywesQNv_hFJE-2DRYupMySxx8svKQ","direction":"outgoing"} 
[2026-05-05 02:16:22] production.INFO: Outbound call initiated {"call_control_id":"v3:yyS_-M-Lspnxd1K2Df5mXaCXpywesQNv_hFJE-2DRYupMySxx8svKQ","to":"+12249993880"} 
[2026-05-05 02:16:22] production.INFO: Telnyx voice webhook received {"event_type":"call.speak.started","call_control_id":"v3:jJTeGP9-4VM1m-a2J7cvFW4S9s3gRQfK1NR9y8s_-sw5Rhukdz_Thg","direction":null} 
[2026-05-05 02:16:22] production.INFO: TTS speak started {"call_control_id":"v3:jJTeGP9-4VM1m-a2J7cvFW4S9s3gRQfK1NR9y8s_-sw5Rhukdz_Thg"} 
[2026-05-05 02:16:23] production.DEBUG: Push notification delivered {"endpoint":"https://web.push.apple.com/QDkJcfxcMRPW4uLNUaYZ21nDUMJHCJ-cyja1FMQcNEv6qKbL-ec_s…","status":201} 
[2026-05-05 02:16:23] production.DEBUG: Push notification delivered {"endpoint":"https://fcm.googleapis.com/fcm/send/cYR-NIq4nms:APA91bEppjWa7ZIrYxviNuWljHyZ7qnu…","status":201} 
[2026-05-05 02:16:23] production.DEBUG: Push notification delivered {"endpoint":"https://wns2-by3p.notify.windows.com/w/?token=BQYAAACU%2bKDb9Gyej4KtbEbQJBisasbB…","status":201,"wns_status":"received","wns_msg_id":"2CB664BD77267B46","wns_debug":"BY3PEPF0000E9D2","content_encoding":"aes128gcm","response_body":""} 
[2026-05-05 02:16:24] production.DEBUG: Push notification delivered {"endpoint":"https://web.push.apple.com/QDkJcfxcMRPW4uLNUaYZ21nDUMJHCJ-cyja1FMQcNEv6qKbL-ec_s…","status":201} 
[2026-05-05 02:16:24] production.DEBUG: Push notification delivered {"endpoint":"https://fcm.googleapis.com/fcm/send/cYR-NIq4nms:APA91bEppjWa7ZIrYxviNuWljHyZ7qnu…","status":201} 
[2026-05-05 02:16:24] production.DEBUG: Push notification delivered {"endpoint":"https://wns2-by3p.notify.windows.com/w/?token=BQYAAACU%2bKDb9Gyej4KtbEbQJBisasbB…","status":201,"wns_status":"received","wns_msg_id":"5DE3DBA47F407C9B","wns_debug":"BY3PEPF0001958B","content_encoding":"aes128gcm","response_body":""} 
[2026-05-05 02:16:24] production.INFO: Telnyx voice webhook received {"event_type":"call.hold","call_control_id":"v3:2PEPApyQxapOW0VuP9vSPZwP85iPW0P6IChe7poxfMmnijcWGatArw","direction":null} 
[2026-05-05 02:16:24] production.INFO: Unhandled voice event {"event_type":"call.hold"} 
[2026-05-05 02:16:26] production.INFO: Telnyx voice webhook received {"event_type":"call.answered","call_control_id":"v3:yyS_-M-Lspnxd1K2Df5mXaCXpywesQNv_hFJE-2DRYupMySxx8svKQ","direction":null} 
[2026-05-05 02:16:26] production.INFO: Playing admin screening prompt {"admin_call_control_id":"v3:yyS_-M-Lspnxd1K2Df5mXaCXpywesQNv_hFJE-2DRYupMySxx8svKQ","call_log_id":926,"admin_user_id":1,"is_late_answerer":false,"caller_label":"GRZEGORZ SZADY"} 
[2026-05-05 02:16:26] production.INFO: Call command sent: speak {"call_control_id":"v3:yyS_-M-Lspnxd1K2Df5mXaCXpywesQNv_hFJE-2DRYupMySxx8svKQ","result":"ok"} 
[2026-05-05 02:16:26] production.INFO: Telnyx voice webhook received {"event_type":"call.speak.started","call_control_id":"v3:yyS_-M-Lspnxd1K2Df5mXaCXpywesQNv_hFJE-2DRYupMySxx8svKQ","direction":null} 
[2026-05-05 02:16:26] production.INFO: TTS speak started {"call_control_id":"v3:yyS_-M-Lspnxd1K2Df5mXaCXpywesQNv_hFJE-2DRYupMySxx8svKQ"} 
[2026-05-05 02:16:29] production.INFO: Telnyx voice webhook received {"event_type":"call.speak.ended","call_control_id":"v3:jJTeGP9-4VM1m-a2J7cvFW4S9s3gRQfK1NR9y8s_-sw5Rhukdz_Thg","direction":null} 
[2026-05-05 02:16:29] production.INFO: handleCallSpeakEnded ENTRY {"call_control_id":"v3:jJTeGP9-4VM1m-a2J7cvFW4S9s3gRQfK1NR9y8s_-sw5Rhukdz_Thg","action":"welcome_done","client_state":{"action":"welcome_done","call_log_id":926,"original_caller":"+18472123894"},"client_state_raw_present":true} 
[2026-05-05 02:16:29] production.INFO: TTS completed — no admin answered yet, playing ringback {"call_control_id":"v3:jJTeGP9-4VM1m-a2J7cvFW4S9s3gRQfK1NR9y8s_-sw5Rhukdz_Thg","call_log_id":926} 
[2026-05-05 02:16:29] production.INFO: Call command sent: playback_start {"call_control_id":"v3:jJTeGP9-4VM1m-a2J7cvFW4S9s3gRQfK1NR9y8s_-sw5Rhukdz_Thg","result":"ok"} 
[2026-05-05 02:16:30] production.INFO: Telnyx voice webhook received {"event_type":"call.playback.started","call_control_id":"v3:jJTeGP9-4VM1m-a2J7cvFW4S9s3gRQfK1NR9y8s_-sw5Rhukdz_Thg","direction":null} 
[2026-05-05 02:16:30] production.INFO: Unhandled voice event {"event_type":"call.playback.started"} 
[2026-05-05 02:16:31] production.INFO: Telnyx voice webhook received {"event_type":"call.speak.ended","call_control_id":"v3:yyS_-M-Lspnxd1K2Df5mXaCXpywesQNv_hFJE-2DRYupMySxx8svKQ","direction":null} 
[2026-05-05 02:16:31] production.INFO: handleCallSpeakEnded ENTRY {"call_control_id":"v3:yyS_-M-Lspnxd1K2Df5mXaCXpywesQNv_hFJE-2DRYupMySxx8svKQ","action":"admin_screen_done","client_state":{"action":"admin_screen_done","call_log_id":926,"incoming_call_control_id":"v3:jJTeGP9-4VM1m-a2J7cvFW4S9s3gRQfK1NR9y8s_-sw5Rhukdz_Thg","admin_user_id":1,"conference_id":null},"client_state_raw_present":true} 
[2026-05-05 02:16:31] production.INFO: First admin answered — bridging without prompt {"admin_call_control_id":"v3:yyS_-M-Lspnxd1K2Df5mXaCXpywesQNv_hFJE-2DRYupMySxx8svKQ","incoming_call_control_id":"v3:jJTeGP9-4VM1m-a2J7cvFW4S9s3gRQfK1NR9y8s_-sw5Rhukdz_Thg","call_log_id":926,"admin_user_id":1} 
[2026-05-05 02:16:31] production.INFO: Creating conference with caller as first participant {"call_log_id":926,"conference_name":"call_926_dc6ea035","incoming_call_control_id":"v3:jJTeGP9-4VM1m-a2J7cvFW4S9s3gRQfK1NR9y8s_-sw5Rhukdz_Thg","admin_call_control_id":"v3:yyS_-M-Lspnxd1K2Df5mXaCXpywesQNv_hFJE-2DRYupMySxx8svKQ","admin_user_id":1} 
[2026-05-05 02:16:31] production.INFO: Telnyx voice webhook received {"event_type":"call.hangup","call_control_id":"v3:yyS_-M-Lspnxd1K2Df5mXaCXpywesQNv_hFJE-2DRYupMySxx8svKQ","direction":null} 
[2026-05-05 02:16:31] production.INFO: Call command sent: playback_stop {"call_control_id":"v3:jJTeGP9-4VM1m-a2J7cvFW4S9s3gRQfK1NR9y8s_-sw5Rhukdz_Thg","result":"ok"} 
[2026-05-05 02:16:31] production.INFO: Telnyx voice webhook received {"event_type":"call.playback.ended","call_control_id":"v3:jJTeGP9-4VM1m-a2J7cvFW4S9s3gRQfK1NR9y8s_-sw5Rhukdz_Thg","direction":null} 
[2026-05-05 02:16:32] production.ERROR: Call command failed: playback_stop {"call_control_id":"v3:yyS_-M-Lspnxd1K2Df5mXaCXpywesQNv_hFJE-2DRYupMySxx8svKQ","status":422,"error":{"errors":[{"code":"90018","title":"Call has already ended","detail":"This call is no longer active and can't receive commands."}]}} 
[2026-05-05 02:16:32] production.INFO: Call command sent: playback_start {"call_control_id":"v3:jJTeGP9-4VM1m-a2J7cvFW4S9s3gRQfK1NR9y8s_-sw5Rhukdz_Thg","result":"ok"} 
[2026-05-05 02:16:32] production.INFO: Telnyx voice webhook received {"event_type":"call.playback.started","call_control_id":"v3:jJTeGP9-4VM1m-a2J7cvFW4S9s3gRQfK1NR9y8s_-sw5Rhukdz_Thg","direction":null} 
[2026-05-05 02:16:32] production.INFO: Unhandled voice event {"event_type":"call.playback.started"} 
[2026-05-05 02:16:32] production.INFO: Conference created {"name":"call_926_dc6ea035","conference_id":"67031e1f-67a8-4915-b085-d531352cc131","beneficiary_call_control_id":"v3:jJTeGP9-4VM1m-a2J7cvFW4S9s3gRQfK1NR9y8s_-sw5Rhukdz_Thg"} 
[2026-05-05 02:16:32] production.INFO: Telnyx voice webhook received {"event_type":"call.playback.ended","call_control_id":"v3:jJTeGP9-4VM1m-a2J7cvFW4S9s3gRQfK1NR9y8s_-sw5Rhukdz_Thg","direction":null} 
[2026-05-05 02:16:32] production.ERROR: Conference join failed {"conference_id":"67031e1f-67a8-4915-b085-d531352cc131","call_control_id":"v3:yyS_-M-Lspnxd1K2Df5mXaCXpywesQNv_hFJE-2DRYupMySxx8svKQ","status":422,"error":{"errors":[{"code":"90018","title":"Call has already ended","detail":"This call is no longer active and can't receive commands."}]}} 
[2026-05-05 02:16:32] production.ERROR: Failed to join admin to fresh conference {"admin_call_control_id":"v3:yyS_-M-Lspnxd1K2Df5mXaCXpywesQNv_hFJE-2DRYupMySxx8svKQ","conference_id":"67031e1f-67a8-4915-b085-d531352cc131"} 
[2026-05-05 02:16:32] production.INFO: Telnyx voice webhook received {"event_type":"conference.floor.changed","call_control_id":"v3:jJTeGP9-4VM1m-a2J7cvFW4S9s3gRQfK1NR9y8s_-sw5Rhukdz_Thg","direction":null} 
[2026-05-05 02:16:32] production.INFO: Unhandled voice event {"event_type":"conference.floor.changed"} 
[2026-05-05 02:16:32] production.ERROR: Call command failed: hangup {"call_control_id":"v3:yyS_-M-Lspnxd1K2Df5mXaCXpywesQNv_hFJE-2DRYupMySxx8svKQ","status":422,"error":{"errors":[{"code":"90018","title":"Call has already ended","detail":"This call is no longer active and can't receive commands."}]}} 
[2026-05-05 02:16:32] production.WARNING: Admin hung up before joining conference — no other admins ringing, triggering voicemail {"incoming_call_control_id":"v3:jJTeGP9-4VM1m-a2J7cvFW4S9s3gRQfK1NR9y8s_-sw5Rhukdz_Thg","call_log_id":926} 
[2026-05-05 02:16:32] production.INFO: Telnyx voice webhook received {"event_type":"call.unhold","call_control_id":"v3:2PEPApyQxapOW0VuP9vSPZwP85iPW0P6IChe7poxfMmnijcWGatArw","direction":null} 
[2026-05-05 02:16:32] production.INFO: Unhandled voice event {"event_type":"call.unhold"} 
[2026-05-05 02:16:32] production.INFO: Telnyx voice webhook received {"event_type":"conference.created","call_control_id":"v3:jJTeGP9-4VM1m-a2J7cvFW4S9s3gRQfK1NR9y8s_-sw5Rhukdz_Thg","direction":null} 
[2026-05-05 02:16:32] production.INFO: Unhandled voice event {"event_type":"conference.created"} 
[2026-05-05 02:16:33] production.INFO: Call command sent: playback_stop {"call_control_id":"v3:jJTeGP9-4VM1m-a2J7cvFW4S9s3gRQfK1NR9y8s_-sw5Rhukdz_Thg","result":"ok"} 
[2026-05-05 02:16:33] production.INFO: Playing voicemail IVR menu {"call_control_id":"v3:jJTeGP9-4VM1m-a2J7cvFW4S9s3gRQfK1NR9y8s_-sw5Rhukdz_Thg","call_log_id":926,"ivr_prompt":"<speak version=\"1.0\" xml:lang=\"en-US\">GS Construction is not available right now. Press 2 to send a text on your behalf so the GS Crew knows to call you back ASAP or stay on the line to leave a voicemail.<break time=\"400ms\"/></speak>","is_known_caller":false} 
[2026-05-05 02:16:33] production.INFO: Telnyx voice webhook received {"event_type":"call.hangup","call_control_id":"v3:2PEPApyQxapOW0VuP9vSPZwP85iPW0P6IChe7poxfMmnijcWGatArw","direction":null} 
[2026-05-05 02:16:33] production.INFO: Telnyx voice webhook received {"event_type":"conference.participant.joined","call_control_id":"v3:jJTeGP9-4VM1m-a2J7cvFW4S9s3gRQfK1NR9y8s_-sw5Rhukdz_Thg","direction":null} 
[2026-05-05 02:16:33] production.INFO: Unhandled voice event {"event_type":"conference.participant.joined"} 
[2026-05-05 02:16:33] production.INFO: Call command sent: gather_using_speak {"call_control_id":"v3:jJTeGP9-4VM1m-a2J7cvFW4S9s3gRQfK1NR9y8s_-sw5Rhukdz_Thg","result":"ok"} 
[2026-05-05 02:16:33] production.INFO: Telnyx voice webhook received {"event_type":"conference.ended","call_control_id":"v3:2PEPApyQxapOW0VuP9vSPZwP85iPW0P6IChe7poxfMmnijcWGatArw","direction":null} 
[2026-05-05 02:16:33] production.INFO: Unhandled voice event {"event_type":"conference.ended"} 
[2026-05-05 02:16:33] production.INFO: Telnyx voice webhook received {"event_type":"conference.participant.left","call_control_id":"v3:2PEPApyQxapOW0VuP9vSPZwP85iPW0P6IChe7poxfMmnijcWGatArw","direction":null} 
[2026-05-05 02:16:33] production.INFO: Unhandled voice event {"event_type":"conference.participant.left"} 
[2026-05-05 02:16:34] production.INFO: Telnyx voice webhook received {"event_type":"call.speak.started","call_control_id":"v3:jJTeGP9-4VM1m-a2J7cvFW4S9s3gRQfK1NR9y8s_-sw5Rhukdz_Thg","direction":null} 
[2026-05-05 02:16:34] production.INFO: TTS speak started {"call_control_id":"v3:jJTeGP9-4VM1m-a2J7cvFW4S9s3gRQfK1NR9y8s_-sw5Rhukdz_Thg"} 
[2026-05-05 02:16:43] production.INFO: Telnyx voice webhook received {"event_type":"call.dtmf.received","call_control_id":"v3:jJTeGP9-4VM1m-a2J7cvFW4S9s3gRQfK1NR9y8s_-sw5Rhukdz_Thg","direction":null} 
[2026-05-05 02:16:43] production.INFO: DTMF received {"call_control_id":"v3:jJTeGP9-4VM1m-a2J7cvFW4S9s3gRQfK1NR9y8s_-sw5Rhukdz_Thg","digit":"2"} 
[2026-05-05 02:16:43] production.INFO: Telnyx voice webhook received {"event_type":"call.speak.ended","call_control_id":"v3:jJTeGP9-4VM1m-a2J7cvFW4S9s3gRQfK1NR9y8s_-sw5Rhukdz_Thg","direction":null} 
[2026-05-05 02:16:43] production.INFO: handleCallSpeakEnded ENTRY {"call_control_id":"v3:jJTeGP9-4VM1m-a2J7cvFW4S9s3gRQfK1NR9y8s_-sw5Rhukdz_Thg","action":"voicemail_ivr_menu","client_state":{"action":"voicemail_ivr_menu","call_log_id":926,"original_caller":"+18472123894","is_known_caller":false,"retry_count":0},"client_state_raw_present":true} 
[2026-05-05 02:16:43] production.INFO: Telnyx voice webhook received {"event_type":"call.gather.ended","call_control_id":"v3:jJTeGP9-4VM1m-a2J7cvFW4S9s3gRQfK1NR9y8s_-sw5Rhukdz_Thg","direction":null} 
[2026-05-05 02:16:43] production.INFO: IVR gather ended {"call_control_id":"v3:jJTeGP9-4VM1m-a2J7cvFW4S9s3gRQfK1NR9y8s_-sw5Rhukdz_Thg","digits":"2","call_log_id":926} 
[2026-05-05 02:16:43] production.INFO: IVR: caller pressed 2 — sending SMS {"call_control_id":"v3:jJTeGP9-4VM1m-a2J7cvFW4S9s3gRQfK1NR9y8s_-sw5Rhukdz_Thg","caller_number":"+18472123894"} 
[2026-05-05 02:16:44] production.INFO: Callback SMS sent to caller {"caller_number":"+18472123894","from":"+12247354200"} 
[2026-05-05 02:16:44] production.INFO: Auto-created new thread for inbound message {"thread_id":226,"from":"+18472123894","to":"+12247354200","client_id":null} 
[2026-05-05 02:16:44] production.INFO: Callback message created in SMS system {"call_log_id":926,"caller_number":"+18472123894","thread_id":226,"message_id":41717} 
[2026-05-05 02:16:44] production.INFO: Call command sent: speak {"call_control_id":"v3:jJTeGP9-4VM1m-a2J7cvFW4S9s3gRQfK1NR9y8s_-sw5Rhukdz_Thg","result":"ok"} 
[2026-05-05 02:16:44] production.INFO: Telnyx webhook received {"event_type":"message.sent","message_id":"40319df5-ec67-48b1-9d59-128f0babb0b1"} 
[2026-05-05 02:16:44] production.INFO: Message sent {"id":"40319df5-ec67-48b1-9d59-128f0babb0b1","to":"+18472123894","from":"+12247354200"} 
[2026-05-05 02:16:45] production.INFO: Telnyx webhook received {"event_type":"message.finalized","message_id":"40319df5-ec67-48b1-9d59-128f0babb0b1"} 
[2026-05-05 02:16:45] production.INFO: Message finalized {"id":"40319df5-ec67-48b1-9d59-128f0babb0b1","to":"+18472123894","status":"delivered"} 
[2026-05-05 02:16:45] production.INFO: Telnyx voice webhook received {"event_type":"call.speak.started","call_control_id":"v3:jJTeGP9-4VM1m-a2J7cvFW4S9s3gRQfK1NR9y8s_-sw5Rhukdz_Thg","direction":null} 
[2026-05-05 02:16:45] production.INFO: TTS speak started {"call_control_id":"v3:jJTeGP9-4VM1m-a2J7cvFW4S9s3gRQfK1NR9y8s_-sw5Rhukdz_Thg"} 
[2026-05-05 02:16:45] production.DEBUG: Push notification delivered {"endpoint":"https://web.push.apple.com/QDkJcfxcMRPW4uLNUaYZ21nDUMJHCJ-cyja1FMQcNEv6qKbL-ec_s…","status":201} 
[2026-05-05 02:16:45] production.DEBUG: Push notification delivered {"endpoint":"https://fcm.googleapis.com/fcm/send/cYR-NIq4nms:APA91bEppjWa7ZIrYxviNuWljHyZ7qnu…","status":201} 
[2026-05-05 02:16:45] production.DEBUG: Push notification delivered {"endpoint":"https://wns2-by3p.notify.windows.com/w/?token=BQYAAACU%2bKDb9Gyej4KtbEbQJBisasbB…","status":201,"wns_status":"received","wns_msg_id":"2CF5C7F6A3E47F7","wns_debug":"BY3PEPF0000E9CD","content_encoding":"aes128gcm","response_body":""} 
[2026-05-05 02:16:46] production.DEBUG: Push notification delivered {"endpoint":"https://wns2-ch1p.notify.windows.com/w/?token=BQYAAAAQe2hvIFkElPQKFh5BKOEEEpIVqW…","status":201,"wns_status":"received","wns_msg_id":"34D00C036033AD7F","wns_debug":"CH1PEPF00006F55","content_encoding":"aes128gcm","response_body":""} 
[2026-05-05 02:16:46] production.DEBUG: Push notification delivered {"endpoint":"https://web.push.apple.com/QJnqrnzJg9xule8bhPY8CE20AFCRYEqQblM8TaB0eTcRZ7HDySHVw…","status":201} 
[2026-05-05 02:16:52] production.INFO: Telnyx voice webhook received {"event_type":"call.speak.ended","call_control_id":"v3:jJTeGP9-4VM1m-a2J7cvFW4S9s3gRQfK1NR9y8s_-sw5Rhukdz_Thg","direction":null} 
[2026-05-05 02:16:52] production.INFO: handleCallSpeakEnded ENTRY {"call_control_id":"v3:jJTeGP9-4VM1m-a2J7cvFW4S9s3gRQfK1NR9y8s_-sw5Rhukdz_Thg","action":"ivr_sms_confirmation","client_state":{"action":"ivr_sms_confirmation","call_log_id":926},"client_state_raw_present":true} 
[2026-05-05 02:16:52] production.INFO: IVR SMS confirmation done — hanging up {"call_control_id":"v3:jJTeGP9-4VM1m-a2J7cvFW4S9s3gRQfK1NR9y8s_-sw5Rhukdz_Thg","call_log_id":926} 
[2026-05-05 02:16:53] production.INFO: Call command sent: hangup {"call_control_id":"v3:jJTeGP9-4VM1m-a2J7cvFW4S9s3gRQfK1NR9y8s_-sw5Rhukdz_Thg","result":"ok"} 
[2026-05-05 02:16:53] production.INFO: Telnyx voice webhook received {"event_type":"call.hangup","call_control_id":"v3:jJTeGP9-4VM1m-a2J7cvFW4S9s3gRQfK1NR9y8s_-sw5Rhukdz_Thg","direction":null} 
[2026-05-05 02:16:53] production.INFO: Call ended {"call_control_id":"v3:jJTeGP9-4VM1m-a2J7cvFW4S9s3gRQfK1NR9y8s_-sw5Rhukdz_Thg","status":"missed","hangup_cause":"normal_clearing","duration":32.335782} 
[2026-05-05 02:16:53] production.INFO: Telnyx voice webhook received {"event_type":"conference.participant.left","call_control_id":"v3:jJTeGP9-4VM1m-a2J7cvFW4S9s3gRQfK1NR9y8s_-sw5Rhukdz_Thg","direction":null} 
[2026-05-05 02:16:53] production.INFO: Unhandled voice event {"event_type":"conference.participant.left"} 
[2026-05-05 02:16:53] production.INFO: Telnyx voice webhook received {"event_type":"conference.ended","call_control_id":"v3:jJTeGP9-4VM1m-a2J7cvFW4S9s3gRQfK1NR9y8s_-sw5Rhukdz_Thg","direction":null} 
[2026-05-05 02:16:53] production.INFO: Unhandled voice event {"event_type":"conference.ended"} 
[2026-05-05 02:16:59] production.INFO: Telnyx voice webhook received {"event_type":"call.initiated","call_control_id":"v3:aBXIpiuL6KszEcbJn6AKG2qDHK_Xxze5MN6A2zWUk0Lwb7HXFpEDRA","direction":"incoming"} 
[2026-05-05 02:16:59] production.INFO: Incoming call - answering {"call_control_id":"v3:aBXIpiuL6KszEcbJn6AKG2qDHK_Xxze5MN6A2zWUk0Lwb7HXFpEDRA","from":"+18472123894","to":"+12247354200","caller_user_id":null,"caller_name":"GRZEGORZ SZADY"} 
[2026-05-05 02:17:00] production.INFO: Call command sent: answer {"call_control_id":"v3:aBXIpiuL6KszEcbJn6AKG2qDHK_Xxze5MN6A2zWUk0Lwb7HXFpEDRA","result":"ok"} 
[2026-05-05 02:17:00] production.INFO: Telnyx voice webhook received {"event_type":"call.answered","call_control_id":"v3:aBXIpiuL6KszEcbJn6AKG2qDHK_Xxze5MN6A2zWUk0Lwb7HXFpEDRA","direction":null} 
[2026-05-05 02:17:00] production.INFO: Playing welcome TTS and dialing admins simultaneously {"call_control_id":"v3:aBXIpiuL6KszEcbJn6AKG2qDHK_Xxze5MN6A2zWUk0Lwb7HXFpEDRA","tts":"<speak version=\"1.0\" xml:lang=\"en-US\">Good evening, thanks for calling GS Construction! One moment while we connect you to the GS Crew.<break time=\"400ms\"/></speak>","is_known_caller":false} 
[2026-05-05 02:17:00] production.INFO: Call command sent: speak {"call_control_id":"v3:aBXIpiuL6KszEcbJn6AKG2qDHK_Xxze5MN6A2zWUk0Lwb7HXFpEDRA","result":"ok"} 
[2026-05-05 02:17:01] production.INFO: Dialed admin {"admin_user_id":1,"admin_name":"Patryk Szady","phone":"+12249993880","admin_call_control_id":"v3:2_zsj8mwBu1dQAVF94wptshLpKO7-dT_gZZE0QTrq7gy9mgReI12dQ"} 
[2026-05-05 02:17:01] production.INFO: Telnyx voice webhook received {"event_type":"call.initiated","call_control_id":"v3:2_zsj8mwBu1dQAVF94wptshLpKO7-dT_gZZE0QTrq7gy9mgReI12dQ","direction":"outgoing"} 
[2026-05-05 02:17:01] production.INFO: Outbound call initiated {"call_control_id":"v3:2_zsj8mwBu1dQAVF94wptshLpKO7-dT_gZZE0QTrq7gy9mgReI12dQ","to":"+12249993880"} 
[2026-05-05 02:17:01] production.INFO: Telnyx voice webhook received {"event_type":"call.speak.started","call_control_id":"v3:aBXIpiuL6KszEcbJn6AKG2qDHK_Xxze5MN6A2zWUk0Lwb7HXFpEDRA","direction":null} 
[2026-05-05 02:17:01] production.INFO: TTS speak started {"call_control_id":"v3:aBXIpiuL6KszEcbJn6AKG2qDHK_Xxze5MN6A2zWUk0Lwb7HXFpEDRA"} 
[2026-05-05 02:17:02] production.DEBUG: Push notification delivered {"endpoint":"https://web.push.apple.com/QDkJcfxcMRPW4uLNUaYZ21nDUMJHCJ-cyja1FMQcNEv6qKbL-ec_s…","status":201} 
[2026-05-05 02:17:02] production.DEBUG: Push notification delivered {"endpoint":"https://fcm.googleapis.com/fcm/send/cYR-NIq4nms:APA91bEppjWa7ZIrYxviNuWljHyZ7qnu…","status":201} 
[2026-05-05 02:17:02] production.DEBUG: Push notification delivered {"endpoint":"https://wns2-by3p.notify.windows.com/w/?token=BQYAAACU%2bKDb9Gyej4KtbEbQJBisasbB…","status":201,"wns_status":"received","wns_msg_id":"6CE9C5843FBF933E","wns_debug":"BY3PEPF000195AA","content_encoding":"aes128gcm","response_body":""} 
[2026-05-05 02:17:02] production.DEBUG: Push notification delivered {"endpoint":"https://web.push.apple.com/QDkJcfxcMRPW4uLNUaYZ21nDUMJHCJ-cyja1FMQcNEv6qKbL-ec_s…","status":201} 
[2026-05-05 02:17:02] production.DEBUG: Push notification delivered {"endpoint":"https://fcm.googleapis.com/fcm/send/cYR-NIq4nms:APA91bEppjWa7ZIrYxviNuWljHyZ7qnu…","status":201} 
[2026-05-05 02:17:02] production.DEBUG: Push notification delivered {"endpoint":"https://wns2-by3p.notify.windows.com/w/?token=BQYAAACU%2bKDb9Gyej4KtbEbQJBisasbB…","status":201,"wns_status":"received","wns_msg_id":"127B95531CEFF40F","wns_debug":"BY3PEPF000197CF","content_encoding":"aes128gcm","response_body":""} 
[2026-05-05 02:17:03] production.INFO: Telnyx voice webhook received {"event_type":"call.answered","call_control_id":"v3:2_zsj8mwBu1dQAVF94wptshLpKO7-dT_gZZE0QTrq7gy9mgReI12dQ","direction":null} 
[2026-05-05 02:17:03] production.INFO: Playing admin screening prompt {"admin_call_control_id":"v3:2_zsj8mwBu1dQAVF94wptshLpKO7-dT_gZZE0QTrq7gy9mgReI12dQ","call_log_id":927,"admin_user_id":1,"is_late_answerer":false,"caller_label":"GRZEGORZ SZADY"} 
[2026-05-05 02:17:04] production.INFO: Call command sent: speak {"call_control_id":"v3:2_zsj8mwBu1dQAVF94wptshLpKO7-dT_gZZE0QTrq7gy9mgReI12dQ","result":"ok"} 
[2026-05-05 02:17:04] production.INFO: Telnyx voice webhook received {"event_type":"call.speak.started","call_control_id":"v3:2_zsj8mwBu1dQAVF94wptshLpKO7-dT_gZZE0QTrq7gy9mgReI12dQ","direction":null} 
[2026-05-05 02:17:04] production.INFO: TTS speak started {"call_control_id":"v3:2_zsj8mwBu1dQAVF94wptshLpKO7-dT_gZZE0QTrq7gy9mgReI12dQ"} 
[2026-05-05 02:17:08] production.INFO: Telnyx voice webhook received {"event_type":"call.speak.ended","call_control_id":"v3:aBXIpiuL6KszEcbJn6AKG2qDHK_Xxze5MN6A2zWUk0Lwb7HXFpEDRA","direction":null} 
[2026-05-05 02:17:08] production.INFO: handleCallSpeakEnded ENTRY {"call_control_id":"v3:aBXIpiuL6KszEcbJn6AKG2qDHK_Xxze5MN6A2zWUk0Lwb7HXFpEDRA","action":"welcome_done","client_state":{"action":"welcome_done","call_log_id":927,"original_caller":"+18472123894"},"client_state_raw_present":true} 
[2026-05-05 02:17:08] production.INFO: TTS completed — no admin answered yet, playing ringback {"call_control_id":"v3:aBXIpiuL6KszEcbJn6AKG2qDHK_Xxze5MN6A2zWUk0Lwb7HXFpEDRA","call_log_id":927} 
[2026-05-05 02:17:09] production.INFO: Call command sent: playback_start {"call_control_id":"v3:aBXIpiuL6KszEcbJn6AKG2qDHK_Xxze5MN6A2zWUk0Lwb7HXFpEDRA","result":"ok"} 
[2026-05-05 02:17:09] production.INFO: Telnyx voice webhook received {"event_type":"call.playback.started","call_control_id":"v3:aBXIpiuL6KszEcbJn6AKG2qDHK_Xxze5MN6A2zWUk0Lwb7HXFpEDRA","direction":null} 
[2026-05-05 02:17:09] production.INFO: Unhandled voice event {"event_type":"call.playback.started"} 
[2026-05-05 02:17:10] production.INFO: Telnyx voice webhook received {"event_type":"call.speak.ended","call_control_id":"v3:2_zsj8mwBu1dQAVF94wptshLpKO7-dT_gZZE0QTrq7gy9mgReI12dQ","direction":null} 
[2026-05-05 02:17:10] production.INFO: handleCallSpeakEnded ENTRY {"call_control_id":"v3:2_zsj8mwBu1dQAVF94wptshLpKO7-dT_gZZE0QTrq7gy9mgReI12dQ","action":"admin_screen_done","client_state":{"action":"admin_screen_done","call_log_id":927,"incoming_call_control_id":"v3:aBXIpiuL6KszEcbJn6AKG2qDHK_Xxze5MN6A2zWUk0Lwb7HXFpEDRA","admin_user_id":1,"conference_id":null},"client_state_raw_present":true} 
[2026-05-05 02:17:10] production.INFO: First admin answered — bridging without prompt {"admin_call_control_id":"v3:2_zsj8mwBu1dQAVF94wptshLpKO7-dT_gZZE0QTrq7gy9mgReI12dQ","incoming_call_control_id":"v3:aBXIpiuL6KszEcbJn6AKG2qDHK_Xxze5MN6A2zWUk0Lwb7HXFpEDRA","call_log_id":927,"admin_user_id":1} 
[2026-05-05 02:17:10] production.INFO: Creating conference with caller as first participant {"call_log_id":927,"conference_name":"call_927_6af4670c","incoming_call_control_id":"v3:aBXIpiuL6KszEcbJn6AKG2qDHK_Xxze5MN6A2zWUk0Lwb7HXFpEDRA","admin_call_control_id":"v3:2_zsj8mwBu1dQAVF94wptshLpKO7-dT_gZZE0QTrq7gy9mgReI12dQ","admin_user_id":1} 
[2026-05-05 02:17:11] production.INFO: Call command sent: playback_stop {"call_control_id":"v3:aBXIpiuL6KszEcbJn6AKG2qDHK_Xxze5MN6A2zWUk0Lwb7HXFpEDRA","result":"ok"} 
[2026-05-05 02:17:11] production.INFO: Telnyx voice webhook received {"event_type":"call.playback.ended","call_control_id":"v3:aBXIpiuL6KszEcbJn6AKG2qDHK_Xxze5MN6A2zWUk0Lwb7HXFpEDRA","direction":null} 
[2026-05-05 02:17:11] production.INFO: Call command sent: playback_start {"call_control_id":"v3:aBXIpiuL6KszEcbJn6AKG2qDHK_Xxze5MN6A2zWUk0Lwb7HXFpEDRA","result":"ok"} 
[2026-05-05 02:17:11] production.INFO: Call command sent: playback_stop {"call_control_id":"v3:2_zsj8mwBu1dQAVF94wptshLpKO7-dT_gZZE0QTrq7gy9mgReI12dQ","result":"ok"} 
[2026-05-05 02:17:11] production.INFO: Telnyx voice webhook received {"event_type":"call.playback.started","call_control_id":"v3:aBXIpiuL6KszEcbJn6AKG2qDHK_Xxze5MN6A2zWUk0Lwb7HXFpEDRA","direction":null} 
[2026-05-05 02:17:11] production.INFO: Unhandled voice event {"event_type":"call.playback.started"} 
[2026-05-05 02:17:11] production.INFO: Conference created {"name":"call_927_6af4670c","conference_id":"72aab583-115e-477f-8ac5-69e1f003bb8a","beneficiary_call_control_id":"v3:aBXIpiuL6KszEcbJn6AKG2qDHK_Xxze5MN6A2zWUk0Lwb7HXFpEDRA"} 
[2026-05-05 02:17:12] production.INFO: Telnyx voice webhook received {"event_type":"call.playback.ended","call_control_id":"v3:aBXIpiuL6KszEcbJn6AKG2qDHK_Xxze5MN6A2zWUk0Lwb7HXFpEDRA","direction":null} 
[2026-05-05 02:17:12] production.INFO: Telnyx voice webhook received {"event_type":"conference.floor.changed","call_control_id":"v3:aBXIpiuL6KszEcbJn6AKG2qDHK_Xxze5MN6A2zWUk0Lwb7HXFpEDRA","direction":null} 
[2026-05-05 02:17:12] production.INFO: Unhandled voice event {"event_type":"conference.floor.changed"} 
[2026-05-05 02:17:12] production.INFO: Telnyx voice webhook received {"event_type":"call.hangup","call_control_id":"v3:2_zsj8mwBu1dQAVF94wptshLpKO7-dT_gZZE0QTrq7gy9mgReI12dQ","direction":null} 
[2026-05-05 02:17:12] production.INFO: Joined conference {"conference_id":"72aab583-115e-477f-8ac5-69e1f003bb8a","call_control_id":"v3:2_zsj8mwBu1dQAVF94wptshLpKO7-dT_gZZE0QTrq7gy9mgReI12dQ"} 
[2026-05-05 02:17:12] production.INFO: Telnyx voice webhook received {"event_type":"conference.created","call_control_id":"v3:aBXIpiuL6KszEcbJn6AKG2qDHK_Xxze5MN6A2zWUk0Lwb7HXFpEDRA","direction":null} 
[2026-05-05 02:17:12] production.INFO: Unhandled voice event {"event_type":"conference.created"} 
[2026-05-05 02:17:12] production.INFO: Telnyx voice webhook received {"event_type":"conference.participant.joined","call_control_id":"v3:aBXIpiuL6KszEcbJn6AKG2qDHK_Xxze5MN6A2zWUk0Lwb7HXFpEDRA","direction":null} 
[2026-05-05 02:17:12] production.INFO: Unhandled voice event {"event_type":"conference.participant.joined"} 
[2026-05-05 02:17:12] production.INFO: Telnyx voice webhook received {"event_type":"conference.participant.joined","call_control_id":"v3:2_zsj8mwBu1dQAVF94wptshLpKO7-dT_gZZE0QTrq7gy9mgReI12dQ","direction":null} 
[2026-05-05 02:17:12] production.INFO: Unhandled voice event {"event_type":"conference.participant.joined"} 
[2026-05-05 02:17:12] production.INFO: Telnyx voice webhook received {"event_type":"conference.participant.left","call_control_id":"v3:2_zsj8mwBu1dQAVF94wptshLpKO7-dT_gZZE0QTrq7gy9mgReI12dQ","direction":null} 
[2026-05-05 02:17:12] production.INFO: Unhandled voice event {"event_type":"conference.participant.left"} 
[2026-05-05 02:17:44] production.INFO: Telnyx voice webhook received {"event_type":"call.hangup","call_control_id":"v3:aBXIpiuL6KszEcbJn6AKG2qDHK_Xxze5MN6A2zWUk0Lwb7HXFpEDRA","direction":null} 
[2026-05-05 02:17:44] production.INFO: Call ended {"call_control_id":"v3:aBXIpiuL6KszEcbJn6AKG2qDHK_Xxze5MN6A2zWUk0Lwb7HXFpEDRA","status":"completed","hangup_cause":"normal_clearing","duration":44.3685} 
[2026-05-05 02:17:44] production.INFO: Telnyx voice webhook received {"event_type":"conference.ended","call_control_id":"v3:aBXIpiuL6KszEcbJn6AKG2qDHK_Xxze5MN6A2zWUk0Lwb7HXFpEDRA","direction":null} 
[2026-05-05 02:17:44] production.INFO: Unhandled voice event {"event_type":"conference.ended"} 
[2026-05-05 02:17:44] production.INFO: Telnyx voice webhook received {"event_type":"conference.participant.left","call_control_id":"v3:aBXIpiuL6KszEcbJn6AKG2qDHK_Xxze5MN6A2zWUk0Lwb7HXFpEDRA","direction":null} 
[2026-05-05 02:17:44] production.INFO: Unhandled voice event {"event_type":"conference.participant.left"} 
[2026-05-05 02:17:46] production.INFO: Telnyx voice webhook received {"event_type":"call.initiated","call_control_id":"v3:I9-Be_V1l8V0pBiL37CQD_Ix9pxLvpiXaeSyuHEzH4pQ7l0fzCqi2w","direction":"incoming"} 
[2026-05-05 02:17:46] production.INFO: Incoming call - answering {"call_control_id":"v3:I9-Be_V1l8V0pBiL37CQD_Ix9pxLvpiXaeSyuHEzH4pQ7l0fzCqi2w","from":"+18472123894","to":"+12247354200","caller_user_id":null,"caller_name":"GRZEGORZ SZADY"} 
[2026-05-05 02:17:46] production.INFO: Call command sent: answer {"call_control_id":"v3:I9-Be_V1l8V0pBiL37CQD_Ix9pxLvpiXaeSyuHEzH4pQ7l0fzCqi2w","result":"ok"} 
[2026-05-05 02:17:47] production.INFO: Telnyx voice webhook received {"event_type":"call.answered","call_control_id":"v3:I9-Be_V1l8V0pBiL37CQD_Ix9pxLvpiXaeSyuHEzH4pQ7l0fzCqi2w","direction":null} 
[2026-05-05 02:17:47] production.INFO: Playing welcome TTS and dialing admins simultaneously {"call_control_id":"v3:I9-Be_V1l8V0pBiL37CQD_Ix9pxLvpiXaeSyuHEzH4pQ7l0fzCqi2w","tts":"<speak version=\"1.0\" xml:lang=\"en-US\">Good evening, thanks for calling GS Construction! One moment while we connect you to the GS Crew.<break time=\"400ms\"/></speak>","is_known_caller":false} 
[2026-05-05 02:17:47] production.INFO: Call command sent: speak {"call_control_id":"v3:I9-Be_V1l8V0pBiL37CQD_Ix9pxLvpiXaeSyuHEzH4pQ7l0fzCqi2w","result":"ok"} 
[2026-05-05 02:17:47] production.DEBUG: Push notification delivered {"endpoint":"https://web.push.apple.com/QDkJcfxcMRPW4uLNUaYZ21nDUMJHCJ-cyja1FMQcNEv6qKbL-ec_s…","status":201} 
[2026-05-05 02:17:47] production.DEBUG: Push notification delivered {"endpoint":"https://fcm.googleapis.com/fcm/send/cYR-NIq4nms:APA91bEppjWa7ZIrYxviNuWljHyZ7qnu…","status":201} 
[2026-05-05 02:17:47] production.DEBUG: Push notification delivered {"endpoint":"https://wns2-by3p.notify.windows.com/w/?token=BQYAAACU%2bKDb9Gyej4KtbEbQJBisasbB…","status":201,"wns_status":"received","wns_msg_id":"B203A317C092F5","wns_debug":"BY3PEPF0000E96F","content_encoding":"aes128gcm","response_body":""} 
[2026-05-05 02:17:48] production.INFO: Dialed admin {"admin_user_id":1,"admin_name":"Patryk Szady","phone":"+12249993880","admin_call_control_id":"v3:UYNfeUHfAGuCTF0KvDobHh46csKO3XnPmhbviaXyVkUkB9Ad71nsbQ"} 
[2026-05-05 02:17:48] production.INFO: Telnyx voice webhook received {"event_type":"call.initiated","call_control_id":"v3:UYNfeUHfAGuCTF0KvDobHh46csKO3XnPmhbviaXyVkUkB9Ad71nsbQ","direction":"outgoing"} 
[2026-05-05 02:17:48] production.INFO: Outbound call initiated {"call_control_id":"v3:UYNfeUHfAGuCTF0KvDobHh46csKO3XnPmhbviaXyVkUkB9Ad71nsbQ","to":"+12249993880"} 
[2026-05-05 02:17:48] production.DEBUG: Push notification delivered {"endpoint":"https://web.push.apple.com/QDkJcfxcMRPW4uLNUaYZ21nDUMJHCJ-cyja1FMQcNEv6qKbL-ec_s…","status":201} 
[2026-05-05 02:17:48] production.DEBUG: Push notification delivered {"endpoint":"https://fcm.googleapis.com/fcm/send/cYR-NIq4nms:APA91bEppjWa7ZIrYxviNuWljHyZ7qnu…","status":201} 
[2026-05-05 02:17:48] production.DEBUG: Push notification delivered {"endpoint":"https://wns2-by3p.notify.windows.com/w/?token=BQYAAACU%2bKDb9Gyej4KtbEbQJBisasbB…","status":201,"wns_status":"received","wns_msg_id":"6D9D5F8E44AF44AC","wns_debug":"BY3PEPF0001AADE","content_encoding":"aes128gcm","response_body":""} 
[2026-05-05 02:17:48] production.INFO: Telnyx voice webhook received {"event_type":"call.speak.started","call_control_id":"v3:I9-Be_V1l8V0pBiL37CQD_Ix9pxLvpiXaeSyuHEzH4pQ7l0fzCqi2w","direction":null} 
[2026-05-05 02:17:48] production.INFO: TTS speak started {"call_control_id":"v3:I9-Be_V1l8V0pBiL37CQD_Ix9pxLvpiXaeSyuHEzH4pQ7l0fzCqi2w"} 
[2026-05-05 02:17:50] production.INFO: Telnyx voice webhook received {"event_type":"call.answered","call_control_id":"v3:UYNfeUHfAGuCTF0KvDobHh46csKO3XnPmhbviaXyVkUkB9Ad71nsbQ","direction":null} 
[2026-05-05 02:17:50] production.INFO: Playing admin screening prompt {"admin_call_control_id":"v3:UYNfeUHfAGuCTF0KvDobHh46csKO3XnPmhbviaXyVkUkB9Ad71nsbQ","call_log_id":928,"admin_user_id":1,"is_late_answerer":false,"caller_label":"GRZEGORZ SZADY"} 
[2026-05-05 02:17:50] production.INFO: Call command sent: speak {"call_control_id":"v3:UYNfeUHfAGuCTF0KvDobHh46csKO3XnPmhbviaXyVkUkB9Ad71nsbQ","result":"ok"} 
[2026-05-05 02:17:51] production.INFO: Telnyx voice webhook received {"event_type":"call.speak.started","call_control_id":"v3:UYNfeUHfAGuCTF0KvDobHh46csKO3XnPmhbviaXyVkUkB9Ad71nsbQ","direction":null} 
[2026-05-05 02:17:51] production.INFO: TTS speak started {"call_control_id":"v3:UYNfeUHfAGuCTF0KvDobHh46csKO3XnPmhbviaXyVkUkB9Ad71nsbQ"} 
[2026-05-05 02:17:55] production.INFO: Telnyx voice webhook received {"event_type":"call.speak.ended","call_control_id":"v3:I9-Be_V1l8V0pBiL37CQD_Ix9pxLvpiXaeSyuHEzH4pQ7l0fzCqi2w","direction":null} 
[2026-05-05 02:17:55] production.INFO: handleCallSpeakEnded ENTRY {"call_control_id":"v3:I9-Be_V1l8V0pBiL37CQD_Ix9pxLvpiXaeSyuHEzH4pQ7l0fzCqi2w","action":"welcome_done","client_state":{"action":"welcome_done","call_log_id":928,"original_caller":"+18472123894"},"client_state_raw_present":true} 
[2026-05-05 02:17:55] production.INFO: TTS completed — no admin answered yet, playing ringback {"call_control_id":"v3:I9-Be_V1l8V0pBiL37CQD_Ix9pxLvpiXaeSyuHEzH4pQ7l0fzCqi2w","call_log_id":928} 
[2026-05-05 02:17:55] production.INFO: Call command sent: playback_start {"call_control_id":"v3:I9-Be_V1l8V0pBiL37CQD_Ix9pxLvpiXaeSyuHEzH4pQ7l0fzCqi2w","result":"ok"} 
[2026-05-05 02:17:55] production.INFO: Telnyx voice webhook received {"event_type":"call.hangup","call_control_id":"v3:UYNfeUHfAGuCTF0KvDobHh46csKO3XnPmhbviaXyVkUkB9Ad71nsbQ","direction":null} 
[2026-05-05 02:17:55] production.INFO: Telnyx voice webhook received {"event_type":"call.speak.ended","call_control_id":"v3:UYNfeUHfAGuCTF0KvDobHh46csKO3XnPmhbviaXyVkUkB9Ad71nsbQ","direction":null} 
[2026-05-05 02:17:55] production.INFO: handleCallSpeakEnded ENTRY {"call_control_id":"v3:UYNfeUHfAGuCTF0KvDobHh46csKO3XnPmhbviaXyVkUkB9Ad71nsbQ","action":"admin_screen_done","client_state":{"action":"admin_screen_done","call_log_id":928,"incoming_call_control_id":"v3:I9-Be_V1l8V0pBiL37CQD_Ix9pxLvpiXaeSyuHEzH4pQ7l0fzCqi2w","admin_user_id":1,"conference_id":null},"client_state_raw_present":true} 
[2026-05-05 02:17:55] production.INFO: First admin answered — bridging without prompt {"admin_call_control_id":"v3:UYNfeUHfAGuCTF0KvDobHh46csKO3XnPmhbviaXyVkUkB9Ad71nsbQ","incoming_call_control_id":"v3:I9-Be_V1l8V0pBiL37CQD_Ix9pxLvpiXaeSyuHEzH4pQ7l0fzCqi2w","call_log_id":928,"admin_user_id":1} 
[2026-05-05 02:17:55] production.INFO: Creating conference with caller as first participant {"call_log_id":928,"conference_name":"call_928_a114c319","incoming_call_control_id":"v3:I9-Be_V1l8V0pBiL37CQD_Ix9pxLvpiXaeSyuHEzH4pQ7l0fzCqi2w","admin_call_control_id":"v3:UYNfeUHfAGuCTF0KvDobHh46csKO3XnPmhbviaXyVkUkB9Ad71nsbQ","admin_user_id":1} 
[2026-05-05 02:17:55] production.INFO: Telnyx voice webhook received {"event_type":"call.playback.started","call_control_id":"v3:I9-Be_V1l8V0pBiL37CQD_Ix9pxLvpiXaeSyuHEzH4pQ7l0fzCqi2w","direction":null} 
[2026-05-05 02:17:55] production.INFO: Unhandled voice event {"event_type":"call.playback.started"} 
[2026-05-05 02:17:55] production.INFO: Call command sent: playback_stop {"call_control_id":"v3:I9-Be_V1l8V0pBiL37CQD_Ix9pxLvpiXaeSyuHEzH4pQ7l0fzCqi2w","result":"ok"} 
[2026-05-05 02:17:55] production.INFO: Telnyx voice webhook received {"event_type":"call.playback.ended","call_control_id":"v3:I9-Be_V1l8V0pBiL37CQD_Ix9pxLvpiXaeSyuHEzH4pQ7l0fzCqi2w","direction":null} 
[2026-05-05 02:17:56] production.ERROR: Call command failed: playback_stop {"call_control_id":"v3:UYNfeUHfAGuCTF0KvDobHh46csKO3XnPmhbviaXyVkUkB9Ad71nsbQ","status":422,"error":{"errors":[{"code":"90018","title":"Call has already ended","detail":"This call is no longer active and can't receive commands."}]}} 
[2026-05-05 02:17:56] production.INFO: Call command sent: playback_start {"call_control_id":"v3:I9-Be_V1l8V0pBiL37CQD_Ix9pxLvpiXaeSyuHEzH4pQ7l0fzCqi2w","result":"ok"} 
[2026-05-05 02:17:56] production.INFO: Telnyx voice webhook received {"event_type":"call.playback.ended","call_control_id":"v3:I9-Be_V1l8V0pBiL37CQD_Ix9pxLvpiXaeSyuHEzH4pQ7l0fzCqi2w","direction":null} 
[2026-05-05 02:17:56] production.INFO: Call command sent: playback_start {"call_control_id":"v3:I9-Be_V1l8V0pBiL37CQD_Ix9pxLvpiXaeSyuHEzH4pQ7l0fzCqi2w","result":"ok"} 
[2026-05-05 02:17:56] production.INFO: Conference created {"name":"call_928_a114c319","conference_id":"0295b6bc-5ae9-4af7-bff1-08b2036da1f9","beneficiary_call_control_id":"v3:I9-Be_V1l8V0pBiL37CQD_Ix9pxLvpiXaeSyuHEzH4pQ7l0fzCqi2w"} 
[2026-05-05 02:17:56] production.INFO: Telnyx voice webhook received {"event_type":"conference.floor.changed","call_control_id":"v3:I9-Be_V1l8V0pBiL37CQD_Ix9pxLvpiXaeSyuHEzH4pQ7l0fzCqi2w","direction":null} 
[2026-05-05 02:17:56] production.INFO: Unhandled voice event {"event_type":"conference.floor.changed"} 
[2026-05-05 02:17:56] production.INFO: Telnyx voice webhook received {"event_type":"call.playback.started","call_control_id":"v3:I9-Be_V1l8V0pBiL37CQD_Ix9pxLvpiXaeSyuHEzH4pQ7l0fzCqi2w","direction":null} 
[2026-05-05 02:17:56] production.INFO: Unhandled voice event {"event_type":"call.playback.started"} 
[2026-05-05 02:17:56] production.INFO: Telnyx voice webhook received {"event_type":"call.playback.ended","call_control_id":"v3:I9-Be_V1l8V0pBiL37CQD_Ix9pxLvpiXaeSyuHEzH4pQ7l0fzCqi2w","direction":null} 
[2026-05-05 02:17:56] production.ERROR: Conference join failed {"conference_id":"0295b6bc-5ae9-4af7-bff1-08b2036da1f9","call_control_id":"v3:UYNfeUHfAGuCTF0KvDobHh46csKO3XnPmhbviaXyVkUkB9Ad71nsbQ","status":422,"error":{"errors":[{"code":"90018","title":"Call has already ended","detail":"This call is no longer active and can't receive commands."}]}} 
[2026-05-05 02:17:56] production.ERROR: Failed to join admin to fresh conference {"admin_call_control_id":"v3:UYNfeUHfAGuCTF0KvDobHh46csKO3XnPmhbviaXyVkUkB9Ad71nsbQ","conference_id":"0295b6bc-5ae9-4af7-bff1-08b2036da1f9"} 
[2026-05-05 02:17:56] production.ERROR: Call command failed: hangup {"call_control_id":"v3:UYNfeUHfAGuCTF0KvDobHh46csKO3XnPmhbviaXyVkUkB9Ad71nsbQ","status":422,"error":{"errors":[{"code":"90018","title":"Call has already ended","detail":"This call is no longer active and can't receive commands."}]}} 
[2026-05-05 02:17:56] production.WARNING: Admin hung up before joining conference — no other admins ringing, triggering voicemail {"incoming_call_control_id":"v3:I9-Be_V1l8V0pBiL37CQD_Ix9pxLvpiXaeSyuHEzH4pQ7l0fzCqi2w","call_log_id":928} 
[2026-05-05 02:17:57] production.INFO: Telnyx voice webhook received {"event_type":"conference.participant.joined","call_control_id":"v3:I9-Be_V1l8V0pBiL37CQD_Ix9pxLvpiXaeSyuHEzH4pQ7l0fzCqi2w","direction":null} 
[2026-05-05 02:17:57] production.INFO: Unhandled voice event {"event_type":"conference.participant.joined"} 
[2026-05-05 02:17:57] production.INFO: Telnyx voice webhook received {"event_type":"conference.created","call_control_id":"v3:I9-Be_V1l8V0pBiL37CQD_Ix9pxLvpiXaeSyuHEzH4pQ7l0fzCqi2w","direction":null} 
[2026-05-05 02:17:57] production.INFO: Unhandled voice event {"event_type":"conference.created"} 
[2026-05-05 02:17:57] production.INFO: Call command sent: playback_stop {"call_control_id":"v3:I9-Be_V1l8V0pBiL37CQD_Ix9pxLvpiXaeSyuHEzH4pQ7l0fzCqi2w","result":"ok"} 
[2026-05-05 02:17:57] production.INFO: Playing voicemail IVR menu {"call_control_id":"v3:I9-Be_V1l8V0pBiL37CQD_Ix9pxLvpiXaeSyuHEzH4pQ7l0fzCqi2w","call_log_id":928,"ivr_prompt":"<speak version=\"1.0\" xml:lang=\"en-US\">GS Construction is not available right now. Press 2 to send a text on your behalf so the GS Crew knows to call you back ASAP or stay on the line to leave a voicemail.<break time=\"400ms\"/></speak>","is_known_caller":false} 
[2026-05-05 02:17:57] production.INFO: Call command sent: gather_using_speak {"call_control_id":"v3:I9-Be_V1l8V0pBiL37CQD_Ix9pxLvpiXaeSyuHEzH4pQ7l0fzCqi2w","result":"ok"} 
[2026-05-05 02:17:58] production.INFO: Telnyx voice webhook received {"event_type":"call.speak.started","call_control_id":"v3:I9-Be_V1l8V0pBiL37CQD_Ix9pxLvpiXaeSyuHEzH4pQ7l0fzCqi2w","direction":null} 
[2026-05-05 02:17:58] production.INFO: TTS speak started {"call_control_id":"v3:I9-Be_V1l8V0pBiL37CQD_Ix9pxLvpiXaeSyuHEzH4pQ7l0fzCqi2w"} 
[2026-05-05 02:18:09] production.INFO: Telnyx voice webhook received {"event_type":"call.speak.ended","call_control_id":"v3:I9-Be_V1l8V0pBiL37CQD_Ix9pxLvpiXaeSyuHEzH4pQ7l0fzCqi2w","direction":null} 
[2026-05-05 02:18:09] production.INFO: handleCallSpeakEnded ENTRY {"call_control_id":"v3:I9-Be_V1l8V0pBiL37CQD_Ix9pxLvpiXaeSyuHEzH4pQ7l0fzCqi2w","action":"voicemail_ivr_menu","client_state":{"action":"voicemail_ivr_menu","call_log_id":928,"original_caller":"+18472123894","is_known_caller":false,"retry_count":0},"client_state_raw_present":true} 
[2026-05-05 02:18:16] production.INFO: Telnyx voice webhook received {"event_type":"call.gather.ended","call_control_id":"v3:I9-Be_V1l8V0pBiL37CQD_Ix9pxLvpiXaeSyuHEzH4pQ7l0fzCqi2w","direction":null} 
[2026-05-05 02:18:16] production.INFO: IVR gather ended {"call_control_id":"v3:I9-Be_V1l8V0pBiL37CQD_Ix9pxLvpiXaeSyuHEzH4pQ7l0fzCqi2w","digits":"","call_log_id":928} 
[2026-05-05 02:18:16] production.INFO: IVR: no digit pressed — playing voicemail greeting {"call_control_id":"v3:I9-Be_V1l8V0pBiL37CQD_Ix9pxLvpiXaeSyuHEzH4pQ7l0fzCqi2w","call_log_id":928} 
[2026-05-05 02:18:17] production.INFO: Call command sent: speak {"call_control_id":"v3:I9-Be_V1l8V0pBiL37CQD_Ix9pxLvpiXaeSyuHEzH4pQ7l0fzCqi2w","result":"ok"} 
[2026-05-05 02:18:18] production.INFO: Telnyx voice webhook received {"event_type":"call.speak.started","call_control_id":"v3:I9-Be_V1l8V0pBiL37CQD_Ix9pxLvpiXaeSyuHEzH4pQ7l0fzCqi2w","direction":null} 
[2026-05-05 02:18:18] production.INFO: TTS speak started {"call_control_id":"v3:I9-Be_V1l8V0pBiL37CQD_Ix9pxLvpiXaeSyuHEzH4pQ7l0fzCqi2w"} 
[2026-05-05 02:18:22] production.INFO: Telnyx voice webhook received {"event_type":"call.speak.ended","call_control_id":"v3:I9-Be_V1l8V0pBiL37CQD_Ix9pxLvpiXaeSyuHEzH4pQ7l0fzCqi2w","direction":null} 
[2026-05-05 02:18:22] production.INFO: handleCallSpeakEnded ENTRY {"call_control_id":"v3:I9-Be_V1l8V0pBiL37CQD_Ix9pxLvpiXaeSyuHEzH4pQ7l0fzCqi2w","action":"voicemail_prompt_done","client_state":{"action":"voicemail_prompt_done","call_log_id":928},"client_state_raw_present":true} 
[2026-05-05 02:18:22] production.INFO: Voicemail prompt done — starting recording {"call_control_id":"v3:I9-Be_V1l8V0pBiL37CQD_Ix9pxLvpiXaeSyuHEzH4pQ7l0fzCqi2w"} 
[2026-05-05 02:18:22] production.INFO: Call command sent: record_start {"call_control_id":"v3:I9-Be_V1l8V0pBiL37CQD_Ix9pxLvpiXaeSyuHEzH4pQ7l0fzCqi2w","result":"ok"} 
[2026-05-05 02:18:26] production.INFO: Telnyx voice webhook received {"event_type":"call.transcription","call_control_id":"v3:I9-Be_V1l8V0pBiL37CQD_Ix9pxLvpiXaeSyuHEzH4pQ7l0fzCqi2w","direction":null} 
[2026-05-05 02:18:26] production.INFO: Unhandled voice event {"event_type":"call.transcription"} 
[2026-05-05 02:18:26] production.INFO: Telnyx voice webhook received {"event_type":"call.transcription","call_control_id":"v3:I9-Be_V1l8V0pBiL37CQD_Ix9pxLvpiXaeSyuHEzH4pQ7l0fzCqi2w","direction":null} 
[2026-05-05 02:18:26] production.INFO: Unhandled voice event {"event_type":"call.transcription"} 
[2026-05-05 02:18:26] production.INFO: Telnyx voice webhook received {"event_type":"call.transcription","call_control_id":"v3:I9-Be_V1l8V0pBiL37CQD_Ix9pxLvpiXaeSyuHEzH4pQ7l0fzCqi2w","direction":null} 
[2026-05-05 02:18:26] production.INFO: Unhandled voice event {"event_type":"call.transcription"} 
[2026-05-05 02:18:27] production.INFO: Telnyx voice webhook received {"event_type":"call.transcription","call_control_id":"v3:I9-Be_V1l8V0pBiL37CQD_Ix9pxLvpiXaeSyuHEzH4pQ7l0fzCqi2w","direction":null} 
[2026-05-05 02:18:27] production.INFO: Unhandled voice event {"event_type":"call.transcription"} 
[2026-05-05 02:18:27] production.INFO: Telnyx voice webhook received {"event_type":"call.transcription","call_control_id":"v3:I9-Be_V1l8V0pBiL37CQD_Ix9pxLvpiXaeSyuHEzH4pQ7l0fzCqi2w","direction":null} 
[2026-05-05 02:18:27] production.INFO: Unhandled voice event {"event_type":"call.transcription"} 
[2026-05-05 02:18:28] production.INFO: Telnyx voice webhook received {"event_type":"call.transcription","call_control_id":"v3:I9-Be_V1l8V0pBiL37CQD_Ix9pxLvpiXaeSyuHEzH4pQ7l0fzCqi2w","direction":null} 
[2026-05-05 02:18:28] production.INFO: Unhandled voice event {"event_type":"call.transcription"} 
[2026-05-05 02:18:28] production.INFO: Telnyx voice webhook received {"event_type":"call.transcription","call_control_id":"v3:I9-Be_V1l8V0pBiL37CQD_Ix9pxLvpiXaeSyuHEzH4pQ7l0fzCqi2w","direction":null} 
[2026-05-05 02:18:28] production.INFO: Unhandled voice event {"event_type":"call.transcription"} 
[2026-05-05 02:18:28] production.INFO: Telnyx voice webhook received {"event_type":"call.transcription","call_control_id":"v3:I9-Be_V1l8V0pBiL37CQD_Ix9pxLvpiXaeSyuHEzH4pQ7l0fzCqi2w","direction":null} 
[2026-05-05 02:18:28] production.INFO: Unhandled voice event {"event_type":"call.transcription"} 
[2026-05-05 02:18:28] production.INFO: Telnyx voice webhook received {"event_type":"call.transcription","call_control_id":"v3:I9-Be_V1l8V0pBiL37CQD_Ix9pxLvpiXaeSyuHEzH4pQ7l0fzCqi2w","direction":null} 
[2026-05-05 02:18:28] production.INFO: Unhandled voice event {"event_type":"call.transcription"} 
[2026-05-05 02:18:29] production.INFO: Telnyx voice webhook received {"event_type":"call.transcription","call_control_id":"v3:I9-Be_V1l8V0pBiL37CQD_Ix9pxLvpiXaeSyuHEzH4pQ7l0fzCqi2w","direction":null} 
[2026-05-05 02:18:29] production.INFO: Unhandled voice event {"event_type":"call.transcription"} 
[2026-05-05 02:18:30] production.INFO: Telnyx voice webhook received {"event_type":"conference.participant.left","call_control_id":"v3:I9-Be_V1l8V0pBiL37CQD_Ix9pxLvpiXaeSyuHEzH4pQ7l0fzCqi2w","direction":null} 
[2026-05-05 02:18:30] production.INFO: Unhandled voice event {"event_type":"conference.participant.left"} 
[2026-05-05 02:18:30] production.INFO: Telnyx voice webhook received {"event_type":"conference.ended","call_control_id":"v3:I9-Be_V1l8V0pBiL37CQD_Ix9pxLvpiXaeSyuHEzH4pQ7l0fzCqi2w","direction":null} 
[2026-05-05 02:18:30] production.INFO: Unhandled voice event {"event_type":"conference.ended"} 
[2026-05-05 02:18:35] production.INFO: Telnyx voice webhook received {"event_type":"call.hangup","call_control_id":"v3:I9-Be_V1l8V0pBiL37CQD_Ix9pxLvpiXaeSyuHEzH4pQ7l0fzCqi2w","direction":null} 
[2026-05-05 02:18:35] production.INFO: Voicemail call ended {"call_control_id":"v3:I9-Be_V1l8V0pBiL37CQD_Ix9pxLvpiXaeSyuHEzH4pQ7l0fzCqi2w","call_log_id":928} 
[2026-05-05 02:18:37] production.INFO: Telnyx voice webhook received {"event_type":"call.recording.saved","call_control_id":"v3:I9-Be_V1l8V0pBiL37CQD_Ix9pxLvpiXaeSyuHEzH4pQ7l0fzCqi2w","direction":null} 
[2026-05-05 02:18:37] production.INFO: Call recording saved {"call_control_id":"v3:I9-Be_V1l8V0pBiL37CQD_Ix9pxLvpiXaeSyuHEzH4pQ7l0fzCqi2w","recording_urls":{"mp3":"https://s3.amazonaws.com/telephony-recorder-prod/49566db4-02e9-44ab-813f-f71a0c0b49d7/2026-05-05/9b14b29e-4828-11f1-b0e5-02420aef31a1-1777947502811755.mp3?X-Amz-Algorithm=AWS4-HMAC-SHA256&X-Amz-Credential=AKIASDC5E2MJDPKMH7UW%2F20260505%2Fus-east-1%2Fs3%2Faws4_request&X-Amz-Date=20260505T021836Z&X-Amz-Expires=600&X-Amz-SignedHeaders=host&X-Amz-Signature=df76018fda6b317d8f2224d1fdfc28d263195d62bbfd3ba7d742c6acce2b939a"},"is_voicemail":true} 
[2026-05-05 02:18:38] production.INFO: Call recording stored locally {"call_log_id":928,"path":"call-recordings/2026/05/565ec5cc-2aef-4b35-b10f-adb886a5e499.mp3"} 
[2026-05-05 02:19:54] production.INFO: Telnyx webhook received {"event_type":"message.received","message_id":"71c7c2d4-cb15-4ea6-8de2-a459afe6b650"} 
[2026-05-05 02:19:54] production.INFO: Inbound SMS received {"id":"71c7c2d4-cb15-4ea6-8de2-a459afe6b650","from":"+18472123894","to":"+12247354200","all_to":["+12247354200"],"text":"Test","media_count":0,"type":"SMS"} 
[2026-05-05 02:19:56] production.DEBUG: Push notification delivered {"endpoint":"https://web.push.apple.com/QDkJcfxcMRPW4uLNUaYZ21nDUMJHCJ-cyja1FMQcNEv6qKbL-ec_s…","status":201} 
[2026-05-05 02:19:56] production.DEBUG: Push notification delivered {"endpoint":"https://fcm.googleapis.com/fcm/send/cYR-NIq4nms:APA91bEppjWa7ZIrYxviNuWljHyZ7qnu…","status":201} 
[2026-05-05 02:19:56] production.DEBUG: Push notification delivered {"endpoint":"https://wns2-by3p.notify.windows.com/w/?token=BQYAAACU%2bKDb9Gyej4KtbEbQJBisasbB…","status":201,"wns_status":"received","wns_msg_id":"3B350FC04D14E648","wns_debug":"BY3PEPF000197E5","content_encoding":"aes128gcm","response_body":""} 
[2026-05-05 02:19:57] production.DEBUG: Push notification delivered {"endpoint":"https://wns2-ch1p.notify.windows.com/w/?token=BQYAAAAQe2hvIFkElPQKFh5BKOEEEpIVqW…","status":201,"wns_status":"received","wns_msg_id":"28AB39F05D7A38EB","wns_debug":"CH1PEPF00006E8A","content_encoding":"aes128gcm","response_body":""} 
[2026-05-05 02:19:57] production.DEBUG: Push notification delivered {"endpoint":"https://web.push.apple.com/QJnqrnzJg9xule8bhPY8CE20AFCRYEqQblM8TaB0eTcRZ7HDySHVw…","status":201} 
