[2026-05-13 14:24:12] production.INFO: Telnyx voice webhook received {"event_type":"call.initiated","call_control_id":"v3:Z_OqFVuts7u6_mizLlLrxgPd7M0wiZQ6nXOx5vGZn1atF8BBZfJTww","direction":"incoming"} 
[2026-05-13 14:24:13] production.INFO: Incoming call - answering {"call_control_id":"v3:Z_OqFVuts7u6_mizLlLrxgPd7M0wiZQ6nXOx5vGZn1atF8BBZfJTww","from":"+18479246049","to":"+18474304439","caller_user_id":null,"caller_name":"INC STUJAC"} 
[2026-05-13 14:24:14] production.INFO: Call command sent: answer {"call_control_id":"v3:Z_OqFVuts7u6_mizLlLrxgPd7M0wiZQ6nXOx5vGZn1atF8BBZfJTww","result":"ok"} 
[2026-05-13 14:24:14] production.INFO: Telnyx voice webhook received {"event_type":"call.answered","call_control_id":"v3:Z_OqFVuts7u6_mizLlLrxgPd7M0wiZQ6nXOx5vGZn1atF8BBZfJTww","direction":null} 
[2026-05-13 14:24:14] production.INFO: Playing welcome TTS and dialing admins simultaneously {"call_control_id":"v3:Z_OqFVuts7u6_mizLlLrxgPd7M0wiZQ6nXOx5vGZn1atF8BBZfJTww","tts":"<speak version=\"1.0\" xml:lang=\"en-US\"><break time=\"400ms\"/><prosody rate=\"+15%\">Good morning, thank you for calling GS Construction! One moment while we connect you to the GS Crew.</prosody><break time=\"400ms\"/></speak>","is_known_caller":false} 
[2026-05-13 14:24:14] production.INFO: Call command sent: speak {"call_control_id":"v3:Z_OqFVuts7u6_mizLlLrxgPd7M0wiZQ6nXOx5vGZn1atF8BBZfJTww","result":"ok"} 
[2026-05-13 14:24:15] production.INFO: Dialed admin {"admin_user_id":1,"admin_name":"Patryk Szady","phone":"+12249993880","admin_call_control_id":"v3:9unQCKzXCLYJ05A4vzPH7R0CPq09uDS-SgZvHq6DwB3DrTO3ijEfAw"} 
[2026-05-13 14:24:15] production.INFO: Telnyx voice webhook received {"event_type":"call.initiated","call_control_id":"v3:9unQCKzXCLYJ05A4vzPH7R0CPq09uDS-SgZvHq6DwB3DrTO3ijEfAw","direction":"outgoing"} 
[2026-05-13 14:24:15] production.INFO: Outbound call initiated {"call_control_id":"v3:9unQCKzXCLYJ05A4vzPH7R0CPq09uDS-SgZvHq6DwB3DrTO3ijEfAw","to":"+12249993880"} 
[2026-05-13 14:24:15] production.INFO: Telnyx voice webhook received {"event_type":"call.speak.started","call_control_id":"v3:Z_OqFVuts7u6_mizLlLrxgPd7M0wiZQ6nXOx5vGZn1atF8BBZfJTww","direction":null} 
[2026-05-13 14:24:15] production.INFO: TTS speak started {"call_control_id":"v3:Z_OqFVuts7u6_mizLlLrxgPd7M0wiZQ6nXOx5vGZn1atF8BBZfJTww"} 
[2026-05-13 14:24:16] production.DEBUG: Push notification delivered {"endpoint":"https://web.push.apple.com/QDkJcfxcMRPW4uLNUaYZ21nDUMJHCJ-cyja1FMQcNEv6qKbL-ec_s…","status":201} 
[2026-05-13 14:24:16] production.DEBUG: Push notification delivered {"endpoint":"https://fcm.googleapis.com/fcm/send/cYR-NIq4nms:APA91bEppjWa7ZIrYxviNuWljHyZ7qnu…","status":201} 
[2026-05-13 14:24:16] production.DEBUG: Push notification delivered {"endpoint":"https://wns2-by3p.notify.windows.com/w/?token=BQYAAACU%2bKDb9Gyej4KtbEbQJBisasbB…","status":201,"wns_status":"received","wns_msg_id":"2EF8A2A14F91DD82","wns_debug":"BY3PEPF0000FF30","content_encoding":"aes128gcm","response_body":""} 
[2026-05-13 14:24:17] production.DEBUG: Push notification delivered {"endpoint":"https://web.push.apple.com/QDkJcfxcMRPW4uLNUaYZ21nDUMJHCJ-cyja1FMQcNEv6qKbL-ec_s…","status":201} 
[2026-05-13 14:24:17] production.DEBUG: Push notification delivered {"endpoint":"https://fcm.googleapis.com/fcm/send/cYR-NIq4nms:APA91bEppjWa7ZIrYxviNuWljHyZ7qnu…","status":201} 
[2026-05-13 14:24:17] production.DEBUG: Push notification delivered {"endpoint":"https://wns2-by3p.notify.windows.com/w/?token=BQYAAACU%2bKDb9Gyej4KtbEbQJBisasbB…","status":201,"wns_status":"received","wns_msg_id":"75C11740045A9C1B","wns_debug":"BY3PEPF0001AAE1","content_encoding":"aes128gcm","response_body":""} 
[2026-05-13 14:24:22] production.INFO: Telnyx voice webhook received {"event_type":"call.speak.ended","call_control_id":"v3:Z_OqFVuts7u6_mizLlLrxgPd7M0wiZQ6nXOx5vGZn1atF8BBZfJTww","direction":null} 
[2026-05-13 14:24:22] production.INFO: handleCallSpeakEnded ENTRY {"call_control_id":"v3:Z_OqFVuts7u6_mizLlLrxgPd7M0wiZQ6nXOx5vGZn1atF8BBZfJTww","action":"welcome_done","client_state":{"action":"welcome_done","call_log_id":1169,"original_caller":"+18479246049"},"client_state_raw_present":true} 
[2026-05-13 14:24:22] production.INFO: TTS completed — no admin answered yet, playing ringback {"call_control_id":"v3:Z_OqFVuts7u6_mizLlLrxgPd7M0wiZQ6nXOx5vGZn1atF8BBZfJTww","call_log_id":1169} 
[2026-05-13 14:24:22] production.INFO: Call command sent: playback_start {"call_control_id":"v3:Z_OqFVuts7u6_mizLlLrxgPd7M0wiZQ6nXOx5vGZn1atF8BBZfJTww","result":"ok"} 
[2026-05-13 14:24:22] production.INFO: Telnyx voice webhook received {"event_type":"call.playback.started","call_control_id":"v3:Z_OqFVuts7u6_mizLlLrxgPd7M0wiZQ6nXOx5vGZn1atF8BBZfJTww","direction":null} 
[2026-05-13 14:24:22] production.INFO: Unhandled voice event {"event_type":"call.playback.started"} 
[2026-05-13 14:24:30] production.INFO: Telnyx voice webhook received {"event_type":"call.hangup","call_control_id":"v3:9unQCKzXCLYJ05A4vzPH7R0CPq09uDS-SgZvHq6DwB3DrTO3ijEfAw","direction":null} 
[2026-05-13 14:24:30] production.INFO: Admin ring leg hung up {"admin_call_control_id":"v3:9unQCKzXCLYJ05A4vzPH7R0CPq09uDS-SgZvHq6DwB3DrTO3ijEfAw","hangup_cause":"timeout","call_log_id":1169,"incoming_call_control_id":"v3:Z_OqFVuts7u6_mizLlLrxgPd7M0wiZQ6nXOx5vGZn1atF8BBZfJTww"} 
[2026-05-13 14:24:30] production.INFO: Admin removed from pending list {"removed_id":"v3:9unQCKzXCLYJ05A4vzPH7R0CPq09uDS-SgZvHq6DwB3DrTO3ijEfAw","was_in_list":true,"had_joined_conference":false,"remaining_ringing_count":0,"remaining_joined_count":0,"call_log_id":1169} 
[2026-05-13 14:24:30] production.INFO: All admin legs failed — triggering voicemail {"incoming_call_control_id":"v3:Z_OqFVuts7u6_mizLlLrxgPd7M0wiZQ6nXOx5vGZn1atF8BBZfJTww","call_log_id":1169} 
[2026-05-13 14:24:30] production.INFO: Call command sent: playback_stop {"call_control_id":"v3:Z_OqFVuts7u6_mizLlLrxgPd7M0wiZQ6nXOx5vGZn1atF8BBZfJTww","result":"ok"} 
[2026-05-13 14:24:30] production.INFO: Playing voicemail IVR menu {"call_control_id":"v3:Z_OqFVuts7u6_mizLlLrxgPd7M0wiZQ6nXOx5vGZn1atF8BBZfJTww","call_log_id":1169,"ivr_prompt":"<speak version=\"1.0\" xml:lang=\"en-US\"><break time=\"400ms\"/><prosody rate=\"+15%\">GS Construction is not available right now. Press 2 to send a text on your behalf so the GS Crew knows to call you back ASAP. Or stay on the line to leave a voicemail.</prosody><break time=\"400ms\"/></speak>","is_known_caller":false} 
[2026-05-13 14:24:31] production.INFO: Telnyx voice webhook received {"event_type":"call.playback.ended","call_control_id":"v3:Z_OqFVuts7u6_mizLlLrxgPd7M0wiZQ6nXOx5vGZn1atF8BBZfJTww","direction":null} 
[2026-05-13 14:24:31] production.INFO: Call command sent: gather_using_speak {"call_control_id":"v3:Z_OqFVuts7u6_mizLlLrxgPd7M0wiZQ6nXOx5vGZn1atF8BBZfJTww","result":"ok"} 
[2026-05-13 14:24:31] production.INFO: Telnyx voice webhook received {"event_type":"call.speak.started","call_control_id":"v3:Z_OqFVuts7u6_mizLlLrxgPd7M0wiZQ6nXOx5vGZn1atF8BBZfJTww","direction":null} 
[2026-05-13 14:24:31] production.INFO: TTS speak started {"call_control_id":"v3:Z_OqFVuts7u6_mizLlLrxgPd7M0wiZQ6nXOx5vGZn1atF8BBZfJTww"} 
[2026-05-13 14:24:43] production.INFO: Telnyx voice webhook received {"event_type":"call.speak.ended","call_control_id":"v3:Z_OqFVuts7u6_mizLlLrxgPd7M0wiZQ6nXOx5vGZn1atF8BBZfJTww","direction":null} 
[2026-05-13 14:24:43] production.INFO: handleCallSpeakEnded ENTRY {"call_control_id":"v3:Z_OqFVuts7u6_mizLlLrxgPd7M0wiZQ6nXOx5vGZn1atF8BBZfJTww","action":"voicemail_ivr_menu","client_state":{"action":"voicemail_ivr_menu","call_log_id":1169,"original_caller":"+18479246049","is_known_caller":false,"retry_count":0},"client_state_raw_present":true} 
[2026-05-13 14:24:43] production.INFO: Telnyx voice webhook received {"event_type":"call.gather.ended","call_control_id":"v3:Z_OqFVuts7u6_mizLlLrxgPd7M0wiZQ6nXOx5vGZn1atF8BBZfJTww","direction":null} 
[2026-05-13 14:24:43] production.INFO: IVR gather ended {"call_control_id":"v3:Z_OqFVuts7u6_mizLlLrxgPd7M0wiZQ6nXOx5vGZn1atF8BBZfJTww","digits":"","call_log_id":1169} 
[2026-05-13 14:24:43] production.INFO: IVR: no digit pressed — playing voicemail greeting {"call_control_id":"v3:Z_OqFVuts7u6_mizLlLrxgPd7M0wiZQ6nXOx5vGZn1atF8BBZfJTww","call_log_id":1169} 
[2026-05-13 14:24:44] production.INFO: Call command sent: speak {"call_control_id":"v3:Z_OqFVuts7u6_mizLlLrxgPd7M0wiZQ6nXOx5vGZn1atF8BBZfJTww","result":"ok"} 
[2026-05-13 14:24:44] production.INFO: Telnyx voice webhook received {"event_type":"call.speak.started","call_control_id":"v3:Z_OqFVuts7u6_mizLlLrxgPd7M0wiZQ6nXOx5vGZn1atF8BBZfJTww","direction":null} 
[2026-05-13 14:24:44] production.INFO: TTS speak started {"call_control_id":"v3:Z_OqFVuts7u6_mizLlLrxgPd7M0wiZQ6nXOx5vGZn1atF8BBZfJTww"} 
[2026-05-13 14:24:49] production.INFO: Telnyx voice webhook received {"event_type":"call.speak.ended","call_control_id":"v3:Z_OqFVuts7u6_mizLlLrxgPd7M0wiZQ6nXOx5vGZn1atF8BBZfJTww","direction":null} 
[2026-05-13 14:24:49] production.INFO: handleCallSpeakEnded ENTRY {"call_control_id":"v3:Z_OqFVuts7u6_mizLlLrxgPd7M0wiZQ6nXOx5vGZn1atF8BBZfJTww","action":"voicemail_prompt_done","client_state":{"action":"voicemail_prompt_done","call_log_id":1169},"client_state_raw_present":true} 
[2026-05-13 14:24:49] production.INFO: Voicemail prompt done — starting recording {"call_control_id":"v3:Z_OqFVuts7u6_mizLlLrxgPd7M0wiZQ6nXOx5vGZn1atF8BBZfJTww"} 
[2026-05-13 14:24:49] production.INFO: Call command sent: record_start {"call_control_id":"v3:Z_OqFVuts7u6_mizLlLrxgPd7M0wiZQ6nXOx5vGZn1atF8BBZfJTww","result":"ok"} 
[2026-05-13 14:24:53] production.INFO: Telnyx voice webhook received {"event_type":"call.transcription","call_control_id":"v3:Z_OqFVuts7u6_mizLlLrxgPd7M0wiZQ6nXOx5vGZn1atF8BBZfJTww","direction":null} 
[2026-05-13 14:24:53] production.INFO: Unhandled voice event {"event_type":"call.transcription"} 
[2026-05-13 14:24:53] production.INFO: Telnyx voice webhook received {"event_type":"call.transcription","call_control_id":"v3:Z_OqFVuts7u6_mizLlLrxgPd7M0wiZQ6nXOx5vGZn1atF8BBZfJTww","direction":null} 
[2026-05-13 14:24:53] production.INFO: Unhandled voice event {"event_type":"call.transcription"} 
[2026-05-13 14:24:53] production.INFO: Telnyx voice webhook received {"event_type":"call.transcription","call_control_id":"v3:Z_OqFVuts7u6_mizLlLrxgPd7M0wiZQ6nXOx5vGZn1atF8BBZfJTww","direction":null} 
[2026-05-13 14:24:53] production.INFO: Unhandled voice event {"event_type":"call.transcription"} 
[2026-05-13 14:24:53] production.INFO: Telnyx voice webhook received {"event_type":"call.transcription","call_control_id":"v3:Z_OqFVuts7u6_mizLlLrxgPd7M0wiZQ6nXOx5vGZn1atF8BBZfJTww","direction":null} 
[2026-05-13 14:24:53] production.INFO: Unhandled voice event {"event_type":"call.transcription"} 
[2026-05-13 14:24:54] production.INFO: Telnyx voice webhook received {"event_type":"call.transcription","call_control_id":"v3:Z_OqFVuts7u6_mizLlLrxgPd7M0wiZQ6nXOx5vGZn1atF8BBZfJTww","direction":null} 
[2026-05-13 14:24:54] production.INFO: Unhandled voice event {"event_type":"call.transcription"} 
[2026-05-13 14:24:54] production.INFO: Telnyx voice webhook received {"event_type":"call.transcription","call_control_id":"v3:Z_OqFVuts7u6_mizLlLrxgPd7M0wiZQ6nXOx5vGZn1atF8BBZfJTww","direction":null} 
[2026-05-13 14:24:54] production.INFO: Unhandled voice event {"event_type":"call.transcription"} 
[2026-05-13 14:24:54] production.INFO: Telnyx voice webhook received {"event_type":"call.transcription","call_control_id":"v3:Z_OqFVuts7u6_mizLlLrxgPd7M0wiZQ6nXOx5vGZn1atF8BBZfJTww","direction":null} 
[2026-05-13 14:24:54] production.INFO: Unhandled voice event {"event_type":"call.transcription"} 
[2026-05-13 14:24:54] production.INFO: Telnyx voice webhook received {"event_type":"call.transcription","call_control_id":"v3:Z_OqFVuts7u6_mizLlLrxgPd7M0wiZQ6nXOx5vGZn1atF8BBZfJTww","direction":null} 
[2026-05-13 14:24:54] production.INFO: Unhandled voice event {"event_type":"call.transcription"} 
[2026-05-13 14:24:54] production.INFO: Telnyx voice webhook received {"event_type":"call.transcription","call_control_id":"v3:Z_OqFVuts7u6_mizLlLrxgPd7M0wiZQ6nXOx5vGZn1atF8BBZfJTww","direction":null} 
[2026-05-13 14:24:54] production.INFO: Unhandled voice event {"event_type":"call.transcription"} 
[2026-05-13 14:24:54] production.INFO: Telnyx voice webhook received {"event_type":"call.transcription","call_control_id":"v3:Z_OqFVuts7u6_mizLlLrxgPd7M0wiZQ6nXOx5vGZn1atF8BBZfJTww","direction":null} 
[2026-05-13 14:24:54] production.INFO: Unhandled voice event {"event_type":"call.transcription"} 
[2026-05-13 14:24:54] production.INFO: Telnyx voice webhook received {"event_type":"call.transcription","call_control_id":"v3:Z_OqFVuts7u6_mizLlLrxgPd7M0wiZQ6nXOx5vGZn1atF8BBZfJTww","direction":null} 
[2026-05-13 14:24:54] production.INFO: Unhandled voice event {"event_type":"call.transcription"} 
[2026-05-13 14:24:54] production.INFO: Telnyx voice webhook received {"event_type":"call.transcription","call_control_id":"v3:Z_OqFVuts7u6_mizLlLrxgPd7M0wiZQ6nXOx5vGZn1atF8BBZfJTww","direction":null} 
[2026-05-13 14:24:54] production.INFO: Unhandled voice event {"event_type":"call.transcription"} 
[2026-05-13 14:24:54] production.INFO: Telnyx voice webhook received {"event_type":"call.transcription","call_control_id":"v3:Z_OqFVuts7u6_mizLlLrxgPd7M0wiZQ6nXOx5vGZn1atF8BBZfJTww","direction":null} 
[2026-05-13 14:24:54] production.INFO: Unhandled voice event {"event_type":"call.transcription"} 
[2026-05-13 14:24:54] production.INFO: Telnyx voice webhook received {"event_type":"call.transcription","call_control_id":"v3:Z_OqFVuts7u6_mizLlLrxgPd7M0wiZQ6nXOx5vGZn1atF8BBZfJTww","direction":null} 
[2026-05-13 14:24:54] production.INFO: Unhandled voice event {"event_type":"call.transcription"} 
[2026-05-13 14:24:54] production.INFO: Telnyx voice webhook received {"event_type":"call.transcription","call_control_id":"v3:Z_OqFVuts7u6_mizLlLrxgPd7M0wiZQ6nXOx5vGZn1atF8BBZfJTww","direction":null} 
[2026-05-13 14:24:54] production.INFO: Unhandled voice event {"event_type":"call.transcription"} 
[2026-05-13 14:24:55] production.INFO: Telnyx voice webhook received {"event_type":"call.transcription","call_control_id":"v3:Z_OqFVuts7u6_mizLlLrxgPd7M0wiZQ6nXOx5vGZn1atF8BBZfJTww","direction":null} 
[2026-05-13 14:24:55] production.INFO: Unhandled voice event {"event_type":"call.transcription"} 
[2026-05-13 14:24:55] production.INFO: Telnyx voice webhook received {"event_type":"call.transcription","call_control_id":"v3:Z_OqFVuts7u6_mizLlLrxgPd7M0wiZQ6nXOx5vGZn1atF8BBZfJTww","direction":null} 
[2026-05-13 14:24:55] production.INFO: Unhandled voice event {"event_type":"call.transcription"} 
[2026-05-13 14:24:55] production.INFO: Telnyx voice webhook received {"event_type":"call.transcription","call_control_id":"v3:Z_OqFVuts7u6_mizLlLrxgPd7M0wiZQ6nXOx5vGZn1atF8BBZfJTww","direction":null} 
[2026-05-13 14:24:55] production.INFO: Unhandled voice event {"event_type":"call.transcription"} 
[2026-05-13 14:24:55] production.INFO: Telnyx voice webhook received {"event_type":"call.transcription","call_control_id":"v3:Z_OqFVuts7u6_mizLlLrxgPd7M0wiZQ6nXOx5vGZn1atF8BBZfJTww","direction":null} 
[2026-05-13 14:24:55] production.INFO: Unhandled voice event {"event_type":"call.transcription"} 
[2026-05-13 14:24:56] production.INFO: Telnyx voice webhook received {"event_type":"call.transcription","call_control_id":"v3:Z_OqFVuts7u6_mizLlLrxgPd7M0wiZQ6nXOx5vGZn1atF8BBZfJTww","direction":null} 
[2026-05-13 14:24:56] production.INFO: Unhandled voice event {"event_type":"call.transcription"} 
[2026-05-13 14:24:56] production.INFO: Telnyx voice webhook received {"event_type":"call.transcription","call_control_id":"v3:Z_OqFVuts7u6_mizLlLrxgPd7M0wiZQ6nXOx5vGZn1atF8BBZfJTww","direction":null} 
[2026-05-13 14:24:56] production.INFO: Unhandled voice event {"event_type":"call.transcription"} 
[2026-05-13 14:24:56] production.INFO: Telnyx voice webhook received {"event_type":"call.transcription","call_control_id":"v3:Z_OqFVuts7u6_mizLlLrxgPd7M0wiZQ6nXOx5vGZn1atF8BBZfJTww","direction":null} 
[2026-05-13 14:24:56] production.INFO: Unhandled voice event {"event_type":"call.transcription"} 
[2026-05-13 14:24:56] production.INFO: Telnyx voice webhook received {"event_type":"call.transcription","call_control_id":"v3:Z_OqFVuts7u6_mizLlLrxgPd7M0wiZQ6nXOx5vGZn1atF8BBZfJTww","direction":null} 
[2026-05-13 14:24:56] production.INFO: Unhandled voice event {"event_type":"call.transcription"} 
[2026-05-13 14:24:56] production.INFO: Telnyx voice webhook received {"event_type":"call.transcription","call_control_id":"v3:Z_OqFVuts7u6_mizLlLrxgPd7M0wiZQ6nXOx5vGZn1atF8BBZfJTww","direction":null} 
[2026-05-13 14:24:56] production.INFO: Unhandled voice event {"event_type":"call.transcription"} 
[2026-05-13 14:24:56] production.INFO: Telnyx voice webhook received {"event_type":"call.transcription","call_control_id":"v3:Z_OqFVuts7u6_mizLlLrxgPd7M0wiZQ6nXOx5vGZn1atF8BBZfJTww","direction":null} 
[2026-05-13 14:24:56] production.INFO: Unhandled voice event {"event_type":"call.transcription"} 
[2026-05-13 14:24:57] production.INFO: Telnyx voice webhook received {"event_type":"call.transcription","call_control_id":"v3:Z_OqFVuts7u6_mizLlLrxgPd7M0wiZQ6nXOx5vGZn1atF8BBZfJTww","direction":null} 
[2026-05-13 14:24:57] production.INFO: Unhandled voice event {"event_type":"call.transcription"} 
[2026-05-13 14:24:57] production.INFO: Telnyx voice webhook received {"event_type":"call.transcription","call_control_id":"v3:Z_OqFVuts7u6_mizLlLrxgPd7M0wiZQ6nXOx5vGZn1atF8BBZfJTww","direction":null} 
[2026-05-13 14:24:57] production.INFO: Unhandled voice event {"event_type":"call.transcription"} 
[2026-05-13 14:24:57] production.INFO: Telnyx voice webhook received {"event_type":"call.transcription","call_control_id":"v3:Z_OqFVuts7u6_mizLlLrxgPd7M0wiZQ6nXOx5vGZn1atF8BBZfJTww","direction":null} 
[2026-05-13 14:24:57] production.INFO: Unhandled voice event {"event_type":"call.transcription"} 
[2026-05-13 14:24:57] production.INFO: Telnyx voice webhook received {"event_type":"call.transcription","call_control_id":"v3:Z_OqFVuts7u6_mizLlLrxgPd7M0wiZQ6nXOx5vGZn1atF8BBZfJTww","direction":null} 
[2026-05-13 14:24:57] production.INFO: Unhandled voice event {"event_type":"call.transcription"} 
[2026-05-13 14:24:57] production.INFO: Telnyx voice webhook received {"event_type":"call.transcription","call_control_id":"v3:Z_OqFVuts7u6_mizLlLrxgPd7M0wiZQ6nXOx5vGZn1atF8BBZfJTww","direction":null} 
[2026-05-13 14:24:57] production.INFO: Unhandled voice event {"event_type":"call.transcription"} 
[2026-05-13 14:24:57] production.INFO: Telnyx voice webhook received {"event_type":"call.transcription","call_control_id":"v3:Z_OqFVuts7u6_mizLlLrxgPd7M0wiZQ6nXOx5vGZn1atF8BBZfJTww","direction":null} 
[2026-05-13 14:24:57] production.INFO: Unhandled voice event {"event_type":"call.transcription"} 
[2026-05-13 14:24:57] production.INFO: Telnyx voice webhook received {"event_type":"call.transcription","call_control_id":"v3:Z_OqFVuts7u6_mizLlLrxgPd7M0wiZQ6nXOx5vGZn1atF8BBZfJTww","direction":null} 
[2026-05-13 14:24:57] production.INFO: Unhandled voice event {"event_type":"call.transcription"} 
[2026-05-13 14:24:57] production.INFO: Telnyx voice webhook received {"event_type":"call.transcription","call_control_id":"v3:Z_OqFVuts7u6_mizLlLrxgPd7M0wiZQ6nXOx5vGZn1atF8BBZfJTww","direction":null} 
[2026-05-13 14:24:57] production.INFO: Unhandled voice event {"event_type":"call.transcription"} 
[2026-05-13 14:24:57] production.INFO: Telnyx voice webhook received {"event_type":"call.transcription","call_control_id":"v3:Z_OqFVuts7u6_mizLlLrxgPd7M0wiZQ6nXOx5vGZn1atF8BBZfJTww","direction":null} 
[2026-05-13 14:24:57] production.INFO: Unhandled voice event {"event_type":"call.transcription"} 
[2026-05-13 14:24:58] production.INFO: Telnyx voice webhook received {"event_type":"call.transcription","call_control_id":"v3:Z_OqFVuts7u6_mizLlLrxgPd7M0wiZQ6nXOx5vGZn1atF8BBZfJTww","direction":null} 
[2026-05-13 14:24:58] production.INFO: Unhandled voice event {"event_type":"call.transcription"} 
[2026-05-13 14:24:58] production.INFO: Telnyx voice webhook received {"event_type":"call.transcription","call_control_id":"v3:Z_OqFVuts7u6_mizLlLrxgPd7M0wiZQ6nXOx5vGZn1atF8BBZfJTww","direction":null} 
[2026-05-13 14:24:58] production.INFO: Unhandled voice event {"event_type":"call.transcription"} 
[2026-05-13 14:24:58] production.INFO: Telnyx voice webhook received {"event_type":"call.transcription","call_control_id":"v3:Z_OqFVuts7u6_mizLlLrxgPd7M0wiZQ6nXOx5vGZn1atF8BBZfJTww","direction":null} 
[2026-05-13 14:24:58] production.INFO: Unhandled voice event {"event_type":"call.transcription"} 
[2026-05-13 14:24:58] production.INFO: Telnyx voice webhook received {"event_type":"call.transcription","call_control_id":"v3:Z_OqFVuts7u6_mizLlLrxgPd7M0wiZQ6nXOx5vGZn1atF8BBZfJTww","direction":null} 
[2026-05-13 14:24:58] production.INFO: Unhandled voice event {"event_type":"call.transcription"} 
[2026-05-13 14:24:58] production.INFO: Telnyx voice webhook received {"event_type":"call.transcription","call_control_id":"v3:Z_OqFVuts7u6_mizLlLrxgPd7M0wiZQ6nXOx5vGZn1atF8BBZfJTww","direction":null} 
[2026-05-13 14:24:58] production.INFO: Unhandled voice event {"event_type":"call.transcription"} 
[2026-05-13 14:24:58] production.INFO: Telnyx voice webhook received {"event_type":"call.transcription","call_control_id":"v3:Z_OqFVuts7u6_mizLlLrxgPd7M0wiZQ6nXOx5vGZn1atF8BBZfJTww","direction":null} 
[2026-05-13 14:24:58] production.INFO: Unhandled voice event {"event_type":"call.transcription"} 
[2026-05-13 14:24:58] production.INFO: Telnyx voice webhook received {"event_type":"call.transcription","call_control_id":"v3:Z_OqFVuts7u6_mizLlLrxgPd7M0wiZQ6nXOx5vGZn1atF8BBZfJTww","direction":null} 
[2026-05-13 14:24:58] production.INFO: Unhandled voice event {"event_type":"call.transcription"} 
[2026-05-13 14:24:59] production.INFO: Telnyx voice webhook received {"event_type":"call.transcription","call_control_id":"v3:Z_OqFVuts7u6_mizLlLrxgPd7M0wiZQ6nXOx5vGZn1atF8BBZfJTww","direction":null} 
[2026-05-13 14:24:59] production.INFO: Unhandled voice event {"event_type":"call.transcription"} 
[2026-05-13 14:24:59] production.INFO: Telnyx voice webhook received {"event_type":"call.transcription","call_control_id":"v3:Z_OqFVuts7u6_mizLlLrxgPd7M0wiZQ6nXOx5vGZn1atF8BBZfJTww","direction":null} 
[2026-05-13 14:24:59] production.INFO: Unhandled voice event {"event_type":"call.transcription"} 
[2026-05-13 14:24:59] production.INFO: Telnyx voice webhook received {"event_type":"call.transcription","call_control_id":"v3:Z_OqFVuts7u6_mizLlLrxgPd7M0wiZQ6nXOx5vGZn1atF8BBZfJTww","direction":null} 
[2026-05-13 14:24:59] production.INFO: Unhandled voice event {"event_type":"call.transcription"} 
[2026-05-13 14:24:59] production.INFO: Telnyx voice webhook received {"event_type":"call.transcription","call_control_id":"v3:Z_OqFVuts7u6_mizLlLrxgPd7M0wiZQ6nXOx5vGZn1atF8BBZfJTww","direction":null} 
[2026-05-13 14:24:59] production.INFO: Unhandled voice event {"event_type":"call.transcription"} 
[2026-05-13 14:24:59] production.INFO: Telnyx voice webhook received {"event_type":"call.transcription","call_control_id":"v3:Z_OqFVuts7u6_mizLlLrxgPd7M0wiZQ6nXOx5vGZn1atF8BBZfJTww","direction":null} 
[2026-05-13 14:24:59] production.INFO: Unhandled voice event {"event_type":"call.transcription"} 
[2026-05-13 14:24:59] production.INFO: Telnyx voice webhook received {"event_type":"call.transcription","call_control_id":"v3:Z_OqFVuts7u6_mizLlLrxgPd7M0wiZQ6nXOx5vGZn1atF8BBZfJTww","direction":null} 
[2026-05-13 14:24:59] production.INFO: Unhandled voice event {"event_type":"call.transcription"} 
[2026-05-13 14:25:00] production.INFO: Telnyx voice webhook received {"event_type":"call.transcription","call_control_id":"v3:Z_OqFVuts7u6_mizLlLrxgPd7M0wiZQ6nXOx5vGZn1atF8BBZfJTww","direction":null} 
[2026-05-13 14:25:00] production.INFO: Unhandled voice event {"event_type":"call.transcription"} 
[2026-05-13 14:25:00] production.INFO: Telnyx voice webhook received {"event_type":"call.transcription","call_control_id":"v3:Z_OqFVuts7u6_mizLlLrxgPd7M0wiZQ6nXOx5vGZn1atF8BBZfJTww","direction":null} 
[2026-05-13 14:25:00] production.INFO: Unhandled voice event {"event_type":"call.transcription"} 
[2026-05-13 14:25:00] production.INFO: Telnyx voice webhook received {"event_type":"call.transcription","call_control_id":"v3:Z_OqFVuts7u6_mizLlLrxgPd7M0wiZQ6nXOx5vGZn1atF8BBZfJTww","direction":null} 
[2026-05-13 14:25:00] production.INFO: Unhandled voice event {"event_type":"call.transcription"} 
[2026-05-13 14:25:00] production.INFO: Telnyx voice webhook received {"event_type":"call.transcription","call_control_id":"v3:Z_OqFVuts7u6_mizLlLrxgPd7M0wiZQ6nXOx5vGZn1atF8BBZfJTww","direction":null} 
[2026-05-13 14:25:00] production.INFO: Unhandled voice event {"event_type":"call.transcription"} 
[2026-05-13 14:25:00] production.INFO: Telnyx voice webhook received {"event_type":"call.transcription","call_control_id":"v3:Z_OqFVuts7u6_mizLlLrxgPd7M0wiZQ6nXOx5vGZn1atF8BBZfJTww","direction":null} 
[2026-05-13 14:25:00] production.INFO: Unhandled voice event {"event_type":"call.transcription"} 
[2026-05-13 14:25:00] production.INFO: Telnyx voice webhook received {"event_type":"call.transcription","call_control_id":"v3:Z_OqFVuts7u6_mizLlLrxgPd7M0wiZQ6nXOx5vGZn1atF8BBZfJTww","direction":null} 
[2026-05-13 14:25:00] production.INFO: Unhandled voice event {"event_type":"call.transcription"} 
[2026-05-13 14:25:00] production.INFO: Telnyx voice webhook received {"event_type":"call.transcription","call_control_id":"v3:Z_OqFVuts7u6_mizLlLrxgPd7M0wiZQ6nXOx5vGZn1atF8BBZfJTww","direction":null} 
[2026-05-13 14:25:00] production.INFO: Unhandled voice event {"event_type":"call.transcription"} 
[2026-05-13 14:25:00] production.INFO: Telnyx voice webhook received {"event_type":"call.transcription","call_control_id":"v3:Z_OqFVuts7u6_mizLlLrxgPd7M0wiZQ6nXOx5vGZn1atF8BBZfJTww","direction":null} 
[2026-05-13 14:25:00] production.INFO: Unhandled voice event {"event_type":"call.transcription"} 
[2026-05-13 14:25:01] production.INFO: Telnyx voice webhook received {"event_type":"call.transcription","call_control_id":"v3:Z_OqFVuts7u6_mizLlLrxgPd7M0wiZQ6nXOx5vGZn1atF8BBZfJTww","direction":null} 
[2026-05-13 14:25:01] production.INFO: Unhandled voice event {"event_type":"call.transcription"} 
[2026-05-13 14:25:01] production.INFO: Telnyx voice webhook received {"event_type":"call.transcription","call_control_id":"v3:Z_OqFVuts7u6_mizLlLrxgPd7M0wiZQ6nXOx5vGZn1atF8BBZfJTww","direction":null} 
[2026-05-13 14:25:01] production.INFO: Unhandled voice event {"event_type":"call.transcription"} 
[2026-05-13 14:25:01] production.INFO: Telnyx voice webhook received {"event_type":"call.transcription","call_control_id":"v3:Z_OqFVuts7u6_mizLlLrxgPd7M0wiZQ6nXOx5vGZn1atF8BBZfJTww","direction":null} 
[2026-05-13 14:25:01] production.INFO: Unhandled voice event {"event_type":"call.transcription"} 
[2026-05-13 14:25:01] production.INFO: Telnyx voice webhook received {"event_type":"call.transcription","call_control_id":"v3:Z_OqFVuts7u6_mizLlLrxgPd7M0wiZQ6nXOx5vGZn1atF8BBZfJTww","direction":null} 
[2026-05-13 14:25:01] production.INFO: Unhandled voice event {"event_type":"call.transcription"} 
[2026-05-13 14:25:02] production.INFO: Telnyx voice webhook received {"event_type":"call.transcription","call_control_id":"v3:Z_OqFVuts7u6_mizLlLrxgPd7M0wiZQ6nXOx5vGZn1atF8BBZfJTww","direction":null} 
[2026-05-13 14:25:02] production.INFO: Unhandled voice event {"event_type":"call.transcription"} 
[2026-05-13 14:25:02] production.INFO: Telnyx voice webhook received {"event_type":"call.transcription","call_control_id":"v3:Z_OqFVuts7u6_mizLlLrxgPd7M0wiZQ6nXOx5vGZn1atF8BBZfJTww","direction":null} 
[2026-05-13 14:25:02] production.INFO: Unhandled voice event {"event_type":"call.transcription"} 
[2026-05-13 14:25:02] production.INFO: Telnyx voice webhook received {"event_type":"call.transcription","call_control_id":"v3:Z_OqFVuts7u6_mizLlLrxgPd7M0wiZQ6nXOx5vGZn1atF8BBZfJTww","direction":null} 
[2026-05-13 14:25:02] production.INFO: Unhandled voice event {"event_type":"call.transcription"} 
[2026-05-13 14:25:02] production.INFO: Telnyx voice webhook received {"event_type":"call.transcription","call_control_id":"v3:Z_OqFVuts7u6_mizLlLrxgPd7M0wiZQ6nXOx5vGZn1atF8BBZfJTww","direction":null} 
[2026-05-13 14:25:02] production.INFO: Unhandled voice event {"event_type":"call.transcription"} 
[2026-05-13 14:25:02] production.INFO: Telnyx voice webhook received {"event_type":"call.transcription","call_control_id":"v3:Z_OqFVuts7u6_mizLlLrxgPd7M0wiZQ6nXOx5vGZn1atF8BBZfJTww","direction":null} 
[2026-05-13 14:25:02] production.INFO: Unhandled voice event {"event_type":"call.transcription"} 
[2026-05-13 14:25:02] production.INFO: Telnyx voice webhook received {"event_type":"call.transcription","call_control_id":"v3:Z_OqFVuts7u6_mizLlLrxgPd7M0wiZQ6nXOx5vGZn1atF8BBZfJTww","direction":null} 
[2026-05-13 14:25:02] production.INFO: Unhandled voice event {"event_type":"call.transcription"} 
[2026-05-13 14:25:02] production.INFO: Telnyx voice webhook received {"event_type":"call.transcription","call_control_id":"v3:Z_OqFVuts7u6_mizLlLrxgPd7M0wiZQ6nXOx5vGZn1atF8BBZfJTww","direction":null} 
[2026-05-13 14:25:02] production.INFO: Unhandled voice event {"event_type":"call.transcription"} 
[2026-05-13 14:25:02] production.INFO: Telnyx voice webhook received {"event_type":"call.transcription","call_control_id":"v3:Z_OqFVuts7u6_mizLlLrxgPd7M0wiZQ6nXOx5vGZn1atF8BBZfJTww","direction":null} 
[2026-05-13 14:25:02] production.INFO: Unhandled voice event {"event_type":"call.transcription"} 
[2026-05-13 14:25:02] production.INFO: Telnyx voice webhook received {"event_type":"call.transcription","call_control_id":"v3:Z_OqFVuts7u6_mizLlLrxgPd7M0wiZQ6nXOx5vGZn1atF8BBZfJTww","direction":null} 
[2026-05-13 14:25:02] production.INFO: Unhandled voice event {"event_type":"call.transcription"} 
[2026-05-13 14:25:02] production.INFO: Telnyx voice webhook received {"event_type":"call.transcription","call_control_id":"v3:Z_OqFVuts7u6_mizLlLrxgPd7M0wiZQ6nXOx5vGZn1atF8BBZfJTww","direction":null} 
[2026-05-13 14:25:02] production.INFO: Unhandled voice event {"event_type":"call.transcription"} 
[2026-05-13 14:25:02] production.INFO: Telnyx voice webhook received {"event_type":"call.transcription","call_control_id":"v3:Z_OqFVuts7u6_mizLlLrxgPd7M0wiZQ6nXOx5vGZn1atF8BBZfJTww","direction":null} 
[2026-05-13 14:25:02] production.INFO: Unhandled voice event {"event_type":"call.transcription"} 
[2026-05-13 14:25:02] production.INFO: Telnyx voice webhook received {"event_type":"call.transcription","call_control_id":"v3:Z_OqFVuts7u6_mizLlLrxgPd7M0wiZQ6nXOx5vGZn1atF8BBZfJTww","direction":null} 
[2026-05-13 14:25:02] production.INFO: Unhandled voice event {"event_type":"call.transcription"} 
[2026-05-13 14:25:03] production.INFO: Telnyx voice webhook received {"event_type":"call.transcription","call_control_id":"v3:Z_OqFVuts7u6_mizLlLrxgPd7M0wiZQ6nXOx5vGZn1atF8BBZfJTww","direction":null} 
[2026-05-13 14:25:03] production.INFO: Unhandled voice event {"event_type":"call.transcription"} 
[2026-05-13 14:25:03] production.INFO: Telnyx voice webhook received {"event_type":"call.transcription","call_control_id":"v3:Z_OqFVuts7u6_mizLlLrxgPd7M0wiZQ6nXOx5vGZn1atF8BBZfJTww","direction":null} 
[2026-05-13 14:25:03] production.INFO: Unhandled voice event {"event_type":"call.transcription"} 
[2026-05-13 14:25:03] production.INFO: Telnyx voice webhook received {"event_type":"call.transcription","call_control_id":"v3:Z_OqFVuts7u6_mizLlLrxgPd7M0wiZQ6nXOx5vGZn1atF8BBZfJTww","direction":null} 
[2026-05-13 14:25:03] production.INFO: Unhandled voice event {"event_type":"call.transcription"} 
[2026-05-13 14:25:03] production.INFO: Telnyx voice webhook received {"event_type":"call.transcription","call_control_id":"v3:Z_OqFVuts7u6_mizLlLrxgPd7M0wiZQ6nXOx5vGZn1atF8BBZfJTww","direction":null} 
[2026-05-13 14:25:03] production.INFO: Unhandled voice event {"event_type":"call.transcription"} 
[2026-05-13 14:25:03] production.INFO: Telnyx voice webhook received {"event_type":"call.transcription","call_control_id":"v3:Z_OqFVuts7u6_mizLlLrxgPd7M0wiZQ6nXOx5vGZn1atF8BBZfJTww","direction":null} 
[2026-05-13 14:25:03] production.INFO: Unhandled voice event {"event_type":"call.transcription"} 
[2026-05-13 14:25:03] production.INFO: Telnyx voice webhook received {"event_type":"call.transcription","call_control_id":"v3:Z_OqFVuts7u6_mizLlLrxgPd7M0wiZQ6nXOx5vGZn1atF8BBZfJTww","direction":null} 
[2026-05-13 14:25:03] production.INFO: Unhandled voice event {"event_type":"call.transcription"} 
[2026-05-13 14:25:03] production.INFO: Telnyx voice webhook received {"event_type":"call.transcription","call_control_id":"v3:Z_OqFVuts7u6_mizLlLrxgPd7M0wiZQ6nXOx5vGZn1atF8BBZfJTww","direction":null} 
[2026-05-13 14:25:03] production.INFO: Unhandled voice event {"event_type":"call.transcription"} 
[2026-05-13 14:25:03] production.INFO: Telnyx voice webhook received {"event_type":"call.transcription","call_control_id":"v3:Z_OqFVuts7u6_mizLlLrxgPd7M0wiZQ6nXOx5vGZn1atF8BBZfJTww","direction":null} 
[2026-05-13 14:25:03] production.INFO: Unhandled voice event {"event_type":"call.transcription"} 
[2026-05-13 14:25:03] production.INFO: Telnyx voice webhook received {"event_type":"call.transcription","call_control_id":"v3:Z_OqFVuts7u6_mizLlLrxgPd7M0wiZQ6nXOx5vGZn1atF8BBZfJTww","direction":null} 
[2026-05-13 14:25:03] production.INFO: Unhandled voice event {"event_type":"call.transcription"} 
[2026-05-13 14:25:03] production.INFO: Telnyx voice webhook received {"event_type":"call.transcription","call_control_id":"v3:Z_OqFVuts7u6_mizLlLrxgPd7M0wiZQ6nXOx5vGZn1atF8BBZfJTww","direction":null} 
[2026-05-13 14:25:03] production.INFO: Unhandled voice event {"event_type":"call.transcription"} 
[2026-05-13 14:25:04] production.INFO: Telnyx voice webhook received {"event_type":"call.transcription","call_control_id":"v3:Z_OqFVuts7u6_mizLlLrxgPd7M0wiZQ6nXOx5vGZn1atF8BBZfJTww","direction":null} 
[2026-05-13 14:25:04] production.INFO: Telnyx voice webhook received {"event_type":"call.transcription","call_control_id":"v3:Z_OqFVuts7u6_mizLlLrxgPd7M0wiZQ6nXOx5vGZn1atF8BBZfJTww","direction":null} 
[2026-05-13 14:25:04] production.INFO: Unhandled voice event {"event_type":"call.transcription"} 
[2026-05-13 14:25:04] production.INFO: Unhandled voice event {"event_type":"call.transcription"} 
[2026-05-13 14:25:04] production.INFO: Telnyx voice webhook received {"event_type":"call.transcription","call_control_id":"v3:Z_OqFVuts7u6_mizLlLrxgPd7M0wiZQ6nXOx5vGZn1atF8BBZfJTww","direction":null} 
[2026-05-13 14:25:04] production.INFO: Unhandled voice event {"event_type":"call.transcription"} 
[2026-05-13 14:25:04] production.INFO: Telnyx voice webhook received {"event_type":"call.transcription","call_control_id":"v3:Z_OqFVuts7u6_mizLlLrxgPd7M0wiZQ6nXOx5vGZn1atF8BBZfJTww","direction":null} 
[2026-05-13 14:25:04] production.INFO: Unhandled voice event {"event_type":"call.transcription"} 
[2026-05-13 14:25:04] production.INFO: Telnyx voice webhook received {"event_type":"call.transcription","call_control_id":"v3:Z_OqFVuts7u6_mizLlLrxgPd7M0wiZQ6nXOx5vGZn1atF8BBZfJTww","direction":null} 
[2026-05-13 14:25:04] production.INFO: Unhandled voice event {"event_type":"call.transcription"} 
[2026-05-13 14:25:04] production.INFO: Telnyx voice webhook received {"event_type":"call.transcription","call_control_id":"v3:Z_OqFVuts7u6_mizLlLrxgPd7M0wiZQ6nXOx5vGZn1atF8BBZfJTww","direction":null} 
[2026-05-13 14:25:04] production.INFO: Unhandled voice event {"event_type":"call.transcription"} 
[2026-05-13 14:25:05] production.INFO: Telnyx voice webhook received {"event_type":"call.transcription","call_control_id":"v3:Z_OqFVuts7u6_mizLlLrxgPd7M0wiZQ6nXOx5vGZn1atF8BBZfJTww","direction":null} 
[2026-05-13 14:25:05] production.INFO: Unhandled voice event {"event_type":"call.transcription"} 
[2026-05-13 14:25:05] production.INFO: Telnyx voice webhook received {"event_type":"call.transcription","call_control_id":"v3:Z_OqFVuts7u6_mizLlLrxgPd7M0wiZQ6nXOx5vGZn1atF8BBZfJTww","direction":null} 
[2026-05-13 14:25:05] production.INFO: Unhandled voice event {"event_type":"call.transcription"} 
[2026-05-13 14:25:05] production.INFO: Telnyx voice webhook received {"event_type":"call.transcription","call_control_id":"v3:Z_OqFVuts7u6_mizLlLrxgPd7M0wiZQ6nXOx5vGZn1atF8BBZfJTww","direction":null} 
[2026-05-13 14:25:05] production.INFO: Unhandled voice event {"event_type":"call.transcription"} 
[2026-05-13 14:25:06] production.INFO: Telnyx voice webhook received {"event_type":"call.transcription","call_control_id":"v3:Z_OqFVuts7u6_mizLlLrxgPd7M0wiZQ6nXOx5vGZn1atF8BBZfJTww","direction":null} 
[2026-05-13 14:25:06] production.INFO: Unhandled voice event {"event_type":"call.transcription"} 
[2026-05-13 14:25:06] production.INFO: Telnyx voice webhook received {"event_type":"call.transcription","call_control_id":"v3:Z_OqFVuts7u6_mizLlLrxgPd7M0wiZQ6nXOx5vGZn1atF8BBZfJTww","direction":null} 
[2026-05-13 14:25:06] production.INFO: Unhandled voice event {"event_type":"call.transcription"} 
[2026-05-13 14:25:06] production.INFO: Telnyx voice webhook received {"event_type":"call.transcription","call_control_id":"v3:Z_OqFVuts7u6_mizLlLrxgPd7M0wiZQ6nXOx5vGZn1atF8BBZfJTww","direction":null} 
[2026-05-13 14:25:06] production.INFO: Telnyx voice webhook received {"event_type":"call.transcription","call_control_id":"v3:Z_OqFVuts7u6_mizLlLrxgPd7M0wiZQ6nXOx5vGZn1atF8BBZfJTww","direction":null} 
[2026-05-13 14:25:06] production.INFO: Unhandled voice event {"event_type":"call.transcription"} 
[2026-05-13 14:25:06] production.INFO: Unhandled voice event {"event_type":"call.transcription"} 
[2026-05-13 14:25:07] production.INFO: Telnyx voice webhook received {"event_type":"call.transcription","call_control_id":"v3:Z_OqFVuts7u6_mizLlLrxgPd7M0wiZQ6nXOx5vGZn1atF8BBZfJTww","direction":null} 
[2026-05-13 14:25:07] production.INFO: Unhandled voice event {"event_type":"call.transcription"} 
[2026-05-13 14:25:07] production.INFO: Telnyx voice webhook received {"event_type":"call.transcription","call_control_id":"v3:Z_OqFVuts7u6_mizLlLrxgPd7M0wiZQ6nXOx5vGZn1atF8BBZfJTww","direction":null} 
[2026-05-13 14:25:07] production.INFO: Unhandled voice event {"event_type":"call.transcription"} 
[2026-05-13 14:25:07] production.INFO: Telnyx voice webhook received {"event_type":"call.transcription","call_control_id":"v3:Z_OqFVuts7u6_mizLlLrxgPd7M0wiZQ6nXOx5vGZn1atF8BBZfJTww","direction":null} 
[2026-05-13 14:25:07] production.INFO: Unhandled voice event {"event_type":"call.transcription"} 
[2026-05-13 14:25:07] production.INFO: Telnyx voice webhook received {"event_type":"call.transcription","call_control_id":"v3:Z_OqFVuts7u6_mizLlLrxgPd7M0wiZQ6nXOx5vGZn1atF8BBZfJTww","direction":null} 
[2026-05-13 14:25:07] production.INFO: Unhandled voice event {"event_type":"call.transcription"} 
[2026-05-13 14:25:07] production.INFO: Telnyx voice webhook received {"event_type":"call.transcription","call_control_id":"v3:Z_OqFVuts7u6_mizLlLrxgPd7M0wiZQ6nXOx5vGZn1atF8BBZfJTww","direction":null} 
[2026-05-13 14:25:07] production.INFO: Unhandled voice event {"event_type":"call.transcription"} 
[2026-05-13 14:25:07] production.INFO: Telnyx voice webhook received {"event_type":"call.transcription","call_control_id":"v3:Z_OqFVuts7u6_mizLlLrxgPd7M0wiZQ6nXOx5vGZn1atF8BBZfJTww","direction":null} 
[2026-05-13 14:25:07] production.INFO: Unhandled voice event {"event_type":"call.transcription"} 
[2026-05-13 14:25:07] production.INFO: Telnyx voice webhook received {"event_type":"call.transcription","call_control_id":"v3:Z_OqFVuts7u6_mizLlLrxgPd7M0wiZQ6nXOx5vGZn1atF8BBZfJTww","direction":null} 
[2026-05-13 14:25:07] production.INFO: Unhandled voice event {"event_type":"call.transcription"} 
[2026-05-13 14:25:07] production.INFO: Telnyx voice webhook received {"event_type":"call.transcription","call_control_id":"v3:Z_OqFVuts7u6_mizLlLrxgPd7M0wiZQ6nXOx5vGZn1atF8BBZfJTww","direction":null} 
[2026-05-13 14:25:07] production.INFO: Unhandled voice event {"event_type":"call.transcription"} 
[2026-05-13 14:25:07] production.INFO: Telnyx voice webhook received {"event_type":"call.transcription","call_control_id":"v3:Z_OqFVuts7u6_mizLlLrxgPd7M0wiZQ6nXOx5vGZn1atF8BBZfJTww","direction":null} 
[2026-05-13 14:25:07] production.INFO: Unhandled voice event {"event_type":"call.transcription"} 
[2026-05-13 14:25:07] production.INFO: Telnyx voice webhook received {"event_type":"call.transcription","call_control_id":"v3:Z_OqFVuts7u6_mizLlLrxgPd7M0wiZQ6nXOx5vGZn1atF8BBZfJTww","direction":null} 
[2026-05-13 14:25:07] production.INFO: Unhandled voice event {"event_type":"call.transcription"} 
[2026-05-13 14:25:08] production.INFO: Telnyx voice webhook received {"event_type":"call.transcription","call_control_id":"v3:Z_OqFVuts7u6_mizLlLrxgPd7M0wiZQ6nXOx5vGZn1atF8BBZfJTww","direction":null} 
[2026-05-13 14:25:08] production.INFO: Unhandled voice event {"event_type":"call.transcription"} 
[2026-05-13 14:25:08] production.INFO: Telnyx voice webhook received {"event_type":"call.transcription","call_control_id":"v3:Z_OqFVuts7u6_mizLlLrxgPd7M0wiZQ6nXOx5vGZn1atF8BBZfJTww","direction":null} 
[2026-05-13 14:25:08] production.INFO: Unhandled voice event {"event_type":"call.transcription"} 
[2026-05-13 14:25:08] production.INFO: Telnyx voice webhook received {"event_type":"call.transcription","call_control_id":"v3:Z_OqFVuts7u6_mizLlLrxgPd7M0wiZQ6nXOx5vGZn1atF8BBZfJTww","direction":null} 
[2026-05-13 14:25:08] production.INFO: Unhandled voice event {"event_type":"call.transcription"} 
[2026-05-13 14:25:08] production.INFO: Telnyx voice webhook received {"event_type":"call.transcription","call_control_id":"v3:Z_OqFVuts7u6_mizLlLrxgPd7M0wiZQ6nXOx5vGZn1atF8BBZfJTww","direction":null} 
[2026-05-13 14:25:08] production.INFO: Unhandled voice event {"event_type":"call.transcription"} 
[2026-05-13 14:25:08] production.INFO: Telnyx voice webhook received {"event_type":"call.transcription","call_control_id":"v3:Z_OqFVuts7u6_mizLlLrxgPd7M0wiZQ6nXOx5vGZn1atF8BBZfJTww","direction":null} 
[2026-05-13 14:25:08] production.INFO: Unhandled voice event {"event_type":"call.transcription"} 
[2026-05-13 14:25:08] production.INFO: Telnyx voice webhook received {"event_type":"call.transcription","call_control_id":"v3:Z_OqFVuts7u6_mizLlLrxgPd7M0wiZQ6nXOx5vGZn1atF8BBZfJTww","direction":null} 
[2026-05-13 14:25:08] production.INFO: Unhandled voice event {"event_type":"call.transcription"} 
[2026-05-13 14:25:08] production.INFO: Telnyx voice webhook received {"event_type":"call.transcription","call_control_id":"v3:Z_OqFVuts7u6_mizLlLrxgPd7M0wiZQ6nXOx5vGZn1atF8BBZfJTww","direction":null} 
[2026-05-13 14:25:08] production.INFO: Unhandled voice event {"event_type":"call.transcription"} 
[2026-05-13 14:25:08] production.INFO: Telnyx voice webhook received {"event_type":"call.transcription","call_control_id":"v3:Z_OqFVuts7u6_mizLlLrxgPd7M0wiZQ6nXOx5vGZn1atF8BBZfJTww","direction":null} 
[2026-05-13 14:25:08] production.INFO: Unhandled voice event {"event_type":"call.transcription"} 
[2026-05-13 14:25:09] production.INFO: Telnyx voice webhook received {"event_type":"call.transcription","call_control_id":"v3:Z_OqFVuts7u6_mizLlLrxgPd7M0wiZQ6nXOx5vGZn1atF8BBZfJTww","direction":null} 
[2026-05-13 14:25:09] production.INFO: Unhandled voice event {"event_type":"call.transcription"} 
[2026-05-13 14:25:09] production.INFO: Telnyx voice webhook received {"event_type":"call.transcription","call_control_id":"v3:Z_OqFVuts7u6_mizLlLrxgPd7M0wiZQ6nXOx5vGZn1atF8BBZfJTww","direction":null} 
[2026-05-13 14:25:09] production.INFO: Unhandled voice event {"event_type":"call.transcription"} 
[2026-05-13 14:25:09] production.INFO: Telnyx voice webhook received {"event_type":"call.transcription","call_control_id":"v3:Z_OqFVuts7u6_mizLlLrxgPd7M0wiZQ6nXOx5vGZn1atF8BBZfJTww","direction":null} 
[2026-05-13 14:25:09] production.INFO: Unhandled voice event {"event_type":"call.transcription"} 
[2026-05-13 14:25:09] production.INFO: Telnyx voice webhook received {"event_type":"call.transcription","call_control_id":"v3:Z_OqFVuts7u6_mizLlLrxgPd7M0wiZQ6nXOx5vGZn1atF8BBZfJTww","direction":null} 
[2026-05-13 14:25:09] production.INFO: Unhandled voice event {"event_type":"call.transcription"} 
[2026-05-13 14:25:09] production.INFO: Telnyx voice webhook received {"event_type":"call.transcription","call_control_id":"v3:Z_OqFVuts7u6_mizLlLrxgPd7M0wiZQ6nXOx5vGZn1atF8BBZfJTww","direction":null} 
[2026-05-13 14:25:09] production.INFO: Unhandled voice event {"event_type":"call.transcription"} 
[2026-05-13 14:25:09] production.INFO: Telnyx voice webhook received {"event_type":"call.transcription","call_control_id":"v3:Z_OqFVuts7u6_mizLlLrxgPd7M0wiZQ6nXOx5vGZn1atF8BBZfJTww","direction":null} 
[2026-05-13 14:25:09] production.INFO: Unhandled voice event {"event_type":"call.transcription"} 
[2026-05-13 14:25:09] production.INFO: Telnyx voice webhook received {"event_type":"call.transcription","call_control_id":"v3:Z_OqFVuts7u6_mizLlLrxgPd7M0wiZQ6nXOx5vGZn1atF8BBZfJTww","direction":null} 
[2026-05-13 14:25:09] production.INFO: Unhandled voice event {"event_type":"call.transcription"} 
[2026-05-13 14:25:09] production.INFO: Telnyx voice webhook received {"event_type":"call.transcription","call_control_id":"v3:Z_OqFVuts7u6_mizLlLrxgPd7M0wiZQ6nXOx5vGZn1atF8BBZfJTww","direction":null} 
[2026-05-13 14:25:09] production.INFO: Unhandled voice event {"event_type":"call.transcription"} 
[2026-05-13 14:25:09] production.INFO: Telnyx voice webhook received {"event_type":"call.transcription","call_control_id":"v3:Z_OqFVuts7u6_mizLlLrxgPd7M0wiZQ6nXOx5vGZn1atF8BBZfJTww","direction":null} 
[2026-05-13 14:25:09] production.INFO: Unhandled voice event {"event_type":"call.transcription"} 
[2026-05-13 14:25:09] production.INFO: Telnyx voice webhook received {"event_type":"call.transcription","call_control_id":"v3:Z_OqFVuts7u6_mizLlLrxgPd7M0wiZQ6nXOx5vGZn1atF8BBZfJTww","direction":null} 
[2026-05-13 14:25:09] production.INFO: Unhandled voice event {"event_type":"call.transcription"} 
[2026-05-13 14:25:09] production.INFO: Telnyx voice webhook received {"event_type":"call.transcription","call_control_id":"v3:Z_OqFVuts7u6_mizLlLrxgPd7M0wiZQ6nXOx5vGZn1atF8BBZfJTww","direction":null} 
[2026-05-13 14:25:09] production.INFO: Unhandled voice event {"event_type":"call.transcription"} 
[2026-05-13 14:25:09] production.INFO: Telnyx voice webhook received {"event_type":"call.transcription","call_control_id":"v3:Z_OqFVuts7u6_mizLlLrxgPd7M0wiZQ6nXOx5vGZn1atF8BBZfJTww","direction":null} 
[2026-05-13 14:25:09] production.INFO: Unhandled voice event {"event_type":"call.transcription"} 
[2026-05-13 14:25:10] production.INFO: Telnyx voice webhook received {"event_type":"call.transcription","call_control_id":"v3:Z_OqFVuts7u6_mizLlLrxgPd7M0wiZQ6nXOx5vGZn1atF8BBZfJTww","direction":null} 
[2026-05-13 14:25:10] production.INFO: Unhandled voice event {"event_type":"call.transcription"} 
[2026-05-13 14:25:10] production.INFO: Telnyx voice webhook received {"event_type":"call.transcription","call_control_id":"v3:Z_OqFVuts7u6_mizLlLrxgPd7M0wiZQ6nXOx5vGZn1atF8BBZfJTww","direction":null} 
[2026-05-13 14:25:10] production.INFO: Unhandled voice event {"event_type":"call.transcription"} 
[2026-05-13 14:25:10] production.INFO: Telnyx voice webhook received {"event_type":"call.transcription","call_control_id":"v3:Z_OqFVuts7u6_mizLlLrxgPd7M0wiZQ6nXOx5vGZn1atF8BBZfJTww","direction":null} 
[2026-05-13 14:25:10] production.INFO: Unhandled voice event {"event_type":"call.transcription"} 
[2026-05-13 14:25:10] production.INFO: Telnyx voice webhook received {"event_type":"call.transcription","call_control_id":"v3:Z_OqFVuts7u6_mizLlLrxgPd7M0wiZQ6nXOx5vGZn1atF8BBZfJTww","direction":null} 
[2026-05-13 14:25:10] production.INFO: Unhandled voice event {"event_type":"call.transcription"} 
[2026-05-13 14:25:10] production.INFO: Telnyx voice webhook received {"event_type":"call.transcription","call_control_id":"v3:Z_OqFVuts7u6_mizLlLrxgPd7M0wiZQ6nXOx5vGZn1atF8BBZfJTww","direction":null} 
[2026-05-13 14:25:10] production.INFO: Unhandled voice event {"event_type":"call.transcription"} 
[2026-05-13 14:25:10] production.INFO: Telnyx voice webhook received {"event_type":"call.transcription","call_control_id":"v3:Z_OqFVuts7u6_mizLlLrxgPd7M0wiZQ6nXOx5vGZn1atF8BBZfJTww","direction":null} 
[2026-05-13 14:25:10] production.INFO: Unhandled voice event {"event_type":"call.transcription"} 
[2026-05-13 14:25:10] production.INFO: Telnyx voice webhook received {"event_type":"call.transcription","call_control_id":"v3:Z_OqFVuts7u6_mizLlLrxgPd7M0wiZQ6nXOx5vGZn1atF8BBZfJTww","direction":null} 
[2026-05-13 14:25:10] production.INFO: Unhandled voice event {"event_type":"call.transcription"} 
[2026-05-13 14:25:10] production.INFO: Telnyx voice webhook received {"event_type":"call.transcription","call_control_id":"v3:Z_OqFVuts7u6_mizLlLrxgPd7M0wiZQ6nXOx5vGZn1atF8BBZfJTww","direction":null} 
[2026-05-13 14:25:10] production.INFO: Unhandled voice event {"event_type":"call.transcription"} 
[2026-05-13 14:25:10] production.INFO: Telnyx voice webhook received {"event_type":"call.transcription","call_control_id":"v3:Z_OqFVuts7u6_mizLlLrxgPd7M0wiZQ6nXOx5vGZn1atF8BBZfJTww","direction":null} 
[2026-05-13 14:25:10] production.INFO: Unhandled voice event {"event_type":"call.transcription"} 
[2026-05-13 14:25:10] production.INFO: Telnyx voice webhook received {"event_type":"call.transcription","call_control_id":"v3:Z_OqFVuts7u6_mizLlLrxgPd7M0wiZQ6nXOx5vGZn1atF8BBZfJTww","direction":null} 
[2026-05-13 14:25:10] production.INFO: Unhandled voice event {"event_type":"call.transcription"} 
[2026-05-13 14:25:10] production.INFO: Telnyx voice webhook received {"event_type":"call.transcription","call_control_id":"v3:Z_OqFVuts7u6_mizLlLrxgPd7M0wiZQ6nXOx5vGZn1atF8BBZfJTww","direction":null} 
[2026-05-13 14:25:10] production.INFO: Unhandled voice event {"event_type":"call.transcription"} 
[2026-05-13 14:25:10] production.INFO: Telnyx voice webhook received {"event_type":"call.transcription","call_control_id":"v3:Z_OqFVuts7u6_mizLlLrxgPd7M0wiZQ6nXOx5vGZn1atF8BBZfJTww","direction":null} 
[2026-05-13 14:25:10] production.INFO: Unhandled voice event {"event_type":"call.transcription"} 
[2026-05-13 14:25:11] production.INFO: Telnyx voice webhook received {"event_type":"call.transcription","call_control_id":"v3:Z_OqFVuts7u6_mizLlLrxgPd7M0wiZQ6nXOx5vGZn1atF8BBZfJTww","direction":null} 
[2026-05-13 14:25:11] production.INFO: Telnyx voice webhook received {"event_type":"call.transcription","call_control_id":"v3:Z_OqFVuts7u6_mizLlLrxgPd7M0wiZQ6nXOx5vGZn1atF8BBZfJTww","direction":null} 
[2026-05-13 14:25:11] production.INFO: Unhandled voice event {"event_type":"call.transcription"} 
[2026-05-13 14:25:11] production.INFO: Unhandled voice event {"event_type":"call.transcription"} 
[2026-05-13 14:25:11] production.INFO: Telnyx voice webhook received {"event_type":"call.transcription","call_control_id":"v3:Z_OqFVuts7u6_mizLlLrxgPd7M0wiZQ6nXOx5vGZn1atF8BBZfJTww","direction":null} 
[2026-05-13 14:25:11] production.INFO: Unhandled voice event {"event_type":"call.transcription"} 
[2026-05-13 14:25:11] production.INFO: Telnyx voice webhook received {"event_type":"call.transcription","call_control_id":"v3:Z_OqFVuts7u6_mizLlLrxgPd7M0wiZQ6nXOx5vGZn1atF8BBZfJTww","direction":null} 
[2026-05-13 14:25:11] production.INFO: Unhandled voice event {"event_type":"call.transcription"} 
[2026-05-13 14:25:11] production.INFO: Telnyx voice webhook received {"event_type":"call.transcription","call_control_id":"v3:Z_OqFVuts7u6_mizLlLrxgPd7M0wiZQ6nXOx5vGZn1atF8BBZfJTww","direction":null} 
[2026-05-13 14:25:11] production.INFO: Unhandled voice event {"event_type":"call.transcription"} 
[2026-05-13 14:25:11] production.INFO: Telnyx voice webhook received {"event_type":"call.transcription","call_control_id":"v3:Z_OqFVuts7u6_mizLlLrxgPd7M0wiZQ6nXOx5vGZn1atF8BBZfJTww","direction":null} 
[2026-05-13 14:25:11] production.INFO: Unhandled voice event {"event_type":"call.transcription"} 
[2026-05-13 14:25:11] production.INFO: Telnyx voice webhook received {"event_type":"call.transcription","call_control_id":"v3:Z_OqFVuts7u6_mizLlLrxgPd7M0wiZQ6nXOx5vGZn1atF8BBZfJTww","direction":null} 
[2026-05-13 14:25:11] production.INFO: Unhandled voice event {"event_type":"call.transcription"} 
[2026-05-13 14:25:11] production.INFO: Telnyx voice webhook received {"event_type":"call.transcription","call_control_id":"v3:Z_OqFVuts7u6_mizLlLrxgPd7M0wiZQ6nXOx5vGZn1atF8BBZfJTww","direction":null} 
[2026-05-13 14:25:11] production.INFO: Unhandled voice event {"event_type":"call.transcription"} 
[2026-05-13 14:25:11] production.INFO: Telnyx voice webhook received {"event_type":"call.transcription","call_control_id":"v3:Z_OqFVuts7u6_mizLlLrxgPd7M0wiZQ6nXOx5vGZn1atF8BBZfJTww","direction":null} 
[2026-05-13 14:25:11] production.INFO: Unhandled voice event {"event_type":"call.transcription"} 
[2026-05-13 14:25:11] production.INFO: Telnyx voice webhook received {"event_type":"call.transcription","call_control_id":"v3:Z_OqFVuts7u6_mizLlLrxgPd7M0wiZQ6nXOx5vGZn1atF8BBZfJTww","direction":null} 
[2026-05-13 14:25:11] production.INFO: Unhandled voice event {"event_type":"call.transcription"} 
[2026-05-13 14:25:12] production.INFO: Telnyx voice webhook received {"event_type":"call.transcription","call_control_id":"v3:Z_OqFVuts7u6_mizLlLrxgPd7M0wiZQ6nXOx5vGZn1atF8BBZfJTww","direction":null} 
[2026-05-13 14:25:12] production.INFO: Unhandled voice event {"event_type":"call.transcription"} 
[2026-05-13 14:25:12] production.INFO: Telnyx voice webhook received {"event_type":"call.transcription","call_control_id":"v3:Z_OqFVuts7u6_mizLlLrxgPd7M0wiZQ6nXOx5vGZn1atF8BBZfJTww","direction":null} 
[2026-05-13 14:25:12] production.INFO: Unhandled voice event {"event_type":"call.transcription"} 
[2026-05-13 14:25:12] production.INFO: Telnyx voice webhook received {"event_type":"call.transcription","call_control_id":"v3:Z_OqFVuts7u6_mizLlLrxgPd7M0wiZQ6nXOx5vGZn1atF8BBZfJTww","direction":null} 
[2026-05-13 14:25:12] production.INFO: Unhandled voice event {"event_type":"call.transcription"} 
[2026-05-13 14:25:12] production.INFO: Telnyx voice webhook received {"event_type":"call.transcription","call_control_id":"v3:Z_OqFVuts7u6_mizLlLrxgPd7M0wiZQ6nXOx5vGZn1atF8BBZfJTww","direction":null} 
[2026-05-13 14:25:12] production.INFO: Unhandled voice event {"event_type":"call.transcription"} 
[2026-05-13 14:25:12] production.INFO: Telnyx voice webhook received {"event_type":"call.transcription","call_control_id":"v3:Z_OqFVuts7u6_mizLlLrxgPd7M0wiZQ6nXOx5vGZn1atF8BBZfJTww","direction":null} 
[2026-05-13 14:25:12] production.INFO: Telnyx voice webhook received {"event_type":"call.transcription","call_control_id":"v3:Z_OqFVuts7u6_mizLlLrxgPd7M0wiZQ6nXOx5vGZn1atF8BBZfJTww","direction":null} 
[2026-05-13 14:25:12] production.INFO: Unhandled voice event {"event_type":"call.transcription"} 
[2026-05-13 14:25:12] production.INFO: Unhandled voice event {"event_type":"call.transcription"} 
[2026-05-13 14:25:12] production.INFO: Telnyx voice webhook received {"event_type":"call.transcription","call_control_id":"v3:Z_OqFVuts7u6_mizLlLrxgPd7M0wiZQ6nXOx5vGZn1atF8BBZfJTww","direction":null} 
[2026-05-13 14:25:12] production.INFO: Unhandled voice event {"event_type":"call.transcription"} 
[2026-05-13 14:25:12] production.INFO: Telnyx voice webhook received {"event_type":"call.transcription","call_control_id":"v3:Z_OqFVuts7u6_mizLlLrxgPd7M0wiZQ6nXOx5vGZn1atF8BBZfJTww","direction":null} 
[2026-05-13 14:25:12] production.INFO: Unhandled voice event {"event_type":"call.transcription"} 
[2026-05-13 14:25:13] production.INFO: Telnyx voice webhook received {"event_type":"call.transcription","call_control_id":"v3:Z_OqFVuts7u6_mizLlLrxgPd7M0wiZQ6nXOx5vGZn1atF8BBZfJTww","direction":null} 
[2026-05-13 14:25:13] production.INFO: Telnyx voice webhook received {"event_type":"call.transcription","call_control_id":"v3:Z_OqFVuts7u6_mizLlLrxgPd7M0wiZQ6nXOx5vGZn1atF8BBZfJTww","direction":null} 
[2026-05-13 14:25:13] production.INFO: Unhandled voice event {"event_type":"call.transcription"} 
[2026-05-13 14:25:13] production.INFO: Unhandled voice event {"event_type":"call.transcription"} 
[2026-05-13 14:25:13] production.INFO: Telnyx voice webhook received {"event_type":"call.transcription","call_control_id":"v3:Z_OqFVuts7u6_mizLlLrxgPd7M0wiZQ6nXOx5vGZn1atF8BBZfJTww","direction":null} 
[2026-05-13 14:25:13] production.INFO: Unhandled voice event {"event_type":"call.transcription"} 
[2026-05-13 14:25:13] production.INFO: Telnyx voice webhook received {"event_type":"call.transcription","call_control_id":"v3:Z_OqFVuts7u6_mizLlLrxgPd7M0wiZQ6nXOx5vGZn1atF8BBZfJTww","direction":null} 
[2026-05-13 14:25:13] production.INFO: Unhandled voice event {"event_type":"call.transcription"} 
[2026-05-13 14:25:13] production.INFO: Telnyx voice webhook received {"event_type":"call.transcription","call_control_id":"v3:Z_OqFVuts7u6_mizLlLrxgPd7M0wiZQ6nXOx5vGZn1atF8BBZfJTww","direction":null} 
[2026-05-13 14:25:13] production.INFO: Unhandled voice event {"event_type":"call.transcription"} 
[2026-05-13 14:25:13] production.INFO: Telnyx voice webhook received {"event_type":"call.transcription","call_control_id":"v3:Z_OqFVuts7u6_mizLlLrxgPd7M0wiZQ6nXOx5vGZn1atF8BBZfJTww","direction":null} 
[2026-05-13 14:25:13] production.INFO: Unhandled voice event {"event_type":"call.transcription"} 
[2026-05-13 14:25:14] production.INFO: Telnyx voice webhook received {"event_type":"call.transcription","call_control_id":"v3:Z_OqFVuts7u6_mizLlLrxgPd7M0wiZQ6nXOx5vGZn1atF8BBZfJTww","direction":null} 
[2026-05-13 14:25:14] production.INFO: Unhandled voice event {"event_type":"call.transcription"} 
[2026-05-13 14:25:14] production.INFO: Telnyx voice webhook received {"event_type":"call.transcription","call_control_id":"v3:Z_OqFVuts7u6_mizLlLrxgPd7M0wiZQ6nXOx5vGZn1atF8BBZfJTww","direction":null} 
[2026-05-13 14:25:14] production.INFO: Unhandled voice event {"event_type":"call.transcription"} 
[2026-05-13 14:25:15] production.INFO: Telnyx voice webhook received {"event_type":"call.transcription","call_control_id":"v3:Z_OqFVuts7u6_mizLlLrxgPd7M0wiZQ6nXOx5vGZn1atF8BBZfJTww","direction":null} 
[2026-05-13 14:25:15] production.INFO: Unhandled voice event {"event_type":"call.transcription"} 
[2026-05-13 14:25:15] production.INFO: Telnyx voice webhook received {"event_type":"call.transcription","call_control_id":"v3:Z_OqFVuts7u6_mizLlLrxgPd7M0wiZQ6nXOx5vGZn1atF8BBZfJTww","direction":null} 
[2026-05-13 14:25:15] production.INFO: Unhandled voice event {"event_type":"call.transcription"} 
[2026-05-13 14:25:15] production.INFO: Telnyx voice webhook received {"event_type":"call.transcription","call_control_id":"v3:Z_OqFVuts7u6_mizLlLrxgPd7M0wiZQ6nXOx5vGZn1atF8BBZfJTww","direction":null} 
[2026-05-13 14:25:15] production.INFO: Unhandled voice event {"event_type":"call.transcription"} 
[2026-05-13 14:25:15] production.INFO: Telnyx voice webhook received {"event_type":"call.transcription","call_control_id":"v3:Z_OqFVuts7u6_mizLlLrxgPd7M0wiZQ6nXOx5vGZn1atF8BBZfJTww","direction":null} 
[2026-05-13 14:25:15] production.INFO: Unhandled voice event {"event_type":"call.transcription"} 
[2026-05-13 14:25:15] production.INFO: Telnyx voice webhook received {"event_type":"call.transcription","call_control_id":"v3:Z_OqFVuts7u6_mizLlLrxgPd7M0wiZQ6nXOx5vGZn1atF8BBZfJTww","direction":null} 
[2026-05-13 14:25:15] production.INFO: Unhandled voice event {"event_type":"call.transcription"} 
[2026-05-13 14:25:15] production.INFO: Telnyx voice webhook received {"event_type":"call.transcription","call_control_id":"v3:Z_OqFVuts7u6_mizLlLrxgPd7M0wiZQ6nXOx5vGZn1atF8BBZfJTww","direction":null} 
[2026-05-13 14:25:15] production.INFO: Unhandled voice event {"event_type":"call.transcription"} 
[2026-05-13 14:25:15] production.INFO: Telnyx voice webhook received {"event_type":"call.transcription","call_control_id":"v3:Z_OqFVuts7u6_mizLlLrxgPd7M0wiZQ6nXOx5vGZn1atF8BBZfJTww","direction":null} 
[2026-05-13 14:25:15] production.INFO: Unhandled voice event {"event_type":"call.transcription"} 
[2026-05-13 14:25:15] production.INFO: Telnyx voice webhook received {"event_type":"call.transcription","call_control_id":"v3:Z_OqFVuts7u6_mizLlLrxgPd7M0wiZQ6nXOx5vGZn1atF8BBZfJTww","direction":null} 
[2026-05-13 14:25:15] production.INFO: Unhandled voice event {"event_type":"call.transcription"} 
[2026-05-13 14:25:15] production.INFO: Telnyx voice webhook received {"event_type":"call.transcription","call_control_id":"v3:Z_OqFVuts7u6_mizLlLrxgPd7M0wiZQ6nXOx5vGZn1atF8BBZfJTww","direction":null} 
[2026-05-13 14:25:15] production.INFO: Unhandled voice event {"event_type":"call.transcription"} 
[2026-05-13 14:25:15] production.INFO: Telnyx voice webhook received {"event_type":"call.transcription","call_control_id":"v3:Z_OqFVuts7u6_mizLlLrxgPd7M0wiZQ6nXOx5vGZn1atF8BBZfJTww","direction":null} 
[2026-05-13 14:25:15] production.INFO: Unhandled voice event {"event_type":"call.transcription"} 
[2026-05-13 14:25:15] production.INFO: Telnyx voice webhook received {"event_type":"call.transcription","call_control_id":"v3:Z_OqFVuts7u6_mizLlLrxgPd7M0wiZQ6nXOx5vGZn1atF8BBZfJTww","direction":null} 
[2026-05-13 14:25:15] production.INFO: Unhandled voice event {"event_type":"call.transcription"} 
[2026-05-13 14:25:15] production.INFO: Telnyx voice webhook received {"event_type":"call.transcription","call_control_id":"v3:Z_OqFVuts7u6_mizLlLrxgPd7M0wiZQ6nXOx5vGZn1atF8BBZfJTww","direction":null} 
[2026-05-13 14:25:15] production.INFO: Unhandled voice event {"event_type":"call.transcription"} 
[2026-05-13 14:25:16] production.INFO: Telnyx voice webhook received {"event_type":"call.transcription","call_control_id":"v3:Z_OqFVuts7u6_mizLlLrxgPd7M0wiZQ6nXOx5vGZn1atF8BBZfJTww","direction":null} 
[2026-05-13 14:25:16] production.INFO: Unhandled voice event {"event_type":"call.transcription"} 
[2026-05-13 14:25:16] production.INFO: Telnyx voice webhook received {"event_type":"call.transcription","call_control_id":"v3:Z_OqFVuts7u6_mizLlLrxgPd7M0wiZQ6nXOx5vGZn1atF8BBZfJTww","direction":null} 
[2026-05-13 14:25:16] production.INFO: Unhandled voice event {"event_type":"call.transcription"} 
[2026-05-13 14:25:16] production.INFO: Telnyx voice webhook received {"event_type":"call.transcription","call_control_id":"v3:Z_OqFVuts7u6_mizLlLrxgPd7M0wiZQ6nXOx5vGZn1atF8BBZfJTww","direction":null} 
[2026-05-13 14:25:16] production.INFO: Unhandled voice event {"event_type":"call.transcription"} 
[2026-05-13 14:25:16] production.INFO: Telnyx voice webhook received {"event_type":"call.transcription","call_control_id":"v3:Z_OqFVuts7u6_mizLlLrxgPd7M0wiZQ6nXOx5vGZn1atF8BBZfJTww","direction":null} 
[2026-05-13 14:25:16] production.INFO: Unhandled voice event {"event_type":"call.transcription"} 
[2026-05-13 14:25:16] production.INFO: Telnyx voice webhook received {"event_type":"call.transcription","call_control_id":"v3:Z_OqFVuts7u6_mizLlLrxgPd7M0wiZQ6nXOx5vGZn1atF8BBZfJTww","direction":null} 
[2026-05-13 14:25:16] production.INFO: Unhandled voice event {"event_type":"call.transcription"} 
[2026-05-13 14:25:16] production.INFO: Telnyx voice webhook received {"event_type":"call.transcription","call_control_id":"v3:Z_OqFVuts7u6_mizLlLrxgPd7M0wiZQ6nXOx5vGZn1atF8BBZfJTww","direction":null} 
[2026-05-13 14:25:16] production.INFO: Unhandled voice event {"event_type":"call.transcription"} 
[2026-05-13 14:25:16] production.INFO: Telnyx voice webhook received {"event_type":"call.transcription","call_control_id":"v3:Z_OqFVuts7u6_mizLlLrxgPd7M0wiZQ6nXOx5vGZn1atF8BBZfJTww","direction":null} 
[2026-05-13 14:25:16] production.INFO: Unhandled voice event {"event_type":"call.transcription"} 
[2026-05-13 14:25:16] production.INFO: Telnyx voice webhook received {"event_type":"call.transcription","call_control_id":"v3:Z_OqFVuts7u6_mizLlLrxgPd7M0wiZQ6nXOx5vGZn1atF8BBZfJTww","direction":null} 
[2026-05-13 14:25:16] production.INFO: Unhandled voice event {"event_type":"call.transcription"} 
[2026-05-13 14:25:17] production.INFO: Telnyx voice webhook received {"event_type":"call.transcription","call_control_id":"v3:Z_OqFVuts7u6_mizLlLrxgPd7M0wiZQ6nXOx5vGZn1atF8BBZfJTww","direction":null} 
[2026-05-13 14:25:17] production.INFO: Unhandled voice event {"event_type":"call.transcription"} 
[2026-05-13 14:25:17] production.INFO: Telnyx voice webhook received {"event_type":"call.transcription","call_control_id":"v3:Z_OqFVuts7u6_mizLlLrxgPd7M0wiZQ6nXOx5vGZn1atF8BBZfJTww","direction":null} 
[2026-05-13 14:25:17] production.INFO: Unhandled voice event {"event_type":"call.transcription"} 
[2026-05-13 14:25:17] production.INFO: Telnyx voice webhook received {"event_type":"call.transcription","call_control_id":"v3:Z_OqFVuts7u6_mizLlLrxgPd7M0wiZQ6nXOx5vGZn1atF8BBZfJTww","direction":null} 
[2026-05-13 14:25:17] production.INFO: Unhandled voice event {"event_type":"call.transcription"} 
[2026-05-13 14:25:17] production.INFO: Telnyx voice webhook received {"event_type":"call.transcription","call_control_id":"v3:Z_OqFVuts7u6_mizLlLrxgPd7M0wiZQ6nXOx5vGZn1atF8BBZfJTww","direction":null} 
[2026-05-13 14:25:17] production.INFO: Unhandled voice event {"event_type":"call.transcription"} 
[2026-05-13 14:25:17] production.INFO: Telnyx voice webhook received {"event_type":"call.transcription","call_control_id":"v3:Z_OqFVuts7u6_mizLlLrxgPd7M0wiZQ6nXOx5vGZn1atF8BBZfJTww","direction":null} 
[2026-05-13 14:25:17] production.INFO: Unhandled voice event {"event_type":"call.transcription"} 
[2026-05-13 14:25:17] production.INFO: Telnyx voice webhook received {"event_type":"call.transcription","call_control_id":"v3:Z_OqFVuts7u6_mizLlLrxgPd7M0wiZQ6nXOx5vGZn1atF8BBZfJTww","direction":null} 
[2026-05-13 14:25:17] production.INFO: Unhandled voice event {"event_type":"call.transcription"} 
[2026-05-13 14:25:17] production.INFO: Telnyx voice webhook received {"event_type":"call.transcription","call_control_id":"v3:Z_OqFVuts7u6_mizLlLrxgPd7M0wiZQ6nXOx5vGZn1atF8BBZfJTww","direction":null} 
[2026-05-13 14:25:17] production.INFO: Unhandled voice event {"event_type":"call.transcription"} 
[2026-05-13 14:25:18] production.INFO: Telnyx voice webhook received {"event_type":"call.transcription","call_control_id":"v3:Z_OqFVuts7u6_mizLlLrxgPd7M0wiZQ6nXOx5vGZn1atF8BBZfJTww","direction":null} 
[2026-05-13 14:25:18] production.INFO: Unhandled voice event {"event_type":"call.transcription"} 
[2026-05-13 14:25:18] production.INFO: Telnyx voice webhook received {"event_type":"call.transcription","call_control_id":"v3:Z_OqFVuts7u6_mizLlLrxgPd7M0wiZQ6nXOx5vGZn1atF8BBZfJTww","direction":null} 
[2026-05-13 14:25:18] production.INFO: Unhandled voice event {"event_type":"call.transcription"} 
[2026-05-13 14:25:18] production.INFO: Telnyx voice webhook received {"event_type":"call.transcription","call_control_id":"v3:Z_OqFVuts7u6_mizLlLrxgPd7M0wiZQ6nXOx5vGZn1atF8BBZfJTww","direction":null} 
[2026-05-13 14:25:18] production.INFO: Unhandled voice event {"event_type":"call.transcription"} 
[2026-05-13 14:25:18] production.INFO: Telnyx voice webhook received {"event_type":"call.transcription","call_control_id":"v3:Z_OqFVuts7u6_mizLlLrxgPd7M0wiZQ6nXOx5vGZn1atF8BBZfJTww","direction":null} 
[2026-05-13 14:25:18] production.INFO: Unhandled voice event {"event_type":"call.transcription"} 
[2026-05-13 14:25:18] production.INFO: Telnyx voice webhook received {"event_type":"call.transcription","call_control_id":"v3:Z_OqFVuts7u6_mizLlLrxgPd7M0wiZQ6nXOx5vGZn1atF8BBZfJTww","direction":null} 
[2026-05-13 14:25:18] production.INFO: Telnyx voice webhook received {"event_type":"call.transcription","call_control_id":"v3:Z_OqFVuts7u6_mizLlLrxgPd7M0wiZQ6nXOx5vGZn1atF8BBZfJTww","direction":null} 
[2026-05-13 14:25:18] production.INFO: Unhandled voice event {"event_type":"call.transcription"} 
[2026-05-13 14:25:18] production.INFO: Unhandled voice event {"event_type":"call.transcription"} 
[2026-05-13 14:25:18] production.INFO: Telnyx voice webhook received {"event_type":"call.transcription","call_control_id":"v3:Z_OqFVuts7u6_mizLlLrxgPd7M0wiZQ6nXOx5vGZn1atF8BBZfJTww","direction":null} 
[2026-05-13 14:25:18] production.INFO: Unhandled voice event {"event_type":"call.transcription"} 
[2026-05-13 14:25:18] production.INFO: Telnyx voice webhook received {"event_type":"call.transcription","call_control_id":"v3:Z_OqFVuts7u6_mizLlLrxgPd7M0wiZQ6nXOx5vGZn1atF8BBZfJTww","direction":null} 
[2026-05-13 14:25:18] production.INFO: Unhandled voice event {"event_type":"call.transcription"} 
[2026-05-13 14:25:19] production.INFO: Telnyx voice webhook received {"event_type":"call.transcription","call_control_id":"v3:Z_OqFVuts7u6_mizLlLrxgPd7M0wiZQ6nXOx5vGZn1atF8BBZfJTww","direction":null} 
[2026-05-13 14:25:19] production.INFO: Telnyx voice webhook received {"event_type":"call.transcription","call_control_id":"v3:Z_OqFVuts7u6_mizLlLrxgPd7M0wiZQ6nXOx5vGZn1atF8BBZfJTww","direction":null} 
[2026-05-13 14:25:19] production.INFO: Unhandled voice event {"event_type":"call.transcription"} 
[2026-05-13 14:25:19] production.INFO: Unhandled voice event {"event_type":"call.transcription"} 
[2026-05-13 14:25:19] production.INFO: Telnyx voice webhook received {"event_type":"call.transcription","call_control_id":"v3:Z_OqFVuts7u6_mizLlLrxgPd7M0wiZQ6nXOx5vGZn1atF8BBZfJTww","direction":null} 
[2026-05-13 14:25:19] production.INFO: Unhandled voice event {"event_type":"call.transcription"} 
[2026-05-13 14:25:19] production.INFO: Telnyx voice webhook received {"event_type":"call.transcription","call_control_id":"v3:Z_OqFVuts7u6_mizLlLrxgPd7M0wiZQ6nXOx5vGZn1atF8BBZfJTww","direction":null} 
[2026-05-13 14:25:19] production.INFO: Unhandled voice event {"event_type":"call.transcription"} 
[2026-05-13 14:25:20] production.INFO: Telnyx voice webhook received {"event_type":"call.transcription","call_control_id":"v3:Z_OqFVuts7u6_mizLlLrxgPd7M0wiZQ6nXOx5vGZn1atF8BBZfJTww","direction":null} 
[2026-05-13 14:25:20] production.INFO: Telnyx voice webhook received {"event_type":"call.transcription","call_control_id":"v3:Z_OqFVuts7u6_mizLlLrxgPd7M0wiZQ6nXOx5vGZn1atF8BBZfJTww","direction":null} 
[2026-05-13 14:25:20] production.INFO: Unhandled voice event {"event_type":"call.transcription"} 
[2026-05-13 14:25:20] production.INFO: Unhandled voice event {"event_type":"call.transcription"} 
[2026-05-13 14:25:20] production.INFO: Telnyx voice webhook received {"event_type":"call.transcription","call_control_id":"v3:Z_OqFVuts7u6_mizLlLrxgPd7M0wiZQ6nXOx5vGZn1atF8BBZfJTww","direction":null} 
[2026-05-13 14:25:20] production.INFO: Unhandled voice event {"event_type":"call.transcription"} 
[2026-05-13 14:25:20] production.INFO: Telnyx voice webhook received {"event_type":"call.transcription","call_control_id":"v3:Z_OqFVuts7u6_mizLlLrxgPd7M0wiZQ6nXOx5vGZn1atF8BBZfJTww","direction":null} 
[2026-05-13 14:25:20] production.INFO: Unhandled voice event {"event_type":"call.transcription"} 
[2026-05-13 14:25:20] production.INFO: Telnyx voice webhook received {"event_type":"call.transcription","call_control_id":"v3:Z_OqFVuts7u6_mizLlLrxgPd7M0wiZQ6nXOx5vGZn1atF8BBZfJTww","direction":null} 
[2026-05-13 14:25:20] production.INFO: Unhandled voice event {"event_type":"call.transcription"} 
[2026-05-13 14:25:20] production.INFO: Telnyx voice webhook received {"event_type":"call.transcription","call_control_id":"v3:Z_OqFVuts7u6_mizLlLrxgPd7M0wiZQ6nXOx5vGZn1atF8BBZfJTww","direction":null} 
[2026-05-13 14:25:20] production.INFO: Unhandled voice event {"event_type":"call.transcription"} 
[2026-05-13 14:25:21] production.INFO: Telnyx voice webhook received {"event_type":"call.transcription","call_control_id":"v3:Z_OqFVuts7u6_mizLlLrxgPd7M0wiZQ6nXOx5vGZn1atF8BBZfJTww","direction":null} 
[2026-05-13 14:25:21] production.INFO: Unhandled voice event {"event_type":"call.transcription"} 
[2026-05-13 14:25:21] production.INFO: Telnyx voice webhook received {"event_type":"call.transcription","call_control_id":"v3:Z_OqFVuts7u6_mizLlLrxgPd7M0wiZQ6nXOx5vGZn1atF8BBZfJTww","direction":null} 
[2026-05-13 14:25:21] production.INFO: Unhandled voice event {"event_type":"call.transcription"} 
[2026-05-13 14:25:21] production.INFO: Telnyx voice webhook received {"event_type":"call.transcription","call_control_id":"v3:Z_OqFVuts7u6_mizLlLrxgPd7M0wiZQ6nXOx5vGZn1atF8BBZfJTww","direction":null} 
[2026-05-13 14:25:21] production.INFO: Unhandled voice event {"event_type":"call.transcription"} 
[2026-05-13 14:25:21] production.INFO: Telnyx voice webhook received {"event_type":"call.transcription","call_control_id":"v3:Z_OqFVuts7u6_mizLlLrxgPd7M0wiZQ6nXOx5vGZn1atF8BBZfJTww","direction":null} 
[2026-05-13 14:25:21] production.INFO: Unhandled voice event {"event_type":"call.transcription"} 
[2026-05-13 14:25:21] production.INFO: Telnyx voice webhook received {"event_type":"call.transcription","call_control_id":"v3:Z_OqFVuts7u6_mizLlLrxgPd7M0wiZQ6nXOx5vGZn1atF8BBZfJTww","direction":null} 
[2026-05-13 14:25:21] production.INFO: Unhandled voice event {"event_type":"call.transcription"} 
[2026-05-13 14:25:21] production.INFO: Telnyx voice webhook received {"event_type":"call.transcription","call_control_id":"v3:Z_OqFVuts7u6_mizLlLrxgPd7M0wiZQ6nXOx5vGZn1atF8BBZfJTww","direction":null} 
[2026-05-13 14:25:21] production.INFO: Unhandled voice event {"event_type":"call.transcription"} 
[2026-05-13 14:25:22] production.INFO: Telnyx voice webhook received {"event_type":"call.transcription","call_control_id":"v3:Z_OqFVuts7u6_mizLlLrxgPd7M0wiZQ6nXOx5vGZn1atF8BBZfJTww","direction":null} 
[2026-05-13 14:25:22] production.INFO: Unhandled voice event {"event_type":"call.transcription"} 
[2026-05-13 14:25:22] production.INFO: Telnyx voice webhook received {"event_type":"call.transcription","call_control_id":"v3:Z_OqFVuts7u6_mizLlLrxgPd7M0wiZQ6nXOx5vGZn1atF8BBZfJTww","direction":null} 
[2026-05-13 14:25:22] production.INFO: Telnyx voice webhook received {"event_type":"call.transcription","call_control_id":"v3:Z_OqFVuts7u6_mizLlLrxgPd7M0wiZQ6nXOx5vGZn1atF8BBZfJTww","direction":null} 
[2026-05-13 14:25:22] production.INFO: Unhandled voice event {"event_type":"call.transcription"} 
[2026-05-13 14:25:22] production.INFO: Unhandled voice event {"event_type":"call.transcription"} 
[2026-05-13 14:25:22] production.INFO: Telnyx voice webhook received {"event_type":"call.transcription","call_control_id":"v3:Z_OqFVuts7u6_mizLlLrxgPd7M0wiZQ6nXOx5vGZn1atF8BBZfJTww","direction":null} 
[2026-05-13 14:25:22] production.INFO: Unhandled voice event {"event_type":"call.transcription"} 
[2026-05-13 14:25:22] production.INFO: Telnyx voice webhook received {"event_type":"call.transcription","call_control_id":"v3:Z_OqFVuts7u6_mizLlLrxgPd7M0wiZQ6nXOx5vGZn1atF8BBZfJTww","direction":null} 
[2026-05-13 14:25:22] production.INFO: Unhandled voice event {"event_type":"call.transcription"} 
[2026-05-13 14:25:22] production.INFO: Telnyx voice webhook received {"event_type":"call.transcription","call_control_id":"v3:Z_OqFVuts7u6_mizLlLrxgPd7M0wiZQ6nXOx5vGZn1atF8BBZfJTww","direction":null} 
[2026-05-13 14:25:22] production.INFO: Unhandled voice event {"event_type":"call.transcription"} 
[2026-05-13 14:25:22] production.INFO: Telnyx voice webhook received {"event_type":"call.transcription","call_control_id":"v3:Z_OqFVuts7u6_mizLlLrxgPd7M0wiZQ6nXOx5vGZn1atF8BBZfJTww","direction":null} 
[2026-05-13 14:25:22] production.INFO: Unhandled voice event {"event_type":"call.transcription"} 
[2026-05-13 14:25:23] production.INFO: Telnyx voice webhook received {"event_type":"call.transcription","call_control_id":"v3:Z_OqFVuts7u6_mizLlLrxgPd7M0wiZQ6nXOx5vGZn1atF8BBZfJTww","direction":null} 
[2026-05-13 14:25:23] production.INFO: Unhandled voice event {"event_type":"call.transcription"} 
[2026-05-13 14:25:23] production.INFO: Telnyx voice webhook received {"event_type":"call.transcription","call_control_id":"v3:Z_OqFVuts7u6_mizLlLrxgPd7M0wiZQ6nXOx5vGZn1atF8BBZfJTww","direction":null} 
[2026-05-13 14:25:23] production.INFO: Unhandled voice event {"event_type":"call.transcription"} 
[2026-05-13 14:25:23] production.INFO: Telnyx voice webhook received {"event_type":"call.transcription","call_control_id":"v3:Z_OqFVuts7u6_mizLlLrxgPd7M0wiZQ6nXOx5vGZn1atF8BBZfJTww","direction":null} 
[2026-05-13 14:25:23] production.INFO: Unhandled voice event {"event_type":"call.transcription"} 
[2026-05-13 14:25:23] production.INFO: Telnyx voice webhook received {"event_type":"call.transcription","call_control_id":"v3:Z_OqFVuts7u6_mizLlLrxgPd7M0wiZQ6nXOx5vGZn1atF8BBZfJTww","direction":null} 
[2026-05-13 14:25:23] production.INFO: Unhandled voice event {"event_type":"call.transcription"} 
[2026-05-13 14:25:23] production.INFO: Telnyx voice webhook received {"event_type":"call.transcription","call_control_id":"v3:Z_OqFVuts7u6_mizLlLrxgPd7M0wiZQ6nXOx5vGZn1atF8BBZfJTww","direction":null} 
[2026-05-13 14:25:23] production.INFO: Unhandled voice event {"event_type":"call.transcription"} 
[2026-05-13 14:25:23] production.INFO: Telnyx voice webhook received {"event_type":"call.transcription","call_control_id":"v3:Z_OqFVuts7u6_mizLlLrxgPd7M0wiZQ6nXOx5vGZn1atF8BBZfJTww","direction":null} 
[2026-05-13 14:25:23] production.INFO: Unhandled voice event {"event_type":"call.transcription"} 
[2026-05-13 14:25:24] production.INFO: Telnyx voice webhook received {"event_type":"call.transcription","call_control_id":"v3:Z_OqFVuts7u6_mizLlLrxgPd7M0wiZQ6nXOx5vGZn1atF8BBZfJTww","direction":null} 
[2026-05-13 14:25:24] production.INFO: Unhandled voice event {"event_type":"call.transcription"} 
[2026-05-13 14:25:24] production.INFO: Telnyx voice webhook received {"event_type":"call.transcription","call_control_id":"v3:Z_OqFVuts7u6_mizLlLrxgPd7M0wiZQ6nXOx5vGZn1atF8BBZfJTww","direction":null} 
[2026-05-13 14:25:24] production.INFO: Unhandled voice event {"event_type":"call.transcription"} 
[2026-05-13 14:25:24] production.INFO: Telnyx voice webhook received {"event_type":"call.transcription","call_control_id":"v3:Z_OqFVuts7u6_mizLlLrxgPd7M0wiZQ6nXOx5vGZn1atF8BBZfJTww","direction":null} 
[2026-05-13 14:25:24] production.INFO: Unhandled voice event {"event_type":"call.transcription"} 
[2026-05-13 14:25:24] production.INFO: Telnyx voice webhook received {"event_type":"call.transcription","call_control_id":"v3:Z_OqFVuts7u6_mizLlLrxgPd7M0wiZQ6nXOx5vGZn1atF8BBZfJTww","direction":null} 
[2026-05-13 14:25:24] production.INFO: Unhandled voice event {"event_type":"call.transcription"} 
[2026-05-13 14:25:29] production.INFO: Telnyx voice webhook received {"event_type":"call.hangup","call_control_id":"v3:Z_OqFVuts7u6_mizLlLrxgPd7M0wiZQ6nXOx5vGZn1atF8BBZfJTww","direction":null} 
[2026-05-13 14:25:29] production.INFO: Voicemail call ended {"call_control_id":"v3:Z_OqFVuts7u6_mizLlLrxgPd7M0wiZQ6nXOx5vGZn1atF8BBZfJTww","call_log_id":1169} 
[2026-05-13 14:25:30] production.INFO: Telnyx voice webhook received {"event_type":"call.recording.saved","call_control_id":"v3:Z_OqFVuts7u6_mizLlLrxgPd7M0wiZQ6nXOx5vGZn1atF8BBZfJTww","direction":null} 
[2026-05-13 14:25:30] production.INFO: Call recording saved {"call_control_id":"v3:Z_OqFVuts7u6_mizLlLrxgPd7M0wiZQ6nXOx5vGZn1atF8BBZfJTww","recording_urls":{"mp3":"https://s3.amazonaws.com/telephony-recorder-prod/49566db4-02e9-44ab-813f-f71a0c0b49d7/2026-05-13/694f3224-4ed7-11f1-92a3-02420aef37a0-1778682289689003.mp3?X-Amz-Algorithm=AWS4-HMAC-SHA256&X-Amz-Credential=AKIASDC5E2MJDPKMH7UW%2F20260513%2Fus-east-1%2Fs3%2Faws4_request&X-Amz-Date=20260513T142530Z&X-Amz-Expires=600&X-Amz-SignedHeaders=host&X-Amz-Signature=404e48a4fdd340453810fc3ec6f3362e3ba542f93ac536a9c6c632dd2b61e8b5"},"is_voicemail":true} 
[2026-05-13 14:25:31] production.INFO: Call recording stored locally {"call_log_id":1169,"path":"call-recordings/2026/05/988be814-7f78-4598-acfb-b67187a13b6d.mp3"} 
[2026-05-13 14:25:32] production.DEBUG: Push notification delivered {"endpoint":"https://web.push.apple.com/QDkJcfxcMRPW4uLNUaYZ21nDUMJHCJ-cyja1FMQcNEv6qKbL-ec_s…","status":201} 
[2026-05-13 14:25:32] production.DEBUG: Push notification delivered {"endpoint":"https://fcm.googleapis.com/fcm/send/cYR-NIq4nms:APA91bEppjWa7ZIrYxviNuWljHyZ7qnu…","status":201} 
[2026-05-13 14:25:32] production.DEBUG: Push notification delivered {"endpoint":"https://wns2-by3p.notify.windows.com/w/?token=BQYAAACU%2bKDb9Gyej4KtbEbQJBisasbB…","status":201,"wns_status":"received","wns_msg_id":"1CCF816E612D6110","wns_debug":"BY3PEPF0000E99F","content_encoding":"aes128gcm","response_body":""} 
[2026-05-13 15:49:37] production.INFO: Telnyx webhook received {"event_type":"message.received","message_id":"ff805c87-1a1f-4042-9de9-27ef88d555e9"} 
[2026-05-13 15:49:37] production.INFO: Inbound SMS received {"id":"ff805c87-1a1f-4042-9de9-27ef88d555e9","from":"+18473235183","to":"+12247354200","all_to":["+12247354200","+18478300888"],"text":"Hi Greg. We need to open the wall in the basement and I might need some help with where you installed the trim or best options for removing safely as possible.

We have a leak that has reappeared from 2021 that we thought was fixed and are having basement seepage company come out to repair their work. 

Let me know if you're around at all this week.  Thanks.  I can cut the drywall out but curious if you used 1 big piece of trim for the wall by the electrical panel or if there's a break/connection point somewhere that I can use to take off the piece carefully.  Thanks!","media_count":0,"type":"MMS"} 
[2026-05-13 15:49:39] production.DEBUG: Push notification delivered {"endpoint":"https://web.push.apple.com/QDkJcfxcMRPW4uLNUaYZ21nDUMJHCJ-cyja1FMQcNEv6qKbL-ec_s…","status":201} 
[2026-05-13 15:49:39] production.DEBUG: Push notification delivered {"endpoint":"https://fcm.googleapis.com/fcm/send/cYR-NIq4nms:APA91bEppjWa7ZIrYxviNuWljHyZ7qnu…","status":201} 
[2026-05-13 15:49:39] production.DEBUG: Push notification delivered {"endpoint":"https://wns2-by3p.notify.windows.com/w/?token=BQYAAACU%2bKDb9Gyej4KtbEbQJBisasbB…","status":201,"wns_status":"received","wns_msg_id":"19B9A0B222AA9DA9","wns_debug":"BY3PEPF0001AB41","content_encoding":"aes128gcm","response_body":""} 
[2026-05-13 15:49:39] production.DEBUG: Push notification delivered {"endpoint":"https://wns2-ch1p.notify.windows.com/w/?token=BQYAAAAQe2hvIFkElPQKFh5BKOEEEpIVqW…","status":201,"wns_status":"received","wns_msg_id":"6FD80E6605DA2B5","wns_debug":"CH1PEPF00006F72","content_encoding":"aes128gcm","response_body":""} 
[2026-05-13 15:49:39] production.DEBUG: Push notification delivered {"endpoint":"https://web.push.apple.com/QJnqrnzJg9xule8bhPY8CE20AFCRYEqQblM8TaB0eTcRZ7HDySHVw…","status":201} 
[2026-05-13 16:49:27] production.INFO: Click-to-call initiated {"call_log_id":1170,"user_phone":"+12249993880","target_phone":"+18473235183","target_count":1,"call_control_id":"v3:KTfGxMAI6OXuCU8bzyVZ5f9gdOWpqftCOjiP8nYAdtCr0aJVmPpaTQ"} 
[2026-05-13 16:49:27] production.INFO: Telnyx voice webhook received {"event_type":"call.initiated","call_control_id":"v3:KTfGxMAI6OXuCU8bzyVZ5f9gdOWpqftCOjiP8nYAdtCr0aJVmPpaTQ","direction":"outgoing"} 
[2026-05-13 16:49:27] production.INFO: Outbound call initiated {"call_control_id":"v3:KTfGxMAI6OXuCU8bzyVZ5f9gdOWpqftCOjiP8nYAdtCr0aJVmPpaTQ","to":"+12249993880"} 
[2026-05-13 16:49:29] production.INFO: Telnyx voice webhook received {"event_type":"call.answered","call_control_id":"v3:KTfGxMAI6OXuCU8bzyVZ5f9gdOWpqftCOjiP8nYAdtCr0aJVmPpaTQ","direction":null} 
[2026-05-13 16:49:29] production.INFO: Click-to-call: user answered → playing ringback and dialing target {"call_control_id":"v3:KTfGxMAI6OXuCU8bzyVZ5f9gdOWpqftCOjiP8nYAdtCr0aJVmPpaTQ","target_phones":["+18473235183"],"target_count":1,"call_log_id":1170} 
[2026-05-13 16:49:29] production.INFO: Call command sent: playback_start {"call_control_id":"v3:KTfGxMAI6OXuCU8bzyVZ5f9gdOWpqftCOjiP8nYAdtCr0aJVmPpaTQ","result":"ok"} 
[2026-05-13 16:49:30] production.INFO: Telnyx voice webhook received {"event_type":"call.playback.started","call_control_id":"v3:KTfGxMAI6OXuCU8bzyVZ5f9gdOWpqftCOjiP8nYAdtCr0aJVmPpaTQ","direction":null} 
[2026-05-13 16:49:30] production.INFO: Unhandled voice event {"event_type":"call.playback.started"} 
[2026-05-13 16:49:30] production.INFO: Click-to-call: target dialed {"target_phone":"+18473235183","target_call_control_id":"v3:paxmntHQAs_uJiBDq6nbQzahWmwT9qc7fX46n_jIxrgeyNcIodrzgg"} 
[2026-05-13 16:49:30] production.INFO: Telnyx voice webhook received {"event_type":"call.initiated","call_control_id":"v3:paxmntHQAs_uJiBDq6nbQzahWmwT9qc7fX46n_jIxrgeyNcIodrzgg","direction":"outgoing"} 
[2026-05-13 16:49:30] production.INFO: Outbound call initiated {"call_control_id":"v3:paxmntHQAs_uJiBDq6nbQzahWmwT9qc7fX46n_jIxrgeyNcIodrzgg","to":"+18473235183"} 
[2026-05-13 16:49:42] production.INFO: Telnyx voice webhook received {"event_type":"call.answered","call_control_id":"v3:paxmntHQAs_uJiBDq6nbQzahWmwT9qc7fX46n_jIxrgeyNcIodrzgg","direction":null} 
[2026-05-13 16:49:42] production.INFO: Click-to-call: target answered — bridging immediately {"target_call_control_id":"v3:paxmntHQAs_uJiBDq6nbQzahWmwT9qc7fX46n_jIxrgeyNcIodrzgg","user_call_control_id":"v3:KTfGxMAI6OXuCU8bzyVZ5f9gdOWpqftCOjiP8nYAdtCr0aJVmPpaTQ","call_log_id":1170} 
[2026-05-13 16:49:42] production.INFO: Call command sent: playback_stop {"call_control_id":"v3:KTfGxMAI6OXuCU8bzyVZ5f9gdOWpqftCOjiP8nYAdtCr0aJVmPpaTQ","result":"ok"} 
[2026-05-13 16:49:42] production.INFO: Telnyx voice webhook received {"event_type":"call.playback.ended","call_control_id":"v3:KTfGxMAI6OXuCU8bzyVZ5f9gdOWpqftCOjiP8nYAdtCr0aJVmPpaTQ","direction":null} 
[2026-05-13 16:49:42] production.INFO: Call command sent: playback_stop {"call_control_id":"v3:paxmntHQAs_uJiBDq6nbQzahWmwT9qc7fX46n_jIxrgeyNcIodrzgg","result":"ok"} 
[2026-05-13 16:49:42] production.INFO: Call command sent: playback_start {"call_control_id":"v3:KTfGxMAI6OXuCU8bzyVZ5f9gdOWpqftCOjiP8nYAdtCr0aJVmPpaTQ","result":"ok"} 
[2026-05-13 16:49:43] production.INFO: Telnyx voice webhook received {"event_type":"call.playback.started","call_control_id":"v3:KTfGxMAI6OXuCU8bzyVZ5f9gdOWpqftCOjiP8nYAdtCr0aJVmPpaTQ","direction":null} 
[2026-05-13 16:49:43] production.INFO: Unhandled voice event {"event_type":"call.playback.started"} 
[2026-05-13 16:49:43] production.INFO: Conference created {"name":"click_to_call_1170_a62855a9","conference_id":"9490610e-b14e-4ab5-a8be-bfbd0130d1a7","beneficiary_call_control_id":"v3:KTfGxMAI6OXuCU8bzyVZ5f9gdOWpqftCOjiP8nYAdtCr0aJVmPpaTQ"} 
[2026-05-13 16:49:43] production.INFO: Telnyx voice webhook received {"event_type":"call.playback.ended","call_control_id":"v3:KTfGxMAI6OXuCU8bzyVZ5f9gdOWpqftCOjiP8nYAdtCr0aJVmPpaTQ","direction":null} 
[2026-05-13 16:49:43] production.INFO: Telnyx voice webhook received {"event_type":"conference.floor.changed","call_control_id":"v3:KTfGxMAI6OXuCU8bzyVZ5f9gdOWpqftCOjiP8nYAdtCr0aJVmPpaTQ","direction":null} 
[2026-05-13 16:49:43] production.INFO: Unhandled voice event {"event_type":"conference.floor.changed"} 
[2026-05-13 16:49:43] production.INFO: Call command sent: playback_start {"call_control_id":"v3:KTfGxMAI6OXuCU8bzyVZ5f9gdOWpqftCOjiP8nYAdtCr0aJVmPpaTQ","result":"ok"} 
[2026-05-13 16:49:43] production.INFO: Joined conference {"conference_id":"9490610e-b14e-4ab5-a8be-bfbd0130d1a7","call_control_id":"v3:paxmntHQAs_uJiBDq6nbQzahWmwT9qc7fX46n_jIxrgeyNcIodrzgg"} 
[2026-05-13 16:49:43] production.INFO: Telnyx voice webhook received {"event_type":"conference.participant.joined","call_control_id":"v3:KTfGxMAI6OXuCU8bzyVZ5f9gdOWpqftCOjiP8nYAdtCr0aJVmPpaTQ","direction":null} 
[2026-05-13 16:49:43] production.INFO: Unhandled voice event {"event_type":"conference.participant.joined"} 
[2026-05-13 16:49:43] production.INFO: Telnyx voice webhook received {"event_type":"conference.created","call_control_id":"v3:KTfGxMAI6OXuCU8bzyVZ5f9gdOWpqftCOjiP8nYAdtCr0aJVmPpaTQ","direction":null} 
[2026-05-13 16:49:43] production.INFO: Unhandled voice event {"event_type":"conference.created"} 
[2026-05-13 16:49:43] production.INFO: Telnyx voice webhook received {"event_type":"call.playback.started","call_control_id":"v3:KTfGxMAI6OXuCU8bzyVZ5f9gdOWpqftCOjiP8nYAdtCr0aJVmPpaTQ","direction":null} 
[2026-05-13 16:49:43] production.INFO: Unhandled voice event {"event_type":"call.playback.started"} 
[2026-05-13 16:49:43] production.INFO: Telnyx voice webhook received {"event_type":"conference.participant.joined","call_control_id":"v3:paxmntHQAs_uJiBDq6nbQzahWmwT9qc7fX46n_jIxrgeyNcIodrzgg","direction":null} 
[2026-05-13 16:49:43] production.INFO: Unhandled voice event {"event_type":"conference.participant.joined"} 
[2026-05-13 16:49:44] production.INFO: Telnyx voice webhook received {"event_type":"conference.floor.changed","call_control_id":"v3:paxmntHQAs_uJiBDq6nbQzahWmwT9qc7fX46n_jIxrgeyNcIodrzgg","direction":null} 
[2026-05-13 16:49:44] production.INFO: Unhandled voice event {"event_type":"conference.floor.changed"} 
[2026-05-13 16:49:46] production.INFO: Telnyx voice webhook received {"event_type":"call.machine.premium.detection.ended","call_control_id":"v3:paxmntHQAs_uJiBDq6nbQzahWmwT9qc7fX46n_jIxrgeyNcIodrzgg","direction":null} 
[2026-05-13 16:49:46] production.INFO: AMD ended {"call_control_id":"v3:paxmntHQAs_uJiBDq6nbQzahWmwT9qc7fX46n_jIxrgeyNcIodrzgg","result":"human_residence","action":"click_to_call_target_ring"} 
[2026-05-13 16:49:52] production.INFO: Telnyx voice webhook received {"event_type":"call.hangup","call_control_id":"v3:paxmntHQAs_uJiBDq6nbQzahWmwT9qc7fX46n_jIxrgeyNcIodrzgg","direction":null} 
[2026-05-13 16:49:52] production.INFO: Click-to-call: target hung up after connected call {"call_control_id":"v3:paxmntHQAs_uJiBDq6nbQzahWmwT9qc7fX46n_jIxrgeyNcIodrzgg","hangup_cause":"normal_clearing","call_log_id":1170,"duration":23.150576} 
[2026-05-13 16:49:52] production.INFO: Telnyx voice webhook received {"event_type":"conference.floor.changed","call_control_id":"v3:KTfGxMAI6OXuCU8bzyVZ5f9gdOWpqftCOjiP8nYAdtCr0aJVmPpaTQ","direction":null} 
[2026-05-13 16:49:52] production.INFO: Unhandled voice event {"event_type":"conference.floor.changed"} 
[2026-05-13 16:49:52] production.INFO: Telnyx voice webhook received {"event_type":"conference.floor.changed","call_control_id":"v3:KTfGxMAI6OXuCU8bzyVZ5f9gdOWpqftCOjiP8nYAdtCr0aJVmPpaTQ","direction":null} 
[2026-05-13 16:49:52] production.INFO: Unhandled voice event {"event_type":"conference.floor.changed"} 
[2026-05-13 16:49:52] production.INFO: Telnyx voice webhook received {"event_type":"conference.participant.left","call_control_id":"v3:paxmntHQAs_uJiBDq6nbQzahWmwT9qc7fX46n_jIxrgeyNcIodrzgg","direction":null} 
[2026-05-13 16:49:52] production.INFO: Unhandled voice event {"event_type":"conference.participant.left"} 
[2026-05-13 16:50:13] production.INFO: Telnyx voice webhook received {"event_type":"call.playback.ended","call_control_id":"v3:KTfGxMAI6OXuCU8bzyVZ5f9gdOWpqftCOjiP8nYAdtCr0aJVmPpaTQ","direction":null} 
[2026-05-13 16:50:21] production.INFO: Telnyx voice webhook received {"event_type":"call.hangup","call_control_id":"v3:KTfGxMAI6OXuCU8bzyVZ5f9gdOWpqftCOjiP8nYAdtCr0aJVmPpaTQ","direction":null} 
[2026-05-13 16:50:21] production.INFO: Click-to-call user leg ended {"call_control_id":"v3:KTfGxMAI6OXuCU8bzyVZ5f9gdOWpqftCOjiP8nYAdtCr0aJVmPpaTQ","action":"click_to_call_waiting","status":"completed","call_log_id":1170,"hangup_cause":"normal_clearing"} 
[2026-05-13 16:50:21] production.INFO: Telnyx voice webhook received {"event_type":"conference.participant.left","call_control_id":"v3:KTfGxMAI6OXuCU8bzyVZ5f9gdOWpqftCOjiP8nYAdtCr0aJVmPpaTQ","direction":null} 
[2026-05-13 16:50:21] production.INFO: Unhandled voice event {"event_type":"conference.participant.left"} 
[2026-05-13 16:50:21] production.INFO: Telnyx voice webhook received {"event_type":"conference.ended","call_control_id":"v3:KTfGxMAI6OXuCU8bzyVZ5f9gdOWpqftCOjiP8nYAdtCr0aJVmPpaTQ","direction":null} 
[2026-05-13 16:50:21] production.INFO: Unhandled voice event {"event_type":"conference.ended"} 
[2026-05-13 16:55:52] production.DEBUG: Push notification delivered {"endpoint":"https://web.push.apple.com/QJnqrnzJg9xule8bhPY8CE20AFCRYEqQblM8TaB0eTcRZ7HDySHVw…","status":201} 
[2026-05-13 16:55:52] production.DEBUG: Push notification delivered {"endpoint":"https://wns2-ch1p.notify.windows.com/w/?token=BQYAAAAQe2hvIFkElPQKFh5BKOEEEpIVqW…","status":201,"wns_status":"received","wns_msg_id":"4A9CF8A345531531","wns_debug":"CH1PEPF00006ED7","content_encoding":"aes128gcm","response_body":""} 
[2026-05-13 16:55:54] production.INFO: Telnyx webhook received {"event_type":"message.sent","message_id":"40319e22-4426-46d1-bf4e-36725d3b34eb"} 
[2026-05-13 16:55:54] production.INFO: Message sent {"id":"40319e22-4426-46d1-bf4e-36725d3b34eb","to":"+18473235183","from":"+12247354200"} 
[2026-05-13 16:56:03] production.INFO: Telnyx webhook received {"event_type":"message.finalized","message_id":"40319e22-4426-46d1-bf4e-36725d3b34eb"} 
[2026-05-13 16:56:03] production.INFO: Message finalized {"id":"40319e22-4426-46d1-bf4e-36725d3b34eb","to":"+18473235183","status":"delivered"} 
[2026-05-13 17:03:53] production.INFO: Click-to-call initiated from Calls tab {"call_log_id":1171,"user_phone":"+12249993880","target_phone":"+18479246049"} 
[2026-05-13 17:03:54] production.INFO: Telnyx voice webhook received {"event_type":"call.initiated","call_control_id":"v3:UnxPZFm4rY6bzNa76u2I1rfsqji8qR_stuHtxvUQ5-iFbv58hM4CEg","direction":"outgoing"} 
[2026-05-13 17:03:54] production.INFO: Outbound call initiated {"call_control_id":"v3:UnxPZFm4rY6bzNa76u2I1rfsqji8qR_stuHtxvUQ5-iFbv58hM4CEg","to":"+12249993880"} 
[2026-05-13 17:03:56] production.INFO: Telnyx voice webhook received {"event_type":"call.answered","call_control_id":"v3:UnxPZFm4rY6bzNa76u2I1rfsqji8qR_stuHtxvUQ5-iFbv58hM4CEg","direction":null} 
[2026-05-13 17:03:56] production.INFO: Click-to-call: user answered → playing ringback and dialing target {"call_control_id":"v3:UnxPZFm4rY6bzNa76u2I1rfsqji8qR_stuHtxvUQ5-iFbv58hM4CEg","target_phones":["+18479246049"],"target_count":1,"call_log_id":1171} 
[2026-05-13 17:03:56] production.INFO: Call command sent: playback_start {"call_control_id":"v3:UnxPZFm4rY6bzNa76u2I1rfsqji8qR_stuHtxvUQ5-iFbv58hM4CEg","result":"ok"} 
[2026-05-13 17:03:57] production.INFO: Click-to-call: target dialed {"target_phone":"+18479246049","target_call_control_id":"v3:RHrb-kP_jaoOLhEb66DADWRgsYkX7EiZLTeNA6e3vRsojGDAOUPGuA"} 
[2026-05-13 17:03:57] production.INFO: Telnyx voice webhook received {"event_type":"call.initiated","call_control_id":"v3:RHrb-kP_jaoOLhEb66DADWRgsYkX7EiZLTeNA6e3vRsojGDAOUPGuA","direction":"outgoing"} 
[2026-05-13 17:03:57] production.INFO: Outbound call initiated {"call_control_id":"v3:RHrb-kP_jaoOLhEb66DADWRgsYkX7EiZLTeNA6e3vRsojGDAOUPGuA","to":"+18479246049"} 
[2026-05-13 17:03:57] production.INFO: Telnyx voice webhook received {"event_type":"call.playback.started","call_control_id":"v3:UnxPZFm4rY6bzNa76u2I1rfsqji8qR_stuHtxvUQ5-iFbv58hM4CEg","direction":null} 
[2026-05-13 17:03:57] production.INFO: Unhandled voice event {"event_type":"call.playback.started"} 
[2026-05-13 17:04:17] production.INFO: Telnyx voice webhook received {"event_type":"call.answered","call_control_id":"v3:RHrb-kP_jaoOLhEb66DADWRgsYkX7EiZLTeNA6e3vRsojGDAOUPGuA","direction":null} 
[2026-05-13 17:04:17] production.INFO: Click-to-call: target answered — bridging immediately {"target_call_control_id":"v3:RHrb-kP_jaoOLhEb66DADWRgsYkX7EiZLTeNA6e3vRsojGDAOUPGuA","user_call_control_id":"v3:UnxPZFm4rY6bzNa76u2I1rfsqji8qR_stuHtxvUQ5-iFbv58hM4CEg","call_log_id":1171} 
[2026-05-13 17:04:17] production.INFO: Call command sent: playback_stop {"call_control_id":"v3:UnxPZFm4rY6bzNa76u2I1rfsqji8qR_stuHtxvUQ5-iFbv58hM4CEg","result":"ok"} 
[2026-05-13 17:04:17] production.INFO: Telnyx voice webhook received {"event_type":"call.playback.ended","call_control_id":"v3:UnxPZFm4rY6bzNa76u2I1rfsqji8qR_stuHtxvUQ5-iFbv58hM4CEg","direction":null} 
[2026-05-13 17:04:17] production.INFO: Call command sent: playback_stop {"call_control_id":"v3:RHrb-kP_jaoOLhEb66DADWRgsYkX7EiZLTeNA6e3vRsojGDAOUPGuA","result":"ok"} 
[2026-05-13 17:04:17] production.INFO: Call command sent: playback_start {"call_control_id":"v3:UnxPZFm4rY6bzNa76u2I1rfsqji8qR_stuHtxvUQ5-iFbv58hM4CEg","result":"ok"} 
[2026-05-13 17:04:18] production.INFO: Telnyx voice webhook received {"event_type":"call.playback.ended","call_control_id":"v3:UnxPZFm4rY6bzNa76u2I1rfsqji8qR_stuHtxvUQ5-iFbv58hM4CEg","direction":null} 
[2026-05-13 17:04:18] production.INFO: Call command sent: playback_start {"call_control_id":"v3:UnxPZFm4rY6bzNa76u2I1rfsqji8qR_stuHtxvUQ5-iFbv58hM4CEg","result":"ok"} 
[2026-05-13 17:04:18] production.INFO: Conference created {"name":"click_to_call_1171_91491561","conference_id":"3a722ac7-35fd-475f-a42d-02ee72a64b4b","beneficiary_call_control_id":"v3:UnxPZFm4rY6bzNa76u2I1rfsqji8qR_stuHtxvUQ5-iFbv58hM4CEg"} 
[2026-05-13 17:04:18] production.INFO: Telnyx voice webhook received {"event_type":"conference.floor.changed","call_control_id":"v3:UnxPZFm4rY6bzNa76u2I1rfsqji8qR_stuHtxvUQ5-iFbv58hM4CEg","direction":null} 
[2026-05-13 17:04:18] production.INFO: Unhandled voice event {"event_type":"conference.floor.changed"} 
[2026-05-13 17:04:18] production.INFO: Telnyx voice webhook received {"event_type":"call.playback.started","call_control_id":"v3:UnxPZFm4rY6bzNa76u2I1rfsqji8qR_stuHtxvUQ5-iFbv58hM4CEg","direction":null} 
[2026-05-13 17:04:18] production.INFO: Unhandled voice event {"event_type":"call.playback.started"} 
[2026-05-13 17:04:18] production.INFO: Telnyx voice webhook received {"event_type":"conference.created","call_control_id":"v3:UnxPZFm4rY6bzNa76u2I1rfsqji8qR_stuHtxvUQ5-iFbv58hM4CEg","direction":null} 
[2026-05-13 17:04:18] production.INFO: Unhandled voice event {"event_type":"conference.created"} 
[2026-05-13 17:04:18] production.INFO: Joined conference {"conference_id":"3a722ac7-35fd-475f-a42d-02ee72a64b4b","call_control_id":"v3:RHrb-kP_jaoOLhEb66DADWRgsYkX7EiZLTeNA6e3vRsojGDAOUPGuA"} 
[2026-05-13 17:04:18] production.INFO: Telnyx voice webhook received {"event_type":"conference.participant.joined","call_control_id":"v3:UnxPZFm4rY6bzNa76u2I1rfsqji8qR_stuHtxvUQ5-iFbv58hM4CEg","direction":null} 
[2026-05-13 17:04:18] production.INFO: Unhandled voice event {"event_type":"conference.participant.joined"} 
[2026-05-13 17:04:19] production.INFO: Telnyx voice webhook received {"event_type":"conference.participant.joined","call_control_id":"v3:RHrb-kP_jaoOLhEb66DADWRgsYkX7EiZLTeNA6e3vRsojGDAOUPGuA","direction":null} 
[2026-05-13 17:04:19] production.INFO: Unhandled voice event {"event_type":"conference.participant.joined"} 
[2026-05-13 17:04:19] production.INFO: Telnyx voice webhook received {"event_type":"conference.floor.changed","call_control_id":"v3:RHrb-kP_jaoOLhEb66DADWRgsYkX7EiZLTeNA6e3vRsojGDAOUPGuA","direction":null} 
[2026-05-13 17:04:19] production.INFO: Unhandled voice event {"event_type":"conference.floor.changed"} 
[2026-05-13 17:04:21] production.INFO: Telnyx voice webhook received {"event_type":"call.machine.premium.detection.ended","call_control_id":"v3:RHrb-kP_jaoOLhEb66DADWRgsYkX7EiZLTeNA6e3vRsojGDAOUPGuA","direction":null} 
[2026-05-13 17:04:21] production.INFO: AMD ended {"call_control_id":"v3:RHrb-kP_jaoOLhEb66DADWRgsYkX7EiZLTeNA6e3vRsojGDAOUPGuA","result":"machine","action":"click_to_call_target_ring"} 
[2026-05-13 17:04:21] production.INFO: AMD detected machine on click-to-call target but call already bridged — ignoring {"call_control_id":"v3:RHrb-kP_jaoOLhEb66DADWRgsYkX7EiZLTeNA6e3vRsojGDAOUPGuA","result":"machine","call_log_id":1171} 
[2026-05-13 17:04:22] production.INFO: Telnyx voice webhook received {"event_type":"call.machine.premium.greeting.ended","call_control_id":"v3:RHrb-kP_jaoOLhEb66DADWRgsYkX7EiZLTeNA6e3vRsojGDAOUPGuA","direction":null} 
[2026-05-13 17:04:22] production.INFO: AMD greeting ended (premium) {"call_control_id":"v3:RHrb-kP_jaoOLhEb66DADWRgsYkX7EiZLTeNA6e3vRsojGDAOUPGuA","result":"no_beep_detected"} 
[2026-05-13 17:04:48] production.INFO: Telnyx voice webhook received {"event_type":"call.playback.ended","call_control_id":"v3:UnxPZFm4rY6bzNa76u2I1rfsqji8qR_stuHtxvUQ5-iFbv58hM4CEg","direction":null} 
[2026-05-13 17:05:11] production.INFO: Telnyx voice webhook received {"event_type":"conference.participant.left","call_control_id":"v3:UnxPZFm4rY6bzNa76u2I1rfsqji8qR_stuHtxvUQ5-iFbv58hM4CEg","direction":null} 
[2026-05-13 17:05:11] production.INFO: Unhandled voice event {"event_type":"conference.participant.left"} 
[2026-05-13 17:05:11] production.INFO: Telnyx voice webhook received {"event_type":"call.hangup","call_control_id":"v3:UnxPZFm4rY6bzNa76u2I1rfsqji8qR_stuHtxvUQ5-iFbv58hM4CEg","direction":null} 
[2026-05-13 17:05:11] production.INFO: Click-to-call user leg ended {"call_control_id":"v3:UnxPZFm4rY6bzNa76u2I1rfsqji8qR_stuHtxvUQ5-iFbv58hM4CEg","action":"click_to_call_waiting","status":"completed","call_log_id":1171,"hangup_cause":"normal_clearing"} 
