[2026-04-04 01:15:36] production.INFO: Telnyx voice webhook received {"event_type":"call.initiated","call_control_id":"v3:8EErk4vuf8W6L-acPY2vm8PO66PTkjXUadyq-iPe-5thxUTyEzFB5Q","direction":"incoming"} 
[2026-04-04 01:15:37] production.WARNING: ipqualityscore lookup failed {"phone":"+18472123894","message":"You have insufficient credits to make this query. Please contact IPQualityScore support if this error persists."} 
[2026-04-04 01:15:37] production.INFO: Incoming call - answering {"call_control_id":"v3:8EErk4vuf8W6L-acPY2vm8PO66PTkjXUadyq-iPe-5thxUTyEzFB5Q","from":"+18472123894","to":"+12247354200","caller_user_id":null,"caller_name":"GRZEGORZ SZADY"} 
[2026-04-04 01:15:37] production.INFO: Call command sent: answer {"call_control_id":"v3:8EErk4vuf8W6L-acPY2vm8PO66PTkjXUadyq-iPe-5thxUTyEzFB5Q","result":"ok"} 
[2026-04-04 01:15:37] production.INFO: Telnyx voice webhook received {"event_type":"call.answered","call_control_id":"v3:8EErk4vuf8W6L-acPY2vm8PO66PTkjXUadyq-iPe-5thxUTyEzFB5Q","direction":null} 
[2026-04-04 01:15:37] production.INFO: Playing welcome TTS and dialing admins simultaneously {"call_control_id":"v3:8EErk4vuf8W6L-acPY2vm8PO66PTkjXUadyq-iPe-5thxUTyEzFB5Q","tts":"Good evening! Thanks for calling GS Construction. One moment while we connect you to the GS Crew."} 
[2026-04-04 01:15:38] production.INFO: Call command sent: speak {"call_control_id":"v3:8EErk4vuf8W6L-acPY2vm8PO66PTkjXUadyq-iPe-5thxUTyEzFB5Q","result":"ok"} 
[2026-04-04 01:15:38] production.INFO: Dialed admin {"admin_user_id":1,"admin_name":"Patryk Szady","phone":"+12249993880","admin_call_control_id":"v3:FjsZlNMukBUxSsm82hd6gqg2LA00znAQF7jxxh3viUYRRduckVpLlA"} 
[2026-04-04 01:15:38] production.INFO: Telnyx voice webhook received {"event_type":"call.speak.started","call_control_id":"v3:8EErk4vuf8W6L-acPY2vm8PO66PTkjXUadyq-iPe-5thxUTyEzFB5Q","direction":null} 
[2026-04-04 01:15:38] production.INFO: TTS speak started {"call_control_id":"v3:8EErk4vuf8W6L-acPY2vm8PO66PTkjXUadyq-iPe-5thxUTyEzFB5Q"} 
[2026-04-04 01:15:38] production.INFO: Telnyx voice webhook received {"event_type":"call.initiated","call_control_id":"v3:FjsZlNMukBUxSsm82hd6gqg2LA00znAQF7jxxh3viUYRRduckVpLlA","direction":"outgoing"} 
[2026-04-04 01:15:38] production.INFO: Outbound call initiated {"call_control_id":"v3:FjsZlNMukBUxSsm82hd6gqg2LA00znAQF7jxxh3viUYRRduckVpLlA","to":"+12249993880"} 
[2026-04-04 01:15:39] production.DEBUG: Push notification delivered {"endpoint":"https://web.push.apple.com/QDkJcfxcMRPW4uLNUaYZ21nDUMJHCJ-cyja1FMQcNEv6qKbL-ec_s…","status":201} 
[2026-04-04 01:15:39] production.DEBUG: Push notification delivered {"endpoint":"https://fcm.googleapis.com/fcm/send/cYR-NIq4nms:APA91bEppjWa7ZIrYxviNuWljHyZ7qnu…","status":201} 
[2026-04-04 01:15:42] production.INFO: Telnyx voice webhook received {"event_type":"call.answered","call_control_id":"v3:FjsZlNMukBUxSsm82hd6gqg2LA00znAQF7jxxh3viUYRRduckVpLlA","direction":null} 
[2026-04-04 01:15:42] production.INFO: Admin answered during TTS — holding until welcome finishes {"admin_call_control_id":"v3:FjsZlNMukBUxSsm82hd6gqg2LA00znAQF7jxxh3viUYRRduckVpLlA","incoming_call_control_id":"v3:8EErk4vuf8W6L-acPY2vm8PO66PTkjXUadyq-iPe-5thxUTyEzFB5Q","call_log_id":565,"admin_user_id":1} 
[2026-04-04 01:15:43] production.INFO: Call command sent: playback_start {"call_control_id":"v3:FjsZlNMukBUxSsm82hd6gqg2LA00znAQF7jxxh3viUYRRduckVpLlA","result":"ok"} 
[2026-04-04 01:15:43] production.INFO: Telnyx voice webhook received {"event_type":"call.playback.started","call_control_id":"v3:FjsZlNMukBUxSsm82hd6gqg2LA00znAQF7jxxh3viUYRRduckVpLlA","direction":null} 
[2026-04-04 01:15:43] production.INFO: Unhandled voice event {"event_type":"call.playback.started"} 
[2026-04-04 01:15:45] production.INFO: Telnyx voice webhook received {"event_type":"call.speak.ended","call_control_id":"v3:8EErk4vuf8W6L-acPY2vm8PO66PTkjXUadyq-iPe-5thxUTyEzFB5Q","direction":null} 
[2026-04-04 01:15:45] production.INFO: handleCallSpeakEnded ENTRY {"call_control_id":"v3:8EErk4vuf8W6L-acPY2vm8PO66PTkjXUadyq-iPe-5thxUTyEzFB5Q","action":"welcome_done","client_state":{"action":"welcome_done","call_log_id":565,"original_caller":"+18472123894"},"client_state_raw_present":true} 
[2026-04-04 01:15:45] production.INFO: TTS completed — admin already waiting, bridging now {"call_control_id":"v3:8EErk4vuf8W6L-acPY2vm8PO66PTkjXUadyq-iPe-5thxUTyEzFB5Q","call_log_id":565,"pending_admin_cc_id":"v3:FjsZlNMukBUxSsm82hd6gqg2LA00znAQF7jxxh3viUYRRduckVpLlA"} 
[2026-04-04 01:15:45] production.INFO: Bridging admin with caller {"admin_call_control_id":"v3:FjsZlNMukBUxSsm82hd6gqg2LA00znAQF7jxxh3viUYRRduckVpLlA","incoming_call_control_id":"v3:8EErk4vuf8W6L-acPY2vm8PO66PTkjXUadyq-iPe-5thxUTyEzFB5Q","admin_user_id":1,"admin_name":"Patryk Szady"} 
[2026-04-04 01:15:45] production.INFO: Call command sent: playback_stop {"call_control_id":"v3:8EErk4vuf8W6L-acPY2vm8PO66PTkjXUadyq-iPe-5thxUTyEzFB5Q","result":"ok"} 
[2026-04-04 01:15:45] production.INFO: Calls bridged successfully {"call_control_id_a":"v3:FjsZlNMukBUxSsm82hd6gqg2LA00znAQF7jxxh3viUYRRduckVpLlA","call_control_id_b":"v3:8EErk4vuf8W6L-acPY2vm8PO66PTkjXUadyq-iPe-5thxUTyEzFB5Q"} 
[2026-04-04 01:15:46] production.INFO: Telnyx voice webhook received {"event_type":"call.bridged","call_control_id":"v3:FjsZlNMukBUxSsm82hd6gqg2LA00znAQF7jxxh3viUYRRduckVpLlA","direction":null} 
[2026-04-04 01:15:46] production.INFO: Call bridged {"call_control_id":"v3:FjsZlNMukBUxSsm82hd6gqg2LA00znAQF7jxxh3viUYRRduckVpLlA","call_session_id":"ca3446ac-2fc3-11f1-8963-02420aef551f"} 
[2026-04-04 01:15:46] production.INFO: Telnyx voice webhook received {"event_type":"call.bridged","call_control_id":"v3:8EErk4vuf8W6L-acPY2vm8PO66PTkjXUadyq-iPe-5thxUTyEzFB5Q","direction":null} 
[2026-04-04 01:15:46] production.INFO: Call bridged {"call_control_id":"v3:8EErk4vuf8W6L-acPY2vm8PO66PTkjXUadyq-iPe-5thxUTyEzFB5Q","call_session_id":"c8dfc57e-2fc3-11f1-98c5-02420aef52a0"} 
[2026-04-04 01:15:46] production.INFO: Telnyx voice webhook received {"event_type":"call.playback.ended","call_control_id":"v3:FjsZlNMukBUxSsm82hd6gqg2LA00znAQF7jxxh3viUYRRduckVpLlA","direction":null} 
[2026-04-04 01:15:50] production.INFO: Telnyx voice webhook received {"event_type":"call.hangup","call_control_id":"v3:8EErk4vuf8W6L-acPY2vm8PO66PTkjXUadyq-iPe-5thxUTyEzFB5Q","direction":null} 
[2026-04-04 01:15:50] production.INFO: Call ended {"call_control_id":"v3:8EErk4vuf8W6L-acPY2vm8PO66PTkjXUadyq-iPe-5thxUTyEzFB5Q","status":"completed","hangup_cause":"normal_clearing","duration":13.063352} 
[2026-04-04 01:15:50] production.INFO: Telnyx voice webhook received {"event_type":"call.hangup","call_control_id":"v3:FjsZlNMukBUxSsm82hd6gqg2LA00znAQF7jxxh3viUYRRduckVpLlA","direction":null} 
[2026-04-04 01:15:56] production.INFO: Telnyx voice webhook received {"event_type":"call.initiated","call_control_id":"v3:xIBXOnSup3KcU4nq06y_-685n2T58dMTJU7H2nlk29Rr32IiT3b3cw","direction":"incoming"} 
[2026-04-04 01:15:57] production.WARNING: ipqualityscore lookup failed {"phone":"+18472123894","message":"You have insufficient credits to make this query. Please contact IPQualityScore support if this error persists."} 
[2026-04-04 01:15:57] production.INFO: Incoming call - answering {"call_control_id":"v3:xIBXOnSup3KcU4nq06y_-685n2T58dMTJU7H2nlk29Rr32IiT3b3cw","from":"+18472123894","to":"+12247354200","caller_user_id":null,"caller_name":"GRZEGORZ SZADY"} 
[2026-04-04 01:15:57] production.DEBUG: Push notification delivered {"endpoint":"https://web.push.apple.com/QDkJcfxcMRPW4uLNUaYZ21nDUMJHCJ-cyja1FMQcNEv6qKbL-ec_s…","status":201} 
[2026-04-04 01:15:57] production.DEBUG: Push notification delivered {"endpoint":"https://fcm.googleapis.com/fcm/send/cYR-NIq4nms:APA91bEppjWa7ZIrYxviNuWljHyZ7qnu…","status":201} 
[2026-04-04 01:15:57] production.INFO: Call command sent: answer {"call_control_id":"v3:xIBXOnSup3KcU4nq06y_-685n2T58dMTJU7H2nlk29Rr32IiT3b3cw","result":"ok"} 
[2026-04-04 01:15:57] production.INFO: Telnyx voice webhook received {"event_type":"call.answered","call_control_id":"v3:xIBXOnSup3KcU4nq06y_-685n2T58dMTJU7H2nlk29Rr32IiT3b3cw","direction":null} 
[2026-04-04 01:15:57] production.INFO: Playing welcome TTS and dialing admins simultaneously {"call_control_id":"v3:xIBXOnSup3KcU4nq06y_-685n2T58dMTJU7H2nlk29Rr32IiT3b3cw","tts":"Good evening! Thanks for calling GS Construction. One moment while we connect you to the GS Crew."} 
[2026-04-04 01:15:57] production.INFO: Call command sent: speak {"call_control_id":"v3:xIBXOnSup3KcU4nq06y_-685n2T58dMTJU7H2nlk29Rr32IiT3b3cw","result":"ok"} 
[2026-04-04 01:15:58] production.INFO: Dialed admin {"admin_user_id":1,"admin_name":"Patryk Szady","phone":"+12249993880","admin_call_control_id":"v3:BOV7v03hcSlXtUNpIr7wgb4R_ge47ADVevtasgVbtgEV6ZW-zW9GPA"} 
[2026-04-04 01:15:58] production.INFO: Telnyx voice webhook received {"event_type":"call.initiated","call_control_id":"v3:BOV7v03hcSlXtUNpIr7wgb4R_ge47ADVevtasgVbtgEV6ZW-zW9GPA","direction":"outgoing"} 
[2026-04-04 01:15:58] production.INFO: Outbound call initiated {"call_control_id":"v3:BOV7v03hcSlXtUNpIr7wgb4R_ge47ADVevtasgVbtgEV6ZW-zW9GPA","to":"+12249993880"} 
[2026-04-04 01:15:58] production.INFO: Telnyx voice webhook received {"event_type":"call.speak.started","call_control_id":"v3:xIBXOnSup3KcU4nq06y_-685n2T58dMTJU7H2nlk29Rr32IiT3b3cw","direction":null} 
[2026-04-04 01:15:58] production.INFO: TTS speak started {"call_control_id":"v3:xIBXOnSup3KcU4nq06y_-685n2T58dMTJU7H2nlk29Rr32IiT3b3cw"} 
[2026-04-04 01:16:04] production.INFO: Telnyx voice webhook received {"event_type":"call.speak.ended","call_control_id":"v3:xIBXOnSup3KcU4nq06y_-685n2T58dMTJU7H2nlk29Rr32IiT3b3cw","direction":null} 
[2026-04-04 01:16:04] production.INFO: handleCallSpeakEnded ENTRY {"call_control_id":"v3:xIBXOnSup3KcU4nq06y_-685n2T58dMTJU7H2nlk29Rr32IiT3b3cw","action":"welcome_done","client_state":{"action":"welcome_done","call_log_id":566,"original_caller":"+18472123894"},"client_state_raw_present":true} 
[2026-04-04 01:16:04] production.INFO: TTS completed — no admin answered yet, playing ringback {"call_control_id":"v3:xIBXOnSup3KcU4nq06y_-685n2T58dMTJU7H2nlk29Rr32IiT3b3cw","call_log_id":566} 
[2026-04-04 01:16:05] production.INFO: Call command sent: playback_start {"call_control_id":"v3:xIBXOnSup3KcU4nq06y_-685n2T58dMTJU7H2nlk29Rr32IiT3b3cw","result":"ok"} 
[2026-04-04 01:16:05] production.INFO: Telnyx voice webhook received {"event_type":"call.playback.started","call_control_id":"v3:xIBXOnSup3KcU4nq06y_-685n2T58dMTJU7H2nlk29Rr32IiT3b3cw","direction":null} 
[2026-04-04 01:16:05] production.INFO: Unhandled voice event {"event_type":"call.playback.started"} 
[2026-04-04 01:16:07] production.INFO: Telnyx voice webhook received {"event_type":"call.answered","call_control_id":"v3:BOV7v03hcSlXtUNpIr7wgb4R_ge47ADVevtasgVbtgEV6ZW-zW9GPA","direction":null} 
[2026-04-04 01:16:07] production.INFO: Admin answered (TTS done) — bridging with caller {"admin_call_control_id":"v3:BOV7v03hcSlXtUNpIr7wgb4R_ge47ADVevtasgVbtgEV6ZW-zW9GPA","incoming_call_control_id":"v3:xIBXOnSup3KcU4nq06y_-685n2T58dMTJU7H2nlk29Rr32IiT3b3cw","call_log_id":566,"admin_user_id":1} 
[2026-04-04 01:16:07] production.INFO: Bridging admin with caller {"admin_call_control_id":"v3:BOV7v03hcSlXtUNpIr7wgb4R_ge47ADVevtasgVbtgEV6ZW-zW9GPA","incoming_call_control_id":"v3:xIBXOnSup3KcU4nq06y_-685n2T58dMTJU7H2nlk29Rr32IiT3b3cw","admin_user_id":1,"admin_name":"Patryk Szady"} 
[2026-04-04 01:16:07] production.INFO: Call command sent: playback_stop {"call_control_id":"v3:xIBXOnSup3KcU4nq06y_-685n2T58dMTJU7H2nlk29Rr32IiT3b3cw","result":"ok"} 
[2026-04-04 01:16:07] production.INFO: Telnyx voice webhook received {"event_type":"call.playback.ended","call_control_id":"v3:xIBXOnSup3KcU4nq06y_-685n2T58dMTJU7H2nlk29Rr32IiT3b3cw","direction":null} 
[2026-04-04 01:16:07] production.INFO: Calls bridged successfully {"call_control_id_a":"v3:BOV7v03hcSlXtUNpIr7wgb4R_ge47ADVevtasgVbtgEV6ZW-zW9GPA","call_control_id_b":"v3:xIBXOnSup3KcU4nq06y_-685n2T58dMTJU7H2nlk29Rr32IiT3b3cw"} 
[2026-04-04 01:16:07] production.INFO: Call command sent: playback_start {"call_control_id":"v3:xIBXOnSup3KcU4nq06y_-685n2T58dMTJU7H2nlk29Rr32IiT3b3cw","result":"ok"} 
[2026-04-04 01:16:08] production.INFO: Telnyx voice webhook received {"event_type":"call.bridged","call_control_id":"v3:BOV7v03hcSlXtUNpIr7wgb4R_ge47ADVevtasgVbtgEV6ZW-zW9GPA","direction":null} 
[2026-04-04 01:16:08] production.INFO: Call bridged {"call_control_id":"v3:BOV7v03hcSlXtUNpIr7wgb4R_ge47ADVevtasgVbtgEV6ZW-zW9GPA","call_session_id":"d5dd738e-2fc3-11f1-b215-02420aef50a0"} 
[2026-04-04 01:16:08] production.INFO: Telnyx voice webhook received {"event_type":"call.bridged","call_control_id":"v3:xIBXOnSup3KcU4nq06y_-685n2T58dMTJU7H2nlk29Rr32IiT3b3cw","direction":null} 
[2026-04-04 01:16:08] production.INFO: Call bridged {"call_control_id":"v3:xIBXOnSup3KcU4nq06y_-685n2T58dMTJU7H2nlk29Rr32IiT3b3cw","call_session_id":"d4eed1ac-2fc3-11f1-bb89-02420aefe472"} 
[2026-04-04 01:16:08] production.INFO: Telnyx voice webhook received {"event_type":"call.playback.started","call_control_id":"v3:xIBXOnSup3KcU4nq06y_-685n2T58dMTJU7H2nlk29Rr32IiT3b3cw","direction":null} 
[2026-04-04 01:16:08] production.INFO: Unhandled voice event {"event_type":"call.playback.started"} 
[2026-04-04 01:16:16] production.INFO: Telnyx voice webhook received {"event_type":"call.hangup","call_control_id":"v3:BOV7v03hcSlXtUNpIr7wgb4R_ge47ADVevtasgVbtgEV6ZW-zW9GPA","direction":null} 
[2026-04-04 01:16:16] production.INFO: Admin ring leg hung up {"admin_call_control_id":"v3:BOV7v03hcSlXtUNpIr7wgb4R_ge47ADVevtasgVbtgEV6ZW-zW9GPA","hangup_cause":"normal_clearing","call_log_id":566} 
[2026-04-04 01:16:16] production.INFO: Telnyx voice webhook received {"event_type":"call.hangup","call_control_id":"v3:xIBXOnSup3KcU4nq06y_-685n2T58dMTJU7H2nlk29Rr32IiT3b3cw","direction":null} 
[2026-04-04 01:16:16] production.INFO: Call ended {"call_control_id":"v3:xIBXOnSup3KcU4nq06y_-685n2T58dMTJU7H2nlk29Rr32IiT3b3cw","status":"completed","hangup_cause":"normal_clearing","duration":19.943336} 
[2026-04-04 01:16:16] production.INFO: Telnyx voice webhook received {"event_type":"call.playback.ended","call_control_id":"v3:xIBXOnSup3KcU4nq06y_-685n2T58dMTJU7H2nlk29Rr32IiT3b3cw","direction":null} 
[2026-04-04 01:17:12] production.INFO: Telnyx voice webhook received {"event_type":"call.initiated","call_control_id":"v3:u0NsFRDb8JxTr31ImoYPEwdvb-g0Bo83orgYg1x0hK0xCXAzPumj8Q","direction":"incoming"} 
[2026-04-04 01:17:12] production.WARNING: ipqualityscore lookup failed {"phone":"+18472123894","message":"You have insufficient credits to make this query. Please contact IPQualityScore support if this error persists."} 
[2026-04-04 01:17:12] production.INFO: Incoming call - answering {"call_control_id":"v3:u0NsFRDb8JxTr31ImoYPEwdvb-g0Bo83orgYg1x0hK0xCXAzPumj8Q","from":"+18472123894","to":"+12247354200","caller_user_id":null,"caller_name":"GRZEGORZ SZADY"} 
[2026-04-04 01:17:13] production.INFO: Call command sent: answer {"call_control_id":"v3:u0NsFRDb8JxTr31ImoYPEwdvb-g0Bo83orgYg1x0hK0xCXAzPumj8Q","result":"ok"} 
[2026-04-04 01:17:13] production.INFO: Telnyx voice webhook received {"event_type":"call.answered","call_control_id":"v3:u0NsFRDb8JxTr31ImoYPEwdvb-g0Bo83orgYg1x0hK0xCXAzPumj8Q","direction":null} 
[2026-04-04 01:17:13] production.INFO: Playing welcome TTS and dialing admins simultaneously {"call_control_id":"v3:u0NsFRDb8JxTr31ImoYPEwdvb-g0Bo83orgYg1x0hK0xCXAzPumj8Q","tts":"Good evening! Thanks for calling GS Construction. One moment while we connect you to the GS Crew."} 
[2026-04-04 01:17:13] production.INFO: Call command sent: speak {"call_control_id":"v3:u0NsFRDb8JxTr31ImoYPEwdvb-g0Bo83orgYg1x0hK0xCXAzPumj8Q","result":"ok"} 
[2026-04-04 01:17:13] production.INFO: Dialed admin {"admin_user_id":1,"admin_name":"Patryk Szady","phone":"+12249993880","admin_call_control_id":"v3:ts7do_zs8ElEMpvu0sS8hEn2Gd1TPW3RewN-0zvOjFtmSQK6FGT61A"} 
[2026-04-04 01:17:14] production.INFO: Telnyx voice webhook received {"event_type":"call.speak.started","call_control_id":"v3:u0NsFRDb8JxTr31ImoYPEwdvb-g0Bo83orgYg1x0hK0xCXAzPumj8Q","direction":null} 
[2026-04-04 01:17:14] production.INFO: TTS speak started {"call_control_id":"v3:u0NsFRDb8JxTr31ImoYPEwdvb-g0Bo83orgYg1x0hK0xCXAzPumj8Q"} 
[2026-04-04 01:17:14] production.INFO: Telnyx voice webhook received {"event_type":"call.initiated","call_control_id":"v3:ts7do_zs8ElEMpvu0sS8hEn2Gd1TPW3RewN-0zvOjFtmSQK6FGT61A","direction":"outgoing"} 
[2026-04-04 01:17:14] production.INFO: Outbound call initiated {"call_control_id":"v3:ts7do_zs8ElEMpvu0sS8hEn2Gd1TPW3RewN-0zvOjFtmSQK6FGT61A","to":"+12249993880"} 
[2026-04-04 01:17:15] production.DEBUG: Push notification delivered {"endpoint":"https://web.push.apple.com/QDkJcfxcMRPW4uLNUaYZ21nDUMJHCJ-cyja1FMQcNEv6qKbL-ec_s…","status":201} 
[2026-04-04 01:17:15] production.DEBUG: Push notification delivered {"endpoint":"https://fcm.googleapis.com/fcm/send/cYR-NIq4nms:APA91bEppjWa7ZIrYxviNuWljHyZ7qnu…","status":201} 
[2026-04-04 01:17:20] production.INFO: Telnyx voice webhook received {"event_type":"call.speak.ended","call_control_id":"v3:u0NsFRDb8JxTr31ImoYPEwdvb-g0Bo83orgYg1x0hK0xCXAzPumj8Q","direction":null} 
[2026-04-04 01:17:20] production.INFO: handleCallSpeakEnded ENTRY {"call_control_id":"v3:u0NsFRDb8JxTr31ImoYPEwdvb-g0Bo83orgYg1x0hK0xCXAzPumj8Q","action":"welcome_done","client_state":{"action":"welcome_done","call_log_id":567,"original_caller":"+18472123894"},"client_state_raw_present":true} 
[2026-04-04 01:17:20] production.INFO: TTS completed — no admin answered yet, playing ringback {"call_control_id":"v3:u0NsFRDb8JxTr31ImoYPEwdvb-g0Bo83orgYg1x0hK0xCXAzPumj8Q","call_log_id":567} 
[2026-04-04 01:17:20] production.INFO: Call command sent: playback_start {"call_control_id":"v3:u0NsFRDb8JxTr31ImoYPEwdvb-g0Bo83orgYg1x0hK0xCXAzPumj8Q","result":"ok"} 
[2026-04-04 01:17:21] production.INFO: Telnyx voice webhook received {"event_type":"call.playback.started","call_control_id":"v3:u0NsFRDb8JxTr31ImoYPEwdvb-g0Bo83orgYg1x0hK0xCXAzPumj8Q","direction":null} 
[2026-04-04 01:17:21] production.INFO: Unhandled voice event {"event_type":"call.playback.started"} 
[2026-04-04 01:17:28] production.INFO: Telnyx voice webhook received {"event_type":"call.hangup","call_control_id":"v3:ts7do_zs8ElEMpvu0sS8hEn2Gd1TPW3RewN-0zvOjFtmSQK6FGT61A","direction":null} 
[2026-04-04 01:17:28] production.INFO: Admin ring leg hung up {"admin_call_control_id":"v3:ts7do_zs8ElEMpvu0sS8hEn2Gd1TPW3RewN-0zvOjFtmSQK6FGT61A","hangup_cause":"timeout","call_log_id":567} 
[2026-04-04 01:17:28] production.INFO: All admin legs failed on first attempt — retrying immediately {"incoming_call_control_id":"v3:u0NsFRDb8JxTr31ImoYPEwdvb-g0Bo83orgYg1x0hK0xCXAzPumj8Q","call_log_id":567,"attempt":1} 
[2026-04-04 01:17:29] production.INFO: Dialed admin {"admin_user_id":1,"admin_name":"Patryk Szady","phone":"+12249993880","admin_call_control_id":"v3:ON4wiMWRzV7blmDBfsIlQLkx1VHDxl8cZVJxDLMsV9l7JkcXRaPVmw"} 
[2026-04-04 01:17:29] production.INFO: Telnyx voice webhook received {"event_type":"call.initiated","call_control_id":"v3:ON4wiMWRzV7blmDBfsIlQLkx1VHDxl8cZVJxDLMsV9l7JkcXRaPVmw","direction":"outgoing"} 
[2026-04-04 01:17:29] production.INFO: Outbound call initiated {"call_control_id":"v3:ON4wiMWRzV7blmDBfsIlQLkx1VHDxl8cZVJxDLMsV9l7JkcXRaPVmw","to":"+12249993880"} 
[2026-04-04 01:17:44] production.INFO: Telnyx voice webhook received {"event_type":"call.hangup","call_control_id":"v3:ON4wiMWRzV7blmDBfsIlQLkx1VHDxl8cZVJxDLMsV9l7JkcXRaPVmw","direction":null} 
[2026-04-04 01:17:44] production.INFO: Admin ring leg hung up {"admin_call_control_id":"v3:ON4wiMWRzV7blmDBfsIlQLkx1VHDxl8cZVJxDLMsV9l7JkcXRaPVmw","hangup_cause":"timeout","call_log_id":567} 
[2026-04-04 01:17:44] production.INFO: All admin legs failed after retry — triggering voicemail {"incoming_call_control_id":"v3:u0NsFRDb8JxTr31ImoYPEwdvb-g0Bo83orgYg1x0hK0xCXAzPumj8Q","call_log_id":567} 
[2026-04-04 01:17:44] production.INFO: Call command sent: playback_stop {"call_control_id":"v3:u0NsFRDb8JxTr31ImoYPEwdvb-g0Bo83orgYg1x0hK0xCXAzPumj8Q","result":"ok"} 
[2026-04-04 01:17:44] production.INFO: Playing voicemail IVR menu {"call_control_id":"v3:u0NsFRDb8JxTr31ImoYPEwdvb-g0Bo83orgYg1x0hK0xCXAzPumj8Q","call_log_id":567,"ivr_prompt":"GS Construction is not available right now. Press 2 to send a text on your behalf so the GS Crew knows to call you back ASAP. Stay on the line to leave a voicemail.","is_known_caller":false} 
[2026-04-04 01:17:44] production.INFO: Telnyx voice webhook received {"event_type":"call.playback.ended","call_control_id":"v3:u0NsFRDb8JxTr31ImoYPEwdvb-g0Bo83orgYg1x0hK0xCXAzPumj8Q","direction":null} 
[2026-04-04 01:17:44] production.INFO: Call command sent: gather_using_speak {"call_control_id":"v3:u0NsFRDb8JxTr31ImoYPEwdvb-g0Bo83orgYg1x0hK0xCXAzPumj8Q","result":"ok"} 
[2026-04-04 01:17:45] production.INFO: Telnyx voice webhook received {"event_type":"call.speak.started","call_control_id":"v3:u0NsFRDb8JxTr31ImoYPEwdvb-g0Bo83orgYg1x0hK0xCXAzPumj8Q","direction":null} 
[2026-04-04 01:17:45] production.INFO: TTS speak started {"call_control_id":"v3:u0NsFRDb8JxTr31ImoYPEwdvb-g0Bo83orgYg1x0hK0xCXAzPumj8Q"} 
[2026-04-04 01:17:56] production.INFO: Telnyx voice webhook received {"event_type":"call.speak.ended","call_control_id":"v3:u0NsFRDb8JxTr31ImoYPEwdvb-g0Bo83orgYg1x0hK0xCXAzPumj8Q","direction":null} 
[2026-04-04 01:17:56] production.INFO: handleCallSpeakEnded ENTRY {"call_control_id":"v3:u0NsFRDb8JxTr31ImoYPEwdvb-g0Bo83orgYg1x0hK0xCXAzPumj8Q","action":"voicemail_ivr_menu","client_state":{"action":"voicemail_ivr_menu","call_log_id":567,"original_caller":"+18472123894","is_known_caller":false},"client_state_raw_present":true} 
[2026-04-04 01:18:03] production.INFO: Telnyx voice webhook received {"event_type":"call.gather.ended","call_control_id":"v3:u0NsFRDb8JxTr31ImoYPEwdvb-g0Bo83orgYg1x0hK0xCXAzPumj8Q","direction":null} 
[2026-04-04 01:18:03] production.INFO: IVR gather ended {"call_control_id":"v3:u0NsFRDb8JxTr31ImoYPEwdvb-g0Bo83orgYg1x0hK0xCXAzPumj8Q","digits":"","call_log_id":567} 
[2026-04-04 01:18:03] production.INFO: IVR: no digit pressed — playing voicemail greeting {"call_control_id":"v3:u0NsFRDb8JxTr31ImoYPEwdvb-g0Bo83orgYg1x0hK0xCXAzPumj8Q"} 
[2026-04-04 01:18:03] production.INFO: Call command sent: speak {"call_control_id":"v3:u0NsFRDb8JxTr31ImoYPEwdvb-g0Bo83orgYg1x0hK0xCXAzPumj8Q","result":"ok"} 
[2026-04-04 01:18:04] production.INFO: Telnyx voice webhook received {"event_type":"call.speak.started","call_control_id":"v3:u0NsFRDb8JxTr31ImoYPEwdvb-g0Bo83orgYg1x0hK0xCXAzPumj8Q","direction":null} 
[2026-04-04 01:18:04] production.INFO: TTS speak started {"call_control_id":"v3:u0NsFRDb8JxTr31ImoYPEwdvb-g0Bo83orgYg1x0hK0xCXAzPumj8Q"} 
[2026-04-04 01:18:21] production.INFO: Telnyx voice webhook received {"event_type":"call.speak.ended","call_control_id":"v3:u0NsFRDb8JxTr31ImoYPEwdvb-g0Bo83orgYg1x0hK0xCXAzPumj8Q","direction":null} 
[2026-04-04 01:18:21] production.INFO: handleCallSpeakEnded ENTRY {"call_control_id":"v3:u0NsFRDb8JxTr31ImoYPEwdvb-g0Bo83orgYg1x0hK0xCXAzPumj8Q","action":"voicemail_prompt_done","client_state":{"action":"voicemail_prompt_done","call_log_id":567},"client_state_raw_present":true} 
[2026-04-04 01:18:21] production.INFO: Voicemail prompt done — starting recording {"call_control_id":"v3:u0NsFRDb8JxTr31ImoYPEwdvb-g0Bo83orgYg1x0hK0xCXAzPumj8Q"} 
[2026-04-04 01:18:21] production.INFO: Telnyx voice webhook received {"event_type":"call.hangup","call_control_id":"v3:u0NsFRDb8JxTr31ImoYPEwdvb-g0Bo83orgYg1x0hK0xCXAzPumj8Q","direction":null} 
[2026-04-04 01:18:21] production.INFO: Call ended {"call_control_id":"v3:u0NsFRDb8JxTr31ImoYPEwdvb-g0Bo83orgYg1x0hK0xCXAzPumj8Q","status":"missed","hangup_cause":"normal_clearing","duration":68.515602} 
[2026-04-04 01:18:21] production.ERROR: Call command failed: record_start {"call_control_id":"v3:u0NsFRDb8JxTr31ImoYPEwdvb-g0Bo83orgYg1x0hK0xCXAzPumj8Q","status":422,"error":{"errors":[{"code":"90018","title":"Call has already ended","detail":"This call is no longer active and can't receive commands."}]}} 
[2026-04-04 01:39:49] production.INFO: Telnyx voice webhook received {"event_type":"call.initiated","call_control_id":"v3:w3MOyBRXWtfwHd-JsToXg3n10hYx7fiy_ssqH6MxYtR45FgVx5CpEQ","direction":"incoming"} 
[2026-04-04 01:39:50] production.WARNING: ipqualityscore lookup failed {"phone":"+18472123894","message":"You have insufficient credits to make this query. Please contact IPQualityScore support if this error persists."} 
[2026-04-04 01:39:50] production.INFO: Incoming call - answering {"call_control_id":"v3:w3MOyBRXWtfwHd-JsToXg3n10hYx7fiy_ssqH6MxYtR45FgVx5CpEQ","from":"+18472123894","to":"+12247354200","caller_user_id":null,"caller_name":"GRZEGORZ SZADY"} 
[2026-04-04 01:39:51] production.INFO: Call command sent: answer {"call_control_id":"v3:w3MOyBRXWtfwHd-JsToXg3n10hYx7fiy_ssqH6MxYtR45FgVx5CpEQ","result":"ok"} 
[2026-04-04 01:39:51] production.INFO: Telnyx voice webhook received {"event_type":"call.answered","call_control_id":"v3:w3MOyBRXWtfwHd-JsToXg3n10hYx7fiy_ssqH6MxYtR45FgVx5CpEQ","direction":null} 
[2026-04-04 01:39:51] production.INFO: Playing welcome TTS and dialing admins simultaneously {"call_control_id":"v3:w3MOyBRXWtfwHd-JsToXg3n10hYx7fiy_ssqH6MxYtR45FgVx5CpEQ","tts":"Good evening! Thanks for calling GS Construction. One moment while we connect you to the GS Crew."} 
[2026-04-04 01:39:51] production.INFO: Call command sent: speak {"call_control_id":"v3:w3MOyBRXWtfwHd-JsToXg3n10hYx7fiy_ssqH6MxYtR45FgVx5CpEQ","result":"ok"} 
[2026-04-04 01:39:51] production.INFO: Dialed admin {"admin_user_id":1,"admin_name":"Patryk Szady","phone":"+12249993880","admin_call_control_id":"v3:xHjA9AyUtc-mTxQelKwwDCS-pdsEXTOBueHuPJ5T8-L9NJ0x-gyzfw"} 
[2026-04-04 01:39:52] production.INFO: Telnyx voice webhook received {"event_type":"call.initiated","call_control_id":"v3:xHjA9AyUtc-mTxQelKwwDCS-pdsEXTOBueHuPJ5T8-L9NJ0x-gyzfw","direction":"outgoing"} 
[2026-04-04 01:39:52] production.INFO: Outbound call initiated {"call_control_id":"v3:xHjA9AyUtc-mTxQelKwwDCS-pdsEXTOBueHuPJ5T8-L9NJ0x-gyzfw","to":"+12249993880"} 
[2026-04-04 01:39:52] production.DEBUG: Push notification delivered {"endpoint":"https://web.push.apple.com/QDkJcfxcMRPW4uLNUaYZ21nDUMJHCJ-cyja1FMQcNEv6qKbL-ec_s…","status":201} 
[2026-04-04 01:39:52] production.DEBUG: Push notification delivered {"endpoint":"https://fcm.googleapis.com/fcm/send/cYR-NIq4nms:APA91bEppjWa7ZIrYxviNuWljHyZ7qnu…","status":201} 
[2026-04-04 01:39:52] production.INFO: Telnyx voice webhook received {"event_type":"call.speak.started","call_control_id":"v3:w3MOyBRXWtfwHd-JsToXg3n10hYx7fiy_ssqH6MxYtR45FgVx5CpEQ","direction":null} 
[2026-04-04 01:39:52] production.INFO: TTS speak started {"call_control_id":"v3:w3MOyBRXWtfwHd-JsToXg3n10hYx7fiy_ssqH6MxYtR45FgVx5CpEQ"} 
[2026-04-04 01:39:54] production.INFO: Telnyx voice webhook received {"event_type":"call.answered","call_control_id":"v3:xHjA9AyUtc-mTxQelKwwDCS-pdsEXTOBueHuPJ5T8-L9NJ0x-gyzfw","direction":null} 
[2026-04-04 01:39:54] production.INFO: Admin answered during TTS — holding until welcome finishes {"admin_call_control_id":"v3:xHjA9AyUtc-mTxQelKwwDCS-pdsEXTOBueHuPJ5T8-L9NJ0x-gyzfw","incoming_call_control_id":"v3:w3MOyBRXWtfwHd-JsToXg3n10hYx7fiy_ssqH6MxYtR45FgVx5CpEQ","call_log_id":568,"admin_user_id":1} 
[2026-04-04 01:39:54] production.INFO: Call command sent: playback_start {"call_control_id":"v3:xHjA9AyUtc-mTxQelKwwDCS-pdsEXTOBueHuPJ5T8-L9NJ0x-gyzfw","result":"ok"} 
[2026-04-04 01:39:54] production.INFO: Telnyx voice webhook received {"event_type":"call.playback.started","call_control_id":"v3:xHjA9AyUtc-mTxQelKwwDCS-pdsEXTOBueHuPJ5T8-L9NJ0x-gyzfw","direction":null} 
[2026-04-04 01:39:54] production.INFO: Unhandled voice event {"event_type":"call.playback.started"} 
[2026-04-04 01:39:57] production.INFO: Telnyx voice webhook received {"event_type":"call.speak.ended","call_control_id":"v3:w3MOyBRXWtfwHd-JsToXg3n10hYx7fiy_ssqH6MxYtR45FgVx5CpEQ","direction":null} 
[2026-04-04 01:39:57] production.INFO: handleCallSpeakEnded ENTRY {"call_control_id":"v3:w3MOyBRXWtfwHd-JsToXg3n10hYx7fiy_ssqH6MxYtR45FgVx5CpEQ","action":"welcome_done","client_state":{"action":"welcome_done","call_log_id":568,"original_caller":"+18472123894"},"client_state_raw_present":true} 
[2026-04-04 01:39:57] production.INFO: TTS completed — admin already waiting, bridging now {"call_control_id":"v3:w3MOyBRXWtfwHd-JsToXg3n10hYx7fiy_ssqH6MxYtR45FgVx5CpEQ","call_log_id":568,"pending_admin_cc_id":"v3:xHjA9AyUtc-mTxQelKwwDCS-pdsEXTOBueHuPJ5T8-L9NJ0x-gyzfw"} 
[2026-04-04 01:39:57] production.INFO: Bridging admin with caller {"admin_call_control_id":"v3:xHjA9AyUtc-mTxQelKwwDCS-pdsEXTOBueHuPJ5T8-L9NJ0x-gyzfw","incoming_call_control_id":"v3:w3MOyBRXWtfwHd-JsToXg3n10hYx7fiy_ssqH6MxYtR45FgVx5CpEQ","admin_user_id":1,"admin_name":"Patryk Szady"} 
[2026-04-04 01:39:57] production.INFO: Call command sent: playback_stop {"call_control_id":"v3:w3MOyBRXWtfwHd-JsToXg3n10hYx7fiy_ssqH6MxYtR45FgVx5CpEQ","result":"ok"} 
[2026-04-04 01:39:57] production.INFO: Calls bridged successfully {"call_control_id_a":"v3:xHjA9AyUtc-mTxQelKwwDCS-pdsEXTOBueHuPJ5T8-L9NJ0x-gyzfw","call_control_id_b":"v3:w3MOyBRXWtfwHd-JsToXg3n10hYx7fiy_ssqH6MxYtR45FgVx5CpEQ"} 
[2026-04-04 01:39:57] production.INFO: Telnyx voice webhook received {"event_type":"call.bridged","call_control_id":"v3:xHjA9AyUtc-mTxQelKwwDCS-pdsEXTOBueHuPJ5T8-L9NJ0x-gyzfw","direction":null} 
[2026-04-04 01:39:57] production.INFO: Call bridged {"call_control_id":"v3:xHjA9AyUtc-mTxQelKwwDCS-pdsEXTOBueHuPJ5T8-L9NJ0x-gyzfw","call_session_id":"2c940118-2fc7-11f1-b7bc-02420aef52a0"} 
[2026-04-04 01:39:57] production.INFO: Telnyx voice webhook received {"event_type":"call.bridged","call_control_id":"v3:w3MOyBRXWtfwHd-JsToXg3n10hYx7fiy_ssqH6MxYtR45FgVx5CpEQ","direction":null} 
[2026-04-04 01:39:57] production.INFO: Call bridged {"call_control_id":"v3:w3MOyBRXWtfwHd-JsToXg3n10hYx7fiy_ssqH6MxYtR45FgVx5CpEQ","call_session_id":"2aae9aca-2fc7-11f1-bc3c-02420aef341f"} 
[2026-04-04 01:39:58] production.INFO: Telnyx voice webhook received {"event_type":"call.playback.ended","call_control_id":"v3:xHjA9AyUtc-mTxQelKwwDCS-pdsEXTOBueHuPJ5T8-L9NJ0x-gyzfw","direction":null} 
[2026-04-04 01:40:01] production.INFO: Telnyx voice webhook received {"event_type":"call.hangup","call_control_id":"v3:w3MOyBRXWtfwHd-JsToXg3n10hYx7fiy_ssqH6MxYtR45FgVx5CpEQ","direction":null} 
[2026-04-04 01:40:01] production.INFO: Call ended {"call_control_id":"v3:w3MOyBRXWtfwHd-JsToXg3n10hYx7fiy_ssqH6MxYtR45FgVx5CpEQ","status":"completed","hangup_cause":"normal_clearing","duration":10.044834000000002} 
[2026-04-04 01:40:01] production.INFO: Telnyx voice webhook received {"event_type":"call.hangup","call_control_id":"v3:xHjA9AyUtc-mTxQelKwwDCS-pdsEXTOBueHuPJ5T8-L9NJ0x-gyzfw","direction":null} 
[2026-04-04 01:40:05] production.INFO: Telnyx voice webhook received {"event_type":"call.initiated","call_control_id":"v3:axW10gwaDVRw1GOBO0Q_oE_iYD99Y1LO8DesWngUxYpkrwELhGdabA","direction":"incoming"} 
[2026-04-04 01:40:05] production.WARNING: ipqualityscore lookup failed {"phone":"+18472123894","message":"You have insufficient credits to make this query. Please contact IPQualityScore support if this error persists."} 
[2026-04-04 01:40:05] production.INFO: Incoming call - answering {"call_control_id":"v3:axW10gwaDVRw1GOBO0Q_oE_iYD99Y1LO8DesWngUxYpkrwELhGdabA","from":"+18472123894","to":"+12247354200","caller_user_id":null,"caller_name":"GRZEGORZ SZADY"} 
[2026-04-04 01:40:06] production.INFO: Call command sent: answer {"call_control_id":"v3:axW10gwaDVRw1GOBO0Q_oE_iYD99Y1LO8DesWngUxYpkrwELhGdabA","result":"ok"} 
[2026-04-04 01:40:06] production.INFO: Telnyx voice webhook received {"event_type":"call.answered","call_control_id":"v3:axW10gwaDVRw1GOBO0Q_oE_iYD99Y1LO8DesWngUxYpkrwELhGdabA","direction":null} 
[2026-04-04 01:40:06] production.INFO: Playing welcome TTS and dialing admins simultaneously {"call_control_id":"v3:axW10gwaDVRw1GOBO0Q_oE_iYD99Y1LO8DesWngUxYpkrwELhGdabA","tts":"Good evening! Thanks for calling GS Construction. One moment while we connect you to the GS Crew."} 
[2026-04-04 01:40:06] production.INFO: Call command sent: speak {"call_control_id":"v3:axW10gwaDVRw1GOBO0Q_oE_iYD99Y1LO8DesWngUxYpkrwELhGdabA","result":"ok"} 
[2026-04-04 01:40:07] production.INFO: Dialed admin {"admin_user_id":1,"admin_name":"Patryk Szady","phone":"+12249993880","admin_call_control_id":"v3:WdUeH3kZdldGP-OyqczOkrzUFHYFum2M13D5b6tIU6vdH4gqHbJfwg"} 
[2026-04-04 01:40:07] production.INFO: Telnyx voice webhook received {"event_type":"call.speak.started","call_control_id":"v3:axW10gwaDVRw1GOBO0Q_oE_iYD99Y1LO8DesWngUxYpkrwELhGdabA","direction":null} 
[2026-04-04 01:40:07] production.INFO: TTS speak started {"call_control_id":"v3:axW10gwaDVRw1GOBO0Q_oE_iYD99Y1LO8DesWngUxYpkrwELhGdabA"} 
[2026-04-04 01:40:07] production.INFO: Telnyx voice webhook received {"event_type":"call.initiated","call_control_id":"v3:WdUeH3kZdldGP-OyqczOkrzUFHYFum2M13D5b6tIU6vdH4gqHbJfwg","direction":"outgoing"} 
[2026-04-04 01:40:07] production.INFO: Outbound call initiated {"call_control_id":"v3:WdUeH3kZdldGP-OyqczOkrzUFHYFum2M13D5b6tIU6vdH4gqHbJfwg","to":"+12249993880"} 
[2026-04-04 01:40:07] production.DEBUG: Push notification delivered {"endpoint":"https://web.push.apple.com/QDkJcfxcMRPW4uLNUaYZ21nDUMJHCJ-cyja1FMQcNEv6qKbL-ec_s…","status":201} 
[2026-04-04 01:40:07] production.DEBUG: Push notification delivered {"endpoint":"https://fcm.googleapis.com/fcm/send/cYR-NIq4nms:APA91bEppjWa7ZIrYxviNuWljHyZ7qnu…","status":201} 
[2026-04-04 01:40:13] production.INFO: Telnyx voice webhook received {"event_type":"call.speak.ended","call_control_id":"v3:axW10gwaDVRw1GOBO0Q_oE_iYD99Y1LO8DesWngUxYpkrwELhGdabA","direction":null} 
[2026-04-04 01:40:13] production.INFO: handleCallSpeakEnded ENTRY {"call_control_id":"v3:axW10gwaDVRw1GOBO0Q_oE_iYD99Y1LO8DesWngUxYpkrwELhGdabA","action":"welcome_done","client_state":{"action":"welcome_done","call_log_id":569,"original_caller":"+18472123894"},"client_state_raw_present":true} 
[2026-04-04 01:40:13] production.INFO: TTS completed — no admin answered yet, playing ringback {"call_control_id":"v3:axW10gwaDVRw1GOBO0Q_oE_iYD99Y1LO8DesWngUxYpkrwELhGdabA","call_log_id":569} 
[2026-04-04 01:40:14] production.INFO: Call command sent: playback_start {"call_control_id":"v3:axW10gwaDVRw1GOBO0Q_oE_iYD99Y1LO8DesWngUxYpkrwELhGdabA","result":"ok"} 
[2026-04-04 01:40:14] production.INFO: Telnyx voice webhook received {"event_type":"call.playback.started","call_control_id":"v3:axW10gwaDVRw1GOBO0Q_oE_iYD99Y1LO8DesWngUxYpkrwELhGdabA","direction":null} 
[2026-04-04 01:40:14] production.INFO: Unhandled voice event {"event_type":"call.playback.started"} 
[2026-04-04 01:40:22] production.INFO: Telnyx voice webhook received {"event_type":"call.answered","call_control_id":"v3:WdUeH3kZdldGP-OyqczOkrzUFHYFum2M13D5b6tIU6vdH4gqHbJfwg","direction":null} 
[2026-04-04 01:40:22] production.INFO: Admin answered (TTS done) — bridging with caller {"admin_call_control_id":"v3:WdUeH3kZdldGP-OyqczOkrzUFHYFum2M13D5b6tIU6vdH4gqHbJfwg","incoming_call_control_id":"v3:axW10gwaDVRw1GOBO0Q_oE_iYD99Y1LO8DesWngUxYpkrwELhGdabA","call_log_id":569,"admin_user_id":1} 
[2026-04-04 01:40:22] production.INFO: Bridging admin with caller {"admin_call_control_id":"v3:WdUeH3kZdldGP-OyqczOkrzUFHYFum2M13D5b6tIU6vdH4gqHbJfwg","incoming_call_control_id":"v3:axW10gwaDVRw1GOBO0Q_oE_iYD99Y1LO8DesWngUxYpkrwELhGdabA","admin_user_id":1,"admin_name":"Patryk Szady"} 
[2026-04-04 01:40:22] production.INFO: Call command sent: playback_stop {"call_control_id":"v3:axW10gwaDVRw1GOBO0Q_oE_iYD99Y1LO8DesWngUxYpkrwELhGdabA","result":"ok"} 
[2026-04-04 01:40:22] production.INFO: Telnyx voice webhook received {"event_type":"call.playback.ended","call_control_id":"v3:axW10gwaDVRw1GOBO0Q_oE_iYD99Y1LO8DesWngUxYpkrwELhGdabA","direction":null} 
[2026-04-04 01:40:22] production.INFO: Call command sent: playback_start {"call_control_id":"v3:axW10gwaDVRw1GOBO0Q_oE_iYD99Y1LO8DesWngUxYpkrwELhGdabA","result":"ok"} 
[2026-04-04 01:40:22] production.INFO: Calls bridged successfully {"call_control_id_a":"v3:WdUeH3kZdldGP-OyqczOkrzUFHYFum2M13D5b6tIU6vdH4gqHbJfwg","call_control_id_b":"v3:axW10gwaDVRw1GOBO0Q_oE_iYD99Y1LO8DesWngUxYpkrwELhGdabA"} 
[2026-04-04 01:40:23] production.INFO: Telnyx voice webhook received {"event_type":"call.bridged","call_control_id":"v3:axW10gwaDVRw1GOBO0Q_oE_iYD99Y1LO8DesWngUxYpkrwELhGdabA","direction":null} 
[2026-04-04 01:40:23] production.INFO: Call bridged {"call_control_id":"v3:axW10gwaDVRw1GOBO0Q_oE_iYD99Y1LO8DesWngUxYpkrwELhGdabA","call_session_id":"34897290-2fc7-11f1-b123-02420aef3a1f"} 
[2026-04-04 01:40:23] production.INFO: Telnyx voice webhook received {"event_type":"call.bridged","call_control_id":"v3:WdUeH3kZdldGP-OyqczOkrzUFHYFum2M13D5b6tIU6vdH4gqHbJfwg","direction":null} 
[2026-04-04 01:40:23] production.INFO: Call bridged {"call_control_id":"v3:WdUeH3kZdldGP-OyqczOkrzUFHYFum2M13D5b6tIU6vdH4gqHbJfwg","call_session_id":"358a7d6a-2fc7-11f1-a615-02420aef521f"} 
[2026-04-04 01:40:23] production.INFO: Telnyx voice webhook received {"event_type":"call.playback.started","call_control_id":"v3:axW10gwaDVRw1GOBO0Q_oE_iYD99Y1LO8DesWngUxYpkrwELhGdabA","direction":null} 
[2026-04-04 01:40:23] production.INFO: Unhandled voice event {"event_type":"call.playback.started"} 
[2026-04-04 01:40:35] production.INFO: Telnyx voice webhook received {"event_type":"call.playback.ended","call_control_id":"v3:axW10gwaDVRw1GOBO0Q_oE_iYD99Y1LO8DesWngUxYpkrwELhGdabA","direction":null} 
[2026-04-04 01:40:35] production.INFO: Telnyx voice webhook received {"event_type":"call.hangup","call_control_id":"v3:axW10gwaDVRw1GOBO0Q_oE_iYD99Y1LO8DesWngUxYpkrwELhGdabA","direction":null} 
[2026-04-04 01:40:35] production.INFO: Call ended {"call_control_id":"v3:axW10gwaDVRw1GOBO0Q_oE_iYD99Y1LO8DesWngUxYpkrwELhGdabA","status":"completed","hangup_cause":"normal_clearing","duration":29.841174} 
[2026-04-04 01:40:35] production.INFO: Telnyx voice webhook received {"event_type":"call.hangup","call_control_id":"v3:WdUeH3kZdldGP-OyqczOkrzUFHYFum2M13D5b6tIU6vdH4gqHbJfwg","direction":null} 
[2026-04-04 01:40:35] production.INFO: Admin ring leg hung up {"admin_call_control_id":"v3:WdUeH3kZdldGP-OyqczOkrzUFHYFum2M13D5b6tIU6vdH4gqHbJfwg","hangup_cause":"normal_clearing","call_log_id":569} 
[2026-04-04 01:40:41] production.INFO: Telnyx voice webhook received {"event_type":"call.initiated","call_control_id":"v3:h3gDBki-jWyavnYCcXocEuqZe2X8Sw__0M0bmLIiZ_73piQJhR7-9A","direction":"incoming"} 
[2026-04-04 01:40:41] production.WARNING: ipqualityscore lookup failed {"phone":"+18472123894","message":"You have insufficient credits to make this query. Please contact IPQualityScore support if this error persists."} 
[2026-04-04 01:40:41] production.INFO: Incoming call - answering {"call_control_id":"v3:h3gDBki-jWyavnYCcXocEuqZe2X8Sw__0M0bmLIiZ_73piQJhR7-9A","from":"+18472123894","to":"+12247354200","caller_user_id":null,"caller_name":"GRZEGORZ SZADY"} 
[2026-04-04 01:40:42] production.INFO: Call command sent: answer {"call_control_id":"v3:h3gDBki-jWyavnYCcXocEuqZe2X8Sw__0M0bmLIiZ_73piQJhR7-9A","result":"ok"} 
[2026-04-04 01:40:42] production.INFO: Telnyx voice webhook received {"event_type":"call.answered","call_control_id":"v3:h3gDBki-jWyavnYCcXocEuqZe2X8Sw__0M0bmLIiZ_73piQJhR7-9A","direction":null} 
[2026-04-04 01:40:42] production.INFO: Playing welcome TTS and dialing admins simultaneously {"call_control_id":"v3:h3gDBki-jWyavnYCcXocEuqZe2X8Sw__0M0bmLIiZ_73piQJhR7-9A","tts":"Good evening! Thanks for calling GS Construction. One moment while we connect you to the GS Crew."} 
[2026-04-04 01:40:42] production.INFO: Call command sent: speak {"call_control_id":"v3:h3gDBki-jWyavnYCcXocEuqZe2X8Sw__0M0bmLIiZ_73piQJhR7-9A","result":"ok"} 
[2026-04-04 01:40:42] production.INFO: Dialed admin {"admin_user_id":1,"admin_name":"Patryk Szady","phone":"+12249993880","admin_call_control_id":"v3:j5w8kKs3B6yZZkpEBpEL2cCVLavtB-aEohl38EkqRHZVbDFGVvxGBg"} 
[2026-04-04 01:40:43] production.INFO: Telnyx voice webhook received {"event_type":"call.initiated","call_control_id":"v3:j5w8kKs3B6yZZkpEBpEL2cCVLavtB-aEohl38EkqRHZVbDFGVvxGBg","direction":"outgoing"} 
[2026-04-04 01:40:43] production.INFO: Outbound call initiated {"call_control_id":"v3:j5w8kKs3B6yZZkpEBpEL2cCVLavtB-aEohl38EkqRHZVbDFGVvxGBg","to":"+12249993880"} 
[2026-04-04 01:40:43] production.INFO: Telnyx voice webhook received {"event_type":"call.speak.started","call_control_id":"v3:h3gDBki-jWyavnYCcXocEuqZe2X8Sw__0M0bmLIiZ_73piQJhR7-9A","direction":null} 
[2026-04-04 01:40:43] production.INFO: TTS speak started {"call_control_id":"v3:h3gDBki-jWyavnYCcXocEuqZe2X8Sw__0M0bmLIiZ_73piQJhR7-9A"} 
[2026-04-04 01:40:43] production.DEBUG: Push notification delivered {"endpoint":"https://web.push.apple.com/QDkJcfxcMRPW4uLNUaYZ21nDUMJHCJ-cyja1FMQcNEv6qKbL-ec_s…","status":201} 
[2026-04-04 01:40:43] production.DEBUG: Push notification delivered {"endpoint":"https://fcm.googleapis.com/fcm/send/cYR-NIq4nms:APA91bEppjWa7ZIrYxviNuWljHyZ7qnu…","status":201} 
[2026-04-04 01:40:49] production.INFO: Telnyx voice webhook received {"event_type":"call.speak.ended","call_control_id":"v3:h3gDBki-jWyavnYCcXocEuqZe2X8Sw__0M0bmLIiZ_73piQJhR7-9A","direction":null} 
[2026-04-04 01:40:49] production.INFO: handleCallSpeakEnded ENTRY {"call_control_id":"v3:h3gDBki-jWyavnYCcXocEuqZe2X8Sw__0M0bmLIiZ_73piQJhR7-9A","action":"welcome_done","client_state":{"action":"welcome_done","call_log_id":570,"original_caller":"+18472123894"},"client_state_raw_present":true} 
[2026-04-04 01:40:49] production.INFO: TTS completed — no admin answered yet, playing ringback {"call_control_id":"v3:h3gDBki-jWyavnYCcXocEuqZe2X8Sw__0M0bmLIiZ_73piQJhR7-9A","call_log_id":570} 
[2026-04-04 01:40:50] production.INFO: Call command sent: playback_start {"call_control_id":"v3:h3gDBki-jWyavnYCcXocEuqZe2X8Sw__0M0bmLIiZ_73piQJhR7-9A","result":"ok"} 
[2026-04-04 01:40:50] production.INFO: Telnyx voice webhook received {"event_type":"call.playback.started","call_control_id":"v3:h3gDBki-jWyavnYCcXocEuqZe2X8Sw__0M0bmLIiZ_73piQJhR7-9A","direction":null} 
[2026-04-04 01:40:50] production.INFO: Unhandled voice event {"event_type":"call.playback.started"} 
[2026-04-04 01:41:00] production.INFO: Telnyx voice webhook received {"event_type":"call.answered","call_control_id":"v3:j5w8kKs3B6yZZkpEBpEL2cCVLavtB-aEohl38EkqRHZVbDFGVvxGBg","direction":null} 
[2026-04-04 01:41:00] production.INFO: Admin answered (TTS done) — bridging with caller {"admin_call_control_id":"v3:j5w8kKs3B6yZZkpEBpEL2cCVLavtB-aEohl38EkqRHZVbDFGVvxGBg","incoming_call_control_id":"v3:h3gDBki-jWyavnYCcXocEuqZe2X8Sw__0M0bmLIiZ_73piQJhR7-9A","call_log_id":570,"admin_user_id":1} 
[2026-04-04 01:41:00] production.INFO: Bridging admin with caller {"admin_call_control_id":"v3:j5w8kKs3B6yZZkpEBpEL2cCVLavtB-aEohl38EkqRHZVbDFGVvxGBg","incoming_call_control_id":"v3:h3gDBki-jWyavnYCcXocEuqZe2X8Sw__0M0bmLIiZ_73piQJhR7-9A","admin_user_id":1,"admin_name":"Patryk Szady"} 
[2026-04-04 01:41:00] production.INFO: Call command sent: playback_stop {"call_control_id":"v3:h3gDBki-jWyavnYCcXocEuqZe2X8Sw__0M0bmLIiZ_73piQJhR7-9A","result":"ok"} 
[2026-04-04 01:41:00] production.INFO: Telnyx voice webhook received {"event_type":"call.playback.ended","call_control_id":"v3:h3gDBki-jWyavnYCcXocEuqZe2X8Sw__0M0bmLIiZ_73piQJhR7-9A","direction":null} 
[2026-04-04 01:41:00] production.INFO: Calls bridged successfully {"call_control_id_a":"v3:j5w8kKs3B6yZZkpEBpEL2cCVLavtB-aEohl38EkqRHZVbDFGVvxGBg","call_control_id_b":"v3:h3gDBki-jWyavnYCcXocEuqZe2X8Sw__0M0bmLIiZ_73piQJhR7-9A"} 
[2026-04-04 01:41:01] production.INFO: Call command sent: playback_start {"call_control_id":"v3:h3gDBki-jWyavnYCcXocEuqZe2X8Sw__0M0bmLIiZ_73piQJhR7-9A","result":"ok"} 
[2026-04-04 01:41:01] production.INFO: Telnyx voice webhook received {"event_type":"call.bridged","call_control_id":"v3:h3gDBki-jWyavnYCcXocEuqZe2X8Sw__0M0bmLIiZ_73piQJhR7-9A","direction":null} 
[2026-04-04 01:41:01] production.INFO: Call bridged {"call_control_id":"v3:h3gDBki-jWyavnYCcXocEuqZe2X8Sw__0M0bmLIiZ_73piQJhR7-9A","call_session_id":"49f45780-2fc7-11f1-ba13-02420aef321f"} 
[2026-04-04 01:41:01] production.INFO: Telnyx voice webhook received {"event_type":"call.playback.ended","call_control_id":"v3:h3gDBki-jWyavnYCcXocEuqZe2X8Sw__0M0bmLIiZ_73piQJhR7-9A","direction":null} 
[2026-04-04 01:41:01] production.INFO: Telnyx voice webhook received {"event_type":"call.bridged","call_control_id":"v3:j5w8kKs3B6yZZkpEBpEL2cCVLavtB-aEohl38EkqRHZVbDFGVvxGBg","direction":null} 
[2026-04-04 01:41:01] production.INFO: Call bridged {"call_control_id":"v3:j5w8kKs3B6yZZkpEBpEL2cCVLavtB-aEohl38EkqRHZVbDFGVvxGBg","call_session_id":"4afb17d6-2fc7-11f1-98a7-02420aef521f"} 
[2026-04-04 01:41:04] production.INFO: Telnyx voice webhook received {"event_type":"call.hangup","call_control_id":"v3:j5w8kKs3B6yZZkpEBpEL2cCVLavtB-aEohl38EkqRHZVbDFGVvxGBg","direction":null} 
[2026-04-04 01:41:04] production.INFO: Admin ring leg hung up {"admin_call_control_id":"v3:j5w8kKs3B6yZZkpEBpEL2cCVLavtB-aEohl38EkqRHZVbDFGVvxGBg","hangup_cause":"normal_clearing","call_log_id":570} 
[2026-04-04 01:41:04] production.INFO: Telnyx voice webhook received {"event_type":"call.hangup","call_control_id":"v3:h3gDBki-jWyavnYCcXocEuqZe2X8Sw__0M0bmLIiZ_73piQJhR7-9A","direction":null} 
[2026-04-04 01:41:04] production.INFO: Call ended {"call_control_id":"v3:h3gDBki-jWyavnYCcXocEuqZe2X8Sw__0M0bmLIiZ_73piQJhR7-9A","status":"completed","hangup_cause":"normal_clearing","duration":22.985263} 
[2026-04-04 02:04:34] production.INFO: Click-to-call initiated from Calls tab {"call_log_id":571,"user_phone":"+12249993880","target_phone":"+18472123894"} 
[2026-04-04 02:04:34] production.INFO: Telnyx voice webhook received {"event_type":"call.initiated","call_control_id":"v3:BxQWmLfw3UeDnKSjqYczIeMMRnjBvuBlE6zTW3kmfI7-wOpQwgNuVA","direction":"outgoing"} 
[2026-04-04 02:04:34] production.INFO: Outbound call initiated {"call_control_id":"v3:BxQWmLfw3UeDnKSjqYczIeMMRnjBvuBlE6zTW3kmfI7-wOpQwgNuVA","to":"+12249993880"} 
[2026-04-04 02:04:36] production.INFO: Telnyx voice webhook received {"event_type":"call.answered","call_control_id":"v3:BxQWmLfw3UeDnKSjqYczIeMMRnjBvuBlE6zTW3kmfI7-wOpQwgNuVA","direction":null} 
[2026-04-04 02:04:36] production.INFO: Click-to-call: user answered → playing ringback and dialing target {"call_control_id":"v3:BxQWmLfw3UeDnKSjqYczIeMMRnjBvuBlE6zTW3kmfI7-wOpQwgNuVA","target_phone":"+18472123894","call_log_id":571} 
[2026-04-04 02:04:36] production.INFO: Call command sent: playback_start {"call_control_id":"v3:BxQWmLfw3UeDnKSjqYczIeMMRnjBvuBlE6zTW3kmfI7-wOpQwgNuVA","result":"ok"} 
[2026-04-04 02:04:37] production.INFO: Telnyx voice webhook received {"event_type":"call.playback.started","call_control_id":"v3:BxQWmLfw3UeDnKSjqYczIeMMRnjBvuBlE6zTW3kmfI7-wOpQwgNuVA","direction":null} 
[2026-04-04 02:04:37] production.INFO: Unhandled voice event {"event_type":"call.playback.started"} 
[2026-04-04 02:04:37] production.INFO: Click-to-call: target dialed {"target_phone":"+18472123894","target_call_control_id":"v3:lI0DZ53m07PklLrsHHKho9vONXr9JaqOIiT-kz6fRmtf5b-31zZ-_Q"} 
[2026-04-04 02:04:37] production.INFO: Telnyx voice webhook received {"event_type":"call.initiated","call_control_id":"v3:lI0DZ53m07PklLrsHHKho9vONXr9JaqOIiT-kz6fRmtf5b-31zZ-_Q","direction":"outgoing"} 
[2026-04-04 02:04:37] production.INFO: Outbound call initiated {"call_control_id":"v3:lI0DZ53m07PklLrsHHKho9vONXr9JaqOIiT-kz6fRmtf5b-31zZ-_Q","to":"+18472123894"} 
[2026-04-04 02:04:44] production.INFO: Telnyx voice webhook received {"event_type":"call.answered","call_control_id":"v3:lI0DZ53m07PklLrsHHKho9vONXr9JaqOIiT-kz6fRmtf5b-31zZ-_Q","direction":null} 
[2026-04-04 02:04:44] production.INFO: Click-to-call: target answered — bridging immediately {"target_call_control_id":"v3:lI0DZ53m07PklLrsHHKho9vONXr9JaqOIiT-kz6fRmtf5b-31zZ-_Q","user_call_control_id":"v3:BxQWmLfw3UeDnKSjqYczIeMMRnjBvuBlE6zTW3kmfI7-wOpQwgNuVA","call_log_id":571} 
[2026-04-04 02:04:44] production.INFO: Calls bridged successfully {"call_control_id_a":"v3:lI0DZ53m07PklLrsHHKho9vONXr9JaqOIiT-kz6fRmtf5b-31zZ-_Q","call_control_id_b":"v3:BxQWmLfw3UeDnKSjqYczIeMMRnjBvuBlE6zTW3kmfI7-wOpQwgNuVA"} 
[2026-04-04 02:04:44] production.INFO: Telnyx voice webhook received {"event_type":"call.playback.ended","call_control_id":"v3:BxQWmLfw3UeDnKSjqYczIeMMRnjBvuBlE6zTW3kmfI7-wOpQwgNuVA","direction":null} 
[2026-04-04 02:04:45] production.INFO: Telnyx voice webhook received {"event_type":"call.bridged","call_control_id":"v3:BxQWmLfw3UeDnKSjqYczIeMMRnjBvuBlE6zTW3kmfI7-wOpQwgNuVA","direction":null} 
[2026-04-04 02:04:45] production.INFO: Call bridged {"call_control_id":"v3:BxQWmLfw3UeDnKSjqYczIeMMRnjBvuBlE6zTW3kmfI7-wOpQwgNuVA","call_session_id":"a02f179a-2fca-11f1-a934-02420aef50a0"} 
[2026-04-04 02:04:45] production.INFO: Telnyx voice webhook received {"event_type":"call.bridged","call_control_id":"v3:lI0DZ53m07PklLrsHHKho9vONXr9JaqOIiT-kz6fRmtf5b-31zZ-_Q","direction":null} 
[2026-04-04 02:04:45] production.INFO: Call bridged {"call_control_id":"v3:lI0DZ53m07PklLrsHHKho9vONXr9JaqOIiT-kz6fRmtf5b-31zZ-_Q","call_session_id":"a1cc4924-2fca-11f1-bb78-02420aef521f"} 
[2026-04-04 02:04:46] production.INFO: Telnyx voice webhook received {"event_type":"call.machine.detection.ended","call_control_id":"v3:lI0DZ53m07PklLrsHHKho9vONXr9JaqOIiT-kz6fRmtf5b-31zZ-_Q","direction":null} 
[2026-04-04 02:04:46] production.INFO: AMD ended {"call_control_id":"v3:lI0DZ53m07PklLrsHHKho9vONXr9JaqOIiT-kz6fRmtf5b-31zZ-_Q","result":"machine","action":"click_to_call_target_ring"} 
[2026-04-04 02:04:46] production.INFO: AMD detected machine on click-to-call target but call already bridged — ignoring {"call_control_id":"v3:lI0DZ53m07PklLrsHHKho9vONXr9JaqOIiT-kz6fRmtf5b-31zZ-_Q","result":"machine","call_log_id":571} 
[2026-04-04 02:05:00] production.INFO: Telnyx voice webhook received {"event_type":"call.hangup","call_control_id":"v3:lI0DZ53m07PklLrsHHKho9vONXr9JaqOIiT-kz6fRmtf5b-31zZ-_Q","direction":null} 
[2026-04-04 02:05:00] production.INFO: Telnyx voice webhook received {"event_type":"call.hangup","call_control_id":"v3:BxQWmLfw3UeDnKSjqYczIeMMRnjBvuBlE6zTW3kmfI7-wOpQwgNuVA","direction":null} 
[2026-04-04 02:05:00] production.INFO: Click-to-call: target hung up after connected call {"call_control_id":"v3:lI0DZ53m07PklLrsHHKho9vONXr9JaqOIiT-kz6fRmtf5b-31zZ-_Q","hangup_cause":"normal_clearing","call_log_id":571,"duration":24.04025} 
[2026-04-04 02:05:00] production.INFO: Click-to-call user leg ended {"call_control_id":"v3:BxQWmLfw3UeDnKSjqYczIeMMRnjBvuBlE6zTW3kmfI7-wOpQwgNuVA","action":"click_to_call_waiting","status":"completed","call_log_id":571,"hangup_cause":"normal_clearing"} 
[2026-04-04 02:05:05] production.INFO: Telnyx voice webhook received {"event_type":"call.initiated","call_control_id":"v3:IrFZk5IX559ZXXQ94NKb06Kf3_stdcRrm8GQv7YnPo9CDCmDuCrHGQ","direction":"incoming"} 
[2026-04-04 02:05:06] production.WARNING: ipqualityscore lookup failed {"phone":"+18472123894","message":"You have insufficient credits to make this query. Please contact IPQualityScore support if this error persists."} 
[2026-04-04 02:05:06] production.INFO: Incoming call - answering {"call_control_id":"v3:IrFZk5IX559ZXXQ94NKb06Kf3_stdcRrm8GQv7YnPo9CDCmDuCrHGQ","from":"+18472123894","to":"+12247354200","caller_user_id":null,"caller_name":"GRZEGORZ SZADY"} 
[2026-04-04 02:05:06] production.INFO: Call command sent: answer {"call_control_id":"v3:IrFZk5IX559ZXXQ94NKb06Kf3_stdcRrm8GQv7YnPo9CDCmDuCrHGQ","result":"ok"} 
[2026-04-04 02:05:06] production.DEBUG: Push notification delivered {"endpoint":"https://web.push.apple.com/QDkJcfxcMRPW4uLNUaYZ21nDUMJHCJ-cyja1FMQcNEv6qKbL-ec_s…","status":201} 
[2026-04-04 02:05:06] production.DEBUG: Push notification delivered {"endpoint":"https://fcm.googleapis.com/fcm/send/cYR-NIq4nms:APA91bEppjWa7ZIrYxviNuWljHyZ7qnu…","status":201} 
[2026-04-04 02:05:06] production.INFO: Telnyx voice webhook received {"event_type":"call.answered","call_control_id":"v3:IrFZk5IX559ZXXQ94NKb06Kf3_stdcRrm8GQv7YnPo9CDCmDuCrHGQ","direction":null} 
[2026-04-04 02:05:06] production.INFO: Playing welcome TTS and dialing admins simultaneously {"call_control_id":"v3:IrFZk5IX559ZXXQ94NKb06Kf3_stdcRrm8GQv7YnPo9CDCmDuCrHGQ","tts":"Good evening! Thanks for calling GS Construction. One moment while we connect you to the GS Crew."} 
[2026-04-04 02:05:07] production.INFO: Call command sent: speak {"call_control_id":"v3:IrFZk5IX559ZXXQ94NKb06Kf3_stdcRrm8GQv7YnPo9CDCmDuCrHGQ","result":"ok"} 
[2026-04-04 02:05:07] production.INFO: Telnyx voice webhook received {"event_type":"call.initiated","call_control_id":"v3:n5VNWRpugWtzIVe8odsj0wVDKPxfRktgd5A_BJzOZBy7Ihgvfyo8_A","direction":"outgoing"} 
[2026-04-04 02:05:07] production.INFO: Outbound call initiated {"call_control_id":"v3:n5VNWRpugWtzIVe8odsj0wVDKPxfRktgd5A_BJzOZBy7Ihgvfyo8_A","to":"+12249993880"} 
[2026-04-04 02:05:07] production.INFO: Dialed admin {"admin_user_id":1,"admin_name":"Patryk Szady","phone":"+12249993880","admin_call_control_id":"v3:n5VNWRpugWtzIVe8odsj0wVDKPxfRktgd5A_BJzOZBy7Ihgvfyo8_A"} 
[2026-04-04 02:05:07] production.INFO: Telnyx voice webhook received {"event_type":"call.speak.started","call_control_id":"v3:IrFZk5IX559ZXXQ94NKb06Kf3_stdcRrm8GQv7YnPo9CDCmDuCrHGQ","direction":null} 
[2026-04-04 02:05:07] production.INFO: TTS speak started {"call_control_id":"v3:IrFZk5IX559ZXXQ94NKb06Kf3_stdcRrm8GQv7YnPo9CDCmDuCrHGQ"} 
[2026-04-04 02:05:11] production.INFO: Telnyx voice webhook received {"event_type":"call.answered","call_control_id":"v3:n5VNWRpugWtzIVe8odsj0wVDKPxfRktgd5A_BJzOZBy7Ihgvfyo8_A","direction":null} 
[2026-04-04 02:05:11] production.INFO: Admin answered — holding for AMD confirmation {"admin_call_control_id":"v3:n5VNWRpugWtzIVe8odsj0wVDKPxfRktgd5A_BJzOZBy7Ihgvfyo8_A","incoming_call_control_id":"v3:IrFZk5IX559ZXXQ94NKb06Kf3_stdcRrm8GQv7YnPo9CDCmDuCrHGQ","call_log_id":572,"admin_user_id":1} 
[2026-04-04 02:05:12] production.INFO: Call command sent: playback_start {"call_control_id":"v3:n5VNWRpugWtzIVe8odsj0wVDKPxfRktgd5A_BJzOZBy7Ihgvfyo8_A","result":"ok"} 
[2026-04-04 02:05:12] production.INFO: Telnyx voice webhook received {"event_type":"call.playback.started","call_control_id":"v3:n5VNWRpugWtzIVe8odsj0wVDKPxfRktgd5A_BJzOZBy7Ihgvfyo8_A","direction":null} 
[2026-04-04 02:05:12] production.INFO: Unhandled voice event {"event_type":"call.playback.started"} 
[2026-04-04 02:05:14] production.INFO: Telnyx voice webhook received {"event_type":"call.machine.detection.ended","call_control_id":"v3:n5VNWRpugWtzIVe8odsj0wVDKPxfRktgd5A_BJzOZBy7Ihgvfyo8_A","direction":null} 
[2026-04-04 02:05:14] production.INFO: AMD ended {"call_control_id":"v3:n5VNWRpugWtzIVe8odsj0wVDKPxfRktgd5A_BJzOZBy7Ihgvfyo8_A","result":"machine","action":"admin_waiting_for_tts"} 
[2026-04-04 02:05:14] production.INFO: Telnyx voice webhook received {"event_type":"call.speak.ended","call_control_id":"v3:IrFZk5IX559ZXXQ94NKb06Kf3_stdcRrm8GQv7YnPo9CDCmDuCrHGQ","direction":null} 
[2026-04-04 02:05:14] production.INFO: handleCallSpeakEnded ENTRY {"call_control_id":"v3:IrFZk5IX559ZXXQ94NKb06Kf3_stdcRrm8GQv7YnPo9CDCmDuCrHGQ","action":"welcome_done","client_state":{"action":"welcome_done","call_log_id":572,"original_caller":"+18472123894"},"client_state_raw_present":true} 
[2026-04-04 02:05:14] production.INFO: TTS completed — admin waiting but AMD pending, playing ringback {"call_control_id":"v3:IrFZk5IX559ZXXQ94NKb06Kf3_stdcRrm8GQv7YnPo9CDCmDuCrHGQ","call_log_id":572,"pending_admin_cc_id":"v3:n5VNWRpugWtzIVe8odsj0wVDKPxfRktgd5A_BJzOZBy7Ihgvfyo8_A"} 
[2026-04-04 02:05:14] production.INFO: Call command sent: playback_start {"call_control_id":"v3:IrFZk5IX559ZXXQ94NKb06Kf3_stdcRrm8GQv7YnPo9CDCmDuCrHGQ","result":"ok"} 
[2026-04-04 02:05:14] production.INFO: Telnyx voice webhook received {"event_type":"call.playback.started","call_control_id":"v3:IrFZk5IX559ZXXQ94NKb06Kf3_stdcRrm8GQv7YnPo9CDCmDuCrHGQ","direction":null} 
[2026-04-04 02:05:14] production.INFO: Unhandled voice event {"event_type":"call.playback.started"} 
[2026-04-04 02:05:24] production.INFO: Telnyx voice webhook received {"event_type":"call.playback.ended","call_control_id":"v3:IrFZk5IX559ZXXQ94NKb06Kf3_stdcRrm8GQv7YnPo9CDCmDuCrHGQ","direction":null} 
[2026-04-04 02:05:24] production.INFO: Telnyx voice webhook received {"event_type":"call.hangup","call_control_id":"v3:IrFZk5IX559ZXXQ94NKb06Kf3_stdcRrm8GQv7YnPo9CDCmDuCrHGQ","direction":null} 
[2026-04-04 02:05:24] production.INFO: Call ended {"call_control_id":"v3:IrFZk5IX559ZXXQ94NKb06Kf3_stdcRrm8GQv7YnPo9CDCmDuCrHGQ","status":"missed","hangup_cause":"normal_clearing","duration":18.220435000000002} 
[2026-04-04 02:05:24] production.INFO: Caller hung up before admin answered — cleaning up admin ring legs {"call_control_id":"v3:IrFZk5IX559ZXXQ94NKb06Kf3_stdcRrm8GQv7YnPo9CDCmDuCrHGQ","admin_legs_to_hangup":1} 
[2026-04-04 02:05:24] production.ERROR: Call command failed: playback_start {"call_control_id":"v3:IrFZk5IX559ZXXQ94NKb06Kf3_stdcRrm8GQv7YnPo9CDCmDuCrHGQ","status":422,"error":{"errors":[{"code":"90018","title":"Call has already ended","detail":"This call is no longer active and can't receive commands."}]}} 
[2026-04-04 02:05:24] production.INFO: Call command sent: hangup {"call_control_id":"v3:n5VNWRpugWtzIVe8odsj0wVDKPxfRktgd5A_BJzOZBy7Ihgvfyo8_A","result":"ok"} 
[2026-04-04 02:05:24] production.INFO: Telnyx voice webhook received {"event_type":"call.hangup","call_control_id":"v3:n5VNWRpugWtzIVe8odsj0wVDKPxfRktgd5A_BJzOZBy7Ihgvfyo8_A","direction":null} 
[2026-04-04 02:05:24] production.INFO: Telnyx voice webhook received {"event_type":"call.playback.ended","call_control_id":"v3:n5VNWRpugWtzIVe8odsj0wVDKPxfRktgd5A_BJzOZBy7Ihgvfyo8_A","direction":null} 
[2026-04-04 02:05:24] production.ERROR: Call command failed: playback_start {"call_control_id":"v3:n5VNWRpugWtzIVe8odsj0wVDKPxfRktgd5A_BJzOZBy7Ihgvfyo8_A","status":422,"error":{"errors":[{"code":"90018","title":"Call has already ended","detail":"This call is no longer active and can't receive commands."}]}} 
[2026-04-04 02:15:48] production.INFO: Click-to-call initiated from Calls tab {"call_log_id":573,"user_phone":"+12249993880","target_phone":"+18472123894"} 
[2026-04-04 02:15:48] production.INFO: Telnyx voice webhook received {"event_type":"call.initiated","call_control_id":"v3:ME2A2lCa1LjKllYY1sinbzSzZwm0o0NRJISOjIHd8sSLst_kl7fmnA","direction":"outgoing"} 
[2026-04-04 02:15:48] production.INFO: Outbound call initiated {"call_control_id":"v3:ME2A2lCa1LjKllYY1sinbzSzZwm0o0NRJISOjIHd8sSLst_kl7fmnA","to":"+12249993880"} 
[2026-04-04 02:15:51] production.INFO: Telnyx voice webhook received {"event_type":"call.answered","call_control_id":"v3:ME2A2lCa1LjKllYY1sinbzSzZwm0o0NRJISOjIHd8sSLst_kl7fmnA","direction":null} 
[2026-04-04 02:15:51] production.INFO: Click-to-call: user answered → playing ringback and dialing target {"call_control_id":"v3:ME2A2lCa1LjKllYY1sinbzSzZwm0o0NRJISOjIHd8sSLst_kl7fmnA","target_phone":"+18472123894","call_log_id":573} 
[2026-04-04 02:15:51] production.INFO: Call command sent: playback_start {"call_control_id":"v3:ME2A2lCa1LjKllYY1sinbzSzZwm0o0NRJISOjIHd8sSLst_kl7fmnA","result":"ok"} 
[2026-04-04 02:15:51] production.INFO: Click-to-call: target dialed {"target_phone":"+18472123894","target_call_control_id":"v3:8NDfz3k-V1Gf8_pGCBKF9pYn12GiALVCNr9L-PtiUuMtqgcCw6F4mA"} 
[2026-04-04 02:15:51] production.INFO: Telnyx voice webhook received {"event_type":"call.playback.started","call_control_id":"v3:ME2A2lCa1LjKllYY1sinbzSzZwm0o0NRJISOjIHd8sSLst_kl7fmnA","direction":null} 
[2026-04-04 02:15:51] production.INFO: Unhandled voice event {"event_type":"call.playback.started"} 
[2026-04-04 02:15:52] production.INFO: Telnyx voice webhook received {"event_type":"call.initiated","call_control_id":"v3:8NDfz3k-V1Gf8_pGCBKF9pYn12GiALVCNr9L-PtiUuMtqgcCw6F4mA","direction":"outgoing"} 
[2026-04-04 02:15:52] production.INFO: Outbound call initiated {"call_control_id":"v3:8NDfz3k-V1Gf8_pGCBKF9pYn12GiALVCNr9L-PtiUuMtqgcCw6F4mA","to":"+18472123894"} 
[2026-04-04 02:16:00] production.INFO: Telnyx voice webhook received {"event_type":"call.answered","call_control_id":"v3:8NDfz3k-V1Gf8_pGCBKF9pYn12GiALVCNr9L-PtiUuMtqgcCw6F4mA","direction":null} 
[2026-04-04 02:16:00] production.INFO: Click-to-call: target answered — bridging immediately {"target_call_control_id":"v3:8NDfz3k-V1Gf8_pGCBKF9pYn12GiALVCNr9L-PtiUuMtqgcCw6F4mA","user_call_control_id":"v3:ME2A2lCa1LjKllYY1sinbzSzZwm0o0NRJISOjIHd8sSLst_kl7fmnA","call_log_id":573} 
[2026-04-04 02:16:00] production.INFO: Telnyx voice webhook received {"event_type":"call.playback.ended","call_control_id":"v3:ME2A2lCa1LjKllYY1sinbzSzZwm0o0NRJISOjIHd8sSLst_kl7fmnA","direction":null} 
[2026-04-04 02:16:00] production.INFO: Calls bridged successfully {"call_control_id_a":"v3:8NDfz3k-V1Gf8_pGCBKF9pYn12GiALVCNr9L-PtiUuMtqgcCw6F4mA","call_control_id_b":"v3:ME2A2lCa1LjKllYY1sinbzSzZwm0o0NRJISOjIHd8sSLst_kl7fmnA"} 
[2026-04-04 02:16:00] production.INFO: Telnyx voice webhook received {"event_type":"call.bridged","call_control_id":"v3:ME2A2lCa1LjKllYY1sinbzSzZwm0o0NRJISOjIHd8sSLst_kl7fmnA","direction":null} 
[2026-04-04 02:16:00] production.INFO: Call bridged {"call_control_id":"v3:ME2A2lCa1LjKllYY1sinbzSzZwm0o0NRJISOjIHd8sSLst_kl7fmnA","call_session_id":"3208c67e-2fcc-11f1-a1d1-02420aef551f"} 
[2026-04-04 02:16:01] production.INFO: Telnyx voice webhook received {"event_type":"call.bridged","call_control_id":"v3:8NDfz3k-V1Gf8_pGCBKF9pYn12GiALVCNr9L-PtiUuMtqgcCw6F4mA","direction":null} 
[2026-04-04 02:16:01] production.INFO: Call bridged {"call_control_id":"v3:8NDfz3k-V1Gf8_pGCBKF9pYn12GiALVCNr9L-PtiUuMtqgcCw6F4mA","call_session_id":"33fdae7c-2fcc-11f1-9632-02420aef511f"} 
[2026-04-04 02:16:02] production.INFO: Telnyx voice webhook received {"event_type":"call.machine.detection.ended","call_control_id":"v3:8NDfz3k-V1Gf8_pGCBKF9pYn12GiALVCNr9L-PtiUuMtqgcCw6F4mA","direction":null} 
[2026-04-04 02:16:02] production.INFO: AMD ended {"call_control_id":"v3:8NDfz3k-V1Gf8_pGCBKF9pYn12GiALVCNr9L-PtiUuMtqgcCw6F4mA","result":"machine","action":"click_to_call_target_ring"} 
[2026-04-04 02:16:02] production.INFO: AMD detected machine on click-to-call target but call already bridged — ignoring {"call_control_id":"v3:8NDfz3k-V1Gf8_pGCBKF9pYn12GiALVCNr9L-PtiUuMtqgcCw6F4mA","result":"machine","call_log_id":573} 
[2026-04-04 02:16:10] production.INFO: Telnyx voice webhook received {"event_type":"call.hangup","call_control_id":"v3:ME2A2lCa1LjKllYY1sinbzSzZwm0o0NRJISOjIHd8sSLst_kl7fmnA","direction":null} 
[2026-04-04 02:16:10] production.INFO: Click-to-call user leg ended {"call_control_id":"v3:ME2A2lCa1LjKllYY1sinbzSzZwm0o0NRJISOjIHd8sSLst_kl7fmnA","action":"click_to_call_waiting","status":"completed","call_log_id":573,"hangup_cause":"normal_clearing"} 
[2026-04-04 02:16:10] production.INFO: Telnyx voice webhook received {"event_type":"call.hangup","call_control_id":"v3:8NDfz3k-V1Gf8_pGCBKF9pYn12GiALVCNr9L-PtiUuMtqgcCw6F4mA","direction":null} 
[2026-04-04 02:16:10] production.INFO: Click-to-call: target hung up after connected call {"call_control_id":"v3:8NDfz3k-V1Gf8_pGCBKF9pYn12GiALVCNr9L-PtiUuMtqgcCw6F4mA","hangup_cause":"normal_clearing","call_log_id":573,"duration":19.921695} 
[2026-04-04 02:16:17] production.INFO: Telnyx voice webhook received {"event_type":"call.initiated","call_control_id":"v3:zPu5t2X2HMUUzdNZReMIiCojzgZfE2H94aW0aG-FGMtvRHOFehNgkA","direction":"incoming"} 
[2026-04-04 02:16:19] production.WARNING: ipqualityscore lookup failed {"phone":"+18472123894","message":"You have insufficient credits to make this query. Please contact IPQualityScore support if this error persists."} 
[2026-04-04 02:16:19] production.INFO: Incoming call - answering {"call_control_id":"v3:zPu5t2X2HMUUzdNZReMIiCojzgZfE2H94aW0aG-FGMtvRHOFehNgkA","from":"+18472123894","to":"+12247354200","caller_user_id":null,"caller_name":"GRZEGORZ SZADY"} 
[2026-04-04 02:16:19] production.INFO: Call command sent: answer {"call_control_id":"v3:zPu5t2X2HMUUzdNZReMIiCojzgZfE2H94aW0aG-FGMtvRHOFehNgkA","result":"ok"} 
[2026-04-04 02:16:19] production.INFO: Telnyx voice webhook received {"event_type":"call.answered","call_control_id":"v3:zPu5t2X2HMUUzdNZReMIiCojzgZfE2H94aW0aG-FGMtvRHOFehNgkA","direction":null} 
[2026-04-04 02:16:19] production.INFO: Playing welcome TTS and dialing admins simultaneously {"call_control_id":"v3:zPu5t2X2HMUUzdNZReMIiCojzgZfE2H94aW0aG-FGMtvRHOFehNgkA","tts":"Good evening! Thanks for calling GS Construction. One moment while we connect you to the GS Crew."} 
[2026-04-04 02:16:19] production.INFO: Call command sent: speak {"call_control_id":"v3:zPu5t2X2HMUUzdNZReMIiCojzgZfE2H94aW0aG-FGMtvRHOFehNgkA","result":"ok"} 
[2026-04-04 02:16:20] production.INFO: Dialed admin {"admin_user_id":1,"admin_name":"Patryk Szady","phone":"+12249993880","admin_call_control_id":"v3:a1FCaBQYqREh6xkPegOeddo0sl1hmDTUMm4XTNMl0QvrUfPP4lddag"} 
[2026-04-04 02:16:20] production.INFO: Telnyx voice webhook received {"event_type":"call.initiated","call_control_id":"v3:a1FCaBQYqREh6xkPegOeddo0sl1hmDTUMm4XTNMl0QvrUfPP4lddag","direction":"outgoing"} 
[2026-04-04 02:16:20] production.INFO: Outbound call initiated {"call_control_id":"v3:a1FCaBQYqREh6xkPegOeddo0sl1hmDTUMm4XTNMl0QvrUfPP4lddag","to":"+12249993880"} 
[2026-04-04 02:16:20] production.INFO: Telnyx voice webhook received {"event_type":"call.speak.started","call_control_id":"v3:zPu5t2X2HMUUzdNZReMIiCojzgZfE2H94aW0aG-FGMtvRHOFehNgkA","direction":null} 
[2026-04-04 02:16:20] production.INFO: TTS speak started {"call_control_id":"v3:zPu5t2X2HMUUzdNZReMIiCojzgZfE2H94aW0aG-FGMtvRHOFehNgkA"} 
[2026-04-04 02:16:21] production.DEBUG: Push notification delivered {"endpoint":"https://web.push.apple.com/QDkJcfxcMRPW4uLNUaYZ21nDUMJHCJ-cyja1FMQcNEv6qKbL-ec_s…","status":201} 
[2026-04-04 02:16:21] production.DEBUG: Push notification delivered {"endpoint":"https://fcm.googleapis.com/fcm/send/cYR-NIq4nms:APA91bEppjWa7ZIrYxviNuWljHyZ7qnu…","status":201} 
[2026-04-04 02:16:22] production.INFO: Telnyx voice webhook received {"event_type":"call.answered","call_control_id":"v3:a1FCaBQYqREh6xkPegOeddo0sl1hmDTUMm4XTNMl0QvrUfPP4lddag","direction":null} 
[2026-04-04 02:16:22] production.INFO: Admin answered during TTS — holding until welcome finishes {"admin_call_control_id":"v3:a1FCaBQYqREh6xkPegOeddo0sl1hmDTUMm4XTNMl0QvrUfPP4lddag","incoming_call_control_id":"v3:zPu5t2X2HMUUzdNZReMIiCojzgZfE2H94aW0aG-FGMtvRHOFehNgkA","call_log_id":574,"admin_user_id":1} 
[2026-04-04 02:16:22] production.INFO: Call command sent: playback_start {"call_control_id":"v3:a1FCaBQYqREh6xkPegOeddo0sl1hmDTUMm4XTNMl0QvrUfPP4lddag","result":"ok"} 
[2026-04-04 02:16:23] production.INFO: Telnyx voice webhook received {"event_type":"call.playback.started","call_control_id":"v3:a1FCaBQYqREh6xkPegOeddo0sl1hmDTUMm4XTNMl0QvrUfPP4lddag","direction":null} 
[2026-04-04 02:16:23] production.INFO: Unhandled voice event {"event_type":"call.playback.started"} 
[2026-04-04 02:16:27] production.INFO: Telnyx voice webhook received {"event_type":"call.speak.ended","call_control_id":"v3:zPu5t2X2HMUUzdNZReMIiCojzgZfE2H94aW0aG-FGMtvRHOFehNgkA","direction":null} 
[2026-04-04 02:16:27] production.INFO: handleCallSpeakEnded ENTRY {"call_control_id":"v3:zPu5t2X2HMUUzdNZReMIiCojzgZfE2H94aW0aG-FGMtvRHOFehNgkA","action":"welcome_done","client_state":{"action":"welcome_done","call_log_id":574,"original_caller":"+18472123894"},"client_state_raw_present":true} 
[2026-04-04 02:16:27] production.INFO: TTS completed — admin already waiting, bridging now {"call_control_id":"v3:zPu5t2X2HMUUzdNZReMIiCojzgZfE2H94aW0aG-FGMtvRHOFehNgkA","call_log_id":574,"pending_admin_cc_id":"v3:a1FCaBQYqREh6xkPegOeddo0sl1hmDTUMm4XTNMl0QvrUfPP4lddag"} 
[2026-04-04 02:16:27] production.INFO: Bridging admin with caller {"admin_call_control_id":"v3:a1FCaBQYqREh6xkPegOeddo0sl1hmDTUMm4XTNMl0QvrUfPP4lddag","incoming_call_control_id":"v3:zPu5t2X2HMUUzdNZReMIiCojzgZfE2H94aW0aG-FGMtvRHOFehNgkA","admin_user_id":1,"admin_name":"Patryk Szady"} 
[2026-04-04 02:16:27] production.INFO: Call command sent: playback_stop {"call_control_id":"v3:zPu5t2X2HMUUzdNZReMIiCojzgZfE2H94aW0aG-FGMtvRHOFehNgkA","result":"ok"} 
[2026-04-04 02:16:27] production.INFO: Call command sent: playback_stop {"call_control_id":"v3:a1FCaBQYqREh6xkPegOeddo0sl1hmDTUMm4XTNMl0QvrUfPP4lddag","result":"ok"} 
[2026-04-04 02:16:27] production.INFO: Telnyx voice webhook received {"event_type":"call.playback.ended","call_control_id":"v3:a1FCaBQYqREh6xkPegOeddo0sl1hmDTUMm4XTNMl0QvrUfPP4lddag","direction":null} 
[2026-04-04 02:16:28] production.INFO: Calls bridged successfully {"call_control_id_a":"v3:a1FCaBQYqREh6xkPegOeddo0sl1hmDTUMm4XTNMl0QvrUfPP4lddag","call_control_id_b":"v3:zPu5t2X2HMUUzdNZReMIiCojzgZfE2H94aW0aG-FGMtvRHOFehNgkA"} 
[2026-04-04 02:16:28] production.INFO: Telnyx voice webhook received {"event_type":"call.bridged","call_control_id":"v3:zPu5t2X2HMUUzdNZReMIiCojzgZfE2H94aW0aG-FGMtvRHOFehNgkA","direction":null} 
[2026-04-04 02:16:28] production.INFO: Call bridged {"call_control_id":"v3:zPu5t2X2HMUUzdNZReMIiCojzgZfE2H94aW0aG-FGMtvRHOFehNgkA","call_session_id":"435c5666-2fcc-11f1-955a-02420aef521f"} 
[2026-04-04 02:16:28] production.INFO: Telnyx voice webhook received {"event_type":"call.bridged","call_control_id":"v3:a1FCaBQYqREh6xkPegOeddo0sl1hmDTUMm4XTNMl0QvrUfPP4lddag","direction":null} 
[2026-04-04 02:16:28] production.INFO: Call bridged {"call_control_id":"v3:a1FCaBQYqREh6xkPegOeddo0sl1hmDTUMm4XTNMl0QvrUfPP4lddag","call_session_id":"44fb2858-2fcc-11f1-bc10-02420aef50a0"} 
[2026-04-04 02:16:34] production.INFO: Telnyx voice webhook received {"event_type":"call.hangup","call_control_id":"v3:zPu5t2X2HMUUzdNZReMIiCojzgZfE2H94aW0aG-FGMtvRHOFehNgkA","direction":null} 
[2026-04-04 02:16:34] production.INFO: Telnyx voice webhook received {"event_type":"call.hangup","call_control_id":"v3:a1FCaBQYqREh6xkPegOeddo0sl1hmDTUMm4XTNMl0QvrUfPP4lddag","direction":null} 
[2026-04-04 02:16:34] production.INFO: Call ended {"call_control_id":"v3:zPu5t2X2HMUUzdNZReMIiCojzgZfE2H94aW0aG-FGMtvRHOFehNgkA","status":"completed","hangup_cause":"normal_clearing","duration":15.630225000000001} 
[2026-04-04 02:16:45] production.INFO: Telnyx voice webhook received {"event_type":"call.initiated","call_control_id":"v3:6BqB4EJYMul-QLbmPXgaUHzYzIJKWRaaAEI70Qxb3LSw0fmc2-Vbdg","direction":"incoming"} 
[2026-04-04 02:16:45] production.WARNING: ipqualityscore lookup failed {"phone":"+18472123894","message":"You have insufficient credits to make this query. Please contact IPQualityScore support if this error persists."} 
[2026-04-04 02:16:45] production.INFO: Incoming call - answering {"call_control_id":"v3:6BqB4EJYMul-QLbmPXgaUHzYzIJKWRaaAEI70Qxb3LSw0fmc2-Vbdg","from":"+18472123894","to":"+12247354200","caller_user_id":null,"caller_name":"GRZEGORZ SZADY"} 
[2026-04-04 02:16:46] production.INFO: Call command sent: answer {"call_control_id":"v3:6BqB4EJYMul-QLbmPXgaUHzYzIJKWRaaAEI70Qxb3LSw0fmc2-Vbdg","result":"ok"} 
[2026-04-04 02:16:46] production.INFO: Telnyx voice webhook received {"event_type":"call.answered","call_control_id":"v3:6BqB4EJYMul-QLbmPXgaUHzYzIJKWRaaAEI70Qxb3LSw0fmc2-Vbdg","direction":null} 
[2026-04-04 02:16:46] production.INFO: Playing welcome TTS and dialing admins simultaneously {"call_control_id":"v3:6BqB4EJYMul-QLbmPXgaUHzYzIJKWRaaAEI70Qxb3LSw0fmc2-Vbdg","tts":"Good evening! Thanks for calling GS Construction. One moment while we connect you to the GS Crew."} 
[2026-04-04 02:16:46] production.INFO: Call command sent: speak {"call_control_id":"v3:6BqB4EJYMul-QLbmPXgaUHzYzIJKWRaaAEI70Qxb3LSw0fmc2-Vbdg","result":"ok"} 
[2026-04-04 02:16:46] production.INFO: Dialed admin {"admin_user_id":1,"admin_name":"Patryk Szady","phone":"+12249993880","admin_call_control_id":"v3:td91VbeB1Rmbnln3HwUINqQ53o4ipOFdkGG7B736orNHK5xwMF-eDg"} 
[2026-04-04 02:16:46] production.INFO: Telnyx voice webhook received {"event_type":"call.speak.started","call_control_id":"v3:6BqB4EJYMul-QLbmPXgaUHzYzIJKWRaaAEI70Qxb3LSw0fmc2-Vbdg","direction":null} 
[2026-04-04 02:16:46] production.INFO: TTS speak started {"call_control_id":"v3:6BqB4EJYMul-QLbmPXgaUHzYzIJKWRaaAEI70Qxb3LSw0fmc2-Vbdg"} 
[2026-04-04 02:16:46] production.INFO: Telnyx voice webhook received {"event_type":"call.initiated","call_control_id":"v3:td91VbeB1Rmbnln3HwUINqQ53o4ipOFdkGG7B736orNHK5xwMF-eDg","direction":"outgoing"} 
[2026-04-04 02:16:46] production.INFO: Outbound call initiated {"call_control_id":"v3:td91VbeB1Rmbnln3HwUINqQ53o4ipOFdkGG7B736orNHK5xwMF-eDg","to":"+12249993880"} 
[2026-04-04 02:16:48] production.DEBUG: Push notification delivered {"endpoint":"https://web.push.apple.com/QDkJcfxcMRPW4uLNUaYZ21nDUMJHCJ-cyja1FMQcNEv6qKbL-ec_s…","status":201} 
[2026-04-04 02:16:48] production.DEBUG: Push notification delivered {"endpoint":"https://fcm.googleapis.com/fcm/send/cYR-NIq4nms:APA91bEppjWa7ZIrYxviNuWljHyZ7qnu…","status":201} 
[2026-04-04 02:16:53] production.INFO: Telnyx voice webhook received {"event_type":"call.speak.ended","call_control_id":"v3:6BqB4EJYMul-QLbmPXgaUHzYzIJKWRaaAEI70Qxb3LSw0fmc2-Vbdg","direction":null} 
[2026-04-04 02:16:53] production.INFO: handleCallSpeakEnded ENTRY {"call_control_id":"v3:6BqB4EJYMul-QLbmPXgaUHzYzIJKWRaaAEI70Qxb3LSw0fmc2-Vbdg","action":"welcome_done","client_state":{"action":"welcome_done","call_log_id":575,"original_caller":"+18472123894"},"client_state_raw_present":true} 
[2026-04-04 02:16:53] production.INFO: TTS completed — no admin answered yet, playing ringback {"call_control_id":"v3:6BqB4EJYMul-QLbmPXgaUHzYzIJKWRaaAEI70Qxb3LSw0fmc2-Vbdg","call_log_id":575} 
[2026-04-04 02:16:53] production.INFO: Call command sent: playback_start {"call_control_id":"v3:6BqB4EJYMul-QLbmPXgaUHzYzIJKWRaaAEI70Qxb3LSw0fmc2-Vbdg","result":"ok"} 
[2026-04-04 02:16:54] production.INFO: Telnyx voice webhook received {"event_type":"call.playback.started","call_control_id":"v3:6BqB4EJYMul-QLbmPXgaUHzYzIJKWRaaAEI70Qxb3LSw0fmc2-Vbdg","direction":null} 
[2026-04-04 02:16:54] production.INFO: Unhandled voice event {"event_type":"call.playback.started"} 
[2026-04-04 02:16:55] production.INFO: Telnyx voice webhook received {"event_type":"call.answered","call_control_id":"v3:td91VbeB1Rmbnln3HwUINqQ53o4ipOFdkGG7B736orNHK5xwMF-eDg","direction":null} 
[2026-04-04 02:16:55] production.INFO: Admin answered (TTS done) — bridging with caller {"admin_call_control_id":"v3:td91VbeB1Rmbnln3HwUINqQ53o4ipOFdkGG7B736orNHK5xwMF-eDg","incoming_call_control_id":"v3:6BqB4EJYMul-QLbmPXgaUHzYzIJKWRaaAEI70Qxb3LSw0fmc2-Vbdg","call_log_id":575,"admin_user_id":1} 
[2026-04-04 02:16:55] production.INFO: Bridging admin with caller {"admin_call_control_id":"v3:td91VbeB1Rmbnln3HwUINqQ53o4ipOFdkGG7B736orNHK5xwMF-eDg","incoming_call_control_id":"v3:6BqB4EJYMul-QLbmPXgaUHzYzIJKWRaaAEI70Qxb3LSw0fmc2-Vbdg","admin_user_id":1,"admin_name":"Patryk Szady"} 
[2026-04-04 02:16:55] production.INFO: Call command sent: playback_stop {"call_control_id":"v3:6BqB4EJYMul-QLbmPXgaUHzYzIJKWRaaAEI70Qxb3LSw0fmc2-Vbdg","result":"ok"} 
[2026-04-04 02:16:56] production.INFO: Call command sent: playback_stop {"call_control_id":"v3:td91VbeB1Rmbnln3HwUINqQ53o4ipOFdkGG7B736orNHK5xwMF-eDg","result":"ok"} 
[2026-04-04 02:16:56] production.INFO: Telnyx voice webhook received {"event_type":"call.playback.ended","call_control_id":"v3:6BqB4EJYMul-QLbmPXgaUHzYzIJKWRaaAEI70Qxb3LSw0fmc2-Vbdg","direction":null} 
[2026-04-04 02:16:56] production.INFO: Calls bridged successfully {"call_control_id_a":"v3:td91VbeB1Rmbnln3HwUINqQ53o4ipOFdkGG7B736orNHK5xwMF-eDg","call_control_id_b":"v3:6BqB4EJYMul-QLbmPXgaUHzYzIJKWRaaAEI70Qxb3LSw0fmc2-Vbdg"} 
[2026-04-04 02:16:56] production.INFO: Telnyx voice webhook received {"event_type":"call.bridged","call_control_id":"v3:td91VbeB1Rmbnln3HwUINqQ53o4ipOFdkGG7B736orNHK5xwMF-eDg","direction":null} 
[2026-04-04 02:16:56] production.INFO: Call bridged {"call_control_id":"v3:td91VbeB1Rmbnln3HwUINqQ53o4ipOFdkGG7B736orNHK5xwMF-eDg","call_session_id":"54b61c80-2fcc-11f1-9a7b-02420aef551f"} 
[2026-04-04 02:16:56] production.INFO: Telnyx voice webhook received {"event_type":"call.bridged","call_control_id":"v3:6BqB4EJYMul-QLbmPXgaUHzYzIJKWRaaAEI70Qxb3LSw0fmc2-Vbdg","direction":null} 
[2026-04-04 02:16:56] production.INFO: Call bridged {"call_control_id":"v3:6BqB4EJYMul-QLbmPXgaUHzYzIJKWRaaAEI70Qxb3LSw0fmc2-Vbdg","call_session_id":"53d93a90-2fcc-11f1-b228-02420aefe3f2"} 
[2026-04-04 02:16:59] production.INFO: Telnyx voice webhook received {"event_type":"call.hangup","call_control_id":"v3:6BqB4EJYMul-QLbmPXgaUHzYzIJKWRaaAEI70Qxb3LSw0fmc2-Vbdg","direction":null} 
[2026-04-04 02:16:59] production.INFO: Call ended {"call_control_id":"v3:6BqB4EJYMul-QLbmPXgaUHzYzIJKWRaaAEI70Qxb3LSw0fmc2-Vbdg","status":"completed","hangup_cause":"normal_clearing","duration":13.193280000000001} 
[2026-04-04 02:16:59] production.INFO: Telnyx voice webhook received {"event_type":"call.hangup","call_control_id":"v3:td91VbeB1Rmbnln3HwUINqQ53o4ipOFdkGG7B736orNHK5xwMF-eDg","direction":null} 
[2026-04-04 02:16:59] production.INFO: Admin ring leg hung up {"admin_call_control_id":"v3:td91VbeB1Rmbnln3HwUINqQ53o4ipOFdkGG7B736orNHK5xwMF-eDg","hangup_cause":"normal_clearing","call_log_id":575} 
[2026-04-04 02:17:03] production.INFO: Telnyx voice webhook received {"event_type":"call.initiated","call_control_id":"v3:aqoREfEkN8JkrcL9FVUqOwvLOfl808lnDy0e6Q1kDobLrOLLJuTU0A","direction":"incoming"} 
[2026-04-04 02:17:03] production.WARNING: ipqualityscore lookup failed {"phone":"+18472123894","message":"You have insufficient credits to make this query. Please contact IPQualityScore support if this error persists."} 
[2026-04-04 02:17:03] production.INFO: Incoming call - answering {"call_control_id":"v3:aqoREfEkN8JkrcL9FVUqOwvLOfl808lnDy0e6Q1kDobLrOLLJuTU0A","from":"+18472123894","to":"+12247354200","caller_user_id":null,"caller_name":"GRZEGORZ SZADY"} 
[2026-04-04 02:17:03] production.INFO: Call command sent: answer {"call_control_id":"v3:aqoREfEkN8JkrcL9FVUqOwvLOfl808lnDy0e6Q1kDobLrOLLJuTU0A","result":"ok"} 
[2026-04-04 02:17:03] production.INFO: Telnyx voice webhook received {"event_type":"call.answered","call_control_id":"v3:aqoREfEkN8JkrcL9FVUqOwvLOfl808lnDy0e6Q1kDobLrOLLJuTU0A","direction":null} 
[2026-04-04 02:17:04] production.INFO: Playing welcome TTS and dialing admins simultaneously {"call_control_id":"v3:aqoREfEkN8JkrcL9FVUqOwvLOfl808lnDy0e6Q1kDobLrOLLJuTU0A","tts":"Good evening! Thanks for calling GS Construction. One moment while we connect you to the GS Crew."} 
[2026-04-04 02:17:04] production.INFO: Call command sent: speak {"call_control_id":"v3:aqoREfEkN8JkrcL9FVUqOwvLOfl808lnDy0e6Q1kDobLrOLLJuTU0A","result":"ok"} 
[2026-04-04 02:17:04] production.INFO: Dialed admin {"admin_user_id":1,"admin_name":"Patryk Szady","phone":"+12249993880","admin_call_control_id":"v3:UvlmU7_v5Jr-EtrRi8z_GCaRV2z1K8wFlY3Zc-SDsl1UNnI9gvCBrQ"} 
[2026-04-04 02:17:04] production.INFO: Telnyx voice webhook received {"event_type":"call.initiated","call_control_id":"v3:UvlmU7_v5Jr-EtrRi8z_GCaRV2z1K8wFlY3Zc-SDsl1UNnI9gvCBrQ","direction":"outgoing"} 
[2026-04-04 02:17:04] production.INFO: Outbound call initiated {"call_control_id":"v3:UvlmU7_v5Jr-EtrRi8z_GCaRV2z1K8wFlY3Zc-SDsl1UNnI9gvCBrQ","to":"+12249993880"} 
[2026-04-04 02:17:04] production.INFO: Telnyx voice webhook received {"event_type":"call.speak.started","call_control_id":"v3:aqoREfEkN8JkrcL9FVUqOwvLOfl808lnDy0e6Q1kDobLrOLLJuTU0A","direction":null} 
[2026-04-04 02:17:04] production.INFO: TTS speak started {"call_control_id":"v3:aqoREfEkN8JkrcL9FVUqOwvLOfl808lnDy0e6Q1kDobLrOLLJuTU0A"} 
[2026-04-04 02:17:06] production.DEBUG: Push notification delivered {"endpoint":"https://web.push.apple.com/QDkJcfxcMRPW4uLNUaYZ21nDUMJHCJ-cyja1FMQcNEv6qKbL-ec_s…","status":201} 
[2026-04-04 02:17:06] production.DEBUG: Push notification delivered {"endpoint":"https://fcm.googleapis.com/fcm/send/cYR-NIq4nms:APA91bEppjWa7ZIrYxviNuWljHyZ7qnu…","status":201} 
[2026-04-04 02:17:11] production.INFO: Telnyx voice webhook received {"event_type":"call.speak.ended","call_control_id":"v3:aqoREfEkN8JkrcL9FVUqOwvLOfl808lnDy0e6Q1kDobLrOLLJuTU0A","direction":null} 
[2026-04-04 02:17:11] production.INFO: handleCallSpeakEnded ENTRY {"call_control_id":"v3:aqoREfEkN8JkrcL9FVUqOwvLOfl808lnDy0e6Q1kDobLrOLLJuTU0A","action":"welcome_done","client_state":{"action":"welcome_done","call_log_id":576,"original_caller":"+18472123894"},"client_state_raw_present":true} 
[2026-04-04 02:17:11] production.INFO: TTS completed — no admin answered yet, playing ringback {"call_control_id":"v3:aqoREfEkN8JkrcL9FVUqOwvLOfl808lnDy0e6Q1kDobLrOLLJuTU0A","call_log_id":576} 
[2026-04-04 02:17:11] production.INFO: Call command sent: playback_start {"call_control_id":"v3:aqoREfEkN8JkrcL9FVUqOwvLOfl808lnDy0e6Q1kDobLrOLLJuTU0A","result":"ok"} 
[2026-04-04 02:17:11] production.INFO: Telnyx voice webhook received {"event_type":"call.playback.started","call_control_id":"v3:aqoREfEkN8JkrcL9FVUqOwvLOfl808lnDy0e6Q1kDobLrOLLJuTU0A","direction":null} 
[2026-04-04 02:17:11] production.INFO: Unhandled voice event {"event_type":"call.playback.started"} 
[2026-04-04 02:17:22] production.INFO: Telnyx voice webhook received {"event_type":"call.answered","call_control_id":"v3:UvlmU7_v5Jr-EtrRi8z_GCaRV2z1K8wFlY3Zc-SDsl1UNnI9gvCBrQ","direction":null} 
[2026-04-04 02:17:22] production.INFO: Admin answered (TTS done) — bridging with caller {"admin_call_control_id":"v3:UvlmU7_v5Jr-EtrRi8z_GCaRV2z1K8wFlY3Zc-SDsl1UNnI9gvCBrQ","incoming_call_control_id":"v3:aqoREfEkN8JkrcL9FVUqOwvLOfl808lnDy0e6Q1kDobLrOLLJuTU0A","call_log_id":576,"admin_user_id":1} 
[2026-04-04 02:17:22] production.INFO: Bridging admin with caller {"admin_call_control_id":"v3:UvlmU7_v5Jr-EtrRi8z_GCaRV2z1K8wFlY3Zc-SDsl1UNnI9gvCBrQ","incoming_call_control_id":"v3:aqoREfEkN8JkrcL9FVUqOwvLOfl808lnDy0e6Q1kDobLrOLLJuTU0A","admin_user_id":1,"admin_name":"Patryk Szady"} 
[2026-04-04 02:17:22] production.INFO: Call command sent: playback_stop {"call_control_id":"v3:aqoREfEkN8JkrcL9FVUqOwvLOfl808lnDy0e6Q1kDobLrOLLJuTU0A","result":"ok"} 
[2026-04-04 02:17:22] production.INFO: Call command sent: playback_stop {"call_control_id":"v3:UvlmU7_v5Jr-EtrRi8z_GCaRV2z1K8wFlY3Zc-SDsl1UNnI9gvCBrQ","result":"ok"} 
[2026-04-04 02:17:22] production.INFO: Calls bridged successfully {"call_control_id_a":"v3:UvlmU7_v5Jr-EtrRi8z_GCaRV2z1K8wFlY3Zc-SDsl1UNnI9gvCBrQ","call_control_id_b":"v3:aqoREfEkN8JkrcL9FVUqOwvLOfl808lnDy0e6Q1kDobLrOLLJuTU0A"} 
[2026-04-04 02:17:22] production.INFO: Telnyx voice webhook received {"event_type":"call.playback.ended","call_control_id":"v3:aqoREfEkN8JkrcL9FVUqOwvLOfl808lnDy0e6Q1kDobLrOLLJuTU0A","direction":null} 
[2026-04-04 02:17:22] production.INFO: Telnyx voice webhook received {"event_type":"call.bridged","call_control_id":"v3:aqoREfEkN8JkrcL9FVUqOwvLOfl808lnDy0e6Q1kDobLrOLLJuTU0A","direction":null} 
[2026-04-04 02:17:22] production.INFO: Call bridged {"call_control_id":"v3:aqoREfEkN8JkrcL9FVUqOwvLOfl808lnDy0e6Q1kDobLrOLLJuTU0A","call_session_id":"5e817af2-2fcc-11f1-a2a3-02420aef52a0"} 
[2026-04-04 02:17:23] production.INFO: Telnyx voice webhook received {"event_type":"call.bridged","call_control_id":"v3:UvlmU7_v5Jr-EtrRi8z_GCaRV2z1K8wFlY3Zc-SDsl1UNnI9gvCBrQ","direction":null} 
[2026-04-04 02:17:23] production.INFO: Call bridged {"call_control_id":"v3:UvlmU7_v5Jr-EtrRi8z_GCaRV2z1K8wFlY3Zc-SDsl1UNnI9gvCBrQ","call_session_id":"5f53a5a4-2fcc-11f1-b3bb-02420aef551f"} 
[2026-04-04 02:17:28] production.INFO: Telnyx voice webhook received {"event_type":"call.hangup","call_control_id":"v3:aqoREfEkN8JkrcL9FVUqOwvLOfl808lnDy0e6Q1kDobLrOLLJuTU0A","direction":null} 
[2026-04-04 02:17:28] production.INFO: Call ended {"call_control_id":"v3:aqoREfEkN8JkrcL9FVUqOwvLOfl808lnDy0e6Q1kDobLrOLLJuTU0A","status":"completed","hangup_cause":"normal_clearing","duration":25.754360000000002} 
[2026-04-04 02:17:28] production.INFO: Telnyx voice webhook received {"event_type":"call.hangup","call_control_id":"v3:UvlmU7_v5Jr-EtrRi8z_GCaRV2z1K8wFlY3Zc-SDsl1UNnI9gvCBrQ","direction":null} 
[2026-04-04 02:17:28] production.INFO: Admin ring leg hung up {"admin_call_control_id":"v3:UvlmU7_v5Jr-EtrRi8z_GCaRV2z1K8wFlY3Zc-SDsl1UNnI9gvCBrQ","hangup_cause":"normal_clearing","call_log_id":576} 
[2026-04-04 02:17:33] production.INFO: Telnyx voice webhook received {"event_type":"call.initiated","call_control_id":"v3:D3VgVENVmaTUo3zNgD9Lh-pvZj5e6GR5nwPiTKLogPnx8W0knGroAw","direction":"incoming"} 
[2026-04-04 02:17:34] production.WARNING: ipqualityscore lookup failed {"phone":"+18472123894","message":"You have insufficient credits to make this query. Please contact IPQualityScore support if this error persists."} 
[2026-04-04 02:17:34] production.INFO: Incoming call - answering {"call_control_id":"v3:D3VgVENVmaTUo3zNgD9Lh-pvZj5e6GR5nwPiTKLogPnx8W0knGroAw","from":"+18472123894","to":"+12247354200","caller_user_id":null,"caller_name":"GRZEGORZ SZADY"} 
[2026-04-04 02:17:34] production.INFO: Call command sent: answer {"call_control_id":"v3:D3VgVENVmaTUo3zNgD9Lh-pvZj5e6GR5nwPiTKLogPnx8W0knGroAw","result":"ok"} 
[2026-04-04 02:17:34] production.INFO: Telnyx voice webhook received {"event_type":"call.answered","call_control_id":"v3:D3VgVENVmaTUo3zNgD9Lh-pvZj5e6GR5nwPiTKLogPnx8W0knGroAw","direction":null} 
[2026-04-04 02:17:34] production.INFO: Playing welcome TTS and dialing admins simultaneously {"call_control_id":"v3:D3VgVENVmaTUo3zNgD9Lh-pvZj5e6GR5nwPiTKLogPnx8W0knGroAw","tts":"Good evening! Thanks for calling GS Construction. One moment while we connect you to the GS Crew."} 
[2026-04-04 02:17:34] production.INFO: Call command sent: speak {"call_control_id":"v3:D3VgVENVmaTUo3zNgD9Lh-pvZj5e6GR5nwPiTKLogPnx8W0knGroAw","result":"ok"} 
[2026-04-04 02:17:35] production.INFO: Telnyx voice webhook received {"event_type":"call.speak.started","call_control_id":"v3:D3VgVENVmaTUo3zNgD9Lh-pvZj5e6GR5nwPiTKLogPnx8W0knGroAw","direction":null} 
[2026-04-04 02:17:35] production.INFO: TTS speak started {"call_control_id":"v3:D3VgVENVmaTUo3zNgD9Lh-pvZj5e6GR5nwPiTKLogPnx8W0knGroAw"} 
[2026-04-04 02:17:35] production.INFO: Telnyx voice webhook received {"event_type":"call.initiated","call_control_id":"v3:-VLtEIlGCPYszt37Bck6cbGzRT6SBClwZ9bM6YprJKPaXe5it5zr9A","direction":"outgoing"} 
[2026-04-04 02:17:35] production.INFO: Outbound call initiated {"call_control_id":"v3:-VLtEIlGCPYszt37Bck6cbGzRT6SBClwZ9bM6YprJKPaXe5it5zr9A","to":"+12249993880"} 
[2026-04-04 02:17:35] production.INFO: Dialed admin {"admin_user_id":1,"admin_name":"Patryk Szady","phone":"+12249993880","admin_call_control_id":"v3:-VLtEIlGCPYszt37Bck6cbGzRT6SBClwZ9bM6YprJKPaXe5it5zr9A"} 
[2026-04-04 02:17:36] production.DEBUG: Push notification delivered {"endpoint":"https://web.push.apple.com/QDkJcfxcMRPW4uLNUaYZ21nDUMJHCJ-cyja1FMQcNEv6qKbL-ec_s…","status":201} 
[2026-04-04 02:17:36] production.DEBUG: Push notification delivered {"endpoint":"https://fcm.googleapis.com/fcm/send/cYR-NIq4nms:APA91bEppjWa7ZIrYxviNuWljHyZ7qnu…","status":201} 
[2026-04-04 02:17:38] production.INFO: Telnyx voice webhook received {"event_type":"call.answered","call_control_id":"v3:-VLtEIlGCPYszt37Bck6cbGzRT6SBClwZ9bM6YprJKPaXe5it5zr9A","direction":null} 
[2026-04-04 02:17:38] production.INFO: Admin answered during TTS — holding until welcome finishes {"admin_call_control_id":"v3:-VLtEIlGCPYszt37Bck6cbGzRT6SBClwZ9bM6YprJKPaXe5it5zr9A","incoming_call_control_id":"v3:D3VgVENVmaTUo3zNgD9Lh-pvZj5e6GR5nwPiTKLogPnx8W0knGroAw","call_log_id":577,"admin_user_id":1} 
[2026-04-04 02:17:38] production.INFO: Call command sent: playback_start {"call_control_id":"v3:-VLtEIlGCPYszt37Bck6cbGzRT6SBClwZ9bM6YprJKPaXe5it5zr9A","result":"ok"} 
[2026-04-04 02:17:38] production.INFO: Telnyx voice webhook received {"event_type":"call.playback.started","call_control_id":"v3:-VLtEIlGCPYszt37Bck6cbGzRT6SBClwZ9bM6YprJKPaXe5it5zr9A","direction":null} 
[2026-04-04 02:17:38] production.INFO: Unhandled voice event {"event_type":"call.playback.started"} 
[2026-04-04 02:17:42] production.INFO: Telnyx voice webhook received {"event_type":"call.speak.ended","call_control_id":"v3:D3VgVENVmaTUo3zNgD9Lh-pvZj5e6GR5nwPiTKLogPnx8W0knGroAw","direction":null} 
[2026-04-04 02:17:42] production.INFO: handleCallSpeakEnded ENTRY {"call_control_id":"v3:D3VgVENVmaTUo3zNgD9Lh-pvZj5e6GR5nwPiTKLogPnx8W0knGroAw","action":"welcome_done","client_state":{"action":"welcome_done","call_log_id":577,"original_caller":"+18472123894"},"client_state_raw_present":true} 
[2026-04-04 02:17:42] production.INFO: TTS completed — admin already waiting, bridging now {"call_control_id":"v3:D3VgVENVmaTUo3zNgD9Lh-pvZj5e6GR5nwPiTKLogPnx8W0knGroAw","call_log_id":577,"pending_admin_cc_id":"v3:-VLtEIlGCPYszt37Bck6cbGzRT6SBClwZ9bM6YprJKPaXe5it5zr9A"} 
[2026-04-04 02:17:42] production.INFO: Bridging admin with caller {"admin_call_control_id":"v3:-VLtEIlGCPYszt37Bck6cbGzRT6SBClwZ9bM6YprJKPaXe5it5zr9A","incoming_call_control_id":"v3:D3VgVENVmaTUo3zNgD9Lh-pvZj5e6GR5nwPiTKLogPnx8W0knGroAw","admin_user_id":1,"admin_name":"Patryk Szady"} 
[2026-04-04 02:17:42] production.INFO: Call command sent: playback_stop {"call_control_id":"v3:D3VgVENVmaTUo3zNgD9Lh-pvZj5e6GR5nwPiTKLogPnx8W0knGroAw","result":"ok"} 
[2026-04-04 02:17:42] production.INFO: Call command sent: playback_stop {"call_control_id":"v3:-VLtEIlGCPYszt37Bck6cbGzRT6SBClwZ9bM6YprJKPaXe5it5zr9A","result":"ok"} 
[2026-04-04 02:17:42] production.INFO: Telnyx voice webhook received {"event_type":"call.playback.ended","call_control_id":"v3:-VLtEIlGCPYszt37Bck6cbGzRT6SBClwZ9bM6YprJKPaXe5it5zr9A","direction":null} 
[2026-04-04 02:17:43] production.INFO: Calls bridged successfully {"call_control_id_a":"v3:-VLtEIlGCPYszt37Bck6cbGzRT6SBClwZ9bM6YprJKPaXe5it5zr9A","call_control_id_b":"v3:D3VgVENVmaTUo3zNgD9Lh-pvZj5e6GR5nwPiTKLogPnx8W0knGroAw"} 
[2026-04-04 02:17:43] production.INFO: Telnyx voice webhook received {"event_type":"call.bridged","call_control_id":"v3:D3VgVENVmaTUo3zNgD9Lh-pvZj5e6GR5nwPiTKLogPnx8W0knGroAw","direction":null} 
[2026-04-04 02:17:43] production.INFO: Call bridged {"call_control_id":"v3:D3VgVENVmaTUo3zNgD9Lh-pvZj5e6GR5nwPiTKLogPnx8W0knGroAw","call_session_id":"708adffe-2fcc-11f1-a24a-02420aef50a0"} 
[2026-04-04 02:17:43] production.INFO: Telnyx voice webhook received {"event_type":"call.bridged","call_control_id":"v3:-VLtEIlGCPYszt37Bck6cbGzRT6SBClwZ9bM6YprJKPaXe5it5zr9A","direction":null} 
[2026-04-04 02:17:43] production.INFO: Call bridged {"call_control_id":"v3:-VLtEIlGCPYszt37Bck6cbGzRT6SBClwZ9bM6YprJKPaXe5it5zr9A","call_session_id":"71863bb0-2fcc-11f1-867f-02420aef52a0"} 
[2026-04-04 02:17:45] production.INFO: Telnyx voice webhook received {"event_type":"call.hangup","call_control_id":"v3:-VLtEIlGCPYszt37Bck6cbGzRT6SBClwZ9bM6YprJKPaXe5it5zr9A","direction":null} 
[2026-04-04 02:17:45] production.INFO: Telnyx voice webhook received {"event_type":"call.hangup","call_control_id":"v3:D3VgVENVmaTUo3zNgD9Lh-pvZj5e6GR5nwPiTKLogPnx8W0knGroAw","direction":null} 
[2026-04-04 02:17:45] production.INFO: Call ended {"call_control_id":"v3:D3VgVENVmaTUo3zNgD9Lh-pvZj5e6GR5nwPiTKLogPnx8W0knGroAw","status":"completed","hangup_cause":"normal_clearing","duration":11.669759} 
[2026-04-04 02:37:22] production.INFO: Telnyx voice webhook received {"event_type":"call.initiated","call_control_id":"v3:1TLC4kvjX9BeOpWmzElVH_n88mVxijiriSfKjEbwIPvzdnVWCmRNnw","direction":"incoming"} 
[2026-04-04 02:37:22] production.WARNING: ipqualityscore lookup failed {"phone":"+18472123894","message":"You have insufficient credits to make this query. Please contact IPQualityScore support if this error persists."} 
[2026-04-04 02:37:22] production.INFO: Incoming call - answering {"call_control_id":"v3:1TLC4kvjX9BeOpWmzElVH_n88mVxijiriSfKjEbwIPvzdnVWCmRNnw","from":"+18472123894","to":"+12247354200","caller_user_id":null,"caller_name":"GRZEGORZ SZADY"} 
[2026-04-04 02:37:23] production.INFO: Call command sent: answer {"call_control_id":"v3:1TLC4kvjX9BeOpWmzElVH_n88mVxijiriSfKjEbwIPvzdnVWCmRNnw","result":"ok"} 
[2026-04-04 02:37:23] production.INFO: Telnyx voice webhook received {"event_type":"call.answered","call_control_id":"v3:1TLC4kvjX9BeOpWmzElVH_n88mVxijiriSfKjEbwIPvzdnVWCmRNnw","direction":null} 
[2026-04-04 02:37:23] production.INFO: Playing welcome TTS and dialing admins simultaneously {"call_control_id":"v3:1TLC4kvjX9BeOpWmzElVH_n88mVxijiriSfKjEbwIPvzdnVWCmRNnw","tts":"Good evening! Thanks for calling GS Construction. One moment while we connect you to the GS Crew."} 
[2026-04-04 02:37:23] production.INFO: Call command sent: speak {"call_control_id":"v3:1TLC4kvjX9BeOpWmzElVH_n88mVxijiriSfKjEbwIPvzdnVWCmRNnw","result":"ok"} 
[2026-04-04 02:37:23] production.INFO: Dialed admin {"admin_user_id":1,"admin_name":"Patryk Szady","phone":"+12249993880","admin_call_control_id":"v3:SYtGJ-nGDJMAl-StVUKIMFPRhnDTy5hi7m4owjboVt_nvCEqv-gJpg"} 
[2026-04-04 02:37:24] production.INFO: Telnyx voice webhook received {"event_type":"call.speak.started","call_control_id":"v3:1TLC4kvjX9BeOpWmzElVH_n88mVxijiriSfKjEbwIPvzdnVWCmRNnw","direction":null} 
[2026-04-04 02:37:24] production.INFO: TTS speak started {"call_control_id":"v3:1TLC4kvjX9BeOpWmzElVH_n88mVxijiriSfKjEbwIPvzdnVWCmRNnw"} 
[2026-04-04 02:37:24] production.DEBUG: Push notification delivered {"endpoint":"https://web.push.apple.com/QDkJcfxcMRPW4uLNUaYZ21nDUMJHCJ-cyja1FMQcNEv6qKbL-ec_s…","status":201} 
[2026-04-04 02:37:24] production.DEBUG: Push notification delivered {"endpoint":"https://fcm.googleapis.com/fcm/send/cYR-NIq4nms:APA91bEppjWa7ZIrYxviNuWljHyZ7qnu…","status":201} 
[2026-04-04 02:37:24] production.INFO: Telnyx voice webhook received {"event_type":"call.initiated","call_control_id":"v3:SYtGJ-nGDJMAl-StVUKIMFPRhnDTy5hi7m4owjboVt_nvCEqv-gJpg","direction":"outgoing"} 
[2026-04-04 02:37:24] production.INFO: Outbound call initiated {"call_control_id":"v3:SYtGJ-nGDJMAl-StVUKIMFPRhnDTy5hi7m4owjboVt_nvCEqv-gJpg","to":"+12249993880"} 
[2026-04-04 02:37:29] production.INFO: Telnyx voice webhook received {"event_type":"call.answered","call_control_id":"v3:SYtGJ-nGDJMAl-StVUKIMFPRhnDTy5hi7m4owjboVt_nvCEqv-gJpg","direction":null} 
[2026-04-04 02:37:29] production.INFO: Admin answered — holding for AMD confirmation {"admin_call_control_id":"v3:SYtGJ-nGDJMAl-StVUKIMFPRhnDTy5hi7m4owjboVt_nvCEqv-gJpg","incoming_call_control_id":"v3:1TLC4kvjX9BeOpWmzElVH_n88mVxijiriSfKjEbwIPvzdnVWCmRNnw","call_log_id":578,"admin_user_id":1} 
[2026-04-04 02:37:29] production.INFO: Call command sent: playback_start {"call_control_id":"v3:SYtGJ-nGDJMAl-StVUKIMFPRhnDTy5hi7m4owjboVt_nvCEqv-gJpg","result":"ok"} 
[2026-04-04 02:37:30] production.INFO: Telnyx voice webhook received {"event_type":"call.playback.started","call_control_id":"v3:SYtGJ-nGDJMAl-StVUKIMFPRhnDTy5hi7m4owjboVt_nvCEqv-gJpg","direction":null} 
[2026-04-04 02:37:30] production.INFO: Unhandled voice event {"event_type":"call.playback.started"} 
[2026-04-04 02:37:31] production.INFO: Telnyx voice webhook received {"event_type":"call.speak.ended","call_control_id":"v3:1TLC4kvjX9BeOpWmzElVH_n88mVxijiriSfKjEbwIPvzdnVWCmRNnw","direction":null} 
[2026-04-04 02:37:31] production.INFO: handleCallSpeakEnded ENTRY {"call_control_id":"v3:1TLC4kvjX9BeOpWmzElVH_n88mVxijiriSfKjEbwIPvzdnVWCmRNnw","action":"welcome_done","client_state":{"action":"welcome_done","call_log_id":578,"original_caller":"+18472123894"},"client_state_raw_present":true} 
[2026-04-04 02:37:31] production.INFO: TTS completed — admin waiting but AMD pending, playing ringback {"call_control_id":"v3:1TLC4kvjX9BeOpWmzElVH_n88mVxijiriSfKjEbwIPvzdnVWCmRNnw","call_log_id":578,"pending_admin_cc_id":"v3:SYtGJ-nGDJMAl-StVUKIMFPRhnDTy5hi7m4owjboVt_nvCEqv-gJpg"} 
[2026-04-04 02:37:31] production.INFO: Call command sent: playback_start {"call_control_id":"v3:1TLC4kvjX9BeOpWmzElVH_n88mVxijiriSfKjEbwIPvzdnVWCmRNnw","result":"ok"} 
[2026-04-04 02:37:31] production.INFO: Telnyx voice webhook received {"event_type":"call.machine.detection.ended","call_control_id":"v3:SYtGJ-nGDJMAl-StVUKIMFPRhnDTy5hi7m4owjboVt_nvCEqv-gJpg","direction":null} 
[2026-04-04 02:37:31] production.INFO: AMD ended {"call_control_id":"v3:SYtGJ-nGDJMAl-StVUKIMFPRhnDTy5hi7m4owjboVt_nvCEqv-gJpg","result":"human","action":"admin_waiting_for_amd"} 
[2026-04-04 02:37:31] production.INFO: AMD confirmed human on admin leg {"call_control_id":"v3:SYtGJ-nGDJMAl-StVUKIMFPRhnDTy5hi7m4owjboVt_nvCEqv-gJpg","result":"human","call_log_id":578,"admin_user_id":1} 
[2026-04-04 02:37:31] production.INFO: AMD confirmed human + TTS done — bridging now {"admin_call_control_id":"v3:SYtGJ-nGDJMAl-StVUKIMFPRhnDTy5hi7m4owjboVt_nvCEqv-gJpg","incoming_call_control_id":"v3:1TLC4kvjX9BeOpWmzElVH_n88mVxijiriSfKjEbwIPvzdnVWCmRNnw","call_log_id":578} 
[2026-04-04 02:37:31] production.INFO: Bridging admin with caller {"admin_call_control_id":"v3:SYtGJ-nGDJMAl-StVUKIMFPRhnDTy5hi7m4owjboVt_nvCEqv-gJpg","incoming_call_control_id":"v3:1TLC4kvjX9BeOpWmzElVH_n88mVxijiriSfKjEbwIPvzdnVWCmRNnw","admin_user_id":1,"admin_name":"Patryk Szady"} 
[2026-04-04 02:37:31] production.INFO: Telnyx voice webhook received {"event_type":"call.playback.started","call_control_id":"v3:1TLC4kvjX9BeOpWmzElVH_n88mVxijiriSfKjEbwIPvzdnVWCmRNnw","direction":null} 
[2026-04-04 02:37:31] production.INFO: Unhandled voice event {"event_type":"call.playback.started"} 
[2026-04-04 02:37:31] production.INFO: Call command sent: playback_stop {"call_control_id":"v3:1TLC4kvjX9BeOpWmzElVH_n88mVxijiriSfKjEbwIPvzdnVWCmRNnw","result":"ok"} 
[2026-04-04 02:37:31] production.INFO: Telnyx voice webhook received {"event_type":"call.playback.ended","call_control_id":"v3:1TLC4kvjX9BeOpWmzElVH_n88mVxijiriSfKjEbwIPvzdnVWCmRNnw","direction":null} 
[2026-04-04 02:37:31] production.INFO: Call command sent: playback_stop {"call_control_id":"v3:SYtGJ-nGDJMAl-StVUKIMFPRhnDTy5hi7m4owjboVt_nvCEqv-gJpg","result":"ok"} 
[2026-04-04 02:37:32] production.INFO: Telnyx voice webhook received {"event_type":"call.playback.ended","call_control_id":"v3:SYtGJ-nGDJMAl-StVUKIMFPRhnDTy5hi7m4owjboVt_nvCEqv-gJpg","direction":null} 
[2026-04-04 02:37:32] production.INFO: Calls bridged successfully {"call_control_id_a":"v3:SYtGJ-nGDJMAl-StVUKIMFPRhnDTy5hi7m4owjboVt_nvCEqv-gJpg","call_control_id_b":"v3:1TLC4kvjX9BeOpWmzElVH_n88mVxijiriSfKjEbwIPvzdnVWCmRNnw"} 
[2026-04-04 02:37:32] production.INFO: Telnyx voice webhook received {"event_type":"call.bridged","call_control_id":"v3:1TLC4kvjX9BeOpWmzElVH_n88mVxijiriSfKjEbwIPvzdnVWCmRNnw","direction":null} 
[2026-04-04 02:37:32] production.INFO: Call bridged {"call_control_id":"v3:1TLC4kvjX9BeOpWmzElVH_n88mVxijiriSfKjEbwIPvzdnVWCmRNnw","call_session_id":"3503e63a-2fcf-11f1-8faa-02420aef36a0"} 
[2026-04-04 02:37:32] production.INFO: Telnyx voice webhook received {"event_type":"call.bridged","call_control_id":"v3:SYtGJ-nGDJMAl-StVUKIMFPRhnDTy5hi7m4owjboVt_nvCEqv-gJpg","direction":null} 
[2026-04-04 02:37:32] production.INFO: Call bridged {"call_control_id":"v3:SYtGJ-nGDJMAl-StVUKIMFPRhnDTy5hi7m4owjboVt_nvCEqv-gJpg","call_session_id":"361ee358-2fcf-11f1-9a46-02420aef50a0"} 
[2026-04-04 02:37:34] production.INFO: Telnyx voice webhook received {"event_type":"call.hangup","call_control_id":"v3:1TLC4kvjX9BeOpWmzElVH_n88mVxijiriSfKjEbwIPvzdnVWCmRNnw","direction":null} 
[2026-04-04 02:37:35] production.INFO: Call ended {"call_control_id":"v3:1TLC4kvjX9BeOpWmzElVH_n88mVxijiriSfKjEbwIPvzdnVWCmRNnw","status":"completed","hangup_cause":"normal_clearing","duration":12.000052} 
[2026-04-04 02:37:35] production.INFO: Telnyx voice webhook received {"event_type":"call.hangup","call_control_id":"v3:SYtGJ-nGDJMAl-StVUKIMFPRhnDTy5hi7m4owjboVt_nvCEqv-gJpg","direction":null} 
[2026-04-04 02:37:35] production.INFO: Admin ring leg hung up {"admin_call_control_id":"v3:SYtGJ-nGDJMAl-StVUKIMFPRhnDTy5hi7m4owjboVt_nvCEqv-gJpg","hangup_cause":"normal_clearing","call_log_id":578} 
[2026-04-04 02:37:39] production.INFO: Telnyx voice webhook received {"event_type":"call.initiated","call_control_id":"v3:T7dXMPMExNF5A1c7WRaRakb2oT_vOIQS1BaHO-FGWGo1_7Jk3MX6jw","direction":"incoming"} 
[2026-04-04 02:37:39] production.WARNING: ipqualityscore lookup failed {"phone":"+18472123894","message":"You have insufficient credits to make this query. Please contact IPQualityScore support if this error persists."} 
[2026-04-04 02:37:39] production.INFO: Incoming call - answering {"call_control_id":"v3:T7dXMPMExNF5A1c7WRaRakb2oT_vOIQS1BaHO-FGWGo1_7Jk3MX6jw","from":"+18472123894","to":"+12247354200","caller_user_id":null,"caller_name":"GRZEGORZ SZADY"} 
[2026-04-04 02:37:39] production.INFO: Call command sent: answer {"call_control_id":"v3:T7dXMPMExNF5A1c7WRaRakb2oT_vOIQS1BaHO-FGWGo1_7Jk3MX6jw","result":"ok"} 
[2026-04-04 02:37:39] production.INFO: Telnyx voice webhook received {"event_type":"call.answered","call_control_id":"v3:T7dXMPMExNF5A1c7WRaRakb2oT_vOIQS1BaHO-FGWGo1_7Jk3MX6jw","direction":null} 
[2026-04-04 02:37:39] production.INFO: Playing welcome TTS and dialing admins simultaneously {"call_control_id":"v3:T7dXMPMExNF5A1c7WRaRakb2oT_vOIQS1BaHO-FGWGo1_7Jk3MX6jw","tts":"Good evening! Thanks for calling GS Construction. One moment while we connect you to the GS Crew."} 
[2026-04-04 02:37:40] production.INFO: Call command sent: speak {"call_control_id":"v3:T7dXMPMExNF5A1c7WRaRakb2oT_vOIQS1BaHO-FGWGo1_7Jk3MX6jw","result":"ok"} 
[2026-04-04 02:37:40] production.INFO: Dialed admin {"admin_user_id":1,"admin_name":"Patryk Szady","phone":"+12249993880","admin_call_control_id":"v3:2rSHQNC3-DkxDoBQMFrG4yclJ6i2uBTKBNL8cj5yxIwzSj-px0tePQ"} 
[2026-04-04 02:37:40] production.INFO: Telnyx voice webhook received {"event_type":"call.initiated","call_control_id":"v3:2rSHQNC3-DkxDoBQMFrG4yclJ6i2uBTKBNL8cj5yxIwzSj-px0tePQ","direction":"outgoing"} 
[2026-04-04 02:37:40] production.INFO: Outbound call initiated {"call_control_id":"v3:2rSHQNC3-DkxDoBQMFrG4yclJ6i2uBTKBNL8cj5yxIwzSj-px0tePQ","to":"+12249993880"} 
[2026-04-04 02:37:40] production.INFO: Telnyx voice webhook received {"event_type":"call.speak.started","call_control_id":"v3:T7dXMPMExNF5A1c7WRaRakb2oT_vOIQS1BaHO-FGWGo1_7Jk3MX6jw","direction":null} 
[2026-04-04 02:37:40] production.INFO: TTS speak started {"call_control_id":"v3:T7dXMPMExNF5A1c7WRaRakb2oT_vOIQS1BaHO-FGWGo1_7Jk3MX6jw"} 
[2026-04-04 02:37:42] production.DEBUG: Push notification delivered {"endpoint":"https://web.push.apple.com/QDkJcfxcMRPW4uLNUaYZ21nDUMJHCJ-cyja1FMQcNEv6qKbL-ec_s…","status":201} 
[2026-04-04 02:37:42] production.DEBUG: Push notification delivered {"endpoint":"https://fcm.googleapis.com/fcm/send/cYR-NIq4nms:APA91bEppjWa7ZIrYxviNuWljHyZ7qnu…","status":201} 
[2026-04-04 02:37:47] production.INFO: Telnyx voice webhook received {"event_type":"call.speak.ended","call_control_id":"v3:T7dXMPMExNF5A1c7WRaRakb2oT_vOIQS1BaHO-FGWGo1_7Jk3MX6jw","direction":null} 
[2026-04-04 02:37:47] production.INFO: handleCallSpeakEnded ENTRY {"call_control_id":"v3:T7dXMPMExNF5A1c7WRaRakb2oT_vOIQS1BaHO-FGWGo1_7Jk3MX6jw","action":"welcome_done","client_state":{"action":"welcome_done","call_log_id":579,"original_caller":"+18472123894"},"client_state_raw_present":true} 
[2026-04-04 02:37:47] production.INFO: TTS completed — no admin answered yet, playing ringback {"call_control_id":"v3:T7dXMPMExNF5A1c7WRaRakb2oT_vOIQS1BaHO-FGWGo1_7Jk3MX6jw","call_log_id":579} 
[2026-04-04 02:37:47] production.INFO: Call command sent: playback_start {"call_control_id":"v3:T7dXMPMExNF5A1c7WRaRakb2oT_vOIQS1BaHO-FGWGo1_7Jk3MX6jw","result":"ok"} 
[2026-04-04 02:37:48] production.INFO: Telnyx voice webhook received {"event_type":"call.playback.started","call_control_id":"v3:T7dXMPMExNF5A1c7WRaRakb2oT_vOIQS1BaHO-FGWGo1_7Jk3MX6jw","direction":null} 
[2026-04-04 02:37:48] production.INFO: Unhandled voice event {"event_type":"call.playback.started"} 
[2026-04-04 02:37:49] production.INFO: Telnyx voice webhook received {"event_type":"call.answered","call_control_id":"v3:2rSHQNC3-DkxDoBQMFrG4yclJ6i2uBTKBNL8cj5yxIwzSj-px0tePQ","direction":null} 
[2026-04-04 02:37:49] production.INFO: Admin answered — holding for AMD confirmation {"admin_call_control_id":"v3:2rSHQNC3-DkxDoBQMFrG4yclJ6i2uBTKBNL8cj5yxIwzSj-px0tePQ","incoming_call_control_id":"v3:T7dXMPMExNF5A1c7WRaRakb2oT_vOIQS1BaHO-FGWGo1_7Jk3MX6jw","call_log_id":579,"admin_user_id":1} 
[2026-04-04 02:37:49] production.INFO: Call command sent: playback_start {"call_control_id":"v3:2rSHQNC3-DkxDoBQMFrG4yclJ6i2uBTKBNL8cj5yxIwzSj-px0tePQ","result":"ok"} 
[2026-04-04 02:37:50] production.INFO: Telnyx voice webhook received {"event_type":"call.playback.started","call_control_id":"v3:2rSHQNC3-DkxDoBQMFrG4yclJ6i2uBTKBNL8cj5yxIwzSj-px0tePQ","direction":null} 
[2026-04-04 02:37:50] production.INFO: Unhandled voice event {"event_type":"call.playback.started"} 
[2026-04-04 02:37:52] production.INFO: Telnyx voice webhook received {"event_type":"call.machine.detection.ended","call_control_id":"v3:2rSHQNC3-DkxDoBQMFrG4yclJ6i2uBTKBNL8cj5yxIwzSj-px0tePQ","direction":null} 
[2026-04-04 02:37:52] production.INFO: AMD ended {"call_control_id":"v3:2rSHQNC3-DkxDoBQMFrG4yclJ6i2uBTKBNL8cj5yxIwzSj-px0tePQ","result":"human","action":"admin_waiting_for_amd"} 
[2026-04-04 02:37:52] production.INFO: AMD confirmed human on admin leg {"call_control_id":"v3:2rSHQNC3-DkxDoBQMFrG4yclJ6i2uBTKBNL8cj5yxIwzSj-px0tePQ","result":"human","call_log_id":579,"admin_user_id":1} 
[2026-04-04 02:37:52] production.INFO: AMD confirmed human + TTS done — bridging now {"admin_call_control_id":"v3:2rSHQNC3-DkxDoBQMFrG4yclJ6i2uBTKBNL8cj5yxIwzSj-px0tePQ","incoming_call_control_id":"v3:T7dXMPMExNF5A1c7WRaRakb2oT_vOIQS1BaHO-FGWGo1_7Jk3MX6jw","call_log_id":579} 
[2026-04-04 02:37:52] production.INFO: Bridging admin with caller {"admin_call_control_id":"v3:2rSHQNC3-DkxDoBQMFrG4yclJ6i2uBTKBNL8cj5yxIwzSj-px0tePQ","incoming_call_control_id":"v3:T7dXMPMExNF5A1c7WRaRakb2oT_vOIQS1BaHO-FGWGo1_7Jk3MX6jw","admin_user_id":1,"admin_name":"Patryk Szady"} 
[2026-04-04 02:37:52] production.INFO: Call command sent: playback_stop {"call_control_id":"v3:T7dXMPMExNF5A1c7WRaRakb2oT_vOIQS1BaHO-FGWGo1_7Jk3MX6jw","result":"ok"} 
[2026-04-04 02:37:52] production.INFO: Telnyx voice webhook received {"event_type":"call.playback.ended","call_control_id":"v3:T7dXMPMExNF5A1c7WRaRakb2oT_vOIQS1BaHO-FGWGo1_7Jk3MX6jw","direction":null} 
[2026-04-04 02:37:52] production.INFO: Call command sent: playback_stop {"call_control_id":"v3:2rSHQNC3-DkxDoBQMFrG4yclJ6i2uBTKBNL8cj5yxIwzSj-px0tePQ","result":"ok"} 
[2026-04-04 02:37:53] production.INFO: Telnyx voice webhook received {"event_type":"call.playback.ended","call_control_id":"v3:2rSHQNC3-DkxDoBQMFrG4yclJ6i2uBTKBNL8cj5yxIwzSj-px0tePQ","direction":null} 
[2026-04-04 02:37:53] production.INFO: Calls bridged successfully {"call_control_id_a":"v3:2rSHQNC3-DkxDoBQMFrG4yclJ6i2uBTKBNL8cj5yxIwzSj-px0tePQ","call_control_id_b":"v3:T7dXMPMExNF5A1c7WRaRakb2oT_vOIQS1BaHO-FGWGo1_7Jk3MX6jw"} 
[2026-04-04 02:37:53] production.INFO: Telnyx voice webhook received {"event_type":"call.bridged","call_control_id":"v3:2rSHQNC3-DkxDoBQMFrG4yclJ6i2uBTKBNL8cj5yxIwzSj-px0tePQ","direction":null} 
[2026-04-04 02:37:53] production.INFO: Call bridged {"call_control_id":"v3:2rSHQNC3-DkxDoBQMFrG4yclJ6i2uBTKBNL8cj5yxIwzSj-px0tePQ","call_session_id":"3ff934a0-2fcf-11f1-935a-02420aef54a0"} 
[2026-04-04 02:37:53] production.INFO: Telnyx voice webhook received {"event_type":"call.bridged","call_control_id":"v3:T7dXMPMExNF5A1c7WRaRakb2oT_vOIQS1BaHO-FGWGo1_7Jk3MX6jw","direction":null} 
[2026-04-04 02:37:53] production.INFO: Call bridged {"call_control_id":"v3:T7dXMPMExNF5A1c7WRaRakb2oT_vOIQS1BaHO-FGWGo1_7Jk3MX6jw","call_session_id":"3f1f2b48-2fcf-11f1-9f28-02420aef34a0"} 
[2026-04-04 02:37:57] production.INFO: Telnyx voice webhook received {"event_type":"call.hangup","call_control_id":"v3:2rSHQNC3-DkxDoBQMFrG4yclJ6i2uBTKBNL8cj5yxIwzSj-px0tePQ","direction":null} 
[2026-04-04 02:37:57] production.INFO: Admin ring leg hung up {"admin_call_control_id":"v3:2rSHQNC3-DkxDoBQMFrG4yclJ6i2uBTKBNL8cj5yxIwzSj-px0tePQ","hangup_cause":"normal_clearing","call_log_id":579} 
[2026-04-04 02:37:57] production.INFO: Telnyx voice webhook received {"event_type":"call.hangup","call_control_id":"v3:T7dXMPMExNF5A1c7WRaRakb2oT_vOIQS1BaHO-FGWGo1_7Jk3MX6jw","direction":null} 
[2026-04-04 02:37:57] production.INFO: Call ended {"call_control_id":"v3:T7dXMPMExNF5A1c7WRaRakb2oT_vOIQS1BaHO-FGWGo1_7Jk3MX6jw","status":"completed","hangup_cause":"normal_clearing","duration":18.155533} 
[2026-04-04 02:38:00] production.INFO: Telnyx voice webhook received {"event_type":"call.initiated","call_control_id":"v3:UVsNj_jrsCpp9IACs9pmSrqYftimEuO_58UmcTh9id5nQpraZOg0cg","direction":"incoming"} 
[2026-04-04 02:38:01] production.WARNING: ipqualityscore lookup failed {"phone":"+18472123894","message":"You have insufficient credits to make this query. Please contact IPQualityScore support if this error persists."} 
[2026-04-04 02:38:01] production.INFO: Incoming call - answering {"call_control_id":"v3:UVsNj_jrsCpp9IACs9pmSrqYftimEuO_58UmcTh9id5nQpraZOg0cg","from":"+18472123894","to":"+12247354200","caller_user_id":null,"caller_name":"GRZEGORZ SZADY"} 
[2026-04-04 02:38:01] production.INFO: Call command sent: answer {"call_control_id":"v3:UVsNj_jrsCpp9IACs9pmSrqYftimEuO_58UmcTh9id5nQpraZOg0cg","result":"ok"} 
[2026-04-04 02:38:01] production.INFO: Telnyx voice webhook received {"event_type":"call.answered","call_control_id":"v3:UVsNj_jrsCpp9IACs9pmSrqYftimEuO_58UmcTh9id5nQpraZOg0cg","direction":null} 
[2026-04-04 02:38:01] production.INFO: Playing welcome TTS and dialing admins simultaneously {"call_control_id":"v3:UVsNj_jrsCpp9IACs9pmSrqYftimEuO_58UmcTh9id5nQpraZOg0cg","tts":"Good evening! Thanks for calling GS Construction. One moment while we connect you to the GS Crew."} 
[2026-04-04 02:38:01] production.INFO: Call command sent: speak {"call_control_id":"v3:UVsNj_jrsCpp9IACs9pmSrqYftimEuO_58UmcTh9id5nQpraZOg0cg","result":"ok"} 
[2026-04-04 02:38:02] production.INFO: Dialed admin {"admin_user_id":1,"admin_name":"Patryk Szady","phone":"+12249993880","admin_call_control_id":"v3:lYSrkgP_d3PZkQ0MT5YExWE5_mnBay_tnaMY2TCGIWMhJHZThNCkKQ"} 
[2026-04-04 02:38:02] production.INFO: Telnyx voice webhook received {"event_type":"call.initiated","call_control_id":"v3:lYSrkgP_d3PZkQ0MT5YExWE5_mnBay_tnaMY2TCGIWMhJHZThNCkKQ","direction":"outgoing"} 
[2026-04-04 02:38:02] production.INFO: Outbound call initiated {"call_control_id":"v3:lYSrkgP_d3PZkQ0MT5YExWE5_mnBay_tnaMY2TCGIWMhJHZThNCkKQ","to":"+12249993880"} 
[2026-04-04 02:38:02] production.INFO: Telnyx voice webhook received {"event_type":"call.speak.started","call_control_id":"v3:UVsNj_jrsCpp9IACs9pmSrqYftimEuO_58UmcTh9id5nQpraZOg0cg","direction":null} 
[2026-04-04 02:38:02] production.INFO: TTS speak started {"call_control_id":"v3:UVsNj_jrsCpp9IACs9pmSrqYftimEuO_58UmcTh9id5nQpraZOg0cg"} 
[2026-04-04 02:38:03] production.DEBUG: Push notification delivered {"endpoint":"https://web.push.apple.com/QDkJcfxcMRPW4uLNUaYZ21nDUMJHCJ-cyja1FMQcNEv6qKbL-ec_s…","status":201} 
[2026-04-04 02:38:03] production.DEBUG: Push notification delivered {"endpoint":"https://fcm.googleapis.com/fcm/send/cYR-NIq4nms:APA91bEppjWa7ZIrYxviNuWljHyZ7qnu…","status":201} 
[2026-04-04 02:38:09] production.INFO: Telnyx voice webhook received {"event_type":"call.speak.ended","call_control_id":"v3:UVsNj_jrsCpp9IACs9pmSrqYftimEuO_58UmcTh9id5nQpraZOg0cg","direction":null} 
[2026-04-04 02:38:09] production.INFO: handleCallSpeakEnded ENTRY {"call_control_id":"v3:UVsNj_jrsCpp9IACs9pmSrqYftimEuO_58UmcTh9id5nQpraZOg0cg","action":"welcome_done","client_state":{"action":"welcome_done","call_log_id":580,"original_caller":"+18472123894"},"client_state_raw_present":true} 
[2026-04-04 02:38:09] production.INFO: TTS completed — no admin answered yet, playing ringback {"call_control_id":"v3:UVsNj_jrsCpp9IACs9pmSrqYftimEuO_58UmcTh9id5nQpraZOg0cg","call_log_id":580} 
[2026-04-04 02:38:09] production.INFO: Call command sent: playback_start {"call_control_id":"v3:UVsNj_jrsCpp9IACs9pmSrqYftimEuO_58UmcTh9id5nQpraZOg0cg","result":"ok"} 
[2026-04-04 02:38:09] production.INFO: Telnyx voice webhook received {"event_type":"call.playback.started","call_control_id":"v3:UVsNj_jrsCpp9IACs9pmSrqYftimEuO_58UmcTh9id5nQpraZOg0cg","direction":null} 
[2026-04-04 02:38:09] production.INFO: Unhandled voice event {"event_type":"call.playback.started"} 
[2026-04-04 02:38:20] production.INFO: Telnyx voice webhook received {"event_type":"call.answered","call_control_id":"v3:lYSrkgP_d3PZkQ0MT5YExWE5_mnBay_tnaMY2TCGIWMhJHZThNCkKQ","direction":null} 
[2026-04-04 02:38:20] production.INFO: Admin answered — holding for AMD confirmation {"admin_call_control_id":"v3:lYSrkgP_d3PZkQ0MT5YExWE5_mnBay_tnaMY2TCGIWMhJHZThNCkKQ","incoming_call_control_id":"v3:UVsNj_jrsCpp9IACs9pmSrqYftimEuO_58UmcTh9id5nQpraZOg0cg","call_log_id":580,"admin_user_id":1} 
[2026-04-04 02:38:20] production.INFO: Call command sent: playback_start {"call_control_id":"v3:lYSrkgP_d3PZkQ0MT5YExWE5_mnBay_tnaMY2TCGIWMhJHZThNCkKQ","result":"ok"} 
[2026-04-04 02:38:20] production.INFO: Telnyx voice webhook received {"event_type":"call.playback.started","call_control_id":"v3:lYSrkgP_d3PZkQ0MT5YExWE5_mnBay_tnaMY2TCGIWMhJHZThNCkKQ","direction":null} 
[2026-04-04 02:38:20] production.INFO: Unhandled voice event {"event_type":"call.playback.started"} 
[2026-04-04 02:38:21] production.INFO: Telnyx voice webhook received {"event_type":"call.machine.detection.ended","call_control_id":"v3:lYSrkgP_d3PZkQ0MT5YExWE5_mnBay_tnaMY2TCGIWMhJHZThNCkKQ","direction":null} 
[2026-04-04 02:38:21] production.INFO: AMD ended {"call_control_id":"v3:lYSrkgP_d3PZkQ0MT5YExWE5_mnBay_tnaMY2TCGIWMhJHZThNCkKQ","result":"machine","action":"admin_waiting_for_amd"} 
[2026-04-04 02:38:21] production.INFO: AMD detected voicemail on admin leg — hanging up {"call_control_id":"v3:lYSrkgP_d3PZkQ0MT5YExWE5_mnBay_tnaMY2TCGIWMhJHZThNCkKQ","result":"machine","call_log_id":580} 
[2026-04-04 02:38:22] production.INFO: Call command sent: hangup {"call_control_id":"v3:lYSrkgP_d3PZkQ0MT5YExWE5_mnBay_tnaMY2TCGIWMhJHZThNCkKQ","result":"ok"} 
[2026-04-04 02:38:22] production.INFO: Telnyx voice webhook received {"event_type":"call.hangup","call_control_id":"v3:lYSrkgP_d3PZkQ0MT5YExWE5_mnBay_tnaMY2TCGIWMhJHZThNCkKQ","direction":null} 
[2026-04-04 02:38:22] production.INFO: Admin ring leg hung up {"admin_call_control_id":"v3:lYSrkgP_d3PZkQ0MT5YExWE5_mnBay_tnaMY2TCGIWMhJHZThNCkKQ","hangup_cause":"normal_clearing","call_log_id":580} 
[2026-04-04 02:38:22] production.INFO: All admin legs failed — triggering voicemail {"incoming_call_control_id":"v3:UVsNj_jrsCpp9IACs9pmSrqYftimEuO_58UmcTh9id5nQpraZOg0cg","call_log_id":580} 
[2026-04-04 02:38:22] production.INFO: Telnyx voice webhook received {"event_type":"call.playback.ended","call_control_id":"v3:lYSrkgP_d3PZkQ0MT5YExWE5_mnBay_tnaMY2TCGIWMhJHZThNCkKQ","direction":null} 
[2026-04-04 02:38:22] production.ERROR: Call command failed: playback_start {"call_control_id":"v3:lYSrkgP_d3PZkQ0MT5YExWE5_mnBay_tnaMY2TCGIWMhJHZThNCkKQ","status":422,"error":{"errors":[{"code":"90018","title":"Call has already ended","detail":"This call is no longer active and can't receive commands."}]}} 
[2026-04-04 02:38:22] production.INFO: Call command sent: playback_stop {"call_control_id":"v3:UVsNj_jrsCpp9IACs9pmSrqYftimEuO_58UmcTh9id5nQpraZOg0cg","result":"ok"} 
[2026-04-04 02:38:22] production.INFO: Playing voicemail IVR menu {"call_control_id":"v3:UVsNj_jrsCpp9IACs9pmSrqYftimEuO_58UmcTh9id5nQpraZOg0cg","call_log_id":580,"ivr_prompt":"GS Construction is not available right now. Press 2 to send a text on your behalf so the GS Crew knows to call you back ASAP. Stay on the line to leave a voicemail.","is_known_caller":false} 
[2026-04-04 02:38:22] production.INFO: Telnyx voice webhook received {"event_type":"call.playback.ended","call_control_id":"v3:UVsNj_jrsCpp9IACs9pmSrqYftimEuO_58UmcTh9id5nQpraZOg0cg","direction":null} 
[2026-04-04 02:38:22] production.INFO: Call command sent: gather_using_speak {"call_control_id":"v3:UVsNj_jrsCpp9IACs9pmSrqYftimEuO_58UmcTh9id5nQpraZOg0cg","result":"ok"} 
[2026-04-04 02:38:23] production.INFO: Telnyx voice webhook received {"event_type":"call.speak.started","call_control_id":"v3:UVsNj_jrsCpp9IACs9pmSrqYftimEuO_58UmcTh9id5nQpraZOg0cg","direction":null} 
[2026-04-04 02:38:23] production.INFO: TTS speak started {"call_control_id":"v3:UVsNj_jrsCpp9IACs9pmSrqYftimEuO_58UmcTh9id5nQpraZOg0cg"} 
[2026-04-04 02:38:33] production.INFO: Telnyx voice webhook received {"event_type":"call.speak.ended","call_control_id":"v3:UVsNj_jrsCpp9IACs9pmSrqYftimEuO_58UmcTh9id5nQpraZOg0cg","direction":null} 
[2026-04-04 02:38:33] production.INFO: handleCallSpeakEnded ENTRY {"call_control_id":"v3:UVsNj_jrsCpp9IACs9pmSrqYftimEuO_58UmcTh9id5nQpraZOg0cg","action":"voicemail_ivr_menu","client_state":{"action":"voicemail_ivr_menu","call_log_id":580,"original_caller":"+18472123894","is_known_caller":false},"client_state_raw_present":true} 
[2026-04-04 02:38:40] production.INFO: Telnyx voice webhook received {"event_type":"call.gather.ended","call_control_id":"v3:UVsNj_jrsCpp9IACs9pmSrqYftimEuO_58UmcTh9id5nQpraZOg0cg","direction":null} 
[2026-04-04 02:38:40] production.INFO: IVR gather ended {"call_control_id":"v3:UVsNj_jrsCpp9IACs9pmSrqYftimEuO_58UmcTh9id5nQpraZOg0cg","digits":"","call_log_id":580} 
[2026-04-04 02:38:40] production.INFO: IVR: no digit pressed — playing voicemail greeting {"call_control_id":"v3:UVsNj_jrsCpp9IACs9pmSrqYftimEuO_58UmcTh9id5nQpraZOg0cg"} 
[2026-04-04 02:38:40] production.INFO: Call command sent: speak {"call_control_id":"v3:UVsNj_jrsCpp9IACs9pmSrqYftimEuO_58UmcTh9id5nQpraZOg0cg","result":"ok"} 
[2026-04-04 02:38:41] production.INFO: Telnyx voice webhook received {"event_type":"call.speak.started","call_control_id":"v3:UVsNj_jrsCpp9IACs9pmSrqYftimEuO_58UmcTh9id5nQpraZOg0cg","direction":null} 
[2026-04-04 02:38:41] production.INFO: TTS speak started {"call_control_id":"v3:UVsNj_jrsCpp9IACs9pmSrqYftimEuO_58UmcTh9id5nQpraZOg0cg"} 
[2026-04-04 02:38:49] production.INFO: Telnyx voice webhook received {"event_type":"call.speak.ended","call_control_id":"v3:UVsNj_jrsCpp9IACs9pmSrqYftimEuO_58UmcTh9id5nQpraZOg0cg","direction":null} 
[2026-04-04 02:38:49] production.INFO: handleCallSpeakEnded ENTRY {"call_control_id":"v3:UVsNj_jrsCpp9IACs9pmSrqYftimEuO_58UmcTh9id5nQpraZOg0cg","action":"voicemail_prompt_done","client_state":{"action":"voicemail_prompt_done","call_log_id":580},"client_state_raw_present":true} 
[2026-04-04 02:38:49] production.INFO: Voicemail prompt done — starting recording {"call_control_id":"v3:UVsNj_jrsCpp9IACs9pmSrqYftimEuO_58UmcTh9id5nQpraZOg0cg"} 
[2026-04-04 02:38:49] production.INFO: Call command sent: record_start {"call_control_id":"v3:UVsNj_jrsCpp9IACs9pmSrqYftimEuO_58UmcTh9id5nQpraZOg0cg","result":"ok"} 
[2026-04-04 02:38:53] production.INFO: Telnyx voice webhook received {"event_type":"call.transcription","call_control_id":"v3:UVsNj_jrsCpp9IACs9pmSrqYftimEuO_58UmcTh9id5nQpraZOg0cg","direction":null} 
[2026-04-04 02:38:53] production.INFO: Unhandled voice event {"event_type":"call.transcription"} 
[2026-04-04 02:38:53] production.INFO: Telnyx voice webhook received {"event_type":"call.transcription","call_control_id":"v3:UVsNj_jrsCpp9IACs9pmSrqYftimEuO_58UmcTh9id5nQpraZOg0cg","direction":null} 
[2026-04-04 02:38:53] production.INFO: Unhandled voice event {"event_type":"call.transcription"} 
[2026-04-04 02:38:53] production.INFO: Telnyx voice webhook received {"event_type":"call.transcription","call_control_id":"v3:UVsNj_jrsCpp9IACs9pmSrqYftimEuO_58UmcTh9id5nQpraZOg0cg","direction":null} 
[2026-04-04 02:38:53] production.INFO: Unhandled voice event {"event_type":"call.transcription"} 
[2026-04-04 02:38:54] production.INFO: Telnyx voice webhook received {"event_type":"call.transcription","call_control_id":"v3:UVsNj_jrsCpp9IACs9pmSrqYftimEuO_58UmcTh9id5nQpraZOg0cg","direction":null} 
[2026-04-04 02:38:54] production.INFO: Unhandled voice event {"event_type":"call.transcription"} 
[2026-04-04 02:38:54] production.INFO: Telnyx voice webhook received {"event_type":"call.transcription","call_control_id":"v3:UVsNj_jrsCpp9IACs9pmSrqYftimEuO_58UmcTh9id5nQpraZOg0cg","direction":null} 
[2026-04-04 02:38:54] production.INFO: Unhandled voice event {"event_type":"call.transcription"} 
[2026-04-04 02:38:54] production.INFO: Telnyx voice webhook received {"event_type":"call.transcription","call_control_id":"v3:UVsNj_jrsCpp9IACs9pmSrqYftimEuO_58UmcTh9id5nQpraZOg0cg","direction":null} 
[2026-04-04 02:38:54] production.INFO: Unhandled voice event {"event_type":"call.transcription"} 
[2026-04-04 02:38:54] production.INFO: Telnyx voice webhook received {"event_type":"call.transcription","call_control_id":"v3:UVsNj_jrsCpp9IACs9pmSrqYftimEuO_58UmcTh9id5nQpraZOg0cg","direction":null} 
[2026-04-04 02:38:54] production.INFO: Unhandled voice event {"event_type":"call.transcription"} 
[2026-04-04 02:38:55] production.INFO: Telnyx voice webhook received {"event_type":"call.transcription","call_control_id":"v3:UVsNj_jrsCpp9IACs9pmSrqYftimEuO_58UmcTh9id5nQpraZOg0cg","direction":null} 
[2026-04-04 02:38:55] production.INFO: Unhandled voice event {"event_type":"call.transcription"} 
[2026-04-04 02:38:55] production.INFO: Telnyx voice webhook received {"event_type":"call.transcription","call_control_id":"v3:UVsNj_jrsCpp9IACs9pmSrqYftimEuO_58UmcTh9id5nQpraZOg0cg","direction":null} 
[2026-04-04 02:38:55] production.INFO: Unhandled voice event {"event_type":"call.transcription"} 
[2026-04-04 02:38:55] production.INFO: Telnyx voice webhook received {"event_type":"call.transcription","call_control_id":"v3:UVsNj_jrsCpp9IACs9pmSrqYftimEuO_58UmcTh9id5nQpraZOg0cg","direction":null} 
[2026-04-04 02:38:55] production.INFO: Unhandled voice event {"event_type":"call.transcription"} 
[2026-04-04 02:38:55] production.INFO: Telnyx voice webhook received {"event_type":"call.transcription","call_control_id":"v3:UVsNj_jrsCpp9IACs9pmSrqYftimEuO_58UmcTh9id5nQpraZOg0cg","direction":null} 
[2026-04-04 02:38:55] production.INFO: Unhandled voice event {"event_type":"call.transcription"} 
[2026-04-04 02:39:02] production.INFO: Telnyx voice webhook received {"event_type":"call.hangup","call_control_id":"v3:UVsNj_jrsCpp9IACs9pmSrqYftimEuO_58UmcTh9id5nQpraZOg0cg","direction":null} 
[2026-04-04 02:39:02] production.INFO: Telnyx voice webhook received {"event_type":"call.initiated","call_control_id":"v3:ET2O7az1mP3z7PVwbA-PJ4RNN-_xhgsNGO8DZDLhrp8c2uTilg13CQ","direction":"incoming"} 
[2026-04-04 02:39:02] production.INFO: Voicemail call ended {"call_control_id":"v3:UVsNj_jrsCpp9IACs9pmSrqYftimEuO_58UmcTh9id5nQpraZOg0cg","call_log_id":580} 
[2026-04-04 02:39:02] production.WARNING: ipqualityscore lookup failed {"phone":"+18472123894","message":"You have insufficient credits to make this query. Please contact IPQualityScore support if this error persists."} 
[2026-04-04 02:39:02] production.INFO: Incoming call - answering {"call_control_id":"v3:ET2O7az1mP3z7PVwbA-PJ4RNN-_xhgsNGO8DZDLhrp8c2uTilg13CQ","from":"+18472123894","to":"+12247354200","caller_user_id":null,"caller_name":"GRZEGORZ SZADY"} 
[2026-04-04 02:39:02] production.INFO: Telnyx voice webhook received {"event_type":"call.recording.saved","call_control_id":"v3:UVsNj_jrsCpp9IACs9pmSrqYftimEuO_58UmcTh9id5nQpraZOg0cg","direction":null} 
[2026-04-04 02:39:02] production.INFO: Call recording saved {"call_control_id":"v3:UVsNj_jrsCpp9IACs9pmSrqYftimEuO_58UmcTh9id5nQpraZOg0cg","recording_urls":{"mp3":"https://s3.amazonaws.com/telephony-recorder-prod/49566db4-02e9-44ab-813f-f71a0c0b49d7/2026-04-04/4c1a70a0-2fcf-11f1-87a1-02420aef551f-1775270329440897.mp3?X-Amz-Algorithm=AWS4-HMAC-SHA256&X-Amz-Credential=AKIASDC5E2MJDPKMH7UW%2F20260404%2Fus-east-1%2Fs3%2Faws4_request&X-Amz-Date=20260404T023902Z&X-Amz-Expires=600&X-Amz-SignedHeaders=host&X-Amz-Signature=0b31d8c06ecfa63e45046967695878ee37c3fd18b06290db2a9aa22bd017ed0e"},"is_voicemail":true} 
[2026-04-04 02:39:02] production.INFO: Call command sent: answer {"call_control_id":"v3:ET2O7az1mP3z7PVwbA-PJ4RNN-_xhgsNGO8DZDLhrp8c2uTilg13CQ","result":"ok"} 
[2026-04-04 02:39:02] production.INFO: Telnyx voice webhook received {"event_type":"call.answered","call_control_id":"v3:ET2O7az1mP3z7PVwbA-PJ4RNN-_xhgsNGO8DZDLhrp8c2uTilg13CQ","direction":null} 
[2026-04-04 02:39:02] production.INFO: Playing welcome TTS and dialing admins simultaneously {"call_control_id":"v3:ET2O7az1mP3z7PVwbA-PJ4RNN-_xhgsNGO8DZDLhrp8c2uTilg13CQ","tts":"Good evening! Thanks for calling GS Construction. One moment while we connect you to the GS Crew."} 
[2026-04-04 02:39:03] production.INFO: Call command sent: speak {"call_control_id":"v3:ET2O7az1mP3z7PVwbA-PJ4RNN-_xhgsNGO8DZDLhrp8c2uTilg13CQ","result":"ok"} 
[2026-04-04 02:39:03] production.INFO: Dialed admin {"admin_user_id":1,"admin_name":"Patryk Szady","phone":"+12249993880","admin_call_control_id":"v3:5d6qke1OfahBFD89P0kc46Te7Cms_cwmo69H_tvKUC-CYG5ppTrifw"} 
[2026-04-04 02:39:03] production.INFO: Call recording stored locally {"call_log_id":580,"path":"call-recordings/2026/04/bd5c8b26-41ec-47b7-902a-a70290c05661.mp3"} 
[2026-04-04 02:39:03] production.INFO: Telnyx voice webhook received {"event_type":"call.initiated","call_control_id":"v3:5d6qke1OfahBFD89P0kc46Te7Cms_cwmo69H_tvKUC-CYG5ppTrifw","direction":"outgoing"} 
[2026-04-04 02:39:03] production.INFO: Outbound call initiated {"call_control_id":"v3:5d6qke1OfahBFD89P0kc46Te7Cms_cwmo69H_tvKUC-CYG5ppTrifw","to":"+12249993880"} 
[2026-04-04 02:39:03] production.DEBUG: Push notification delivered {"endpoint":"https://web.push.apple.com/QDkJcfxcMRPW4uLNUaYZ21nDUMJHCJ-cyja1FMQcNEv6qKbL-ec_s…","status":201} 
[2026-04-04 02:39:03] production.DEBUG: Push notification delivered {"endpoint":"https://fcm.googleapis.com/fcm/send/cYR-NIq4nms:APA91bEppjWa7ZIrYxviNuWljHyZ7qnu…","status":201} 
[2026-04-04 02:39:03] production.INFO: Telnyx voice webhook received {"event_type":"call.speak.started","call_control_id":"v3:ET2O7az1mP3z7PVwbA-PJ4RNN-_xhgsNGO8DZDLhrp8c2uTilg13CQ","direction":null} 
[2026-04-04 02:39:03] production.INFO: TTS speak started {"call_control_id":"v3:ET2O7az1mP3z7PVwbA-PJ4RNN-_xhgsNGO8DZDLhrp8c2uTilg13CQ"} 
[2026-04-04 02:39:06] production.INFO: Telnyx voice webhook received {"event_type":"call.answered","call_control_id":"v3:5d6qke1OfahBFD89P0kc46Te7Cms_cwmo69H_tvKUC-CYG5ppTrifw","direction":null} 
[2026-04-04 02:39:06] production.INFO: Admin answered — holding for AMD confirmation {"admin_call_control_id":"v3:5d6qke1OfahBFD89P0kc46Te7Cms_cwmo69H_tvKUC-CYG5ppTrifw","incoming_call_control_id":"v3:ET2O7az1mP3z7PVwbA-PJ4RNN-_xhgsNGO8DZDLhrp8c2uTilg13CQ","call_log_id":581,"admin_user_id":1} 
[2026-04-04 02:39:06] production.INFO: Call command sent: playback_start {"call_control_id":"v3:5d6qke1OfahBFD89P0kc46Te7Cms_cwmo69H_tvKUC-CYG5ppTrifw","result":"ok"} 
[2026-04-04 02:39:07] production.INFO: Telnyx voice webhook received {"event_type":"call.playback.started","call_control_id":"v3:5d6qke1OfahBFD89P0kc46Te7Cms_cwmo69H_tvKUC-CYG5ppTrifw","direction":null} 
[2026-04-04 02:39:07] production.INFO: Unhandled voice event {"event_type":"call.playback.started"} 
[2026-04-04 02:39:10] production.INFO: Telnyx voice webhook received {"event_type":"call.speak.ended","call_control_id":"v3:ET2O7az1mP3z7PVwbA-PJ4RNN-_xhgsNGO8DZDLhrp8c2uTilg13CQ","direction":null} 
[2026-04-04 02:39:10] production.INFO: handleCallSpeakEnded ENTRY {"call_control_id":"v3:ET2O7az1mP3z7PVwbA-PJ4RNN-_xhgsNGO8DZDLhrp8c2uTilg13CQ","action":"welcome_done","client_state":{"action":"welcome_done","call_log_id":581,"original_caller":"+18472123894"},"client_state_raw_present":true} 
[2026-04-04 02:39:10] production.INFO: TTS completed — admin waiting but AMD pending, playing ringback {"call_control_id":"v3:ET2O7az1mP3z7PVwbA-PJ4RNN-_xhgsNGO8DZDLhrp8c2uTilg13CQ","call_log_id":581,"pending_admin_cc_id":"v3:5d6qke1OfahBFD89P0kc46Te7Cms_cwmo69H_tvKUC-CYG5ppTrifw"} 
[2026-04-04 02:39:10] production.INFO: Call command sent: playback_start {"call_control_id":"v3:ET2O7az1mP3z7PVwbA-PJ4RNN-_xhgsNGO8DZDLhrp8c2uTilg13CQ","result":"ok"} 
[2026-04-04 02:39:10] production.INFO: Telnyx voice webhook received {"event_type":"call.playback.started","call_control_id":"v3:ET2O7az1mP3z7PVwbA-PJ4RNN-_xhgsNGO8DZDLhrp8c2uTilg13CQ","direction":null} 
[2026-04-04 02:39:10] production.INFO: Unhandled voice event {"event_type":"call.playback.started"} 
[2026-04-04 02:39:11] production.INFO: Telnyx voice webhook received {"event_type":"call.machine.detection.ended","call_control_id":"v3:5d6qke1OfahBFD89P0kc46Te7Cms_cwmo69H_tvKUC-CYG5ppTrifw","direction":null} 
[2026-04-04 02:39:11] production.INFO: AMD ended {"call_control_id":"v3:5d6qke1OfahBFD89P0kc46Te7Cms_cwmo69H_tvKUC-CYG5ppTrifw","result":"not_sure","action":"admin_waiting_for_amd"} 
[2026-04-04 02:39:11] production.INFO: AMD confirmed human on admin leg {"call_control_id":"v3:5d6qke1OfahBFD89P0kc46Te7Cms_cwmo69H_tvKUC-CYG5ppTrifw","result":"not_sure","call_log_id":581,"admin_user_id":1} 
[2026-04-04 02:39:11] production.INFO: AMD confirmed human + TTS done — bridging now {"admin_call_control_id":"v3:5d6qke1OfahBFD89P0kc46Te7Cms_cwmo69H_tvKUC-CYG5ppTrifw","incoming_call_control_id":"v3:ET2O7az1mP3z7PVwbA-PJ4RNN-_xhgsNGO8DZDLhrp8c2uTilg13CQ","call_log_id":581} 
[2026-04-04 02:39:11] production.INFO: Bridging admin with caller {"admin_call_control_id":"v3:5d6qke1OfahBFD89P0kc46Te7Cms_cwmo69H_tvKUC-CYG5ppTrifw","incoming_call_control_id":"v3:ET2O7az1mP3z7PVwbA-PJ4RNN-_xhgsNGO8DZDLhrp8c2uTilg13CQ","admin_user_id":1,"admin_name":"Patryk Szady"} 
[2026-04-04 02:39:11] production.INFO: Call command sent: playback_stop {"call_control_id":"v3:ET2O7az1mP3z7PVwbA-PJ4RNN-_xhgsNGO8DZDLhrp8c2uTilg13CQ","result":"ok"} 
[2026-04-04 02:39:11] production.INFO: Telnyx voice webhook received {"event_type":"call.playback.ended","call_control_id":"v3:ET2O7az1mP3z7PVwbA-PJ4RNN-_xhgsNGO8DZDLhrp8c2uTilg13CQ","direction":null} 
[2026-04-04 02:39:11] production.INFO: Call command sent: playback_stop {"call_control_id":"v3:5d6qke1OfahBFD89P0kc46Te7Cms_cwmo69H_tvKUC-CYG5ppTrifw","result":"ok"} 
[2026-04-04 02:39:12] production.INFO: Telnyx voice webhook received {"event_type":"call.playback.ended","call_control_id":"v3:5d6qke1OfahBFD89P0kc46Te7Cms_cwmo69H_tvKUC-CYG5ppTrifw","direction":null} 
[2026-04-04 02:39:12] production.INFO: Calls bridged successfully {"call_control_id_a":"v3:5d6qke1OfahBFD89P0kc46Te7Cms_cwmo69H_tvKUC-CYG5ppTrifw","call_control_id_b":"v3:ET2O7az1mP3z7PVwbA-PJ4RNN-_xhgsNGO8DZDLhrp8c2uTilg13CQ"} 
[2026-04-04 02:39:12] production.INFO: Telnyx voice webhook received {"event_type":"call.bridged","call_control_id":"v3:5d6qke1OfahBFD89P0kc46Te7Cms_cwmo69H_tvKUC-CYG5ppTrifw","direction":null} 
[2026-04-04 02:39:12] production.INFO: Call bridged {"call_control_id":"v3:5d6qke1OfahBFD89P0kc46Te7Cms_cwmo69H_tvKUC-CYG5ppTrifw","call_session_id":"716bc048-2fcf-11f1-b1f3-02420aef54a0"} 
[2026-04-04 02:39:12] production.INFO: Telnyx voice webhook received {"event_type":"call.bridged","call_control_id":"v3:ET2O7az1mP3z7PVwbA-PJ4RNN-_xhgsNGO8DZDLhrp8c2uTilg13CQ","direction":null} 
[2026-04-04 02:39:12] production.INFO: Call bridged {"call_control_id":"v3:ET2O7az1mP3z7PVwbA-PJ4RNN-_xhgsNGO8DZDLhrp8c2uTilg13CQ","call_session_id":"70730aac-2fcf-11f1-8b54-02420aef351f"} 
[2026-04-04 02:39:15] production.INFO: Telnyx voice webhook received {"event_type":"call.hangup","call_control_id":"v3:5d6qke1OfahBFD89P0kc46Te7Cms_cwmo69H_tvKUC-CYG5ppTrifw","direction":null} 
[2026-04-04 02:39:15] production.INFO: Telnyx voice webhook received {"event_type":"call.hangup","call_control_id":"v3:ET2O7az1mP3z7PVwbA-PJ4RNN-_xhgsNGO8DZDLhrp8c2uTilg13CQ","direction":null} 
[2026-04-04 02:39:15] production.INFO: Admin ring leg hung up {"admin_call_control_id":"v3:5d6qke1OfahBFD89P0kc46Te7Cms_cwmo69H_tvKUC-CYG5ppTrifw","hangup_cause":"normal_clearing","call_log_id":581} 
[2026-04-04 02:39:15] production.INFO: Call ended {"call_control_id":"v3:ET2O7az1mP3z7PVwbA-PJ4RNN-_xhgsNGO8DZDLhrp8c2uTilg13CQ","status":"completed","hangup_cause":"normal_clearing","duration":13.528505} 
[2026-04-04 03:08:46] production.INFO: Telnyx voice webhook received {"event_type":"call.initiated","call_control_id":"v3:Qv12fP1rf8lU9mGKJ6p0ggDsA0p7G1cLtl3Y2vIKN3ld_bpM2nI64g","direction":"incoming"} 
[2026-04-04 03:08:47] production.WARNING: ipqualityscore lookup failed {"phone":"+18472123894","message":"You have insufficient credits to make this query. Please contact IPQualityScore support if this error persists."} 
[2026-04-04 03:08:47] production.INFO: Incoming call - answering {"call_control_id":"v3:Qv12fP1rf8lU9mGKJ6p0ggDsA0p7G1cLtl3Y2vIKN3ld_bpM2nI64g","from":"+18472123894","to":"+12247354200","caller_user_id":null,"caller_name":"GRZEGORZ SZADY"} 
[2026-04-04 03:08:47] production.INFO: Call command sent: answer {"call_control_id":"v3:Qv12fP1rf8lU9mGKJ6p0ggDsA0p7G1cLtl3Y2vIKN3ld_bpM2nI64g","result":"ok"} 
[2026-04-04 03:08:47] production.DEBUG: Push notification delivered {"endpoint":"https://web.push.apple.com/QDkJcfxcMRPW4uLNUaYZ21nDUMJHCJ-cyja1FMQcNEv6qKbL-ec_s…","status":201} 
[2026-04-04 03:08:47] production.DEBUG: Push notification delivered {"endpoint":"https://fcm.googleapis.com/fcm/send/cYR-NIq4nms:APA91bEppjWa7ZIrYxviNuWljHyZ7qnu…","status":201} 
[2026-04-04 03:08:47] production.INFO: Telnyx voice webhook received {"event_type":"call.answered","call_control_id":"v3:Qv12fP1rf8lU9mGKJ6p0ggDsA0p7G1cLtl3Y2vIKN3ld_bpM2nI64g","direction":null} 
[2026-04-04 03:08:47] production.INFO: Playing welcome TTS and dialing admins simultaneously {"call_control_id":"v3:Qv12fP1rf8lU9mGKJ6p0ggDsA0p7G1cLtl3Y2vIKN3ld_bpM2nI64g","tts":"Good evening! Thanks for calling GS Construction. One moment while we connect you to the GS Crew."} 
[2026-04-04 03:08:47] production.INFO: Call command sent: speak {"call_control_id":"v3:Qv12fP1rf8lU9mGKJ6p0ggDsA0p7G1cLtl3Y2vIKN3ld_bpM2nI64g","result":"ok"} 
[2026-04-04 03:08:48] production.INFO: Dialed admin {"admin_user_id":1,"admin_name":"Patryk Szady","phone":"+12249993880","admin_call_control_id":"v3:cOC7HKEWu9DAW2-EcIs9XDOxNGi4rqQ6tdCHyUvroEhx9keN3XQS4Q"} 
[2026-04-04 03:08:48] production.INFO: Telnyx voice webhook received {"event_type":"call.initiated","call_control_id":"v3:cOC7HKEWu9DAW2-EcIs9XDOxNGi4rqQ6tdCHyUvroEhx9keN3XQS4Q","direction":"outgoing"} 
[2026-04-04 03:08:48] production.INFO: Outbound call initiated {"call_control_id":"v3:cOC7HKEWu9DAW2-EcIs9XDOxNGi4rqQ6tdCHyUvroEhx9keN3XQS4Q","to":"+12249993880"} 
[2026-04-04 03:08:48] production.INFO: Telnyx voice webhook received {"event_type":"call.speak.started","call_control_id":"v3:Qv12fP1rf8lU9mGKJ6p0ggDsA0p7G1cLtl3Y2vIKN3ld_bpM2nI64g","direction":null} 
[2026-04-04 03:08:48] production.INFO: TTS speak started {"call_control_id":"v3:Qv12fP1rf8lU9mGKJ6p0ggDsA0p7G1cLtl3Y2vIKN3ld_bpM2nI64g"} 
[2026-04-04 03:08:51] production.INFO: Telnyx voice webhook received {"event_type":"call.answered","call_control_id":"v3:cOC7HKEWu9DAW2-EcIs9XDOxNGi4rqQ6tdCHyUvroEhx9keN3XQS4Q","direction":null} 
[2026-04-04 03:08:51] production.INFO: Admin answered too quickly (likely decline → carrier VM) — hanging up {"call_control_id":"v3:cOC7HKEWu9DAW2-EcIs9XDOxNGi4rqQ6tdCHyUvroEhx9keN3XQS4Q","answer_latency_seconds":3.77,"call_log_id":582,"admin_user_id":1} 
[2026-04-04 03:08:51] production.INFO: Call command sent: hangup {"call_control_id":"v3:cOC7HKEWu9DAW2-EcIs9XDOxNGi4rqQ6tdCHyUvroEhx9keN3XQS4Q","result":"ok"} 
[2026-04-04 03:08:52] production.INFO: Telnyx voice webhook received {"event_type":"call.hangup","call_control_id":"v3:cOC7HKEWu9DAW2-EcIs9XDOxNGi4rqQ6tdCHyUvroEhx9keN3XQS4Q","direction":null} 
[2026-04-04 03:08:52] production.INFO: Admin ring leg hung up {"admin_call_control_id":"v3:cOC7HKEWu9DAW2-EcIs9XDOxNGi4rqQ6tdCHyUvroEhx9keN3XQS4Q","hangup_cause":"normal_clearing","call_log_id":582} 
[2026-04-04 03:08:52] production.INFO: All admin legs failed — triggering voicemail {"incoming_call_control_id":"v3:Qv12fP1rf8lU9mGKJ6p0ggDsA0p7G1cLtl3Y2vIKN3ld_bpM2nI64g","call_log_id":582} 
[2026-04-04 03:08:52] production.INFO: Call command sent: playback_stop {"call_control_id":"v3:Qv12fP1rf8lU9mGKJ6p0ggDsA0p7G1cLtl3Y2vIKN3ld_bpM2nI64g","result":"ok"} 
[2026-04-04 03:08:52] production.INFO: Playing voicemail IVR menu {"call_control_id":"v3:Qv12fP1rf8lU9mGKJ6p0ggDsA0p7G1cLtl3Y2vIKN3ld_bpM2nI64g","call_log_id":582,"ivr_prompt":"GS Construction is not available right now. Press 2 to send a text on your behalf so the GS Crew knows to call you back ASAP. Stay on the line to leave a voicemail.","is_known_caller":false} 
[2026-04-04 03:08:52] production.INFO: Telnyx voice webhook received {"event_type":"call.speak.ended","call_control_id":"v3:Qv12fP1rf8lU9mGKJ6p0ggDsA0p7G1cLtl3Y2vIKN3ld_bpM2nI64g","direction":null} 
[2026-04-04 03:08:52] production.INFO: handleCallSpeakEnded ENTRY {"call_control_id":"v3:Qv12fP1rf8lU9mGKJ6p0ggDsA0p7G1cLtl3Y2vIKN3ld_bpM2nI64g","action":"welcome_done","client_state":{"action":"welcome_done","call_log_id":582,"original_caller":"+18472123894"},"client_state_raw_present":true} 
[2026-04-04 03:08:52] production.INFO: TTS completed — no admin answered yet, playing ringback {"call_control_id":"v3:Qv12fP1rf8lU9mGKJ6p0ggDsA0p7G1cLtl3Y2vIKN3ld_bpM2nI64g","call_log_id":582} 
[2026-04-04 03:08:52] production.INFO: Call command sent: gather_using_speak {"call_control_id":"v3:Qv12fP1rf8lU9mGKJ6p0ggDsA0p7G1cLtl3Y2vIKN3ld_bpM2nI64g","result":"ok"} 
[2026-04-04 03:08:52] production.INFO: Call command sent: playback_start {"call_control_id":"v3:Qv12fP1rf8lU9mGKJ6p0ggDsA0p7G1cLtl3Y2vIKN3ld_bpM2nI64g","result":"ok"} 
[2026-04-04 03:08:57] production.INFO: Telnyx voice webhook received {"event_type":"call.playback.started","call_control_id":"v3:Qv12fP1rf8lU9mGKJ6p0ggDsA0p7G1cLtl3Y2vIKN3ld_bpM2nI64g","direction":null} 
[2026-04-04 03:08:57] production.INFO: Unhandled voice event {"event_type":"call.playback.started"} 
[2026-04-04 03:08:58] production.INFO: Telnyx voice webhook received {"event_type":"call.playback.ended","call_control_id":"v3:Qv12fP1rf8lU9mGKJ6p0ggDsA0p7G1cLtl3Y2vIKN3ld_bpM2nI64g","direction":null} 
[2026-04-04 03:08:58] production.INFO: Telnyx voice webhook received {"event_type":"call.gather.ended","call_control_id":"v3:Qv12fP1rf8lU9mGKJ6p0ggDsA0p7G1cLtl3Y2vIKN3ld_bpM2nI64g","direction":null} 
[2026-04-04 03:08:59] production.INFO: Telnyx voice webhook received {"event_type":"call.hangup","call_control_id":"v3:Qv12fP1rf8lU9mGKJ6p0ggDsA0p7G1cLtl3Y2vIKN3ld_bpM2nI64g","direction":null} 
[2026-04-04 03:08:59] production.INFO: Call ended {"call_control_id":"v3:Qv12fP1rf8lU9mGKJ6p0ggDsA0p7G1cLtl3Y2vIKN3ld_bpM2nI64g","status":"missed","hangup_cause":"normal_clearing","duration":12.896147000000001} 
[2026-04-04 03:09:15] production.INFO: Telnyx voice webhook received {"event_type":"call.initiated","call_control_id":"v3:SMW3FWzbaAxGCJDEUQwZN8Ad-SXpDC-kSZ6qzUsKJuON3Pr3iwp2Tg","direction":"incoming"} 
[2026-04-04 03:09:15] production.WARNING: ipqualityscore lookup failed {"phone":"+18472123894","message":"You have insufficient credits to make this query. Please contact IPQualityScore support if this error persists."} 
[2026-04-04 03:09:15] production.INFO: Incoming call - answering {"call_control_id":"v3:SMW3FWzbaAxGCJDEUQwZN8Ad-SXpDC-kSZ6qzUsKJuON3Pr3iwp2Tg","from":"+18472123894","to":"+12247354200","caller_user_id":null,"caller_name":"GRZEGORZ SZADY"} 
[2026-04-04 03:09:15] production.INFO: Call command sent: answer {"call_control_id":"v3:SMW3FWzbaAxGCJDEUQwZN8Ad-SXpDC-kSZ6qzUsKJuON3Pr3iwp2Tg","result":"ok"} 
[2026-04-04 03:09:15] production.INFO: Telnyx voice webhook received {"event_type":"call.answered","call_control_id":"v3:SMW3FWzbaAxGCJDEUQwZN8Ad-SXpDC-kSZ6qzUsKJuON3Pr3iwp2Tg","direction":null} 
[2026-04-04 03:09:15] production.INFO: Playing welcome TTS and dialing admins simultaneously {"call_control_id":"v3:SMW3FWzbaAxGCJDEUQwZN8Ad-SXpDC-kSZ6qzUsKJuON3Pr3iwp2Tg","tts":"Good evening! Thanks for calling GS Construction. One moment while we connect you to the GS Crew."} 
[2026-04-04 03:09:16] production.INFO: Call command sent: speak {"call_control_id":"v3:SMW3FWzbaAxGCJDEUQwZN8Ad-SXpDC-kSZ6qzUsKJuON3Pr3iwp2Tg","result":"ok"} 
[2026-04-04 03:09:16] production.INFO: Dialed admin {"admin_user_id":1,"admin_name":"Patryk Szady","phone":"+12249993880","admin_call_control_id":"v3:4GQisvYSzI6kmtvJ6VpQ8ghpaZt7WdbmwXOivMJMDhTggTjO28-j5Q"} 
[2026-04-04 03:09:16] production.INFO: Telnyx voice webhook received {"event_type":"call.initiated","call_control_id":"v3:4GQisvYSzI6kmtvJ6VpQ8ghpaZt7WdbmwXOivMJMDhTggTjO28-j5Q","direction":"outgoing"} 
[2026-04-04 03:09:16] production.INFO: Outbound call initiated {"call_control_id":"v3:4GQisvYSzI6kmtvJ6VpQ8ghpaZt7WdbmwXOivMJMDhTggTjO28-j5Q","to":"+12249993880"} 
[2026-04-04 03:09:16] production.INFO: Telnyx voice webhook received {"event_type":"call.speak.started","call_control_id":"v3:SMW3FWzbaAxGCJDEUQwZN8Ad-SXpDC-kSZ6qzUsKJuON3Pr3iwp2Tg","direction":null} 
[2026-04-04 03:09:16] production.INFO: TTS speak started {"call_control_id":"v3:SMW3FWzbaAxGCJDEUQwZN8Ad-SXpDC-kSZ6qzUsKJuON3Pr3iwp2Tg"} 
[2026-04-04 03:09:17] production.DEBUG: Push notification delivered {"endpoint":"https://web.push.apple.com/QDkJcfxcMRPW4uLNUaYZ21nDUMJHCJ-cyja1FMQcNEv6qKbL-ec_s…","status":201} 
[2026-04-04 03:09:17] production.DEBUG: Push notification delivered {"endpoint":"https://fcm.googleapis.com/fcm/send/cYR-NIq4nms:APA91bEppjWa7ZIrYxviNuWljHyZ7qnu…","status":201} 
[2026-04-04 03:09:19] production.INFO: Telnyx voice webhook received {"event_type":"call.answered","call_control_id":"v3:4GQisvYSzI6kmtvJ6VpQ8ghpaZt7WdbmwXOivMJMDhTggTjO28-j5Q","direction":null} 
[2026-04-04 03:09:19] production.INFO: Admin answered too quickly (likely decline → carrier VM) — hanging up {"call_control_id":"v3:4GQisvYSzI6kmtvJ6VpQ8ghpaZt7WdbmwXOivMJMDhTggTjO28-j5Q","answer_latency_seconds":3.22,"call_log_id":583,"admin_user_id":1} 
[2026-04-04 03:09:19] production.INFO: Call command sent: hangup {"call_control_id":"v3:4GQisvYSzI6kmtvJ6VpQ8ghpaZt7WdbmwXOivMJMDhTggTjO28-j5Q","result":"ok"} 
[2026-04-04 03:09:19] production.INFO: Telnyx voice webhook received {"event_type":"call.hangup","call_control_id":"v3:4GQisvYSzI6kmtvJ6VpQ8ghpaZt7WdbmwXOivMJMDhTggTjO28-j5Q","direction":null} 
[2026-04-04 03:09:19] production.INFO: Admin ring leg hung up {"admin_call_control_id":"v3:4GQisvYSzI6kmtvJ6VpQ8ghpaZt7WdbmwXOivMJMDhTggTjO28-j5Q","hangup_cause":"normal_clearing","call_log_id":583} 
[2026-04-04 03:09:19] production.INFO: All admin legs failed — triggering voicemail {"incoming_call_control_id":"v3:SMW3FWzbaAxGCJDEUQwZN8Ad-SXpDC-kSZ6qzUsKJuON3Pr3iwp2Tg","call_log_id":583} 
[2026-04-04 03:09:19] production.INFO: Call command sent: playback_stop {"call_control_id":"v3:SMW3FWzbaAxGCJDEUQwZN8Ad-SXpDC-kSZ6qzUsKJuON3Pr3iwp2Tg","result":"ok"} 
[2026-04-04 03:09:19] production.INFO: Playing voicemail IVR menu {"call_control_id":"v3:SMW3FWzbaAxGCJDEUQwZN8Ad-SXpDC-kSZ6qzUsKJuON3Pr3iwp2Tg","call_log_id":583,"ivr_prompt":"GS Construction is not available right now. Press 2 to send a text on your behalf so the GS Crew knows to call you back ASAP. Stay on the line to leave a voicemail.","is_known_caller":false} 
[2026-04-04 03:09:19] production.INFO: Telnyx voice webhook received {"event_type":"call.speak.ended","call_control_id":"v3:SMW3FWzbaAxGCJDEUQwZN8Ad-SXpDC-kSZ6qzUsKJuON3Pr3iwp2Tg","direction":null} 
[2026-04-04 03:09:19] production.INFO: handleCallSpeakEnded ENTRY {"call_control_id":"v3:SMW3FWzbaAxGCJDEUQwZN8Ad-SXpDC-kSZ6qzUsKJuON3Pr3iwp2Tg","action":"welcome_done","client_state":{"action":"welcome_done","call_log_id":583,"original_caller":"+18472123894"},"client_state_raw_present":true} 
[2026-04-04 03:09:19] production.INFO: TTS completed — no admin answered yet, playing ringback {"call_control_id":"v3:SMW3FWzbaAxGCJDEUQwZN8Ad-SXpDC-kSZ6qzUsKJuON3Pr3iwp2Tg","call_log_id":583} 
[2026-04-04 03:09:20] production.INFO: Call command sent: playback_start {"call_control_id":"v3:SMW3FWzbaAxGCJDEUQwZN8Ad-SXpDC-kSZ6qzUsKJuON3Pr3iwp2Tg","result":"ok"} 
[2026-04-04 03:09:20] production.INFO: Call command sent: gather_using_speak {"call_control_id":"v3:SMW3FWzbaAxGCJDEUQwZN8Ad-SXpDC-kSZ6qzUsKJuON3Pr3iwp2Tg","result":"ok"} 
[2026-04-04 03:09:20] production.INFO: Telnyx voice webhook received {"event_type":"call.speak.started","call_control_id":"v3:SMW3FWzbaAxGCJDEUQwZN8Ad-SXpDC-kSZ6qzUsKJuON3Pr3iwp2Tg","direction":null} 
[2026-04-04 03:09:20] production.INFO: TTS speak started {"call_control_id":"v3:SMW3FWzbaAxGCJDEUQwZN8Ad-SXpDC-kSZ6qzUsKJuON3Pr3iwp2Tg"} 
[2026-04-04 03:09:32] production.INFO: Telnyx voice webhook received {"event_type":"call.speak.ended","call_control_id":"v3:SMW3FWzbaAxGCJDEUQwZN8Ad-SXpDC-kSZ6qzUsKJuON3Pr3iwp2Tg","direction":null} 
[2026-04-04 03:09:32] production.INFO: handleCallSpeakEnded ENTRY {"call_control_id":"v3:SMW3FWzbaAxGCJDEUQwZN8Ad-SXpDC-kSZ6qzUsKJuON3Pr3iwp2Tg","action":"caller_waiting","client_state":{"action":"caller_waiting","call_log_id":583},"client_state_raw_present":true} 
[2026-04-04 03:09:33] production.INFO: Telnyx voice webhook received {"event_type":"call.gather.ended","call_control_id":"v3:SMW3FWzbaAxGCJDEUQwZN8Ad-SXpDC-kSZ6qzUsKJuON3Pr3iwp2Tg","direction":null} 
[2026-04-04 03:09:34] production.INFO: Telnyx voice webhook received {"event_type":"call.hangup","call_control_id":"v3:SMW3FWzbaAxGCJDEUQwZN8Ad-SXpDC-kSZ6qzUsKJuON3Pr3iwp2Tg","direction":null} 
[2026-04-04 03:09:34] production.INFO: Call ended {"call_control_id":"v3:SMW3FWzbaAxGCJDEUQwZN8Ad-SXpDC-kSZ6qzUsKJuON3Pr3iwp2Tg","status":"missed","hangup_cause":"normal_clearing","duration":19.482867} 
[2026-04-04 03:09:37] production.INFO: Telnyx voice webhook received {"event_type":"call.initiated","call_control_id":"v3:cuWz-8q2BqYRja5VglhS65ApCb84wrBJx7HPssci6NngQj8keCP-2A","direction":"incoming"} 
[2026-04-04 03:09:37] production.WARNING: ipqualityscore lookup failed {"phone":"+18472123894","message":"You have insufficient credits to make this query. Please contact IPQualityScore support if this error persists."} 
[2026-04-04 03:09:37] production.INFO: Incoming call - answering {"call_control_id":"v3:cuWz-8q2BqYRja5VglhS65ApCb84wrBJx7HPssci6NngQj8keCP-2A","from":"+18472123894","to":"+12247354200","caller_user_id":null,"caller_name":"GRZEGORZ SZADY"} 
[2026-04-04 03:09:38] production.INFO: Call command sent: answer {"call_control_id":"v3:cuWz-8q2BqYRja5VglhS65ApCb84wrBJx7HPssci6NngQj8keCP-2A","result":"ok"} 
[2026-04-04 03:09:38] production.INFO: Telnyx voice webhook received {"event_type":"call.answered","call_control_id":"v3:cuWz-8q2BqYRja5VglhS65ApCb84wrBJx7HPssci6NngQj8keCP-2A","direction":null} 
[2026-04-04 03:09:38] production.INFO: Playing welcome TTS and dialing admins simultaneously {"call_control_id":"v3:cuWz-8q2BqYRja5VglhS65ApCb84wrBJx7HPssci6NngQj8keCP-2A","tts":"Good evening! Thanks for calling GS Construction. One moment while we connect you to the GS Crew."} 
[2026-04-04 03:09:38] production.DEBUG: Push notification delivered {"endpoint":"https://web.push.apple.com/QDkJcfxcMRPW4uLNUaYZ21nDUMJHCJ-cyja1FMQcNEv6qKbL-ec_s…","status":201} 
[2026-04-04 03:09:38] production.DEBUG: Push notification delivered {"endpoint":"https://fcm.googleapis.com/fcm/send/cYR-NIq4nms:APA91bEppjWa7ZIrYxviNuWljHyZ7qnu…","status":201} 
[2026-04-04 03:09:38] production.INFO: Call command sent: speak {"call_control_id":"v3:cuWz-8q2BqYRja5VglhS65ApCb84wrBJx7HPssci6NngQj8keCP-2A","result":"ok"} 
[2026-04-04 03:09:38] production.INFO: Dialed admin {"admin_user_id":1,"admin_name":"Patryk Szady","phone":"+12249993880","admin_call_control_id":"v3:p42ZK-zTrEFp8AOgugQls5dsbqQNfhk3dCdly8dv1pB4wWqIYtYA7Q"} 
[2026-04-04 03:09:38] production.INFO: Telnyx voice webhook received {"event_type":"call.initiated","call_control_id":"v3:p42ZK-zTrEFp8AOgugQls5dsbqQNfhk3dCdly8dv1pB4wWqIYtYA7Q","direction":"outgoing"} 
[2026-04-04 03:09:38] production.INFO: Outbound call initiated {"call_control_id":"v3:p42ZK-zTrEFp8AOgugQls5dsbqQNfhk3dCdly8dv1pB4wWqIYtYA7Q","to":"+12249993880"} 
[2026-04-04 03:09:38] production.INFO: Telnyx voice webhook received {"event_type":"call.speak.started","call_control_id":"v3:cuWz-8q2BqYRja5VglhS65ApCb84wrBJx7HPssci6NngQj8keCP-2A","direction":null} 
[2026-04-04 03:09:38] production.INFO: TTS speak started {"call_control_id":"v3:cuWz-8q2BqYRja5VglhS65ApCb84wrBJx7HPssci6NngQj8keCP-2A"} 
[2026-04-04 03:09:45] production.INFO: Telnyx voice webhook received {"event_type":"call.speak.ended","call_control_id":"v3:cuWz-8q2BqYRja5VglhS65ApCb84wrBJx7HPssci6NngQj8keCP-2A","direction":null} 
[2026-04-04 03:09:45] production.INFO: handleCallSpeakEnded ENTRY {"call_control_id":"v3:cuWz-8q2BqYRja5VglhS65ApCb84wrBJx7HPssci6NngQj8keCP-2A","action":"welcome_done","client_state":{"action":"welcome_done","call_log_id":584,"original_caller":"+18472123894"},"client_state_raw_present":true} 
[2026-04-04 03:09:45] production.INFO: TTS completed — no admin answered yet, playing ringback {"call_control_id":"v3:cuWz-8q2BqYRja5VglhS65ApCb84wrBJx7HPssci6NngQj8keCP-2A","call_log_id":584} 
[2026-04-04 03:09:45] production.INFO: Call command sent: playback_start {"call_control_id":"v3:cuWz-8q2BqYRja5VglhS65ApCb84wrBJx7HPssci6NngQj8keCP-2A","result":"ok"} 
[2026-04-04 03:09:46] production.INFO: Telnyx voice webhook received {"event_type":"call.playback.started","call_control_id":"v3:cuWz-8q2BqYRja5VglhS65ApCb84wrBJx7HPssci6NngQj8keCP-2A","direction":null} 
[2026-04-04 03:09:46] production.INFO: Unhandled voice event {"event_type":"call.playback.started"} 
[2026-04-04 03:09:49] production.INFO: Telnyx voice webhook received {"event_type":"call.answered","call_control_id":"v3:p42ZK-zTrEFp8AOgugQls5dsbqQNfhk3dCdly8dv1pB4wWqIYtYA7Q","direction":null} 
[2026-04-04 03:09:49] production.INFO: Admin answered — holding for AMD confirmation {"admin_call_control_id":"v3:p42ZK-zTrEFp8AOgugQls5dsbqQNfhk3dCdly8dv1pB4wWqIYtYA7Q","incoming_call_control_id":"v3:cuWz-8q2BqYRja5VglhS65ApCb84wrBJx7HPssci6NngQj8keCP-2A","call_log_id":584,"admin_user_id":1} 
[2026-04-04 03:09:49] production.INFO: Call command sent: playback_start {"call_control_id":"v3:p42ZK-zTrEFp8AOgugQls5dsbqQNfhk3dCdly8dv1pB4wWqIYtYA7Q","result":"ok"} 
[2026-04-04 03:09:49] production.INFO: Telnyx voice webhook received {"event_type":"call.playback.started","call_control_id":"v3:p42ZK-zTrEFp8AOgugQls5dsbqQNfhk3dCdly8dv1pB4wWqIYtYA7Q","direction":null} 
[2026-04-04 03:09:49] production.INFO: Unhandled voice event {"event_type":"call.playback.started"} 
[2026-04-04 03:09:51] production.INFO: Telnyx voice webhook received {"event_type":"call.machine.detection.ended","call_control_id":"v3:p42ZK-zTrEFp8AOgugQls5dsbqQNfhk3dCdly8dv1pB4wWqIYtYA7Q","direction":null} 
[2026-04-04 03:09:51] production.INFO: AMD ended {"call_control_id":"v3:p42ZK-zTrEFp8AOgugQls5dsbqQNfhk3dCdly8dv1pB4wWqIYtYA7Q","result":"machine","action":"admin_waiting_for_amd"} 
[2026-04-04 03:09:51] production.INFO: AMD detected voicemail on admin leg — hanging up {"call_control_id":"v3:p42ZK-zTrEFp8AOgugQls5dsbqQNfhk3dCdly8dv1pB4wWqIYtYA7Q","result":"machine","call_log_id":584} 
[2026-04-04 03:09:51] production.INFO: Call command sent: hangup {"call_control_id":"v3:p42ZK-zTrEFp8AOgugQls5dsbqQNfhk3dCdly8dv1pB4wWqIYtYA7Q","result":"ok"} 
[2026-04-04 03:09:51] production.INFO: Telnyx voice webhook received {"event_type":"call.playback.ended","call_control_id":"v3:p42ZK-zTrEFp8AOgugQls5dsbqQNfhk3dCdly8dv1pB4wWqIYtYA7Q","direction":null} 
[2026-04-04 03:09:51] production.ERROR: Call command failed: playback_start {"call_control_id":"v3:p42ZK-zTrEFp8AOgugQls5dsbqQNfhk3dCdly8dv1pB4wWqIYtYA7Q","status":422,"error":{"errors":[{"code":"90018","title":"Call has already ended","detail":"This call is no longer active and can't receive commands."}]}} 
[2026-04-04 03:09:51] production.INFO: Telnyx voice webhook received {"event_type":"call.hangup","call_control_id":"v3:p42ZK-zTrEFp8AOgugQls5dsbqQNfhk3dCdly8dv1pB4wWqIYtYA7Q","direction":null} 
[2026-04-04 03:09:51] production.INFO: Admin ring leg hung up {"admin_call_control_id":"v3:p42ZK-zTrEFp8AOgugQls5dsbqQNfhk3dCdly8dv1pB4wWqIYtYA7Q","hangup_cause":"normal_clearing","call_log_id":584} 
[2026-04-04 03:09:51] production.INFO: All admin legs failed — triggering voicemail {"incoming_call_control_id":"v3:cuWz-8q2BqYRja5VglhS65ApCb84wrBJx7HPssci6NngQj8keCP-2A","call_log_id":584} 
[2026-04-04 03:09:51] production.INFO: Call command sent: playback_stop {"call_control_id":"v3:cuWz-8q2BqYRja5VglhS65ApCb84wrBJx7HPssci6NngQj8keCP-2A","result":"ok"} 
[2026-04-04 03:09:51] production.INFO: Playing voicemail IVR menu {"call_control_id":"v3:cuWz-8q2BqYRja5VglhS65ApCb84wrBJx7HPssci6NngQj8keCP-2A","call_log_id":584,"ivr_prompt":"GS Construction is not available right now. Press 2 to send a text on your behalf so the GS Crew knows to call you back ASAP. Stay on the line to leave a voicemail.","is_known_caller":false} 
[2026-04-04 03:09:51] production.INFO: Telnyx voice webhook received {"event_type":"call.playback.ended","call_control_id":"v3:cuWz-8q2BqYRja5VglhS65ApCb84wrBJx7HPssci6NngQj8keCP-2A","direction":null} 
[2026-04-04 03:09:52] production.INFO: Call command sent: gather_using_speak {"call_control_id":"v3:cuWz-8q2BqYRja5VglhS65ApCb84wrBJx7HPssci6NngQj8keCP-2A","result":"ok"} 
[2026-04-04 03:09:57] production.INFO: Telnyx voice webhook received {"event_type":"call.gather.ended","call_control_id":"v3:cuWz-8q2BqYRja5VglhS65ApCb84wrBJx7HPssci6NngQj8keCP-2A","direction":null} 
[2026-04-04 03:09:57] production.INFO: IVR gather ended {"call_control_id":"v3:cuWz-8q2BqYRja5VglhS65ApCb84wrBJx7HPssci6NngQj8keCP-2A","digits":"","call_log_id":584} 
[2026-04-04 03:09:57] production.INFO: IVR: no digit pressed — playing voicemail greeting {"call_control_id":"v3:cuWz-8q2BqYRja5VglhS65ApCb84wrBJx7HPssci6NngQj8keCP-2A"} 
[2026-04-04 03:09:57] production.INFO: Call command sent: speak {"call_control_id":"v3:cuWz-8q2BqYRja5VglhS65ApCb84wrBJx7HPssci6NngQj8keCP-2A","result":"ok"} 
[2026-04-04 03:09:58] production.INFO: Telnyx voice webhook received {"event_type":"call.speak.started","call_control_id":"v3:cuWz-8q2BqYRja5VglhS65ApCb84wrBJx7HPssci6NngQj8keCP-2A","direction":null} 
[2026-04-04 03:09:58] production.INFO: TTS speak started {"call_control_id":"v3:cuWz-8q2BqYRja5VglhS65ApCb84wrBJx7HPssci6NngQj8keCP-2A"} 
[2026-04-04 03:10:04] production.INFO: Telnyx voice webhook received {"event_type":"call.speak.ended","call_control_id":"v3:cuWz-8q2BqYRja5VglhS65ApCb84wrBJx7HPssci6NngQj8keCP-2A","direction":null} 
[2026-04-04 03:10:04] production.INFO: handleCallSpeakEnded ENTRY {"call_control_id":"v3:cuWz-8q2BqYRja5VglhS65ApCb84wrBJx7HPssci6NngQj8keCP-2A","action":"voicemail_prompt_done","client_state":{"action":"voicemail_prompt_done","call_log_id":584},"client_state_raw_present":true} 
[2026-04-04 03:10:04] production.INFO: Voicemail prompt done — starting recording {"call_control_id":"v3:cuWz-8q2BqYRja5VglhS65ApCb84wrBJx7HPssci6NngQj8keCP-2A"} 
[2026-04-04 03:10:04] production.INFO: Telnyx voice webhook received {"event_type":"call.hangup","call_control_id":"v3:cuWz-8q2BqYRja5VglhS65ApCb84wrBJx7HPssci6NngQj8keCP-2A","direction":null} 
[2026-04-04 03:10:04] production.INFO: Call ended {"call_control_id":"v3:cuWz-8q2BqYRja5VglhS65ApCb84wrBJx7HPssci6NngQj8keCP-2A","status":"missed","hangup_cause":"normal_clearing","duration":26.673479} 
[2026-04-04 03:10:04] production.ERROR: Call command failed: record_start {"call_control_id":"v3:cuWz-8q2BqYRja5VglhS65ApCb84wrBJx7HPssci6NngQj8keCP-2A","status":422,"error":{"errors":[{"code":"90018","title":"Call has already ended","detail":"This call is no longer active and can't receive commands."}]}} 
[2026-04-04 03:10:31] production.INFO: Telnyx voice webhook received {"event_type":"call.initiated","call_control_id":"v3:azwJul60yJHQvxlRvWrPyvhsBYroJ9-8x5gziB8kSCHfV54E9Nu10Q","direction":"incoming"} 
[2026-04-04 03:10:32] production.WARNING: ipqualityscore lookup failed {"phone":"+18472123894","message":"You have insufficient credits to make this query. Please contact IPQualityScore support if this error persists."} 
[2026-04-04 03:10:32] production.INFO: Incoming call - answering {"call_control_id":"v3:azwJul60yJHQvxlRvWrPyvhsBYroJ9-8x5gziB8kSCHfV54E9Nu10Q","from":"+18472123894","to":"+12247354200","caller_user_id":null,"caller_name":"GRZEGORZ SZADY"} 
[2026-04-04 03:10:32] production.INFO: Call command sent: answer {"call_control_id":"v3:azwJul60yJHQvxlRvWrPyvhsBYroJ9-8x5gziB8kSCHfV54E9Nu10Q","result":"ok"} 
[2026-04-04 03:10:32] production.INFO: Telnyx voice webhook received {"event_type":"call.answered","call_control_id":"v3:azwJul60yJHQvxlRvWrPyvhsBYroJ9-8x5gziB8kSCHfV54E9Nu10Q","direction":null} 
[2026-04-04 03:10:32] production.INFO: Playing welcome TTS and dialing admins simultaneously {"call_control_id":"v3:azwJul60yJHQvxlRvWrPyvhsBYroJ9-8x5gziB8kSCHfV54E9Nu10Q","tts":"Good evening! Thanks for calling GS Construction. One moment while we connect you to the GS Crew."} 
[2026-04-04 03:10:32] production.DEBUG: Push notification delivered {"endpoint":"https://web.push.apple.com/QDkJcfxcMRPW4uLNUaYZ21nDUMJHCJ-cyja1FMQcNEv6qKbL-ec_s…","status":201} 
[2026-04-04 03:10:32] production.DEBUG: Push notification delivered {"endpoint":"https://fcm.googleapis.com/fcm/send/cYR-NIq4nms:APA91bEppjWa7ZIrYxviNuWljHyZ7qnu…","status":201} 
[2026-04-04 03:10:32] production.INFO: Call command sent: speak {"call_control_id":"v3:azwJul60yJHQvxlRvWrPyvhsBYroJ9-8x5gziB8kSCHfV54E9Nu10Q","result":"ok"} 
[2026-04-04 03:10:33] production.INFO: Telnyx voice webhook received {"event_type":"call.initiated","call_control_id":"v3:Qd7-w8IRF-wS4tKO08UMrGhiVn2Kk3KU_70dYPqv1iFvpft295-4Pg","direction":"outgoing"} 
[2026-04-04 03:10:33] production.INFO: Outbound call initiated {"call_control_id":"v3:Qd7-w8IRF-wS4tKO08UMrGhiVn2Kk3KU_70dYPqv1iFvpft295-4Pg","to":"+12249993880"} 
[2026-04-04 03:10:33] production.INFO: Telnyx voice webhook received {"event_type":"call.speak.started","call_control_id":"v3:azwJul60yJHQvxlRvWrPyvhsBYroJ9-8x5gziB8kSCHfV54E9Nu10Q","direction":null} 
[2026-04-04 03:10:33] production.INFO: TTS speak started {"call_control_id":"v3:azwJul60yJHQvxlRvWrPyvhsBYroJ9-8x5gziB8kSCHfV54E9Nu10Q"} 
[2026-04-04 03:10:33] production.INFO: Dialed admin {"admin_user_id":1,"admin_name":"Patryk Szady","phone":"+12249993880","admin_call_control_id":"v3:Qd7-w8IRF-wS4tKO08UMrGhiVn2Kk3KU_70dYPqv1iFvpft295-4Pg"} 
[2026-04-04 03:10:40] production.INFO: Telnyx voice webhook received {"event_type":"call.speak.ended","call_control_id":"v3:azwJul60yJHQvxlRvWrPyvhsBYroJ9-8x5gziB8kSCHfV54E9Nu10Q","direction":null} 
[2026-04-04 03:10:40] production.INFO: handleCallSpeakEnded ENTRY {"call_control_id":"v3:azwJul60yJHQvxlRvWrPyvhsBYroJ9-8x5gziB8kSCHfV54E9Nu10Q","action":"welcome_done","client_state":{"action":"welcome_done","call_log_id":585,"original_caller":"+18472123894"},"client_state_raw_present":true} 
[2026-04-04 03:10:40] production.INFO: TTS completed — no admin answered yet, playing ringback {"call_control_id":"v3:azwJul60yJHQvxlRvWrPyvhsBYroJ9-8x5gziB8kSCHfV54E9Nu10Q","call_log_id":585} 
[2026-04-04 03:10:40] production.INFO: Call command sent: playback_start {"call_control_id":"v3:azwJul60yJHQvxlRvWrPyvhsBYroJ9-8x5gziB8kSCHfV54E9Nu10Q","result":"ok"} 
[2026-04-04 03:10:40] production.INFO: Telnyx voice webhook received {"event_type":"call.playback.started","call_control_id":"v3:azwJul60yJHQvxlRvWrPyvhsBYroJ9-8x5gziB8kSCHfV54E9Nu10Q","direction":null} 
[2026-04-04 03:10:40] production.INFO: Unhandled voice event {"event_type":"call.playback.started"} 
[2026-04-04 03:10:50] production.INFO: Telnyx voice webhook received {"event_type":"call.answered","call_control_id":"v3:Qd7-w8IRF-wS4tKO08UMrGhiVn2Kk3KU_70dYPqv1iFvpft295-4Pg","direction":null} 
[2026-04-04 03:10:50] production.INFO: Admin answered — holding for AMD confirmation {"admin_call_control_id":"v3:Qd7-w8IRF-wS4tKO08UMrGhiVn2Kk3KU_70dYPqv1iFvpft295-4Pg","incoming_call_control_id":"v3:azwJul60yJHQvxlRvWrPyvhsBYroJ9-8x5gziB8kSCHfV54E9Nu10Q","call_log_id":585,"admin_user_id":1} 
[2026-04-04 03:10:50] production.INFO: Call command sent: playback_start {"call_control_id":"v3:Qd7-w8IRF-wS4tKO08UMrGhiVn2Kk3KU_70dYPqv1iFvpft295-4Pg","result":"ok"} 
[2026-04-04 03:10:51] production.INFO: Telnyx voice webhook received {"event_type":"call.playback.started","call_control_id":"v3:Qd7-w8IRF-wS4tKO08UMrGhiVn2Kk3KU_70dYPqv1iFvpft295-4Pg","direction":null} 
[2026-04-04 03:10:51] production.INFO: Unhandled voice event {"event_type":"call.playback.started"} 
[2026-04-04 03:10:55] production.INFO: Telnyx voice webhook received {"event_type":"call.machine.detection.ended","call_control_id":"v3:Qd7-w8IRF-wS4tKO08UMrGhiVn2Kk3KU_70dYPqv1iFvpft295-4Pg","direction":null} 
[2026-04-04 03:10:55] production.INFO: AMD ended {"call_control_id":"v3:Qd7-w8IRF-wS4tKO08UMrGhiVn2Kk3KU_70dYPqv1iFvpft295-4Pg","result":"machine","action":"admin_waiting_for_amd"} 
[2026-04-04 03:10:55] production.INFO: AMD detected voicemail on admin leg — hanging up {"call_control_id":"v3:Qd7-w8IRF-wS4tKO08UMrGhiVn2Kk3KU_70dYPqv1iFvpft295-4Pg","result":"machine","call_log_id":585} 
[2026-04-04 03:10:55] production.INFO: Call command sent: hangup {"call_control_id":"v3:Qd7-w8IRF-wS4tKO08UMrGhiVn2Kk3KU_70dYPqv1iFvpft295-4Pg","result":"ok"} 
[2026-04-04 03:10:56] production.INFO: Telnyx voice webhook received {"event_type":"call.hangup","call_control_id":"v3:Qd7-w8IRF-wS4tKO08UMrGhiVn2Kk3KU_70dYPqv1iFvpft295-4Pg","direction":null} 
[2026-04-04 03:10:56] production.INFO: Admin ring leg hung up {"admin_call_control_id":"v3:Qd7-w8IRF-wS4tKO08UMrGhiVn2Kk3KU_70dYPqv1iFvpft295-4Pg","hangup_cause":"normal_clearing","call_log_id":585} 
[2026-04-04 03:10:56] production.INFO: All admin legs failed — triggering voicemail {"incoming_call_control_id":"v3:azwJul60yJHQvxlRvWrPyvhsBYroJ9-8x5gziB8kSCHfV54E9Nu10Q","call_log_id":585} 
[2026-04-04 03:10:56] production.INFO: Telnyx voice webhook received {"event_type":"call.playback.ended","call_control_id":"v3:Qd7-w8IRF-wS4tKO08UMrGhiVn2Kk3KU_70dYPqv1iFvpft295-4Pg","direction":null} 
[2026-04-04 03:10:56] production.ERROR: Call command failed: playback_start {"call_control_id":"v3:Qd7-w8IRF-wS4tKO08UMrGhiVn2Kk3KU_70dYPqv1iFvpft295-4Pg","status":422,"error":{"errors":[{"code":"90018","title":"Call has already ended","detail":"This call is no longer active and can't receive commands."}]}} 
[2026-04-04 03:10:56] production.INFO: Call command sent: playback_stop {"call_control_id":"v3:azwJul60yJHQvxlRvWrPyvhsBYroJ9-8x5gziB8kSCHfV54E9Nu10Q","result":"ok"} 
[2026-04-04 03:10:56] production.INFO: Playing voicemail IVR menu {"call_control_id":"v3:azwJul60yJHQvxlRvWrPyvhsBYroJ9-8x5gziB8kSCHfV54E9Nu10Q","call_log_id":585,"ivr_prompt":"GS Construction is not available right now. Press 2 to send a text on your behalf so the GS Crew knows to call you back ASAP. Stay on the line to leave a voicemail.","is_known_caller":false} 
[2026-04-04 03:10:56] production.INFO: Telnyx voice webhook received {"event_type":"call.playback.ended","call_control_id":"v3:azwJul60yJHQvxlRvWrPyvhsBYroJ9-8x5gziB8kSCHfV54E9Nu10Q","direction":null} 
[2026-04-04 03:10:56] production.INFO: Call command sent: gather_using_speak {"call_control_id":"v3:azwJul60yJHQvxlRvWrPyvhsBYroJ9-8x5gziB8kSCHfV54E9Nu10Q","result":"ok"} 
[2026-04-04 03:11:02] production.INFO: Telnyx voice webhook received {"event_type":"call.gather.ended","call_control_id":"v3:azwJul60yJHQvxlRvWrPyvhsBYroJ9-8x5gziB8kSCHfV54E9Nu10Q","direction":null} 
[2026-04-04 03:11:02] production.INFO: IVR gather ended {"call_control_id":"v3:azwJul60yJHQvxlRvWrPyvhsBYroJ9-8x5gziB8kSCHfV54E9Nu10Q","digits":"","call_log_id":585} 
[2026-04-04 03:11:02] production.INFO: IVR: no digit pressed — playing voicemail greeting {"call_control_id":"v3:azwJul60yJHQvxlRvWrPyvhsBYroJ9-8x5gziB8kSCHfV54E9Nu10Q"} 
[2026-04-04 03:11:02] production.INFO: Call command sent: speak {"call_control_id":"v3:azwJul60yJHQvxlRvWrPyvhsBYroJ9-8x5gziB8kSCHfV54E9Nu10Q","result":"ok"} 
[2026-04-04 03:11:02] production.INFO: Telnyx voice webhook received {"event_type":"call.speak.started","call_control_id":"v3:azwJul60yJHQvxlRvWrPyvhsBYroJ9-8x5gziB8kSCHfV54E9Nu10Q","direction":null} 
[2026-04-04 03:11:02] production.INFO: TTS speak started {"call_control_id":"v3:azwJul60yJHQvxlRvWrPyvhsBYroJ9-8x5gziB8kSCHfV54E9Nu10Q"} 
[2026-04-04 03:11:11] production.INFO: Telnyx voice webhook received {"event_type":"call.speak.ended","call_control_id":"v3:azwJul60yJHQvxlRvWrPyvhsBYroJ9-8x5gziB8kSCHfV54E9Nu10Q","direction":null} 
[2026-04-04 03:11:11] production.INFO: handleCallSpeakEnded ENTRY {"call_control_id":"v3:azwJul60yJHQvxlRvWrPyvhsBYroJ9-8x5gziB8kSCHfV54E9Nu10Q","action":"voicemail_prompt_done","client_state":{"action":"voicemail_prompt_done","call_log_id":585},"client_state_raw_present":true} 
[2026-04-04 03:11:11] production.INFO: Voicemail prompt done — starting recording {"call_control_id":"v3:azwJul60yJHQvxlRvWrPyvhsBYroJ9-8x5gziB8kSCHfV54E9Nu10Q"} 
[2026-04-04 03:11:11] production.INFO: Call command sent: record_start {"call_control_id":"v3:azwJul60yJHQvxlRvWrPyvhsBYroJ9-8x5gziB8kSCHfV54E9Nu10Q","result":"ok"} 
[2026-04-04 03:11:13] production.INFO: Telnyx voice webhook received {"event_type":"call.hangup","call_control_id":"v3:azwJul60yJHQvxlRvWrPyvhsBYroJ9-8x5gziB8kSCHfV54E9Nu10Q","direction":null} 
[2026-04-04 03:11:13] production.INFO: Voicemail call ended {"call_control_id":"v3:azwJul60yJHQvxlRvWrPyvhsBYroJ9-8x5gziB8kSCHfV54E9Nu10Q","call_log_id":585} 
[2026-04-04 03:11:17] production.INFO: Telnyx voice webhook received {"event_type":"call.initiated","call_control_id":"v3:eg49AP8gfaj_GmwoQZgN-SuSksVPaCJbp53V0i-E1iFH1ZzGKC71Yg","direction":"incoming"} 
[2026-04-04 03:11:17] production.WARNING: ipqualityscore lookup failed {"phone":"+18472123894","message":"You have insufficient credits to make this query. Please contact IPQualityScore support if this error persists."} 
[2026-04-04 03:11:17] production.INFO: Incoming call - answering {"call_control_id":"v3:eg49AP8gfaj_GmwoQZgN-SuSksVPaCJbp53V0i-E1iFH1ZzGKC71Yg","from":"+18472123894","to":"+12247354200","caller_user_id":null,"caller_name":"GRZEGORZ SZADY"} 
[2026-04-04 03:11:17] production.INFO: Call command sent: answer {"call_control_id":"v3:eg49AP8gfaj_GmwoQZgN-SuSksVPaCJbp53V0i-E1iFH1ZzGKC71Yg","result":"ok"} 
[2026-04-04 03:11:17] production.INFO: Telnyx voice webhook received {"event_type":"call.answered","call_control_id":"v3:eg49AP8gfaj_GmwoQZgN-SuSksVPaCJbp53V0i-E1iFH1ZzGKC71Yg","direction":null} 
[2026-04-04 03:11:17] production.INFO: Playing welcome TTS and dialing admins simultaneously {"call_control_id":"v3:eg49AP8gfaj_GmwoQZgN-SuSksVPaCJbp53V0i-E1iFH1ZzGKC71Yg","tts":"Good evening! Thanks for calling GS Construction. One moment while we connect you to the GS Crew."} 
[2026-04-04 03:11:17] production.DEBUG: Push notification delivered {"endpoint":"https://web.push.apple.com/QDkJcfxcMRPW4uLNUaYZ21nDUMJHCJ-cyja1FMQcNEv6qKbL-ec_s…","status":201} 
[2026-04-04 03:11:17] production.DEBUG: Push notification delivered {"endpoint":"https://fcm.googleapis.com/fcm/send/cYR-NIq4nms:APA91bEppjWa7ZIrYxviNuWljHyZ7qnu…","status":201} 
[2026-04-04 03:11:17] production.INFO: Call command sent: speak {"call_control_id":"v3:eg49AP8gfaj_GmwoQZgN-SuSksVPaCJbp53V0i-E1iFH1ZzGKC71Yg","result":"ok"} 
[2026-04-04 03:11:18] production.INFO: Telnyx voice webhook received {"event_type":"call.speak.started","call_control_id":"v3:eg49AP8gfaj_GmwoQZgN-SuSksVPaCJbp53V0i-E1iFH1ZzGKC71Yg","direction":null} 
[2026-04-04 03:11:18] production.INFO: TTS speak started {"call_control_id":"v3:eg49AP8gfaj_GmwoQZgN-SuSksVPaCJbp53V0i-E1iFH1ZzGKC71Yg"} 
[2026-04-04 03:11:18] production.INFO: Dialed admin {"admin_user_id":1,"admin_name":"Patryk Szady","phone":"+12249993880","admin_call_control_id":"v3:e308eYalpQZ3W2bDdC_j48e4sVEsKlBCijk_7O-AFChz7RoAceH4Bg"} 
[2026-04-04 03:11:18] production.INFO: Telnyx voice webhook received {"event_type":"call.initiated","call_control_id":"v3:e308eYalpQZ3W2bDdC_j48e4sVEsKlBCijk_7O-AFChz7RoAceH4Bg","direction":"outgoing"} 
[2026-04-04 03:11:18] production.INFO: Outbound call initiated {"call_control_id":"v3:e308eYalpQZ3W2bDdC_j48e4sVEsKlBCijk_7O-AFChz7RoAceH4Bg","to":"+12249993880"} 
[2026-04-04 03:11:24] production.INFO: Telnyx voice webhook received {"event_type":"call.speak.ended","call_control_id":"v3:eg49AP8gfaj_GmwoQZgN-SuSksVPaCJbp53V0i-E1iFH1ZzGKC71Yg","direction":null} 
[2026-04-04 03:11:24] production.INFO: handleCallSpeakEnded ENTRY {"call_control_id":"v3:eg49AP8gfaj_GmwoQZgN-SuSksVPaCJbp53V0i-E1iFH1ZzGKC71Yg","action":"welcome_done","client_state":{"action":"welcome_done","call_log_id":586,"original_caller":"+18472123894"},"client_state_raw_present":true} 
[2026-04-04 03:11:24] production.INFO: TTS completed — no admin answered yet, playing ringback {"call_control_id":"v3:eg49AP8gfaj_GmwoQZgN-SuSksVPaCJbp53V0i-E1iFH1ZzGKC71Yg","call_log_id":586} 
[2026-04-04 03:11:24] production.INFO: Call command sent: playback_start {"call_control_id":"v3:eg49AP8gfaj_GmwoQZgN-SuSksVPaCJbp53V0i-E1iFH1ZzGKC71Yg","result":"ok"} 
[2026-04-04 03:11:25] production.INFO: Telnyx voice webhook received {"event_type":"call.playback.started","call_control_id":"v3:eg49AP8gfaj_GmwoQZgN-SuSksVPaCJbp53V0i-E1iFH1ZzGKC71Yg","direction":null} 
[2026-04-04 03:11:25] production.INFO: Unhandled voice event {"event_type":"call.playback.started"} 
[2026-04-04 03:11:26] production.INFO: Telnyx voice webhook received {"event_type":"call.answered","call_control_id":"v3:e308eYalpQZ3W2bDdC_j48e4sVEsKlBCijk_7O-AFChz7RoAceH4Bg","direction":null} 
[2026-04-04 03:11:26] production.INFO: Admin answered — holding for AMD confirmation {"admin_call_control_id":"v3:e308eYalpQZ3W2bDdC_j48e4sVEsKlBCijk_7O-AFChz7RoAceH4Bg","incoming_call_control_id":"v3:eg49AP8gfaj_GmwoQZgN-SuSksVPaCJbp53V0i-E1iFH1ZzGKC71Yg","call_log_id":586,"admin_user_id":1} 
[2026-04-04 03:11:26] production.INFO: Call command sent: playback_start {"call_control_id":"v3:e308eYalpQZ3W2bDdC_j48e4sVEsKlBCijk_7O-AFChz7RoAceH4Bg","result":"ok"} 
[2026-04-04 03:11:26] production.INFO: Telnyx voice webhook received {"event_type":"call.playback.started","call_control_id":"v3:e308eYalpQZ3W2bDdC_j48e4sVEsKlBCijk_7O-AFChz7RoAceH4Bg","direction":null} 
[2026-04-04 03:11:26] production.INFO: Unhandled voice event {"event_type":"call.playback.started"} 
[2026-04-04 03:11:27] production.INFO: Telnyx voice webhook received {"event_type":"call.machine.detection.ended","call_control_id":"v3:e308eYalpQZ3W2bDdC_j48e4sVEsKlBCijk_7O-AFChz7RoAceH4Bg","direction":null} 
[2026-04-04 03:11:27] production.INFO: AMD ended {"call_control_id":"v3:e308eYalpQZ3W2bDdC_j48e4sVEsKlBCijk_7O-AFChz7RoAceH4Bg","result":"machine","action":"admin_waiting_for_amd"} 
[2026-04-04 03:11:27] production.INFO: AMD detected voicemail on admin leg — hanging up {"call_control_id":"v3:e308eYalpQZ3W2bDdC_j48e4sVEsKlBCijk_7O-AFChz7RoAceH4Bg","result":"machine","call_log_id":586} 
[2026-04-04 03:11:27] production.INFO: Call command sent: hangup {"call_control_id":"v3:e308eYalpQZ3W2bDdC_j48e4sVEsKlBCijk_7O-AFChz7RoAceH4Bg","result":"ok"} 
[2026-04-04 03:11:27] production.INFO: Telnyx voice webhook received {"event_type":"call.playback.ended","call_control_id":"v3:e308eYalpQZ3W2bDdC_j48e4sVEsKlBCijk_7O-AFChz7RoAceH4Bg","direction":null} 
[2026-04-04 03:11:27] production.INFO: Call command sent: playback_start {"call_control_id":"v3:e308eYalpQZ3W2bDdC_j48e4sVEsKlBCijk_7O-AFChz7RoAceH4Bg","result":"ok"} 
[2026-04-04 03:11:27] production.INFO: Telnyx voice webhook received {"event_type":"call.playback.ended","call_control_id":"v3:e308eYalpQZ3W2bDdC_j48e4sVEsKlBCijk_7O-AFChz7RoAceH4Bg","direction":null} 
[2026-04-04 03:11:27] production.INFO: Telnyx voice webhook received {"event_type":"call.hangup","call_control_id":"v3:e308eYalpQZ3W2bDdC_j48e4sVEsKlBCijk_7O-AFChz7RoAceH4Bg","direction":null} 
[2026-04-04 03:11:27] production.INFO: Admin ring leg hung up {"admin_call_control_id":"v3:e308eYalpQZ3W2bDdC_j48e4sVEsKlBCijk_7O-AFChz7RoAceH4Bg","hangup_cause":"normal_clearing","call_log_id":586} 
[2026-04-04 03:11:27] production.ERROR: Call command failed: playback_start {"call_control_id":"v3:e308eYalpQZ3W2bDdC_j48e4sVEsKlBCijk_7O-AFChz7RoAceH4Bg","status":422,"error":{"errors":[{"code":"90018","title":"Call has already ended","detail":"This call is no longer active and can't receive commands."}]}} 
[2026-04-04 03:11:54] production.INFO: Telnyx voice webhook received {"event_type":"call.playback.ended","call_control_id":"v3:eg49AP8gfaj_GmwoQZgN-SuSksVPaCJbp53V0i-E1iFH1ZzGKC71Yg","direction":null} 
[2026-04-04 03:11:55] production.INFO: Call command sent: playback_start {"call_control_id":"v3:eg49AP8gfaj_GmwoQZgN-SuSksVPaCJbp53V0i-E1iFH1ZzGKC71Yg","result":"ok"} 
[2026-04-04 03:11:55] production.INFO: Telnyx voice webhook received {"event_type":"call.playback.started","call_control_id":"v3:eg49AP8gfaj_GmwoQZgN-SuSksVPaCJbp53V0i-E1iFH1ZzGKC71Yg","direction":null} 
[2026-04-04 03:11:55] production.INFO: Unhandled voice event {"event_type":"call.playback.started"} 
[2026-04-04 03:12:25] production.INFO: Telnyx voice webhook received {"event_type":"call.playback.ended","call_control_id":"v3:eg49AP8gfaj_GmwoQZgN-SuSksVPaCJbp53V0i-E1iFH1ZzGKC71Yg","direction":null} 
[2026-04-04 03:12:25] production.INFO: Call command sent: playback_start {"call_control_id":"v3:eg49AP8gfaj_GmwoQZgN-SuSksVPaCJbp53V0i-E1iFH1ZzGKC71Yg","result":"ok"} 
[2026-04-04 03:12:25] production.INFO: Telnyx voice webhook received {"event_type":"call.playback.started","call_control_id":"v3:eg49AP8gfaj_GmwoQZgN-SuSksVPaCJbp53V0i-E1iFH1ZzGKC71Yg","direction":null} 
[2026-04-04 03:12:25] production.INFO: Unhandled voice event {"event_type":"call.playback.started"} 
[2026-04-04 03:12:48] production.INFO: Telnyx voice webhook received {"event_type":"call.playback.ended","call_control_id":"v3:eg49AP8gfaj_GmwoQZgN-SuSksVPaCJbp53V0i-E1iFH1ZzGKC71Yg","direction":null} 
[2026-04-04 03:12:48] production.INFO: Telnyx voice webhook received {"event_type":"call.hangup","call_control_id":"v3:eg49AP8gfaj_GmwoQZgN-SuSksVPaCJbp53V0i-E1iFH1ZzGKC71Yg","direction":null} 
[2026-04-04 03:12:48] production.INFO: Call ended {"call_control_id":"v3:eg49AP8gfaj_GmwoQZgN-SuSksVPaCJbp53V0i-E1iFH1ZzGKC71Yg","status":"missed","hangup_cause":"normal_clearing","duration":91.482179} 
[2026-04-04 03:12:48] production.INFO: Caller hung up before admin answered — cleaning up admin ring legs {"call_control_id":"v3:eg49AP8gfaj_GmwoQZgN-SuSksVPaCJbp53V0i-E1iFH1ZzGKC71Yg","admin_legs_to_hangup":1} 
[2026-04-04 03:12:48] production.ERROR: Call command failed: playback_start {"call_control_id":"v3:eg49AP8gfaj_GmwoQZgN-SuSksVPaCJbp53V0i-E1iFH1ZzGKC71Yg","status":422,"error":{"errors":[{"code":"90018","title":"Call has already ended","detail":"This call is no longer active and can't receive commands."}]}} 
[2026-04-04 03:12:48] production.ERROR: Call command failed: hangup {"call_control_id":"v3:e308eYalpQZ3W2bDdC_j48e4sVEsKlBCijk_7O-AFChz7RoAceH4Bg","status":422,"error":{"errors":[{"code":"90018","title":"Call has already ended","detail":"This call is no longer active and can't receive commands."}]}} 
[2026-04-04 03:46:26] production.INFO: Telnyx voice webhook received {"event_type":"call.initiated","call_control_id":"v3:5YYa7kVuqG_3h9bHDAbB71iR26w5Ol5O0wsgnjtPGekA9i_oPqgu-Q","direction":"incoming"} 
[2026-04-04 03:46:27] production.WARNING: ipqualityscore lookup failed {"phone":"+18472123894","message":"You have insufficient credits to make this query. Please contact IPQualityScore support if this error persists."} 
[2026-04-04 03:46:27] production.INFO: Incoming call - answering {"call_control_id":"v3:5YYa7kVuqG_3h9bHDAbB71iR26w5Ol5O0wsgnjtPGekA9i_oPqgu-Q","from":"+18472123894","to":"+12247354200","caller_user_id":null,"caller_name":"GRZEGORZ SZADY"} 
[2026-04-04 03:46:27] production.INFO: Call command sent: answer {"call_control_id":"v3:5YYa7kVuqG_3h9bHDAbB71iR26w5Ol5O0wsgnjtPGekA9i_oPqgu-Q","result":"ok"} 
[2026-04-04 03:46:27] production.DEBUG: Push notification delivered {"endpoint":"https://web.push.apple.com/QDkJcfxcMRPW4uLNUaYZ21nDUMJHCJ-cyja1FMQcNEv6qKbL-ec_s…","status":201} 
[2026-04-04 03:46:27] production.DEBUG: Push notification delivered {"endpoint":"https://fcm.googleapis.com/fcm/send/cYR-NIq4nms:APA91bEppjWa7ZIrYxviNuWljHyZ7qnu…","status":201} 
[2026-04-04 03:46:27] production.INFO: Telnyx voice webhook received {"event_type":"call.answered","call_control_id":"v3:5YYa7kVuqG_3h9bHDAbB71iR26w5Ol5O0wsgnjtPGekA9i_oPqgu-Q","direction":null} 
[2026-04-04 03:46:27] production.INFO: Playing welcome TTS and dialing admins simultaneously {"call_control_id":"v3:5YYa7kVuqG_3h9bHDAbB71iR26w5Ol5O0wsgnjtPGekA9i_oPqgu-Q","tts":"Good evening! Thanks for calling GS Construction. One moment while we connect you to the GS Crew."} 
[2026-04-04 03:46:27] production.INFO: Call command sent: speak {"call_control_id":"v3:5YYa7kVuqG_3h9bHDAbB71iR26w5Ol5O0wsgnjtPGekA9i_oPqgu-Q","result":"ok"} 
[2026-04-04 03:46:28] production.INFO: Dialed admin {"admin_user_id":1,"admin_name":"Patryk Szady","phone":"+12249993880","admin_call_control_id":"v3:mH22BJ29e1Vv5YkGm7qQ6lXsDOmEkWTQrKtf0UZ0GumL0ssncP0oPw"} 
[2026-04-04 03:46:28] production.INFO: Telnyx voice webhook received {"event_type":"call.initiated","call_control_id":"v3:mH22BJ29e1Vv5YkGm7qQ6lXsDOmEkWTQrKtf0UZ0GumL0ssncP0oPw","direction":"outgoing"} 
[2026-04-04 03:46:28] production.INFO: Outbound call initiated {"call_control_id":"v3:mH22BJ29e1Vv5YkGm7qQ6lXsDOmEkWTQrKtf0UZ0GumL0ssncP0oPw","to":"+12249993880"} 
[2026-04-04 03:46:28] production.INFO: Telnyx voice webhook received {"event_type":"call.speak.started","call_control_id":"v3:5YYa7kVuqG_3h9bHDAbB71iR26w5Ol5O0wsgnjtPGekA9i_oPqgu-Q","direction":null} 
[2026-04-04 03:46:28] production.INFO: TTS speak started {"call_control_id":"v3:5YYa7kVuqG_3h9bHDAbB71iR26w5Ol5O0wsgnjtPGekA9i_oPqgu-Q"} 
[2026-04-04 03:46:31] production.INFO: Telnyx voice webhook received {"event_type":"call.answered","call_control_id":"v3:mH22BJ29e1Vv5YkGm7qQ6lXsDOmEkWTQrKtf0UZ0GumL0ssncP0oPw","direction":null} 
[2026-04-04 03:46:31] production.INFO: Admin answered — waiting for AMD confirmation {"admin_call_control_id":"v3:mH22BJ29e1Vv5YkGm7qQ6lXsDOmEkWTQrKtf0UZ0GumL0ssncP0oPw","incoming_call_control_id":"v3:5YYa7kVuqG_3h9bHDAbB71iR26w5Ol5O0wsgnjtPGekA9i_oPqgu-Q","call_log_id":587,"admin_user_id":1} 
[2026-04-04 03:46:34] production.INFO: Telnyx voice webhook received {"event_type":"call.machine.detection.ended","call_control_id":"v3:mH22BJ29e1Vv5YkGm7qQ6lXsDOmEkWTQrKtf0UZ0GumL0ssncP0oPw","direction":null} 
[2026-04-04 03:46:34] production.INFO: AMD ended {"call_control_id":"v3:mH22BJ29e1Vv5YkGm7qQ6lXsDOmEkWTQrKtf0UZ0GumL0ssncP0oPw","result":"machine","action":"admin_ring"} 
[2026-04-04 03:46:34] production.INFO: AMD detected voicemail on admin leg — hanging up {"call_control_id":"v3:mH22BJ29e1Vv5YkGm7qQ6lXsDOmEkWTQrKtf0UZ0GumL0ssncP0oPw","result":"machine","call_log_id":587} 
[2026-04-04 03:46:35] production.INFO: Call command sent: hangup {"call_control_id":"v3:mH22BJ29e1Vv5YkGm7qQ6lXsDOmEkWTQrKtf0UZ0GumL0ssncP0oPw","result":"ok"} 
[2026-04-04 03:46:35] production.INFO: Telnyx voice webhook received {"event_type":"call.speak.ended","call_control_id":"v3:5YYa7kVuqG_3h9bHDAbB71iR26w5Ol5O0wsgnjtPGekA9i_oPqgu-Q","direction":null} 
[2026-04-04 03:46:35] production.INFO: handleCallSpeakEnded ENTRY {"call_control_id":"v3:5YYa7kVuqG_3h9bHDAbB71iR26w5Ol5O0wsgnjtPGekA9i_oPqgu-Q","action":"welcome_done","client_state":{"action":"welcome_done","call_log_id":587,"original_caller":"+18472123894"},"client_state_raw_present":true} 
[2026-04-04 03:46:35] production.INFO: TTS completed — no admin answered yet, playing ringback {"call_control_id":"v3:5YYa7kVuqG_3h9bHDAbB71iR26w5Ol5O0wsgnjtPGekA9i_oPqgu-Q","call_log_id":587} 
[2026-04-04 03:46:35] production.INFO: Telnyx voice webhook received {"event_type":"call.hangup","call_control_id":"v3:mH22BJ29e1Vv5YkGm7qQ6lXsDOmEkWTQrKtf0UZ0GumL0ssncP0oPw","direction":null} 
[2026-04-04 03:46:35] production.INFO: Admin ring leg hung up {"admin_call_control_id":"v3:mH22BJ29e1Vv5YkGm7qQ6lXsDOmEkWTQrKtf0UZ0GumL0ssncP0oPw","hangup_cause":"normal_clearing","call_log_id":587} 
[2026-04-04 03:46:35] production.INFO: All admin legs failed — triggering voicemail {"incoming_call_control_id":"v3:5YYa7kVuqG_3h9bHDAbB71iR26w5Ol5O0wsgnjtPGekA9i_oPqgu-Q","call_log_id":587} 
[2026-04-04 03:46:35] production.INFO: Call command sent: playback_start {"call_control_id":"v3:5YYa7kVuqG_3h9bHDAbB71iR26w5Ol5O0wsgnjtPGekA9i_oPqgu-Q","result":"ok"} 
[2026-04-04 03:46:35] production.INFO: Call command sent: playback_stop {"call_control_id":"v3:5YYa7kVuqG_3h9bHDAbB71iR26w5Ol5O0wsgnjtPGekA9i_oPqgu-Q","result":"ok"} 
[2026-04-04 03:46:35] production.INFO: Playing voicemail IVR menu {"call_control_id":"v3:5YYa7kVuqG_3h9bHDAbB71iR26w5Ol5O0wsgnjtPGekA9i_oPqgu-Q","call_log_id":587,"ivr_prompt":"GS Construction is not available right now. Press 2 to send a text on your behalf so the GS Crew knows to call you back ASAP. Stay on the line to leave a voicemail.","is_known_caller":false} 
[2026-04-04 03:46:35] production.INFO: Call command sent: gather_using_speak {"call_control_id":"v3:5YYa7kVuqG_3h9bHDAbB71iR26w5Ol5O0wsgnjtPGekA9i_oPqgu-Q","result":"ok"} 
[2026-04-04 03:46:35] production.INFO: Telnyx voice webhook received {"event_type":"call.playback.started","call_control_id":"v3:5YYa7kVuqG_3h9bHDAbB71iR26w5Ol5O0wsgnjtPGekA9i_oPqgu-Q","direction":null} 
[2026-04-04 03:46:35] production.INFO: Unhandled voice event {"event_type":"call.playback.started"} 
[2026-04-04 03:46:39] production.INFO: Telnyx voice webhook received {"event_type":"call.playback.ended","call_control_id":"v3:5YYa7kVuqG_3h9bHDAbB71iR26w5Ol5O0wsgnjtPGekA9i_oPqgu-Q","direction":null} 
[2026-04-04 03:46:39] production.INFO: Playback ended (non-ringback) {"call_control_id":"v3:5YYa7kVuqG_3h9bHDAbB71iR26w5Ol5O0wsgnjtPGekA9i_oPqgu-Q","action":"voicemail_ivr_menu"} 
[2026-04-04 03:46:39] production.INFO: Telnyx voice webhook received {"event_type":"call.hangup","call_control_id":"v3:5YYa7kVuqG_3h9bHDAbB71iR26w5Ol5O0wsgnjtPGekA9i_oPqgu-Q","direction":null} 
[2026-04-04 03:46:39] production.INFO: Call ended {"call_control_id":"v3:5YYa7kVuqG_3h9bHDAbB71iR26w5Ol5O0wsgnjtPGekA9i_oPqgu-Q","status":"missed","hangup_cause":"normal_clearing","duration":12.314457} 
[2026-04-04 03:47:44] production.INFO: Telnyx voice webhook received {"event_type":"call.initiated","call_control_id":"v3:j3sy68fIzEX6M_zbSEaefGSU-O41912ST3b5qti0tSJok-JguYAA6g","direction":"incoming"} 
[2026-04-04 03:47:45] production.WARNING: ipqualityscore lookup failed {"phone":"+18472123894","message":"You have insufficient credits to make this query. Please contact IPQualityScore support if this error persists."} 
[2026-04-04 03:47:45] production.INFO: Incoming call - answering {"call_control_id":"v3:j3sy68fIzEX6M_zbSEaefGSU-O41912ST3b5qti0tSJok-JguYAA6g","from":"+18472123894","to":"+12247354200","caller_user_id":null,"caller_name":"GRZEGORZ SZADY"} 
[2026-04-04 03:47:45] production.INFO: Call command sent: answer {"call_control_id":"v3:j3sy68fIzEX6M_zbSEaefGSU-O41912ST3b5qti0tSJok-JguYAA6g","result":"ok"} 
[2026-04-04 03:47:45] production.INFO: Telnyx voice webhook received {"event_type":"call.answered","call_control_id":"v3:j3sy68fIzEX6M_zbSEaefGSU-O41912ST3b5qti0tSJok-JguYAA6g","direction":null} 
[2026-04-04 03:47:45] production.INFO: Playing welcome TTS and dialing admins simultaneously {"call_control_id":"v3:j3sy68fIzEX6M_zbSEaefGSU-O41912ST3b5qti0tSJok-JguYAA6g","tts":"Good evening! Thanks for calling GS Construction. One moment while we connect you to the GS Crew."} 
[2026-04-04 03:47:45] production.INFO: Call command sent: speak {"call_control_id":"v3:j3sy68fIzEX6M_zbSEaefGSU-O41912ST3b5qti0tSJok-JguYAA6g","result":"ok"} 
[2026-04-04 03:47:45] production.DEBUG: Push notification delivered {"endpoint":"https://web.push.apple.com/QDkJcfxcMRPW4uLNUaYZ21nDUMJHCJ-cyja1FMQcNEv6qKbL-ec_s…","status":201} 
[2026-04-04 03:47:45] production.DEBUG: Push notification delivered {"endpoint":"https://fcm.googleapis.com/fcm/send/cYR-NIq4nms:APA91bEppjWa7ZIrYxviNuWljHyZ7qnu…","status":201} 
[2026-04-04 03:47:46] production.INFO: Dialed admin {"admin_user_id":1,"admin_name":"Patryk Szady","phone":"+12249993880","admin_call_control_id":"v3:gp1MrSJ69SJz0_vV0EyuCJrvq9zdQmZl8tWkOLInS_S9Z-coDKpPWw"} 
[2026-04-04 03:47:46] production.INFO: Telnyx voice webhook received {"event_type":"call.initiated","call_control_id":"v3:gp1MrSJ69SJz0_vV0EyuCJrvq9zdQmZl8tWkOLInS_S9Z-coDKpPWw","direction":"outgoing"} 
[2026-04-04 03:47:46] production.INFO: Outbound call initiated {"call_control_id":"v3:gp1MrSJ69SJz0_vV0EyuCJrvq9zdQmZl8tWkOLInS_S9Z-coDKpPWw","to":"+12249993880"} 
[2026-04-04 03:47:46] production.INFO: Telnyx voice webhook received {"event_type":"call.speak.started","call_control_id":"v3:j3sy68fIzEX6M_zbSEaefGSU-O41912ST3b5qti0tSJok-JguYAA6g","direction":null} 
[2026-04-04 03:47:46] production.INFO: TTS speak started {"call_control_id":"v3:j3sy68fIzEX6M_zbSEaefGSU-O41912ST3b5qti0tSJok-JguYAA6g"} 
[2026-04-04 03:47:48] production.INFO: Telnyx voice webhook received {"event_type":"call.answered","call_control_id":"v3:gp1MrSJ69SJz0_vV0EyuCJrvq9zdQmZl8tWkOLInS_S9Z-coDKpPWw","direction":null} 
[2026-04-04 03:47:48] production.INFO: Admin answered — waiting for AMD confirmation {"admin_call_control_id":"v3:gp1MrSJ69SJz0_vV0EyuCJrvq9zdQmZl8tWkOLInS_S9Z-coDKpPWw","incoming_call_control_id":"v3:j3sy68fIzEX6M_zbSEaefGSU-O41912ST3b5qti0tSJok-JguYAA6g","call_log_id":588,"admin_user_id":1} 
[2026-04-04 03:47:51] production.INFO: Telnyx voice webhook received {"event_type":"call.machine.detection.ended","call_control_id":"v3:gp1MrSJ69SJz0_vV0EyuCJrvq9zdQmZl8tWkOLInS_S9Z-coDKpPWw","direction":null} 
[2026-04-04 03:47:51] production.INFO: AMD ended {"call_control_id":"v3:gp1MrSJ69SJz0_vV0EyuCJrvq9zdQmZl8tWkOLInS_S9Z-coDKpPWw","result":"machine","action":"admin_ring"} 
[2026-04-04 03:47:51] production.INFO: AMD detected voicemail on admin leg — hanging up {"call_control_id":"v3:gp1MrSJ69SJz0_vV0EyuCJrvq9zdQmZl8tWkOLInS_S9Z-coDKpPWw","result":"machine","call_log_id":588} 
[2026-04-04 03:47:51] production.INFO: Call command sent: hangup {"call_control_id":"v3:gp1MrSJ69SJz0_vV0EyuCJrvq9zdQmZl8tWkOLInS_S9Z-coDKpPWw","result":"ok"} 
[2026-04-04 03:47:52] production.INFO: Telnyx voice webhook received {"event_type":"call.hangup","call_control_id":"v3:gp1MrSJ69SJz0_vV0EyuCJrvq9zdQmZl8tWkOLInS_S9Z-coDKpPWw","direction":null} 
[2026-04-04 03:47:52] production.INFO: Admin ring leg hung up {"admin_call_control_id":"v3:gp1MrSJ69SJz0_vV0EyuCJrvq9zdQmZl8tWkOLInS_S9Z-coDKpPWw","hangup_cause":"normal_clearing","call_log_id":588} 
[2026-04-04 03:47:52] production.INFO: All admin legs failed — triggering voicemail {"incoming_call_control_id":"v3:j3sy68fIzEX6M_zbSEaefGSU-O41912ST3b5qti0tSJok-JguYAA6g","call_log_id":588} 
[2026-04-04 03:47:52] production.INFO: Call command sent: playback_stop {"call_control_id":"v3:j3sy68fIzEX6M_zbSEaefGSU-O41912ST3b5qti0tSJok-JguYAA6g","result":"ok"} 
[2026-04-04 03:47:52] production.INFO: Playing voicemail IVR menu {"call_control_id":"v3:j3sy68fIzEX6M_zbSEaefGSU-O41912ST3b5qti0tSJok-JguYAA6g","call_log_id":588,"ivr_prompt":"GS Construction is not available right now. Press 2 to send a text on your behalf so the GS Crew knows to call you back ASAP. Stay on the line to leave a voicemail.","is_known_caller":false} 
[2026-04-04 03:47:52] production.INFO: Telnyx voice webhook received {"event_type":"call.speak.ended","call_control_id":"v3:j3sy68fIzEX6M_zbSEaefGSU-O41912ST3b5qti0tSJok-JguYAA6g","direction":null} 
[2026-04-04 03:47:52] production.INFO: handleCallSpeakEnded ENTRY {"call_control_id":"v3:j3sy68fIzEX6M_zbSEaefGSU-O41912ST3b5qti0tSJok-JguYAA6g","action":"welcome_done","client_state":{"action":"welcome_done","call_log_id":588,"original_caller":"+18472123894"},"client_state_raw_present":true} 
[2026-04-04 03:47:52] production.INFO: TTS completed — no admin answered yet, playing ringback {"call_control_id":"v3:j3sy68fIzEX6M_zbSEaefGSU-O41912ST3b5qti0tSJok-JguYAA6g","call_log_id":588} 
[2026-04-04 03:47:52] production.INFO: Call command sent: gather_using_speak {"call_control_id":"v3:j3sy68fIzEX6M_zbSEaefGSU-O41912ST3b5qti0tSJok-JguYAA6g","result":"ok"} 
[2026-04-04 03:47:52] production.INFO: Call command sent: playback_start {"call_control_id":"v3:j3sy68fIzEX6M_zbSEaefGSU-O41912ST3b5qti0tSJok-JguYAA6g","result":"ok"} 
[2026-04-04 03:47:52] production.INFO: Telnyx voice webhook received {"event_type":"call.speak.started","call_control_id":"v3:j3sy68fIzEX6M_zbSEaefGSU-O41912ST3b5qti0tSJok-JguYAA6g","direction":null} 
[2026-04-04 03:47:52] production.INFO: TTS speak started {"call_control_id":"v3:j3sy68fIzEX6M_zbSEaefGSU-O41912ST3b5qti0tSJok-JguYAA6g"} 
[2026-04-04 03:47:59] production.INFO: Telnyx voice webhook received {"event_type":"call.speak.ended","call_control_id":"v3:j3sy68fIzEX6M_zbSEaefGSU-O41912ST3b5qti0tSJok-JguYAA6g","direction":null} 
[2026-04-04 03:47:59] production.INFO: handleCallSpeakEnded ENTRY {"call_control_id":"v3:j3sy68fIzEX6M_zbSEaefGSU-O41912ST3b5qti0tSJok-JguYAA6g","action":"caller_waiting","client_state":{"action":"caller_waiting","call_log_id":588},"client_state_raw_present":true} 
[2026-04-04 03:47:59] production.INFO: Telnyx voice webhook received {"event_type":"call.hangup","call_control_id":"v3:j3sy68fIzEX6M_zbSEaefGSU-O41912ST3b5qti0tSJok-JguYAA6g","direction":null} 
[2026-04-04 03:47:59] production.INFO: Call ended {"call_control_id":"v3:j3sy68fIzEX6M_zbSEaefGSU-O41912ST3b5qti0tSJok-JguYAA6g","status":"missed","hangup_cause":"normal_clearing","duration":14.781027} 
[2026-04-04 03:47:59] production.INFO: Telnyx voice webhook received {"event_type":"call.gather.ended","call_control_id":"v3:j3sy68fIzEX6M_zbSEaefGSU-O41912ST3b5qti0tSJok-JguYAA6g","direction":null} 
[2026-04-04 03:48:14] production.INFO: Telnyx voice webhook received {"event_type":"call.initiated","call_control_id":"v3:BJRgzlHiDR7c56kGTjwv1zMt3rfQIY8pln1Z3gA9JWWQU1gNIdSnPg","direction":"incoming"} 
[2026-04-04 03:48:14] production.WARNING: ipqualityscore lookup failed {"phone":"+18472123894","message":"You have insufficient credits to make this query. Please contact IPQualityScore support if this error persists."} 
[2026-04-04 03:48:14] production.INFO: Incoming call - answering {"call_control_id":"v3:BJRgzlHiDR7c56kGTjwv1zMt3rfQIY8pln1Z3gA9JWWQU1gNIdSnPg","from":"+18472123894","to":"+12247354200","caller_user_id":null,"caller_name":"GRZEGORZ SZADY"} 
[2026-04-04 03:48:15] production.INFO: Call command sent: answer {"call_control_id":"v3:BJRgzlHiDR7c56kGTjwv1zMt3rfQIY8pln1Z3gA9JWWQU1gNIdSnPg","result":"ok"} 
[2026-04-04 03:48:15] production.INFO: Telnyx voice webhook received {"event_type":"call.answered","call_control_id":"v3:BJRgzlHiDR7c56kGTjwv1zMt3rfQIY8pln1Z3gA9JWWQU1gNIdSnPg","direction":null} 
[2026-04-04 03:48:15] production.INFO: Playing welcome TTS and dialing admins simultaneously {"call_control_id":"v3:BJRgzlHiDR7c56kGTjwv1zMt3rfQIY8pln1Z3gA9JWWQU1gNIdSnPg","tts":"Good evening! Thanks for calling GS Construction. One moment while we connect you to the GS Crew."} 
[2026-04-04 03:48:15] production.INFO: Call command sent: speak {"call_control_id":"v3:BJRgzlHiDR7c56kGTjwv1zMt3rfQIY8pln1Z3gA9JWWQU1gNIdSnPg","result":"ok"} 
[2026-04-04 03:48:15] production.INFO: Dialed admin {"admin_user_id":1,"admin_name":"Patryk Szady","phone":"+12249993880","admin_call_control_id":"v3:eZIMri83Z-kdoca_trfMTML7iPytgCB5_8mRHj4P39FKS26pHZ7GXQ"} 
[2026-04-04 03:48:15] production.INFO: Telnyx voice webhook received {"event_type":"call.speak.started","call_control_id":"v3:BJRgzlHiDR7c56kGTjwv1zMt3rfQIY8pln1Z3gA9JWWQU1gNIdSnPg","direction":null} 
[2026-04-04 03:48:15] production.INFO: TTS speak started {"call_control_id":"v3:BJRgzlHiDR7c56kGTjwv1zMt3rfQIY8pln1Z3gA9JWWQU1gNIdSnPg"} 
[2026-04-04 03:48:15] production.INFO: Telnyx voice webhook received {"event_type":"call.initiated","call_control_id":"v3:eZIMri83Z-kdoca_trfMTML7iPytgCB5_8mRHj4P39FKS26pHZ7GXQ","direction":"outgoing"} 
[2026-04-04 03:48:15] production.INFO: Outbound call initiated {"call_control_id":"v3:eZIMri83Z-kdoca_trfMTML7iPytgCB5_8mRHj4P39FKS26pHZ7GXQ","to":"+12249993880"} 
[2026-04-04 03:48:15] production.DEBUG: Push notification delivered {"endpoint":"https://web.push.apple.com/QDkJcfxcMRPW4uLNUaYZ21nDUMJHCJ-cyja1FMQcNEv6qKbL-ec_s…","status":201} 
[2026-04-04 03:48:15] production.DEBUG: Push notification delivered {"endpoint":"https://fcm.googleapis.com/fcm/send/cYR-NIq4nms:APA91bEppjWa7ZIrYxviNuWljHyZ7qnu…","status":201} 
[2026-04-04 03:48:22] production.INFO: Telnyx voice webhook received {"event_type":"call.speak.ended","call_control_id":"v3:BJRgzlHiDR7c56kGTjwv1zMt3rfQIY8pln1Z3gA9JWWQU1gNIdSnPg","direction":null} 
[2026-04-04 03:48:22] production.INFO: handleCallSpeakEnded ENTRY {"call_control_id":"v3:BJRgzlHiDR7c56kGTjwv1zMt3rfQIY8pln1Z3gA9JWWQU1gNIdSnPg","action":"welcome_done","client_state":{"action":"welcome_done","call_log_id":589,"original_caller":"+18472123894"},"client_state_raw_present":true} 
[2026-04-04 03:48:22] production.INFO: TTS completed — no admin answered yet, playing ringback {"call_control_id":"v3:BJRgzlHiDR7c56kGTjwv1zMt3rfQIY8pln1Z3gA9JWWQU1gNIdSnPg","call_log_id":589} 
[2026-04-04 03:48:22] production.INFO: Call command sent: playback_start {"call_control_id":"v3:BJRgzlHiDR7c56kGTjwv1zMt3rfQIY8pln1Z3gA9JWWQU1gNIdSnPg","result":"ok"} 
[2026-04-04 03:48:23] production.INFO: Telnyx voice webhook received {"event_type":"call.playback.started","call_control_id":"v3:BJRgzlHiDR7c56kGTjwv1zMt3rfQIY8pln1Z3gA9JWWQU1gNIdSnPg","direction":null} 
[2026-04-04 03:48:23] production.INFO: Unhandled voice event {"event_type":"call.playback.started"} 
[2026-04-04 03:48:25] production.INFO: Telnyx voice webhook received {"event_type":"call.answered","call_control_id":"v3:eZIMri83Z-kdoca_trfMTML7iPytgCB5_8mRHj4P39FKS26pHZ7GXQ","direction":null} 
[2026-04-04 03:48:25] production.INFO: Admin answered — waiting for AMD confirmation {"admin_call_control_id":"v3:eZIMri83Z-kdoca_trfMTML7iPytgCB5_8mRHj4P39FKS26pHZ7GXQ","incoming_call_control_id":"v3:BJRgzlHiDR7c56kGTjwv1zMt3rfQIY8pln1Z3gA9JWWQU1gNIdSnPg","call_log_id":589,"admin_user_id":1} 
[2026-04-04 03:48:27] production.INFO: Telnyx voice webhook received {"event_type":"call.machine.detection.ended","call_control_id":"v3:eZIMri83Z-kdoca_trfMTML7iPytgCB5_8mRHj4P39FKS26pHZ7GXQ","direction":null} 
[2026-04-04 03:48:27] production.INFO: AMD ended {"call_control_id":"v3:eZIMri83Z-kdoca_trfMTML7iPytgCB5_8mRHj4P39FKS26pHZ7GXQ","result":"human","action":"admin_ring"} 
[2026-04-04 03:48:27] production.INFO: AMD confirmed human on admin leg {"call_control_id":"v3:eZIMri83Z-kdoca_trfMTML7iPytgCB5_8mRHj4P39FKS26pHZ7GXQ","result":"human","call_log_id":589,"admin_user_id":1} 
[2026-04-04 03:48:27] production.INFO: AMD human + TTS done — bridging now {"admin_call_control_id":"v3:eZIMri83Z-kdoca_trfMTML7iPytgCB5_8mRHj4P39FKS26pHZ7GXQ","incoming_call_control_id":"v3:BJRgzlHiDR7c56kGTjwv1zMt3rfQIY8pln1Z3gA9JWWQU1gNIdSnPg","call_log_id":589} 
[2026-04-04 03:48:27] production.INFO: Bridging admin with caller {"admin_call_control_id":"v3:eZIMri83Z-kdoca_trfMTML7iPytgCB5_8mRHj4P39FKS26pHZ7GXQ","incoming_call_control_id":"v3:BJRgzlHiDR7c56kGTjwv1zMt3rfQIY8pln1Z3gA9JWWQU1gNIdSnPg","admin_user_id":1,"admin_name":"Patryk Szady"} 
[2026-04-04 03:48:27] production.INFO: Call command sent: playback_stop {"call_control_id":"v3:BJRgzlHiDR7c56kGTjwv1zMt3rfQIY8pln1Z3gA9JWWQU1gNIdSnPg","result":"ok"} 
[2026-04-04 03:48:27] production.INFO: Telnyx voice webhook received {"event_type":"call.playback.ended","call_control_id":"v3:BJRgzlHiDR7c56kGTjwv1zMt3rfQIY8pln1Z3gA9JWWQU1gNIdSnPg","direction":null} 
[2026-04-04 03:48:27] production.INFO: Call command sent: playback_stop {"call_control_id":"v3:eZIMri83Z-kdoca_trfMTML7iPytgCB5_8mRHj4P39FKS26pHZ7GXQ","result":"ok"} 
[2026-04-04 03:48:27] production.INFO: Calls bridged successfully {"call_control_id_a":"v3:eZIMri83Z-kdoca_trfMTML7iPytgCB5_8mRHj4P39FKS26pHZ7GXQ","call_control_id_b":"v3:BJRgzlHiDR7c56kGTjwv1zMt3rfQIY8pln1Z3gA9JWWQU1gNIdSnPg"} 
[2026-04-04 03:48:28] production.INFO: Telnyx voice webhook received {"event_type":"call.bridged","call_control_id":"v3:eZIMri83Z-kdoca_trfMTML7iPytgCB5_8mRHj4P39FKS26pHZ7GXQ","direction":null} 
[2026-04-04 03:48:28] production.INFO: Call bridged {"call_control_id":"v3:eZIMri83Z-kdoca_trfMTML7iPytgCB5_8mRHj4P39FKS26pHZ7GXQ","call_session_id":"1c597730-2fd9-11f1-9789-02420aef50a0"} 
[2026-04-04 03:48:28] production.INFO: Telnyx voice webhook received {"event_type":"call.bridged","call_control_id":"v3:BJRgzlHiDR7c56kGTjwv1zMt3rfQIY8pln1Z3gA9JWWQU1gNIdSnPg","direction":null} 
[2026-04-04 03:48:28] production.INFO: Call bridged {"call_control_id":"v3:BJRgzlHiDR7c56kGTjwv1zMt3rfQIY8pln1Z3gA9JWWQU1gNIdSnPg","call_session_id":"1b8ebdb0-2fd9-11f1-8267-02420aef511f"} 
[2026-04-04 03:48:32] production.INFO: Telnyx voice webhook received {"event_type":"call.hangup","call_control_id":"v3:eZIMri83Z-kdoca_trfMTML7iPytgCB5_8mRHj4P39FKS26pHZ7GXQ","direction":null} 
[2026-04-04 03:48:32] production.INFO: Telnyx voice webhook received {"event_type":"call.hangup","call_control_id":"v3:BJRgzlHiDR7c56kGTjwv1zMt3rfQIY8pln1Z3gA9JWWQU1gNIdSnPg","direction":null} 
[2026-04-04 03:48:32] production.INFO: Admin ring leg hung up {"admin_call_control_id":"v3:eZIMri83Z-kdoca_trfMTML7iPytgCB5_8mRHj4P39FKS26pHZ7GXQ","hangup_cause":"normal_clearing","call_log_id":589} 
[2026-04-04 03:48:32] production.INFO: Call ended {"call_control_id":"v3:BJRgzlHiDR7c56kGTjwv1zMt3rfQIY8pln1Z3gA9JWWQU1gNIdSnPg","status":"completed","hangup_cause":"normal_clearing","duration":17.478091} 
[2026-04-04 03:48:41] production.INFO: Telnyx voice webhook received {"event_type":"call.initiated","call_control_id":"v3:EcQmEdDDDj1cA3QvmT7cphaPXcOuj_oK5gTRSs5HGhlzDaIFzSf_mA","direction":"incoming"} 
[2026-04-04 03:48:41] production.WARNING: ipqualityscore lookup failed {"phone":"+18472123894","message":"You have insufficient credits to make this query. Please contact IPQualityScore support if this error persists."} 
[2026-04-04 03:48:41] production.INFO: Incoming call - answering {"call_control_id":"v3:EcQmEdDDDj1cA3QvmT7cphaPXcOuj_oK5gTRSs5HGhlzDaIFzSf_mA","from":"+18472123894","to":"+12247354200","caller_user_id":null,"caller_name":"GRZEGORZ SZADY"} 
[2026-04-04 03:48:41] production.INFO: Call command sent: answer {"call_control_id":"v3:EcQmEdDDDj1cA3QvmT7cphaPXcOuj_oK5gTRSs5HGhlzDaIFzSf_mA","result":"ok"} 
[2026-04-04 03:48:42] production.INFO: Telnyx voice webhook received {"event_type":"call.answered","call_control_id":"v3:EcQmEdDDDj1cA3QvmT7cphaPXcOuj_oK5gTRSs5HGhlzDaIFzSf_mA","direction":null} 
[2026-04-04 03:48:42] production.INFO: Playing welcome TTS and dialing admins simultaneously {"call_control_id":"v3:EcQmEdDDDj1cA3QvmT7cphaPXcOuj_oK5gTRSs5HGhlzDaIFzSf_mA","tts":"Good evening! Thanks for calling GS Construction. One moment while we connect you to the GS Crew."} 
[2026-04-04 03:48:42] production.INFO: Call command sent: speak {"call_control_id":"v3:EcQmEdDDDj1cA3QvmT7cphaPXcOuj_oK5gTRSs5HGhlzDaIFzSf_mA","result":"ok"} 
[2026-04-04 03:48:42] production.INFO: Dialed admin {"admin_user_id":1,"admin_name":"Patryk Szady","phone":"+12249993880","admin_call_control_id":"v3:C8HCgPQCTXRIYl00vtLlrCbQJHUov9hvC4uVZ3K8wuEJP1kH3Zb85w"} 
[2026-04-04 03:48:42] production.INFO: Telnyx voice webhook received {"event_type":"call.initiated","call_control_id":"v3:C8HCgPQCTXRIYl00vtLlrCbQJHUov9hvC4uVZ3K8wuEJP1kH3Zb85w","direction":"outgoing"} 
[2026-04-04 03:48:42] production.INFO: Outbound call initiated {"call_control_id":"v3:C8HCgPQCTXRIYl00vtLlrCbQJHUov9hvC4uVZ3K8wuEJP1kH3Zb85w","to":"+12249993880"} 
[2026-04-04 03:48:42] production.INFO: Telnyx voice webhook received {"event_type":"call.speak.started","call_control_id":"v3:EcQmEdDDDj1cA3QvmT7cphaPXcOuj_oK5gTRSs5HGhlzDaIFzSf_mA","direction":null} 
[2026-04-04 03:48:42] production.INFO: TTS speak started {"call_control_id":"v3:EcQmEdDDDj1cA3QvmT7cphaPXcOuj_oK5gTRSs5HGhlzDaIFzSf_mA"} 
[2026-04-04 03:48:42] production.DEBUG: Push notification delivered {"endpoint":"https://web.push.apple.com/QDkJcfxcMRPW4uLNUaYZ21nDUMJHCJ-cyja1FMQcNEv6qKbL-ec_s…","status":201} 
[2026-04-04 03:48:42] production.DEBUG: Push notification delivered {"endpoint":"https://fcm.googleapis.com/fcm/send/cYR-NIq4nms:APA91bEppjWa7ZIrYxviNuWljHyZ7qnu…","status":201} 
[2026-04-04 03:48:49] production.INFO: Telnyx voice webhook received {"event_type":"call.speak.ended","call_control_id":"v3:EcQmEdDDDj1cA3QvmT7cphaPXcOuj_oK5gTRSs5HGhlzDaIFzSf_mA","direction":null} 
[2026-04-04 03:48:49] production.INFO: handleCallSpeakEnded ENTRY {"call_control_id":"v3:EcQmEdDDDj1cA3QvmT7cphaPXcOuj_oK5gTRSs5HGhlzDaIFzSf_mA","action":"welcome_done","client_state":{"action":"welcome_done","call_log_id":590,"original_caller":"+18472123894"},"client_state_raw_present":true} 
[2026-04-04 03:48:49] production.INFO: TTS completed — no admin answered yet, playing ringback {"call_control_id":"v3:EcQmEdDDDj1cA3QvmT7cphaPXcOuj_oK5gTRSs5HGhlzDaIFzSf_mA","call_log_id":590} 
[2026-04-04 03:48:49] production.INFO: Call command sent: playback_start {"call_control_id":"v3:EcQmEdDDDj1cA3QvmT7cphaPXcOuj_oK5gTRSs5HGhlzDaIFzSf_mA","result":"ok"} 
[2026-04-04 03:48:50] production.INFO: Telnyx voice webhook received {"event_type":"call.playback.started","call_control_id":"v3:EcQmEdDDDj1cA3QvmT7cphaPXcOuj_oK5gTRSs5HGhlzDaIFzSf_mA","direction":null} 
[2026-04-04 03:48:50] production.INFO: Unhandled voice event {"event_type":"call.playback.started"} 
[2026-04-04 03:49:00] production.INFO: Telnyx voice webhook received {"event_type":"call.answered","call_control_id":"v3:C8HCgPQCTXRIYl00vtLlrCbQJHUov9hvC4uVZ3K8wuEJP1kH3Zb85w","direction":null} 
[2026-04-04 03:49:00] production.INFO: Admin answered — waiting for AMD confirmation {"admin_call_control_id":"v3:C8HCgPQCTXRIYl00vtLlrCbQJHUov9hvC4uVZ3K8wuEJP1kH3Zb85w","incoming_call_control_id":"v3:EcQmEdDDDj1cA3QvmT7cphaPXcOuj_oK5gTRSs5HGhlzDaIFzSf_mA","call_log_id":590,"admin_user_id":1} 
[2026-04-04 03:49:03] production.INFO: Telnyx voice webhook received {"event_type":"call.machine.detection.ended","call_control_id":"v3:C8HCgPQCTXRIYl00vtLlrCbQJHUov9hvC4uVZ3K8wuEJP1kH3Zb85w","direction":null} 
[2026-04-04 03:49:03] production.INFO: AMD ended {"call_control_id":"v3:C8HCgPQCTXRIYl00vtLlrCbQJHUov9hvC4uVZ3K8wuEJP1kH3Zb85w","result":"machine","action":"admin_ring"} 
[2026-04-04 03:49:03] production.INFO: AMD detected voicemail on admin leg — hanging up {"call_control_id":"v3:C8HCgPQCTXRIYl00vtLlrCbQJHUov9hvC4uVZ3K8wuEJP1kH3Zb85w","result":"machine","call_log_id":590} 
[2026-04-04 03:49:03] production.INFO: Call command sent: hangup {"call_control_id":"v3:C8HCgPQCTXRIYl00vtLlrCbQJHUov9hvC4uVZ3K8wuEJP1kH3Zb85w","result":"ok"} 
[2026-04-04 03:49:03] production.INFO: Telnyx voice webhook received {"event_type":"call.hangup","call_control_id":"v3:C8HCgPQCTXRIYl00vtLlrCbQJHUov9hvC4uVZ3K8wuEJP1kH3Zb85w","direction":null} 
[2026-04-04 03:49:03] production.INFO: Admin ring leg hung up {"admin_call_control_id":"v3:C8HCgPQCTXRIYl00vtLlrCbQJHUov9hvC4uVZ3K8wuEJP1kH3Zb85w","hangup_cause":"normal_clearing","call_log_id":590} 
[2026-04-04 03:49:03] production.INFO: All admin legs failed — triggering voicemail {"incoming_call_control_id":"v3:EcQmEdDDDj1cA3QvmT7cphaPXcOuj_oK5gTRSs5HGhlzDaIFzSf_mA","call_log_id":590} 
[2026-04-04 03:49:03] production.INFO: Call command sent: playback_stop {"call_control_id":"v3:EcQmEdDDDj1cA3QvmT7cphaPXcOuj_oK5gTRSs5HGhlzDaIFzSf_mA","result":"ok"} 
[2026-04-04 03:49:03] production.INFO: Playing voicemail IVR menu {"call_control_id":"v3:EcQmEdDDDj1cA3QvmT7cphaPXcOuj_oK5gTRSs5HGhlzDaIFzSf_mA","call_log_id":590,"ivr_prompt":"GS Construction is not available right now. Press 2 to send a text on your behalf so the GS Crew knows to call you back ASAP. Stay on the line to leave a voicemail.","is_known_caller":false} 
[2026-04-04 03:49:03] production.INFO: Telnyx voice webhook received {"event_type":"call.playback.ended","call_control_id":"v3:EcQmEdDDDj1cA3QvmT7cphaPXcOuj_oK5gTRSs5HGhlzDaIFzSf_mA","direction":null} 
[2026-04-04 03:49:04] production.INFO: Call command sent: gather_using_speak {"call_control_id":"v3:EcQmEdDDDj1cA3QvmT7cphaPXcOuj_oK5gTRSs5HGhlzDaIFzSf_mA","result":"ok"} 
[2026-04-04 03:49:09] production.INFO: Telnyx voice webhook received {"event_type":"call.gather.ended","call_control_id":"v3:EcQmEdDDDj1cA3QvmT7cphaPXcOuj_oK5gTRSs5HGhlzDaIFzSf_mA","direction":null} 
[2026-04-04 03:49:09] production.INFO: IVR gather ended {"call_control_id":"v3:EcQmEdDDDj1cA3QvmT7cphaPXcOuj_oK5gTRSs5HGhlzDaIFzSf_mA","digits":"","call_log_id":590} 
[2026-04-04 03:49:09] production.INFO: IVR: no digit pressed — playing voicemail greeting {"call_control_id":"v3:EcQmEdDDDj1cA3QvmT7cphaPXcOuj_oK5gTRSs5HGhlzDaIFzSf_mA"} 
[2026-04-04 03:49:09] production.INFO: Call command sent: speak {"call_control_id":"v3:EcQmEdDDDj1cA3QvmT7cphaPXcOuj_oK5gTRSs5HGhlzDaIFzSf_mA","result":"ok"} 
[2026-04-04 03:49:10] production.INFO: Telnyx voice webhook received {"event_type":"call.speak.started","call_control_id":"v3:EcQmEdDDDj1cA3QvmT7cphaPXcOuj_oK5gTRSs5HGhlzDaIFzSf_mA","direction":null} 
[2026-04-04 03:49:10] production.INFO: TTS speak started {"call_control_id":"v3:EcQmEdDDDj1cA3QvmT7cphaPXcOuj_oK5gTRSs5HGhlzDaIFzSf_mA"} 
[2026-04-04 03:49:17] production.INFO: Telnyx voice webhook received {"event_type":"call.speak.ended","call_control_id":"v3:EcQmEdDDDj1cA3QvmT7cphaPXcOuj_oK5gTRSs5HGhlzDaIFzSf_mA","direction":null} 
[2026-04-04 03:49:17] production.INFO: handleCallSpeakEnded ENTRY {"call_control_id":"v3:EcQmEdDDDj1cA3QvmT7cphaPXcOuj_oK5gTRSs5HGhlzDaIFzSf_mA","action":"voicemail_prompt_done","client_state":{"action":"voicemail_prompt_done","call_log_id":590},"client_state_raw_present":true} 
[2026-04-04 03:49:17] production.INFO: Voicemail prompt done — starting recording {"call_control_id":"v3:EcQmEdDDDj1cA3QvmT7cphaPXcOuj_oK5gTRSs5HGhlzDaIFzSf_mA"} 
[2026-04-04 03:49:17] production.INFO: Telnyx voice webhook received {"event_type":"call.hangup","call_control_id":"v3:EcQmEdDDDj1cA3QvmT7cphaPXcOuj_oK5gTRSs5HGhlzDaIFzSf_mA","direction":null} 
[2026-04-04 03:49:17] production.INFO: Call ended {"call_control_id":"v3:EcQmEdDDDj1cA3QvmT7cphaPXcOuj_oK5gTRSs5HGhlzDaIFzSf_mA","status":"missed","hangup_cause":"normal_clearing","duration":35.441709} 
[2026-04-04 03:49:17] production.ERROR: Call command failed: record_start {"call_control_id":"v3:EcQmEdDDDj1cA3QvmT7cphaPXcOuj_oK5gTRSs5HGhlzDaIFzSf_mA","status":422,"error":{"errors":[{"code":"90018","title":"Call has already ended","detail":"This call is no longer active and can't receive commands."}]}} 
[2026-04-04 03:49:31] production.INFO: Telnyx voice webhook received {"event_type":"call.initiated","call_control_id":"v3:rluHLjmDof9wEuFjjOcU3vrblpcNIo2m_0AE3OUVo3w8g6VMrQQX9w","direction":"incoming"} 
[2026-04-04 03:49:32] production.WARNING: ipqualityscore lookup failed {"phone":"+18472123894","message":"You have insufficient credits to make this query. Please contact IPQualityScore support if this error persists."} 
[2026-04-04 03:49:32] production.INFO: Incoming call - answering {"call_control_id":"v3:rluHLjmDof9wEuFjjOcU3vrblpcNIo2m_0AE3OUVo3w8g6VMrQQX9w","from":"+18472123894","to":"+12247354200","caller_user_id":null,"caller_name":"GRZEGORZ SZADY"} 
[2026-04-04 03:49:32] production.INFO: Call command sent: answer {"call_control_id":"v3:rluHLjmDof9wEuFjjOcU3vrblpcNIo2m_0AE3OUVo3w8g6VMrQQX9w","result":"ok"} 
[2026-04-04 03:49:32] production.INFO: Telnyx voice webhook received {"event_type":"call.answered","call_control_id":"v3:rluHLjmDof9wEuFjjOcU3vrblpcNIo2m_0AE3OUVo3w8g6VMrQQX9w","direction":null} 
[2026-04-04 03:49:32] production.INFO: Playing welcome TTS and dialing admins simultaneously {"call_control_id":"v3:rluHLjmDof9wEuFjjOcU3vrblpcNIo2m_0AE3OUVo3w8g6VMrQQX9w","tts":"Good evening! Thanks for calling GS Construction. One moment while we connect you to the GS Crew."} 
[2026-04-04 03:49:32] production.INFO: Call command sent: speak {"call_control_id":"v3:rluHLjmDof9wEuFjjOcU3vrblpcNIo2m_0AE3OUVo3w8g6VMrQQX9w","result":"ok"} 
[2026-04-04 03:49:33] production.INFO: Dialed admin {"admin_user_id":1,"admin_name":"Patryk Szady","phone":"+12249993880","admin_call_control_id":"v3:tfiuUHjp33EMq0DHSKxLMW-0_RoLY0jO2xqOwlHcLbz_hnGDSr5IQQ"} 
[2026-04-04 03:49:33] production.INFO: Telnyx voice webhook received {"event_type":"call.initiated","call_control_id":"v3:tfiuUHjp33EMq0DHSKxLMW-0_RoLY0jO2xqOwlHcLbz_hnGDSr5IQQ","direction":"outgoing"} 
[2026-04-04 03:49:33] production.INFO: Outbound call initiated {"call_control_id":"v3:tfiuUHjp33EMq0DHSKxLMW-0_RoLY0jO2xqOwlHcLbz_hnGDSr5IQQ","to":"+12249993880"} 
[2026-04-04 03:49:33] production.INFO: Telnyx voice webhook received {"event_type":"call.speak.started","call_control_id":"v3:rluHLjmDof9wEuFjjOcU3vrblpcNIo2m_0AE3OUVo3w8g6VMrQQX9w","direction":null} 
[2026-04-04 03:49:33] production.INFO: TTS speak started {"call_control_id":"v3:rluHLjmDof9wEuFjjOcU3vrblpcNIo2m_0AE3OUVo3w8g6VMrQQX9w"} 
[2026-04-04 03:49:34] production.DEBUG: Push notification delivered {"endpoint":"https://web.push.apple.com/QDkJcfxcMRPW4uLNUaYZ21nDUMJHCJ-cyja1FMQcNEv6qKbL-ec_s…","status":201} 
[2026-04-04 03:49:34] production.DEBUG: Push notification delivered {"endpoint":"https://fcm.googleapis.com/fcm/send/cYR-NIq4nms:APA91bEppjWa7ZIrYxviNuWljHyZ7qnu…","status":201} 
[2026-04-04 03:49:40] production.INFO: Telnyx voice webhook received {"event_type":"call.speak.ended","call_control_id":"v3:rluHLjmDof9wEuFjjOcU3vrblpcNIo2m_0AE3OUVo3w8g6VMrQQX9w","direction":null} 
[2026-04-04 03:49:40] production.INFO: handleCallSpeakEnded ENTRY {"call_control_id":"v3:rluHLjmDof9wEuFjjOcU3vrblpcNIo2m_0AE3OUVo3w8g6VMrQQX9w","action":"welcome_done","client_state":{"action":"welcome_done","call_log_id":591,"original_caller":"+18472123894"},"client_state_raw_present":true} 
[2026-04-04 03:49:40] production.INFO: TTS completed — no admin answered yet, playing ringback {"call_control_id":"v3:rluHLjmDof9wEuFjjOcU3vrblpcNIo2m_0AE3OUVo3w8g6VMrQQX9w","call_log_id":591} 
[2026-04-04 03:49:40] production.INFO: Call command sent: playback_start {"call_control_id":"v3:rluHLjmDof9wEuFjjOcU3vrblpcNIo2m_0AE3OUVo3w8g6VMrQQX9w","result":"ok"} 
[2026-04-04 03:49:40] production.INFO: Telnyx voice webhook received {"event_type":"call.answered","call_control_id":"v3:tfiuUHjp33EMq0DHSKxLMW-0_RoLY0jO2xqOwlHcLbz_hnGDSr5IQQ","direction":null} 
[2026-04-04 03:49:40] production.INFO: Admin answered — waiting for AMD confirmation {"admin_call_control_id":"v3:tfiuUHjp33EMq0DHSKxLMW-0_RoLY0jO2xqOwlHcLbz_hnGDSr5IQQ","incoming_call_control_id":"v3:rluHLjmDof9wEuFjjOcU3vrblpcNIo2m_0AE3OUVo3w8g6VMrQQX9w","call_log_id":591,"admin_user_id":1} 
[2026-04-04 03:49:40] production.INFO: Telnyx voice webhook received {"event_type":"call.playback.started","call_control_id":"v3:rluHLjmDof9wEuFjjOcU3vrblpcNIo2m_0AE3OUVo3w8g6VMrQQX9w","direction":null} 
[2026-04-04 03:49:40] production.INFO: Unhandled voice event {"event_type":"call.playback.started"} 
[2026-04-04 03:49:45] production.INFO: Telnyx voice webhook received {"event_type":"call.machine.detection.ended","call_control_id":"v3:tfiuUHjp33EMq0DHSKxLMW-0_RoLY0jO2xqOwlHcLbz_hnGDSr5IQQ","direction":null} 
[2026-04-04 03:49:45] production.INFO: AMD ended {"call_control_id":"v3:tfiuUHjp33EMq0DHSKxLMW-0_RoLY0jO2xqOwlHcLbz_hnGDSr5IQQ","result":"not_sure","action":"admin_ring"} 
[2026-04-04 03:49:45] production.INFO: AMD confirmed human on admin leg {"call_control_id":"v3:tfiuUHjp33EMq0DHSKxLMW-0_RoLY0jO2xqOwlHcLbz_hnGDSr5IQQ","result":"not_sure","call_log_id":591,"admin_user_id":1} 
[2026-04-04 03:49:45] production.INFO: AMD human + TTS done — bridging now {"admin_call_control_id":"v3:tfiuUHjp33EMq0DHSKxLMW-0_RoLY0jO2xqOwlHcLbz_hnGDSr5IQQ","incoming_call_control_id":"v3:rluHLjmDof9wEuFjjOcU3vrblpcNIo2m_0AE3OUVo3w8g6VMrQQX9w","call_log_id":591} 
[2026-04-04 03:49:45] production.INFO: Bridging admin with caller {"admin_call_control_id":"v3:tfiuUHjp33EMq0DHSKxLMW-0_RoLY0jO2xqOwlHcLbz_hnGDSr5IQQ","incoming_call_control_id":"v3:rluHLjmDof9wEuFjjOcU3vrblpcNIo2m_0AE3OUVo3w8g6VMrQQX9w","admin_user_id":1,"admin_name":"Patryk Szady"} 
[2026-04-04 03:49:46] production.INFO: Call command sent: playback_stop {"call_control_id":"v3:rluHLjmDof9wEuFjjOcU3vrblpcNIo2m_0AE3OUVo3w8g6VMrQQX9w","result":"ok"} 
[2026-04-04 03:49:46] production.INFO: Telnyx voice webhook received {"event_type":"call.playback.ended","call_control_id":"v3:rluHLjmDof9wEuFjjOcU3vrblpcNIo2m_0AE3OUVo3w8g6VMrQQX9w","direction":null} 
[2026-04-04 03:49:46] production.INFO: Call command sent: playback_stop {"call_control_id":"v3:tfiuUHjp33EMq0DHSKxLMW-0_RoLY0jO2xqOwlHcLbz_hnGDSr5IQQ","result":"ok"} 
[2026-04-04 03:49:46] production.INFO: Calls bridged successfully {"call_control_id_a":"v3:tfiuUHjp33EMq0DHSKxLMW-0_RoLY0jO2xqOwlHcLbz_hnGDSr5IQQ","call_control_id_b":"v3:rluHLjmDof9wEuFjjOcU3vrblpcNIo2m_0AE3OUVo3w8g6VMrQQX9w"} 
[2026-04-04 03:49:46] production.INFO: Telnyx voice webhook received {"event_type":"call.bridged","call_control_id":"v3:tfiuUHjp33EMq0DHSKxLMW-0_RoLY0jO2xqOwlHcLbz_hnGDSr5IQQ","direction":null} 
[2026-04-04 03:49:46] production.INFO: Call bridged {"call_control_id":"v3:tfiuUHjp33EMq0DHSKxLMW-0_RoLY0jO2xqOwlHcLbz_hnGDSr5IQQ","call_session_id":"4a9d8b04-2fd9-11f1-b77a-02420aef521f"} 
[2026-04-04 03:49:46] production.INFO: Telnyx voice webhook received {"event_type":"call.bridged","call_control_id":"v3:rluHLjmDof9wEuFjjOcU3vrblpcNIo2m_0AE3OUVo3w8g6VMrQQX9w","direction":null} 
[2026-04-04 03:49:46] production.INFO: Call bridged {"call_control_id":"v3:rluHLjmDof9wEuFjjOcU3vrblpcNIo2m_0AE3OUVo3w8g6VMrQQX9w","call_session_id":"49b86bf0-2fd9-11f1-9d89-02420aef351f"} 
[2026-04-04 03:49:50] production.INFO: Telnyx voice webhook received {"event_type":"call.hangup","call_control_id":"v3:rluHLjmDof9wEuFjjOcU3vrblpcNIo2m_0AE3OUVo3w8g6VMrQQX9w","direction":null} 
[2026-04-04 03:49:50] production.INFO: Call ended {"call_control_id":"v3:rluHLjmDof9wEuFjjOcU3vrblpcNIo2m_0AE3OUVo3w8g6VMrQQX9w","status":"completed","hangup_cause":"normal_clearing","duration":18.325338} 
[2026-04-04 03:49:50] production.INFO: Telnyx voice webhook received {"event_type":"call.hangup","call_control_id":"v3:tfiuUHjp33EMq0DHSKxLMW-0_RoLY0jO2xqOwlHcLbz_hnGDSr5IQQ","direction":null} 
[2026-04-04 03:49:50] production.INFO: Admin ring leg hung up {"admin_call_control_id":"v3:tfiuUHjp33EMq0DHSKxLMW-0_RoLY0jO2xqOwlHcLbz_hnGDSr5IQQ","hangup_cause":"normal_clearing","call_log_id":591} 
[2026-04-04 04:17:34] production.INFO: Telnyx voice webhook received {"event_type":"call.initiated","call_control_id":"v3:fQuOagKVp5_VRTWdwx61e-1QVDKeFz9JTsIQw5A9AcZ_hQ3ynHCcyQ","direction":"incoming"} 
[2026-04-04 04:17:35] production.WARNING: ipqualityscore lookup failed {"phone":"+18472123894","message":"You have insufficient credits to make this query. Please contact IPQualityScore support if this error persists."} 
[2026-04-04 04:17:35] production.INFO: Incoming call - answering {"call_control_id":"v3:fQuOagKVp5_VRTWdwx61e-1QVDKeFz9JTsIQw5A9AcZ_hQ3ynHCcyQ","from":"+18472123894","to":"+12247354200","caller_user_id":null,"caller_name":"GRZEGORZ SZADY"} 
[2026-04-04 04:17:35] production.INFO: Call command sent: answer {"call_control_id":"v3:fQuOagKVp5_VRTWdwx61e-1QVDKeFz9JTsIQw5A9AcZ_hQ3ynHCcyQ","result":"ok"} 
[2026-04-04 04:17:35] production.INFO: Telnyx voice webhook received {"event_type":"call.answered","call_control_id":"v3:fQuOagKVp5_VRTWdwx61e-1QVDKeFz9JTsIQw5A9AcZ_hQ3ynHCcyQ","direction":null} 
[2026-04-04 04:17:35] production.INFO: Playing welcome TTS and dialing admins simultaneously {"call_control_id":"v3:fQuOagKVp5_VRTWdwx61e-1QVDKeFz9JTsIQw5A9AcZ_hQ3ynHCcyQ","tts":"Good evening! Thanks for calling GS Construction. One moment while we connect you to the GS Crew."} 
[2026-04-04 04:17:36] production.INFO: Call command sent: speak {"call_control_id":"v3:fQuOagKVp5_VRTWdwx61e-1QVDKeFz9JTsIQw5A9AcZ_hQ3ynHCcyQ","result":"ok"} 
[2026-04-04 04:17:36] production.DEBUG: Push notification delivered {"endpoint":"https://web.push.apple.com/QDkJcfxcMRPW4uLNUaYZ21nDUMJHCJ-cyja1FMQcNEv6qKbL-ec_s…","status":201} 
[2026-04-04 04:17:36] production.DEBUG: Push notification delivered {"endpoint":"https://fcm.googleapis.com/fcm/send/cYR-NIq4nms:APA91bEppjWa7ZIrYxviNuWljHyZ7qnu…","status":201} 
[2026-04-04 04:17:36] production.INFO: Dialed admin {"admin_user_id":1,"admin_name":"Patryk Szady","phone":"+12249993880","admin_call_control_id":"v3:zRO7tSFr_8MbnRivzEoqFECNGHX2ppjaj-PnABaAiv5eTwB7FGlwlw"} 
[2026-04-04 04:17:36] production.INFO: Telnyx voice webhook received {"event_type":"call.initiated","call_control_id":"v3:zRO7tSFr_8MbnRivzEoqFECNGHX2ppjaj-PnABaAiv5eTwB7FGlwlw","direction":"outgoing"} 
[2026-04-04 04:17:36] production.INFO: Outbound call initiated {"call_control_id":"v3:zRO7tSFr_8MbnRivzEoqFECNGHX2ppjaj-PnABaAiv5eTwB7FGlwlw","to":"+12249993880"} 
[2026-04-04 04:17:36] production.INFO: Telnyx voice webhook received {"event_type":"call.speak.started","call_control_id":"v3:fQuOagKVp5_VRTWdwx61e-1QVDKeFz9JTsIQw5A9AcZ_hQ3ynHCcyQ","direction":null} 
[2026-04-04 04:17:36] production.INFO: TTS speak started {"call_control_id":"v3:fQuOagKVp5_VRTWdwx61e-1QVDKeFz9JTsIQw5A9AcZ_hQ3ynHCcyQ"} 
[2026-04-04 04:17:39] production.INFO: Telnyx voice webhook received {"event_type":"call.answered","call_control_id":"v3:zRO7tSFr_8MbnRivzEoqFECNGHX2ppjaj-PnABaAiv5eTwB7FGlwlw","direction":null} 
[2026-04-04 04:17:39] production.INFO: Admin answered — waiting for AMD confirmation {"admin_call_control_id":"v3:zRO7tSFr_8MbnRivzEoqFECNGHX2ppjaj-PnABaAiv5eTwB7FGlwlw","incoming_call_control_id":"v3:fQuOagKVp5_VRTWdwx61e-1QVDKeFz9JTsIQw5A9AcZ_hQ3ynHCcyQ","call_log_id":592,"admin_user_id":1} 
[2026-04-04 04:17:43] production.INFO: Telnyx voice webhook received {"event_type":"call.machine.premium.detection.ended","call_control_id":"v3:zRO7tSFr_8MbnRivzEoqFECNGHX2ppjaj-PnABaAiv5eTwB7FGlwlw","direction":null} 
[2026-04-04 04:17:43] production.INFO: AMD ended {"call_control_id":"v3:zRO7tSFr_8MbnRivzEoqFECNGHX2ppjaj-PnABaAiv5eTwB7FGlwlw","result":"human_residence","action":"admin_ring"} 
[2026-04-04 04:17:43] production.INFO: AMD confirmed human on admin leg {"call_control_id":"v3:zRO7tSFr_8MbnRivzEoqFECNGHX2ppjaj-PnABaAiv5eTwB7FGlwlw","result":"human_residence","call_log_id":592,"admin_user_id":1} 
[2026-04-04 04:17:43] production.INFO: AMD human but TTS still playing — holding admin {"admin_call_control_id":"v3:zRO7tSFr_8MbnRivzEoqFECNGHX2ppjaj-PnABaAiv5eTwB7FGlwlw","call_log_id":592} 
[2026-04-04 04:17:43] production.INFO: Telnyx voice webhook received {"event_type":"call.speak.ended","call_control_id":"v3:fQuOagKVp5_VRTWdwx61e-1QVDKeFz9JTsIQw5A9AcZ_hQ3ynHCcyQ","direction":null} 
[2026-04-04 04:17:43] production.INFO: handleCallSpeakEnded ENTRY {"call_control_id":"v3:fQuOagKVp5_VRTWdwx61e-1QVDKeFz9JTsIQw5A9AcZ_hQ3ynHCcyQ","action":"welcome_done","client_state":{"action":"welcome_done","call_log_id":592,"original_caller":"+18472123894"},"client_state_raw_present":true} 
[2026-04-04 04:17:43] production.INFO: TTS completed — admin already waiting, bridging now {"call_control_id":"v3:fQuOagKVp5_VRTWdwx61e-1QVDKeFz9JTsIQw5A9AcZ_hQ3ynHCcyQ","call_log_id":592,"pending_admin_cc_id":"v3:zRO7tSFr_8MbnRivzEoqFECNGHX2ppjaj-PnABaAiv5eTwB7FGlwlw"} 
[2026-04-04 04:17:43] production.INFO: Bridging admin with caller {"admin_call_control_id":"v3:zRO7tSFr_8MbnRivzEoqFECNGHX2ppjaj-PnABaAiv5eTwB7FGlwlw","incoming_call_control_id":"v3:fQuOagKVp5_VRTWdwx61e-1QVDKeFz9JTsIQw5A9AcZ_hQ3ynHCcyQ","admin_user_id":1,"admin_name":"Patryk Szady"} 
[2026-04-04 04:17:43] production.INFO: Call command sent: playback_start {"call_control_id":"v3:zRO7tSFr_8MbnRivzEoqFECNGHX2ppjaj-PnABaAiv5eTwB7FGlwlw","result":"ok"} 
[2026-04-04 04:17:43] production.INFO: Call command sent: playback_stop {"call_control_id":"v3:fQuOagKVp5_VRTWdwx61e-1QVDKeFz9JTsIQw5A9AcZ_hQ3ynHCcyQ","result":"ok"} 
[2026-04-04 04:17:43] production.INFO: Call command sent: playback_stop {"call_control_id":"v3:zRO7tSFr_8MbnRivzEoqFECNGHX2ppjaj-PnABaAiv5eTwB7FGlwlw","result":"ok"} 
[2026-04-04 04:17:44] production.INFO: Telnyx voice webhook received {"event_type":"call.playback.started","call_control_id":"v3:zRO7tSFr_8MbnRivzEoqFECNGHX2ppjaj-PnABaAiv5eTwB7FGlwlw","direction":null} 
[2026-04-04 04:17:44] production.INFO: Unhandled voice event {"event_type":"call.playback.started"} 
[2026-04-04 04:17:44] production.INFO: Calls bridged successfully {"call_control_id_a":"v3:zRO7tSFr_8MbnRivzEoqFECNGHX2ppjaj-PnABaAiv5eTwB7FGlwlw","call_control_id_b":"v3:fQuOagKVp5_VRTWdwx61e-1QVDKeFz9JTsIQw5A9AcZ_hQ3ynHCcyQ"} 
[2026-04-04 04:17:44] production.INFO: Telnyx voice webhook received {"event_type":"call.bridged","call_control_id":"v3:zRO7tSFr_8MbnRivzEoqFECNGHX2ppjaj-PnABaAiv5eTwB7FGlwlw","direction":null} 
[2026-04-04 04:17:44] production.INFO: Call bridged {"call_control_id":"v3:zRO7tSFr_8MbnRivzEoqFECNGHX2ppjaj-PnABaAiv5eTwB7FGlwlw","call_session_id":"35e3215c-2fdd-11f1-956d-02420aef52a0"} 
[2026-04-04 04:17:44] production.INFO: Telnyx voice webhook received {"event_type":"call.playback.ended","call_control_id":"v3:zRO7tSFr_8MbnRivzEoqFECNGHX2ppjaj-PnABaAiv5eTwB7FGlwlw","direction":null} 
[2026-04-04 04:17:44] production.INFO: Telnyx voice webhook received {"event_type":"call.bridged","call_control_id":"v3:fQuOagKVp5_VRTWdwx61e-1QVDKeFz9JTsIQw5A9AcZ_hQ3ynHCcyQ","direction":null} 
[2026-04-04 04:17:44] production.INFO: Call bridged {"call_control_id":"v3:fQuOagKVp5_VRTWdwx61e-1QVDKeFz9JTsIQw5A9AcZ_hQ3ynHCcyQ","call_session_id":"34c05c4a-2fdd-11f1-a5a3-02420aef50a0"} 
[2026-04-04 04:17:48] production.INFO: Telnyx voice webhook received {"event_type":"call.hangup","call_control_id":"v3:fQuOagKVp5_VRTWdwx61e-1QVDKeFz9JTsIQw5A9AcZ_hQ3ynHCcyQ","direction":null} 
[2026-04-04 04:17:48] production.INFO: Call ended {"call_control_id":"v3:fQuOagKVp5_VRTWdwx61e-1QVDKeFz9JTsIQw5A9AcZ_hQ3ynHCcyQ","status":"completed","hangup_cause":"normal_clearing","duration":13.256849} 
[2026-04-04 04:17:48] production.INFO: Telnyx voice webhook received {"event_type":"call.hangup","call_control_id":"v3:zRO7tSFr_8MbnRivzEoqFECNGHX2ppjaj-PnABaAiv5eTwB7FGlwlw","direction":null} 
[2026-04-04 04:17:48] production.INFO: Admin ring leg hung up {"admin_call_control_id":"v3:zRO7tSFr_8MbnRivzEoqFECNGHX2ppjaj-PnABaAiv5eTwB7FGlwlw","hangup_cause":"normal_clearing","call_log_id":592} 
[2026-04-04 04:18:28] production.INFO: Telnyx voice webhook received {"event_type":"call.initiated","call_control_id":"v3:rxLQKUGkBkuf3QSdXkgD5p2wNXmcDBvs3xW1JeH-hLd1F_fxM3MNiQ","direction":"incoming"} 
[2026-04-04 04:18:28] production.WARNING: ipqualityscore lookup failed {"phone":"+18472123894","message":"You have insufficient credits to make this query. Please contact IPQualityScore support if this error persists."} 
[2026-04-04 04:18:28] production.INFO: Incoming call - answering {"call_control_id":"v3:rxLQKUGkBkuf3QSdXkgD5p2wNXmcDBvs3xW1JeH-hLd1F_fxM3MNiQ","from":"+18472123894","to":"+12247354200","caller_user_id":null,"caller_name":"GRZEGORZ SZADY"} 
[2026-04-04 04:18:28] production.INFO: Call command sent: answer {"call_control_id":"v3:rxLQKUGkBkuf3QSdXkgD5p2wNXmcDBvs3xW1JeH-hLd1F_fxM3MNiQ","result":"ok"} 
[2026-04-04 04:18:28] production.INFO: Telnyx voice webhook received {"event_type":"call.answered","call_control_id":"v3:rxLQKUGkBkuf3QSdXkgD5p2wNXmcDBvs3xW1JeH-hLd1F_fxM3MNiQ","direction":null} 
[2026-04-04 04:18:28] production.INFO: Playing welcome TTS and dialing admins simultaneously {"call_control_id":"v3:rxLQKUGkBkuf3QSdXkgD5p2wNXmcDBvs3xW1JeH-hLd1F_fxM3MNiQ","tts":"Good evening! Thanks for calling GS Construction. One moment while we connect you to the GS Crew."} 
[2026-04-04 04:18:28] production.INFO: Call command sent: speak {"call_control_id":"v3:rxLQKUGkBkuf3QSdXkgD5p2wNXmcDBvs3xW1JeH-hLd1F_fxM3MNiQ","result":"ok"} 
[2026-04-04 04:18:29] production.INFO: Dialed admin {"admin_user_id":1,"admin_name":"Patryk Szady","phone":"+12249993880","admin_call_control_id":"v3:F4ap1RBOOtyneI2kanoygrldWYf8E-cnaev7J131TYaA_q5Q1RxWdQ"} 
[2026-04-04 04:18:29] production.INFO: Telnyx voice webhook received {"event_type":"call.initiated","call_control_id":"v3:F4ap1RBOOtyneI2kanoygrldWYf8E-cnaev7J131TYaA_q5Q1RxWdQ","direction":"outgoing"} 
[2026-04-04 04:18:29] production.INFO: Outbound call initiated {"call_control_id":"v3:F4ap1RBOOtyneI2kanoygrldWYf8E-cnaev7J131TYaA_q5Q1RxWdQ","to":"+12249993880"} 
[2026-04-04 04:18:29] production.INFO: Telnyx voice webhook received {"event_type":"call.speak.started","call_control_id":"v3:rxLQKUGkBkuf3QSdXkgD5p2wNXmcDBvs3xW1JeH-hLd1F_fxM3MNiQ","direction":null} 
[2026-04-04 04:18:29] production.INFO: TTS speak started {"call_control_id":"v3:rxLQKUGkBkuf3QSdXkgD5p2wNXmcDBvs3xW1JeH-hLd1F_fxM3MNiQ"} 
[2026-04-04 04:18:29] production.DEBUG: Push notification delivered {"endpoint":"https://web.push.apple.com/QDkJcfxcMRPW4uLNUaYZ21nDUMJHCJ-cyja1FMQcNEv6qKbL-ec_s…","status":201} 
[2026-04-04 04:18:29] production.DEBUG: Push notification delivered {"endpoint":"https://fcm.googleapis.com/fcm/send/cYR-NIq4nms:APA91bEppjWa7ZIrYxviNuWljHyZ7qnu…","status":201} 
[2026-04-04 04:18:35] production.INFO: Telnyx voice webhook received {"event_type":"call.speak.ended","call_control_id":"v3:rxLQKUGkBkuf3QSdXkgD5p2wNXmcDBvs3xW1JeH-hLd1F_fxM3MNiQ","direction":null} 
[2026-04-04 04:18:35] production.INFO: handleCallSpeakEnded ENTRY {"call_control_id":"v3:rxLQKUGkBkuf3QSdXkgD5p2wNXmcDBvs3xW1JeH-hLd1F_fxM3MNiQ","action":"welcome_done","client_state":{"action":"welcome_done","call_log_id":593,"original_caller":"+18472123894"},"client_state_raw_present":true} 
[2026-04-04 04:18:35] production.INFO: TTS completed — no admin answered yet, playing ringback {"call_control_id":"v3:rxLQKUGkBkuf3QSdXkgD5p2wNXmcDBvs3xW1JeH-hLd1F_fxM3MNiQ","call_log_id":593} 
[2026-04-04 04:18:36] production.INFO: Call command sent: playback_start {"call_control_id":"v3:rxLQKUGkBkuf3QSdXkgD5p2wNXmcDBvs3xW1JeH-hLd1F_fxM3MNiQ","result":"ok"} 
[2026-04-04 04:18:36] production.INFO: Telnyx voice webhook received {"event_type":"call.playback.started","call_control_id":"v3:rxLQKUGkBkuf3QSdXkgD5p2wNXmcDBvs3xW1JeH-hLd1F_fxM3MNiQ","direction":null} 
[2026-04-04 04:18:36] production.INFO: Unhandled voice event {"event_type":"call.playback.started"} 
[2026-04-04 04:18:38] production.INFO: Telnyx voice webhook received {"event_type":"call.answered","call_control_id":"v3:F4ap1RBOOtyneI2kanoygrldWYf8E-cnaev7J131TYaA_q5Q1RxWdQ","direction":null} 
[2026-04-04 04:18:38] production.INFO: Admin answered — waiting for AMD confirmation {"admin_call_control_id":"v3:F4ap1RBOOtyneI2kanoygrldWYf8E-cnaev7J131TYaA_q5Q1RxWdQ","incoming_call_control_id":"v3:rxLQKUGkBkuf3QSdXkgD5p2wNXmcDBvs3xW1JeH-hLd1F_fxM3MNiQ","call_log_id":593,"admin_user_id":1} 
[2026-04-04 04:18:43] production.INFO: Telnyx voice webhook received {"event_type":"call.machine.premium.detection.ended","call_control_id":"v3:F4ap1RBOOtyneI2kanoygrldWYf8E-cnaev7J131TYaA_q5Q1RxWdQ","direction":null} 
[2026-04-04 04:18:43] production.INFO: AMD ended {"call_control_id":"v3:F4ap1RBOOtyneI2kanoygrldWYf8E-cnaev7J131TYaA_q5Q1RxWdQ","result":"human_residence","action":"admin_ring"} 
[2026-04-04 04:18:43] production.INFO: AMD confirmed human on admin leg {"call_control_id":"v3:F4ap1RBOOtyneI2kanoygrldWYf8E-cnaev7J131TYaA_q5Q1RxWdQ","result":"human_residence","call_log_id":593,"admin_user_id":1} 
[2026-04-04 04:18:43] production.INFO: AMD human + TTS done — bridging now {"admin_call_control_id":"v3:F4ap1RBOOtyneI2kanoygrldWYf8E-cnaev7J131TYaA_q5Q1RxWdQ","incoming_call_control_id":"v3:rxLQKUGkBkuf3QSdXkgD5p2wNXmcDBvs3xW1JeH-hLd1F_fxM3MNiQ","call_log_id":593} 
[2026-04-04 04:18:43] production.INFO: Bridging admin with caller {"admin_call_control_id":"v3:F4ap1RBOOtyneI2kanoygrldWYf8E-cnaev7J131TYaA_q5Q1RxWdQ","incoming_call_control_id":"v3:rxLQKUGkBkuf3QSdXkgD5p2wNXmcDBvs3xW1JeH-hLd1F_fxM3MNiQ","admin_user_id":1,"admin_name":"Patryk Szady"} 
[2026-04-04 04:18:43] production.INFO: Call command sent: playback_stop {"call_control_id":"v3:rxLQKUGkBkuf3QSdXkgD5p2wNXmcDBvs3xW1JeH-hLd1F_fxM3MNiQ","result":"ok"} 
[2026-04-04 04:18:43] production.INFO: Telnyx voice webhook received {"event_type":"call.playback.ended","call_control_id":"v3:rxLQKUGkBkuf3QSdXkgD5p2wNXmcDBvs3xW1JeH-hLd1F_fxM3MNiQ","direction":null} 
[2026-04-04 04:18:43] production.INFO: Call command sent: playback_stop {"call_control_id":"v3:F4ap1RBOOtyneI2kanoygrldWYf8E-cnaev7J131TYaA_q5Q1RxWdQ","result":"ok"} 
[2026-04-04 04:18:44] production.INFO: Calls bridged successfully {"call_control_id_a":"v3:F4ap1RBOOtyneI2kanoygrldWYf8E-cnaev7J131TYaA_q5Q1RxWdQ","call_control_id_b":"v3:rxLQKUGkBkuf3QSdXkgD5p2wNXmcDBvs3xW1JeH-hLd1F_fxM3MNiQ"} 
[2026-04-04 04:18:44] production.INFO: Telnyx voice webhook received {"event_type":"call.bridged","call_control_id":"v3:F4ap1RBOOtyneI2kanoygrldWYf8E-cnaev7J131TYaA_q5Q1RxWdQ","direction":null} 
[2026-04-04 04:18:44] production.INFO: Call bridged {"call_control_id":"v3:F4ap1RBOOtyneI2kanoygrldWYf8E-cnaev7J131TYaA_q5Q1RxWdQ","call_session_id":"555d6efc-2fdd-11f1-bb8c-02420aef551f"} 
[2026-04-04 04:18:44] production.INFO: Telnyx voice webhook received {"event_type":"call.bridged","call_control_id":"v3:rxLQKUGkBkuf3QSdXkgD5p2wNXmcDBvs3xW1JeH-hLd1F_fxM3MNiQ","direction":null} 
[2026-04-04 04:18:44] production.INFO: Call bridged {"call_control_id":"v3:rxLQKUGkBkuf3QSdXkgD5p2wNXmcDBvs3xW1JeH-hLd1F_fxM3MNiQ","call_session_id":"5476eaae-2fdd-11f1-bf27-02420aef54a0"} 
[2026-04-04 04:18:48] production.INFO: Telnyx voice webhook received {"event_type":"call.hangup","call_control_id":"v3:rxLQKUGkBkuf3QSdXkgD5p2wNXmcDBvs3xW1JeH-hLd1F_fxM3MNiQ","direction":null} 
[2026-04-04 04:18:48] production.INFO: Telnyx voice webhook received {"event_type":"call.hangup","call_control_id":"v3:F4ap1RBOOtyneI2kanoygrldWYf8E-cnaev7J131TYaA_q5Q1RxWdQ","direction":null} 
[2026-04-04 04:18:48] production.INFO: Admin ring leg hung up {"admin_call_control_id":"v3:F4ap1RBOOtyneI2kanoygrldWYf8E-cnaev7J131TYaA_q5Q1RxWdQ","hangup_cause":"normal_clearing","call_log_id":593} 
[2026-04-04 04:18:48] production.INFO: Call ended {"call_control_id":"v3:rxLQKUGkBkuf3QSdXkgD5p2wNXmcDBvs3xW1JeH-hLd1F_fxM3MNiQ","status":"completed","hangup_cause":"normal_clearing","duration":20.524540000000002} 
[2026-04-04 04:19:21] production.INFO: Telnyx voice webhook received {"event_type":"call.initiated","call_control_id":"v3:ogW9d7nCtyA1_YGc2vpMlHwtRECjAOWGkcxT7qRvb4i0av0Mm0elbA","direction":"incoming"} 
[2026-04-04 04:19:21] production.WARNING: ipqualityscore lookup failed {"phone":"+18472123894","message":"You have insufficient credits to make this query. Please contact IPQualityScore support if this error persists."} 
[2026-04-04 04:19:21] production.INFO: Incoming call - answering {"call_control_id":"v3:ogW9d7nCtyA1_YGc2vpMlHwtRECjAOWGkcxT7qRvb4i0av0Mm0elbA","from":"+18472123894","to":"+12247354200","caller_user_id":null,"caller_name":"GRZEGORZ SZADY"} 
[2026-04-04 04:19:22] production.INFO: Call command sent: answer {"call_control_id":"v3:ogW9d7nCtyA1_YGc2vpMlHwtRECjAOWGkcxT7qRvb4i0av0Mm0elbA","result":"ok"} 
[2026-04-04 04:19:22] production.INFO: Telnyx voice webhook received {"event_type":"call.answered","call_control_id":"v3:ogW9d7nCtyA1_YGc2vpMlHwtRECjAOWGkcxT7qRvb4i0av0Mm0elbA","direction":null} 
[2026-04-04 04:19:22] production.INFO: Playing welcome TTS and dialing admins simultaneously {"call_control_id":"v3:ogW9d7nCtyA1_YGc2vpMlHwtRECjAOWGkcxT7qRvb4i0av0Mm0elbA","tts":"Good evening! Thanks for calling GS Construction. One moment while we connect you to the GS Crew."} 
[2026-04-04 04:19:22] production.INFO: Call command sent: speak {"call_control_id":"v3:ogW9d7nCtyA1_YGc2vpMlHwtRECjAOWGkcxT7qRvb4i0av0Mm0elbA","result":"ok"} 
[2026-04-04 04:19:22] production.INFO: Dialed admin {"admin_user_id":1,"admin_name":"Patryk Szady","phone":"+12249993880","admin_call_control_id":"v3:ruoojKo05V8tkmI5jZqceXQIOSu2fPZOCfKQPQw1OmyT2qd3OqhL3A"} 
[2026-04-04 04:19:22] production.INFO: Telnyx voice webhook received {"event_type":"call.initiated","call_control_id":"v3:ruoojKo05V8tkmI5jZqceXQIOSu2fPZOCfKQPQw1OmyT2qd3OqhL3A","direction":"outgoing"} 
[2026-04-04 04:19:22] production.INFO: Outbound call initiated {"call_control_id":"v3:ruoojKo05V8tkmI5jZqceXQIOSu2fPZOCfKQPQw1OmyT2qd3OqhL3A","to":"+12249993880"} 
[2026-04-04 04:19:22] production.INFO: Telnyx voice webhook received {"event_type":"call.speak.started","call_control_id":"v3:ogW9d7nCtyA1_YGc2vpMlHwtRECjAOWGkcxT7qRvb4i0av0Mm0elbA","direction":null} 
[2026-04-04 04:19:22] production.INFO: TTS speak started {"call_control_id":"v3:ogW9d7nCtyA1_YGc2vpMlHwtRECjAOWGkcxT7qRvb4i0av0Mm0elbA"} 
[2026-04-04 04:19:23] production.DEBUG: Push notification delivered {"endpoint":"https://web.push.apple.com/QDkJcfxcMRPW4uLNUaYZ21nDUMJHCJ-cyja1FMQcNEv6qKbL-ec_s…","status":201} 
[2026-04-04 04:19:23] production.DEBUG: Push notification delivered {"endpoint":"https://fcm.googleapis.com/fcm/send/cYR-NIq4nms:APA91bEppjWa7ZIrYxviNuWljHyZ7qnu…","status":201} 
[2026-04-04 04:19:41] production.INFO: Telnyx voice webhook received {"event_type":"call.answered","call_control_id":"v3:ruoojKo05V8tkmI5jZqceXQIOSu2fPZOCfKQPQw1OmyT2qd3OqhL3A","direction":null} 
[2026-04-04 04:19:41] production.INFO: Admin answered — waiting for AMD confirmation {"admin_call_control_id":"v3:ruoojKo05V8tkmI5jZqceXQIOSu2fPZOCfKQPQw1OmyT2qd3OqhL3A","incoming_call_control_id":"v3:ogW9d7nCtyA1_YGc2vpMlHwtRECjAOWGkcxT7qRvb4i0av0Mm0elbA","call_log_id":594,"admin_user_id":1} 
[2026-04-04 04:19:45] production.INFO: Telnyx voice webhook received {"event_type":"call.machine.premium.detection.ended","call_control_id":"v3:ruoojKo05V8tkmI5jZqceXQIOSu2fPZOCfKQPQw1OmyT2qd3OqhL3A","direction":null} 
[2026-04-04 04:19:45] production.INFO: AMD ended {"call_control_id":"v3:ruoojKo05V8tkmI5jZqceXQIOSu2fPZOCfKQPQw1OmyT2qd3OqhL3A","result":"machine","action":"admin_ring"} 
[2026-04-04 04:19:45] production.INFO: AMD detected voicemail on admin leg — hanging up {"call_control_id":"v3:ruoojKo05V8tkmI5jZqceXQIOSu2fPZOCfKQPQw1OmyT2qd3OqhL3A","result":"machine","call_log_id":594} 
[2026-04-04 04:19:45] production.INFO: Call command sent: hangup {"call_control_id":"v3:ruoojKo05V8tkmI5jZqceXQIOSu2fPZOCfKQPQw1OmyT2qd3OqhL3A","result":"ok"} 
[2026-04-04 04:19:45] production.INFO: Telnyx voice webhook received {"event_type":"call.hangup","call_control_id":"v3:ruoojKo05V8tkmI5jZqceXQIOSu2fPZOCfKQPQw1OmyT2qd3OqhL3A","direction":null} 
[2026-04-04 04:19:45] production.INFO: Admin ring leg hung up {"admin_call_control_id":"v3:ruoojKo05V8tkmI5jZqceXQIOSu2fPZOCfKQPQw1OmyT2qd3OqhL3A","hangup_cause":"normal_clearing","call_log_id":594} 
[2026-04-04 04:19:45] production.INFO: All admin legs failed — triggering voicemail {"incoming_call_control_id":"v3:ogW9d7nCtyA1_YGc2vpMlHwtRECjAOWGkcxT7qRvb4i0av0Mm0elbA","call_log_id":594} 
[2026-04-04 04:19:46] production.INFO: Call command sent: playback_stop {"call_control_id":"v3:ogW9d7nCtyA1_YGc2vpMlHwtRECjAOWGkcxT7qRvb4i0av0Mm0elbA","result":"ok"} 
[2026-04-04 04:19:46] production.INFO: Playing voicemail IVR menu {"call_control_id":"v3:ogW9d7nCtyA1_YGc2vpMlHwtRECjAOWGkcxT7qRvb4i0av0Mm0elbA","call_log_id":594,"ivr_prompt":"GS Construction is not available right now. Press 2 to send a text on your behalf so the GS Crew knows to call you back ASAP. Stay on the line to leave a voicemail.","is_known_caller":false} 
[2026-04-04 04:19:46] production.INFO: Telnyx voice webhook received {"event_type":"call.speak.ended","call_control_id":"v3:ogW9d7nCtyA1_YGc2vpMlHwtRECjAOWGkcxT7qRvb4i0av0Mm0elbA","direction":null} 
[2026-04-04 04:19:46] production.INFO: handleCallSpeakEnded ENTRY {"call_control_id":"v3:ogW9d7nCtyA1_YGc2vpMlHwtRECjAOWGkcxT7qRvb4i0av0Mm0elbA","action":"welcome_done","client_state":{"action":"welcome_done","call_log_id":594,"original_caller":"+18472123894"},"client_state_raw_present":true} 
[2026-04-04 04:19:46] production.INFO: TTS completed but call already handled (voicemail/bridge in progress) {"call_control_id":"v3:ogW9d7nCtyA1_YGc2vpMlHwtRECjAOWGkcxT7qRvb4i0av0Mm0elbA","call_log_id":594} 
[2026-04-04 04:19:46] production.INFO: Call command sent: gather_using_speak {"call_control_id":"v3:ogW9d7nCtyA1_YGc2vpMlHwtRECjAOWGkcxT7qRvb4i0av0Mm0elbA","result":"ok"} 
[2026-04-04 04:19:51] production.INFO: Telnyx voice webhook received {"event_type":"call.gather.ended","call_control_id":"v3:ogW9d7nCtyA1_YGc2vpMlHwtRECjAOWGkcxT7qRvb4i0av0Mm0elbA","direction":null} 
[2026-04-04 04:19:51] production.INFO: IVR gather ended {"call_control_id":"v3:ogW9d7nCtyA1_YGc2vpMlHwtRECjAOWGkcxT7qRvb4i0av0Mm0elbA","digits":"","call_log_id":594} 
[2026-04-04 04:19:51] production.INFO: IVR: no digit pressed — playing voicemail greeting {"call_control_id":"v3:ogW9d7nCtyA1_YGc2vpMlHwtRECjAOWGkcxT7qRvb4i0av0Mm0elbA"} 
[2026-04-04 04:19:51] production.INFO: Call command sent: speak {"call_control_id":"v3:ogW9d7nCtyA1_YGc2vpMlHwtRECjAOWGkcxT7qRvb4i0av0Mm0elbA","result":"ok"} 
[2026-04-04 04:19:52] production.INFO: Telnyx voice webhook received {"event_type":"call.speak.started","call_control_id":"v3:ogW9d7nCtyA1_YGc2vpMlHwtRECjAOWGkcxT7qRvb4i0av0Mm0elbA","direction":null} 
[2026-04-04 04:19:52] production.INFO: TTS speak started {"call_control_id":"v3:ogW9d7nCtyA1_YGc2vpMlHwtRECjAOWGkcxT7qRvb4i0av0Mm0elbA"} 
[2026-04-04 04:19:58] production.INFO: Telnyx voice webhook received {"event_type":"call.speak.ended","call_control_id":"v3:ogW9d7nCtyA1_YGc2vpMlHwtRECjAOWGkcxT7qRvb4i0av0Mm0elbA","direction":null} 
[2026-04-04 04:19:58] production.INFO: handleCallSpeakEnded ENTRY {"call_control_id":"v3:ogW9d7nCtyA1_YGc2vpMlHwtRECjAOWGkcxT7qRvb4i0av0Mm0elbA","action":"voicemail_prompt_done","client_state":{"action":"voicemail_prompt_done","call_log_id":594},"client_state_raw_present":true} 
[2026-04-04 04:19:58] production.INFO: Voicemail prompt done — starting recording {"call_control_id":"v3:ogW9d7nCtyA1_YGc2vpMlHwtRECjAOWGkcxT7qRvb4i0av0Mm0elbA"} 
[2026-04-04 04:19:58] production.INFO: Telnyx voice webhook received {"event_type":"call.hangup","call_control_id":"v3:ogW9d7nCtyA1_YGc2vpMlHwtRECjAOWGkcxT7qRvb4i0av0Mm0elbA","direction":null} 
[2026-04-04 04:19:58] production.INFO: Call ended {"call_control_id":"v3:ogW9d7nCtyA1_YGc2vpMlHwtRECjAOWGkcxT7qRvb4i0av0Mm0elbA","status":"missed","hangup_cause":"normal_clearing","duration":36.295248} 
[2026-04-04 04:19:58] production.ERROR: Call command failed: record_start {"call_control_id":"v3:ogW9d7nCtyA1_YGc2vpMlHwtRECjAOWGkcxT7qRvb4i0av0Mm0elbA","status":422,"error":{"errors":[{"code":"90018","title":"Call has already ended","detail":"This call is no longer active and can't receive commands."}]}} 
[2026-04-04 04:20:27] production.INFO: Telnyx voice webhook received {"event_type":"call.initiated","call_control_id":"v3:KWxwxyz68QXw-bmqDJkGjbpIiNfQZVZFU_AWz_3eqHbfJcB6u5eziw","direction":"incoming"} 
[2026-04-04 04:20:27] production.WARNING: ipqualityscore lookup failed {"phone":"+18472123894","message":"You have insufficient credits to make this query. Please contact IPQualityScore support if this error persists."} 
[2026-04-04 04:20:27] production.INFO: Incoming call - answering {"call_control_id":"v3:KWxwxyz68QXw-bmqDJkGjbpIiNfQZVZFU_AWz_3eqHbfJcB6u5eziw","from":"+18472123894","to":"+12247354200","caller_user_id":null,"caller_name":"GRZEGORZ SZADY"} 
[2026-04-04 04:20:27] production.INFO: Call command sent: answer {"call_control_id":"v3:KWxwxyz68QXw-bmqDJkGjbpIiNfQZVZFU_AWz_3eqHbfJcB6u5eziw","result":"ok"} 
[2026-04-04 04:20:28] production.INFO: Telnyx voice webhook received {"event_type":"call.answered","call_control_id":"v3:KWxwxyz68QXw-bmqDJkGjbpIiNfQZVZFU_AWz_3eqHbfJcB6u5eziw","direction":null} 
[2026-04-04 04:20:28] production.INFO: Playing welcome TTS and dialing admins simultaneously {"call_control_id":"v3:KWxwxyz68QXw-bmqDJkGjbpIiNfQZVZFU_AWz_3eqHbfJcB6u5eziw","tts":"Good evening! Thanks for calling GS Construction. One moment while we connect you to the GS Crew."} 
[2026-04-04 04:20:28] production.INFO: Call command sent: speak {"call_control_id":"v3:KWxwxyz68QXw-bmqDJkGjbpIiNfQZVZFU_AWz_3eqHbfJcB6u5eziw","result":"ok"} 
[2026-04-04 04:20:28] production.INFO: Dialed admin {"admin_user_id":1,"admin_name":"Patryk Szady","phone":"+12249993880","admin_call_control_id":"v3:z7oWWwYe4Sha90zgqvJeLVRJLlfKkrlU9sZGOGDERoe8hExPH_LNGg"} 
[2026-04-04 04:20:28] production.INFO: Telnyx voice webhook received {"event_type":"call.initiated","call_control_id":"v3:z7oWWwYe4Sha90zgqvJeLVRJLlfKkrlU9sZGOGDERoe8hExPH_LNGg","direction":"outgoing"} 
[2026-04-04 04:20:28] production.INFO: Outbound call initiated {"call_control_id":"v3:z7oWWwYe4Sha90zgqvJeLVRJLlfKkrlU9sZGOGDERoe8hExPH_LNGg","to":"+12249993880"} 
[2026-04-04 04:20:28] production.INFO: Telnyx voice webhook received {"event_type":"call.speak.started","call_control_id":"v3:KWxwxyz68QXw-bmqDJkGjbpIiNfQZVZFU_AWz_3eqHbfJcB6u5eziw","direction":null} 
[2026-04-04 04:20:28] production.INFO: TTS speak started {"call_control_id":"v3:KWxwxyz68QXw-bmqDJkGjbpIiNfQZVZFU_AWz_3eqHbfJcB6u5eziw"} 
[2026-04-04 04:20:29] production.DEBUG: Push notification delivered {"endpoint":"https://web.push.apple.com/QDkJcfxcMRPW4uLNUaYZ21nDUMJHCJ-cyja1FMQcNEv6qKbL-ec_s…","status":201} 
[2026-04-04 04:20:29] production.DEBUG: Push notification delivered {"endpoint":"https://fcm.googleapis.com/fcm/send/cYR-NIq4nms:APA91bEppjWa7ZIrYxviNuWljHyZ7qnu…","status":201} 
[2026-04-04 04:20:34] production.INFO: Telnyx voice webhook received {"event_type":"call.speak.ended","call_control_id":"v3:KWxwxyz68QXw-bmqDJkGjbpIiNfQZVZFU_AWz_3eqHbfJcB6u5eziw","direction":null} 
[2026-04-04 04:20:34] production.INFO: handleCallSpeakEnded ENTRY {"call_control_id":"v3:KWxwxyz68QXw-bmqDJkGjbpIiNfQZVZFU_AWz_3eqHbfJcB6u5eziw","action":"welcome_done","client_state":{"action":"welcome_done","call_log_id":595,"original_caller":"+18472123894"},"client_state_raw_present":true} 
[2026-04-04 04:20:34] production.INFO: TTS completed — no admin answered yet, playing ringback {"call_control_id":"v3:KWxwxyz68QXw-bmqDJkGjbpIiNfQZVZFU_AWz_3eqHbfJcB6u5eziw","call_log_id":595} 
[2026-04-04 04:20:34] production.INFO: Call command sent: playback_start {"call_control_id":"v3:KWxwxyz68QXw-bmqDJkGjbpIiNfQZVZFU_AWz_3eqHbfJcB6u5eziw","result":"ok"} 
[2026-04-04 04:20:34] production.INFO: Telnyx voice webhook received {"event_type":"call.playback.started","call_control_id":"v3:KWxwxyz68QXw-bmqDJkGjbpIiNfQZVZFU_AWz_3eqHbfJcB6u5eziw","direction":null} 
[2026-04-04 04:20:34] production.INFO: Unhandled voice event {"event_type":"call.playback.started"} 
[2026-04-04 04:20:36] production.INFO: Telnyx voice webhook received {"event_type":"call.answered","call_control_id":"v3:z7oWWwYe4Sha90zgqvJeLVRJLlfKkrlU9sZGOGDERoe8hExPH_LNGg","direction":null} 
[2026-04-04 04:20:36] production.INFO: Admin answered — waiting for AMD confirmation {"admin_call_control_id":"v3:z7oWWwYe4Sha90zgqvJeLVRJLlfKkrlU9sZGOGDERoe8hExPH_LNGg","incoming_call_control_id":"v3:KWxwxyz68QXw-bmqDJkGjbpIiNfQZVZFU_AWz_3eqHbfJcB6u5eziw","call_log_id":595,"admin_user_id":1} 
[2026-04-04 04:20:40] production.INFO: Telnyx voice webhook received {"event_type":"call.machine.premium.detection.ended","call_control_id":"v3:z7oWWwYe4Sha90zgqvJeLVRJLlfKkrlU9sZGOGDERoe8hExPH_LNGg","direction":null} 
[2026-04-04 04:20:40] production.INFO: AMD ended {"call_control_id":"v3:z7oWWwYe4Sha90zgqvJeLVRJLlfKkrlU9sZGOGDERoe8hExPH_LNGg","result":"machine","action":"admin_ring"} 
[2026-04-04 04:20:40] production.INFO: AMD detected voicemail on admin leg — hanging up {"call_control_id":"v3:z7oWWwYe4Sha90zgqvJeLVRJLlfKkrlU9sZGOGDERoe8hExPH_LNGg","result":"machine","call_log_id":595} 
[2026-04-04 04:20:41] production.INFO: Call command sent: hangup {"call_control_id":"v3:z7oWWwYe4Sha90zgqvJeLVRJLlfKkrlU9sZGOGDERoe8hExPH_LNGg","result":"ok"} 
[2026-04-04 04:20:41] production.INFO: Telnyx voice webhook received {"event_type":"call.hangup","call_control_id":"v3:z7oWWwYe4Sha90zgqvJeLVRJLlfKkrlU9sZGOGDERoe8hExPH_LNGg","direction":null} 
[2026-04-04 04:20:41] production.INFO: Admin ring leg hung up {"admin_call_control_id":"v3:z7oWWwYe4Sha90zgqvJeLVRJLlfKkrlU9sZGOGDERoe8hExPH_LNGg","hangup_cause":"normal_clearing","call_log_id":595} 
[2026-04-04 04:20:41] production.INFO: All admin legs failed — triggering voicemail {"incoming_call_control_id":"v3:KWxwxyz68QXw-bmqDJkGjbpIiNfQZVZFU_AWz_3eqHbfJcB6u5eziw","call_log_id":595} 
[2026-04-04 04:20:41] production.INFO: Call command sent: playback_stop {"call_control_id":"v3:KWxwxyz68QXw-bmqDJkGjbpIiNfQZVZFU_AWz_3eqHbfJcB6u5eziw","result":"ok"} 
[2026-04-04 04:20:41] production.INFO: Playing voicemail IVR menu {"call_control_id":"v3:KWxwxyz68QXw-bmqDJkGjbpIiNfQZVZFU_AWz_3eqHbfJcB6u5eziw","call_log_id":595,"ivr_prompt":"GS Construction is not available right now. Press 2 to send a text on your behalf so the GS Crew knows to call you back ASAP. Stay on the line to leave a voicemail.","is_known_caller":false} 
[2026-04-04 04:20:41] production.INFO: Telnyx voice webhook received {"event_type":"call.playback.ended","call_control_id":"v3:KWxwxyz68QXw-bmqDJkGjbpIiNfQZVZFU_AWz_3eqHbfJcB6u5eziw","direction":null} 
[2026-04-04 04:20:41] production.INFO: Call command sent: gather_using_speak {"call_control_id":"v3:KWxwxyz68QXw-bmqDJkGjbpIiNfQZVZFU_AWz_3eqHbfJcB6u5eziw","result":"ok"} 
[2026-04-04 04:20:42] production.INFO: Telnyx voice webhook received {"event_type":"call.speak.started","call_control_id":"v3:KWxwxyz68QXw-bmqDJkGjbpIiNfQZVZFU_AWz_3eqHbfJcB6u5eziw","direction":null} 
[2026-04-04 04:20:42] production.INFO: TTS speak started {"call_control_id":"v3:KWxwxyz68QXw-bmqDJkGjbpIiNfQZVZFU_AWz_3eqHbfJcB6u5eziw"} 
[2026-04-04 04:20:53] production.INFO: Telnyx voice webhook received {"event_type":"call.dtmf.received","call_control_id":"v3:KWxwxyz68QXw-bmqDJkGjbpIiNfQZVZFU_AWz_3eqHbfJcB6u5eziw","direction":null} 
[2026-04-04 04:20:53] production.INFO: Unhandled voice event {"event_type":"call.dtmf.received"} 
[2026-04-04 04:20:53] production.INFO: Telnyx voice webhook received {"event_type":"call.gather.ended","call_control_id":"v3:KWxwxyz68QXw-bmqDJkGjbpIiNfQZVZFU_AWz_3eqHbfJcB6u5eziw","direction":null} 
[2026-04-04 04:20:53] production.INFO: IVR gather ended {"call_control_id":"v3:KWxwxyz68QXw-bmqDJkGjbpIiNfQZVZFU_AWz_3eqHbfJcB6u5eziw","digits":"2","call_log_id":595} 
[2026-04-04 04:20:53] production.INFO: IVR: caller pressed 2 — sending SMS {"call_control_id":"v3:KWxwxyz68QXw-bmqDJkGjbpIiNfQZVZFU_AWz_3eqHbfJcB6u5eziw","caller_number":"+18472123894"} 
[2026-04-04 04:20:53] production.INFO: Telnyx voice webhook received {"event_type":"call.speak.ended","call_control_id":"v3:KWxwxyz68QXw-bmqDJkGjbpIiNfQZVZFU_AWz_3eqHbfJcB6u5eziw","direction":null} 
[2026-04-04 04:20:53] production.INFO: handleCallSpeakEnded ENTRY {"call_control_id":"v3:KWxwxyz68QXw-bmqDJkGjbpIiNfQZVZFU_AWz_3eqHbfJcB6u5eziw","action":"voicemail_ivr_menu","client_state":{"action":"voicemail_ivr_menu","call_log_id":595,"original_caller":"+18472123894","is_known_caller":false},"client_state_raw_present":true} 
[2026-04-04 04:20:53] production.INFO: Callback SMS sent to admin {"admin_user_id":1,"admin_name":"Patryk Szady","phone":"+12249993880"} 
[2026-04-04 04:20:53] production.INFO: Call command sent: speak {"call_control_id":"v3:KWxwxyz68QXw-bmqDJkGjbpIiNfQZVZFU_AWz_3eqHbfJcB6u5eziw","result":"ok"} 
[2026-04-04 04:20:54] production.INFO: Telnyx webhook received {"event_type":"message.sent","message_id":"40319d56-b8ee-412a-aaef-d481d8106a36"} 
[2026-04-04 04:20:54] production.INFO: Message sent {"id":"40319d56-b8ee-412a-aaef-d481d8106a36","to":"+12249993880","from":"+12247354200"} 
[2026-04-04 04:20:54] production.INFO: Telnyx webhook received {"event_type":"message.finalized","message_id":"40319d56-b8ee-412a-aaef-d481d8106a36"} 
[2026-04-04 04:20:54] production.INFO: Message finalized {"id":"40319d56-b8ee-412a-aaef-d481d8106a36","to":"+12249993880","status":"delivered"} 
[2026-04-04 04:20:54] production.INFO: Telnyx voice webhook received {"event_type":"call.speak.started","call_control_id":"v3:KWxwxyz68QXw-bmqDJkGjbpIiNfQZVZFU_AWz_3eqHbfJcB6u5eziw","direction":null} 
[2026-04-04 04:20:54] production.INFO: TTS speak started {"call_control_id":"v3:KWxwxyz68QXw-bmqDJkGjbpIiNfQZVZFU_AWz_3eqHbfJcB6u5eziw"} 
[2026-04-04 04:21:01] production.INFO: Telnyx voice webhook received {"event_type":"call.speak.ended","call_control_id":"v3:KWxwxyz68QXw-bmqDJkGjbpIiNfQZVZFU_AWz_3eqHbfJcB6u5eziw","direction":null} 
[2026-04-04 04:21:01] production.INFO: handleCallSpeakEnded ENTRY {"call_control_id":"v3:KWxwxyz68QXw-bmqDJkGjbpIiNfQZVZFU_AWz_3eqHbfJcB6u5eziw","action":"ivr_sms_confirmation","client_state":{"action":"ivr_sms_confirmation","call_log_id":595},"client_state_raw_present":true} 
[2026-04-04 04:21:01] production.INFO: IVR SMS confirmation done — hanging up {"call_control_id":"v3:KWxwxyz68QXw-bmqDJkGjbpIiNfQZVZFU_AWz_3eqHbfJcB6u5eziw","call_log_id":595} 
[2026-04-04 04:21:02] production.INFO: Call command sent: hangup {"call_control_id":"v3:KWxwxyz68QXw-bmqDJkGjbpIiNfQZVZFU_AWz_3eqHbfJcB6u5eziw","result":"ok"} 
[2026-04-04 04:21:02] production.INFO: Telnyx voice webhook received {"event_type":"call.hangup","call_control_id":"v3:KWxwxyz68QXw-bmqDJkGjbpIiNfQZVZFU_AWz_3eqHbfJcB6u5eziw","direction":null} 
[2026-04-04 04:21:02] production.INFO: Call ended {"call_control_id":"v3:KWxwxyz68QXw-bmqDJkGjbpIiNfQZVZFU_AWz_3eqHbfJcB6u5eziw","status":"missed","hangup_cause":"normal_clearing","duration":34.191402000000004} 
[2026-04-04 04:43:47] production.INFO: Telnyx voice webhook received {"event_type":"call.initiated","call_control_id":"v3:PaqlaPpI6lHZPvXXJ36Dx5WQMZy-JVAYZXd8JL2PzO_sbHfBv7P_OQ","direction":"incoming"} 
[2026-04-04 04:43:47] production.WARNING: ipqualityscore lookup failed {"phone":"+18472123894","message":"You have insufficient credits to make this query. Please contact IPQualityScore support if this error persists."} 
[2026-04-04 04:43:47] production.INFO: Incoming call - answering {"call_control_id":"v3:PaqlaPpI6lHZPvXXJ36Dx5WQMZy-JVAYZXd8JL2PzO_sbHfBv7P_OQ","from":"+18472123894","to":"+12247354200","caller_user_id":null,"caller_name":"GRZEGORZ SZADY"} 
[2026-04-04 04:43:47] production.INFO: Call command sent: answer {"call_control_id":"v3:PaqlaPpI6lHZPvXXJ36Dx5WQMZy-JVAYZXd8JL2PzO_sbHfBv7P_OQ","result":"ok"} 
[2026-04-04 04:43:48] production.INFO: Telnyx voice webhook received {"event_type":"call.answered","call_control_id":"v3:PaqlaPpI6lHZPvXXJ36Dx5WQMZy-JVAYZXd8JL2PzO_sbHfBv7P_OQ","direction":null} 
[2026-04-04 04:43:48] production.INFO: Playing welcome TTS and dialing admins simultaneously {"call_control_id":"v3:PaqlaPpI6lHZPvXXJ36Dx5WQMZy-JVAYZXd8JL2PzO_sbHfBv7P_OQ","tts":"Good evening! Thanks for calling GS Construction. One moment while we connect you to the GS Crew."} 
[2026-04-04 04:43:48] production.INFO: Call command sent: speak {"call_control_id":"v3:PaqlaPpI6lHZPvXXJ36Dx5WQMZy-JVAYZXd8JL2PzO_sbHfBv7P_OQ","result":"ok"} 
[2026-04-04 04:43:48] production.INFO: Dialed admin {"admin_user_id":1,"admin_name":"Patryk Szady","phone":"+12249993880","admin_call_control_id":"v3:L4JY1ZjTTIXPfF8Tw36_NlYbyzmrIzOy5Mi6Ljoz-niiYhQsnXpiQw"} 
[2026-04-04 04:43:48] production.DEBUG: Push notification delivered {"endpoint":"https://web.push.apple.com/QDkJcfxcMRPW4uLNUaYZ21nDUMJHCJ-cyja1FMQcNEv6qKbL-ec_s…","status":201} 
[2026-04-04 04:43:48] production.DEBUG: Push notification delivered {"endpoint":"https://fcm.googleapis.com/fcm/send/cYR-NIq4nms:APA91bEppjWa7ZIrYxviNuWljHyZ7qnu…","status":201} 
[2026-04-04 04:43:48] production.INFO: Telnyx voice webhook received {"event_type":"call.initiated","call_control_id":"v3:L4JY1ZjTTIXPfF8Tw36_NlYbyzmrIzOy5Mi6Ljoz-niiYhQsnXpiQw","direction":"outgoing"} 
[2026-04-04 04:43:48] production.INFO: Outbound call initiated {"call_control_id":"v3:L4JY1ZjTTIXPfF8Tw36_NlYbyzmrIzOy5Mi6Ljoz-niiYhQsnXpiQw","to":"+12249993880"} 
[2026-04-04 04:43:49] production.INFO: Telnyx voice webhook received {"event_type":"call.speak.started","call_control_id":"v3:PaqlaPpI6lHZPvXXJ36Dx5WQMZy-JVAYZXd8JL2PzO_sbHfBv7P_OQ","direction":null} 
[2026-04-04 04:43:49] production.INFO: TTS speak started {"call_control_id":"v3:PaqlaPpI6lHZPvXXJ36Dx5WQMZy-JVAYZXd8JL2PzO_sbHfBv7P_OQ"} 
[2026-04-04 04:43:53] production.INFO: Telnyx voice webhook received {"event_type":"call.answered","call_control_id":"v3:L4JY1ZjTTIXPfF8Tw36_NlYbyzmrIzOy5Mi6Ljoz-niiYhQsnXpiQw","direction":null} 
[2026-04-04 04:43:53] production.INFO: Admin answered — waiting for AMD confirmation {"admin_call_control_id":"v3:L4JY1ZjTTIXPfF8Tw36_NlYbyzmrIzOy5Mi6Ljoz-niiYhQsnXpiQw","incoming_call_control_id":"v3:PaqlaPpI6lHZPvXXJ36Dx5WQMZy-JVAYZXd8JL2PzO_sbHfBv7P_OQ","call_log_id":596,"admin_user_id":1} 
[2026-04-04 04:43:55] production.INFO: Telnyx voice webhook received {"event_type":"call.speak.ended","call_control_id":"v3:PaqlaPpI6lHZPvXXJ36Dx5WQMZy-JVAYZXd8JL2PzO_sbHfBv7P_OQ","direction":null} 
[2026-04-04 04:43:55] production.INFO: handleCallSpeakEnded ENTRY {"call_control_id":"v3:PaqlaPpI6lHZPvXXJ36Dx5WQMZy-JVAYZXd8JL2PzO_sbHfBv7P_OQ","action":"welcome_done","client_state":{"action":"welcome_done","call_log_id":596,"original_caller":"+18472123894"},"client_state_raw_present":true} 
[2026-04-04 04:43:55] production.INFO: TTS completed — no admin answered yet, playing ringback {"call_control_id":"v3:PaqlaPpI6lHZPvXXJ36Dx5WQMZy-JVAYZXd8JL2PzO_sbHfBv7P_OQ","call_log_id":596} 
[2026-04-04 04:43:56] production.INFO: Call command sent: playback_start {"call_control_id":"v3:PaqlaPpI6lHZPvXXJ36Dx5WQMZy-JVAYZXd8JL2PzO_sbHfBv7P_OQ","result":"ok"} 
[2026-04-04 04:43:56] production.INFO: Telnyx voice webhook received {"event_type":"call.playback.started","call_control_id":"v3:PaqlaPpI6lHZPvXXJ36Dx5WQMZy-JVAYZXd8JL2PzO_sbHfBv7P_OQ","direction":null} 
[2026-04-04 04:43:56] production.INFO: Unhandled voice event {"event_type":"call.playback.started"} 
[2026-04-04 04:43:58] production.INFO: Telnyx voice webhook received {"event_type":"call.machine.premium.detection.ended","call_control_id":"v3:L4JY1ZjTTIXPfF8Tw36_NlYbyzmrIzOy5Mi6Ljoz-niiYhQsnXpiQw","direction":null} 
[2026-04-04 04:43:58] production.INFO: AMD ended {"call_control_id":"v3:L4JY1ZjTTIXPfF8Tw36_NlYbyzmrIzOy5Mi6Ljoz-niiYhQsnXpiQw","result":"machine","action":"admin_ring"} 
[2026-04-04 04:43:58] production.INFO: AMD detected voicemail on admin leg — hanging up {"call_control_id":"v3:L4JY1ZjTTIXPfF8Tw36_NlYbyzmrIzOy5Mi6Ljoz-niiYhQsnXpiQw","result":"machine","call_log_id":596} 
[2026-04-04 04:43:58] production.INFO: Call command sent: hangup {"call_control_id":"v3:L4JY1ZjTTIXPfF8Tw36_NlYbyzmrIzOy5Mi6Ljoz-niiYhQsnXpiQw","result":"ok"} 
[2026-04-04 04:43:58] production.INFO: Telnyx voice webhook received {"event_type":"call.hangup","call_control_id":"v3:L4JY1ZjTTIXPfF8Tw36_NlYbyzmrIzOy5Mi6Ljoz-niiYhQsnXpiQw","direction":null} 
[2026-04-04 04:43:58] production.INFO: Admin ring leg hung up {"admin_call_control_id":"v3:L4JY1ZjTTIXPfF8Tw36_NlYbyzmrIzOy5Mi6Ljoz-niiYhQsnXpiQw","hangup_cause":"normal_clearing","call_log_id":596,"incoming_call_control_id":"v3:PaqlaPpI6lHZPvXXJ36Dx5WQMZy-JVAYZXd8JL2PzO_sbHfBv7P_OQ"} 
[2026-04-04 04:43:58] production.INFO: Admin removed from pending list {"removed_id":"v3:L4JY1ZjTTIXPfF8Tw36_NlYbyzmrIzOy5Mi6Ljoz-niiYhQsnXpiQw","was_in_list":true,"remaining_count":0,"call_log_id":596} 
[2026-04-04 04:43:58] production.INFO: All admin legs failed — triggering voicemail {"incoming_call_control_id":"v3:PaqlaPpI6lHZPvXXJ36Dx5WQMZy-JVAYZXd8JL2PzO_sbHfBv7P_OQ","call_log_id":596} 
[2026-04-04 04:43:58] production.INFO: Call command sent: playback_stop {"call_control_id":"v3:PaqlaPpI6lHZPvXXJ36Dx5WQMZy-JVAYZXd8JL2PzO_sbHfBv7P_OQ","result":"ok"} 
[2026-04-04 04:43:58] production.INFO: Playing voicemail IVR menu {"call_control_id":"v3:PaqlaPpI6lHZPvXXJ36Dx5WQMZy-JVAYZXd8JL2PzO_sbHfBv7P_OQ","call_log_id":596,"ivr_prompt":"GS Construction is not available right now. Press 2 to send a text on your behalf so the GS Crew knows to call you back ASAP. Stay on the line to leave a voicemail.","is_known_caller":false} 
[2026-04-04 04:43:58] production.INFO: Telnyx voice webhook received {"event_type":"call.playback.ended","call_control_id":"v3:PaqlaPpI6lHZPvXXJ36Dx5WQMZy-JVAYZXd8JL2PzO_sbHfBv7P_OQ","direction":null} 
[2026-04-04 04:43:59] production.INFO: Call command sent: gather_using_speak {"call_control_id":"v3:PaqlaPpI6lHZPvXXJ36Dx5WQMZy-JVAYZXd8JL2PzO_sbHfBv7P_OQ","result":"ok"} 
[2026-04-04 04:43:59] production.INFO: Telnyx voice webhook received {"event_type":"call.speak.started","call_control_id":"v3:PaqlaPpI6lHZPvXXJ36Dx5WQMZy-JVAYZXd8JL2PzO_sbHfBv7P_OQ","direction":null} 
[2026-04-04 04:43:59] production.INFO: TTS speak started {"call_control_id":"v3:PaqlaPpI6lHZPvXXJ36Dx5WQMZy-JVAYZXd8JL2PzO_sbHfBv7P_OQ"} 
[2026-04-04 04:44:04] production.INFO: Telnyx voice webhook received {"event_type":"call.hangup","call_control_id":"v3:PaqlaPpI6lHZPvXXJ36Dx5WQMZy-JVAYZXd8JL2PzO_sbHfBv7P_OQ","direction":null} 
[2026-04-04 04:44:04] production.INFO: Call ended {"call_control_id":"v3:PaqlaPpI6lHZPvXXJ36Dx5WQMZy-JVAYZXd8JL2PzO_sbHfBv7P_OQ","status":"missed","hangup_cause":"normal_clearing","duration":16.677208999999998} 
[2026-04-04 04:44:04] production.INFO: Telnyx voice webhook received {"event_type":"call.gather.ended","call_control_id":"v3:PaqlaPpI6lHZPvXXJ36Dx5WQMZy-JVAYZXd8JL2PzO_sbHfBv7P_OQ","direction":null} 
[2026-04-04 04:44:04] production.INFO: IVR gather ended {"call_control_id":"v3:PaqlaPpI6lHZPvXXJ36Dx5WQMZy-JVAYZXd8JL2PzO_sbHfBv7P_OQ","digits":"","call_log_id":596} 
[2026-04-04 04:44:04] production.INFO: IVR: no digit pressed — playing voicemail greeting {"call_control_id":"v3:PaqlaPpI6lHZPvXXJ36Dx5WQMZy-JVAYZXd8JL2PzO_sbHfBv7P_OQ"} 
[2026-04-04 04:44:04] production.ERROR: Call command failed: speak {"call_control_id":"v3:PaqlaPpI6lHZPvXXJ36Dx5WQMZy-JVAYZXd8JL2PzO_sbHfBv7P_OQ","status":422,"error":{"errors":[{"code":"90018","title":"Call has already ended","detail":"This call is no longer active and can't receive commands."}]}} 
[2026-04-04 04:44:04] production.INFO: Telnyx voice webhook received {"event_type":"call.speak.ended","call_control_id":"v3:PaqlaPpI6lHZPvXXJ36Dx5WQMZy-JVAYZXd8JL2PzO_sbHfBv7P_OQ","direction":null} 
[2026-04-04 04:44:04] production.INFO: handleCallSpeakEnded ENTRY {"call_control_id":"v3:PaqlaPpI6lHZPvXXJ36Dx5WQMZy-JVAYZXd8JL2PzO_sbHfBv7P_OQ","action":"voicemail_ivr_menu","client_state":{"action":"voicemail_ivr_menu","call_log_id":596,"original_caller":"+18472123894","is_known_caller":false},"client_state_raw_present":true} 
[2026-04-04 04:44:16] production.INFO: Telnyx voice webhook received {"event_type":"call.initiated","call_control_id":"v3:l33qzDgp0Kn45yGliNprAPX89bT5Tw3sdHKF8rid0zSagYz3rOXQSQ","direction":"incoming"} 
[2026-04-04 04:44:17] production.WARNING: ipqualityscore lookup failed {"phone":"+18472123894","message":"You have insufficient credits to make this query. Please contact IPQualityScore support if this error persists."} 
[2026-04-04 04:44:17] production.INFO: Incoming call - answering {"call_control_id":"v3:l33qzDgp0Kn45yGliNprAPX89bT5Tw3sdHKF8rid0zSagYz3rOXQSQ","from":"+18472123894","to":"+12247354200","caller_user_id":null,"caller_name":"GRZEGORZ SZADY"} 
[2026-04-04 04:44:17] production.INFO: Call command sent: answer {"call_control_id":"v3:l33qzDgp0Kn45yGliNprAPX89bT5Tw3sdHKF8rid0zSagYz3rOXQSQ","result":"ok"} 
[2026-04-04 04:44:17] production.INFO: Telnyx voice webhook received {"event_type":"call.answered","call_control_id":"v3:l33qzDgp0Kn45yGliNprAPX89bT5Tw3sdHKF8rid0zSagYz3rOXQSQ","direction":null} 
[2026-04-04 04:44:17] production.INFO: Playing welcome TTS and dialing admins simultaneously {"call_control_id":"v3:l33qzDgp0Kn45yGliNprAPX89bT5Tw3sdHKF8rid0zSagYz3rOXQSQ","tts":"Good evening! Thanks for calling GS Construction. One moment while we connect you to the GS Crew."} 
[2026-04-04 04:44:17] production.INFO: Call command sent: speak {"call_control_id":"v3:l33qzDgp0Kn45yGliNprAPX89bT5Tw3sdHKF8rid0zSagYz3rOXQSQ","result":"ok"} 
[2026-04-04 04:44:18] production.INFO: Dialed admin {"admin_user_id":1,"admin_name":"Patryk Szady","phone":"+12249993880","admin_call_control_id":"v3:_FIPvNh_57ndQDgsrccGByPSkZCcZXtVxUehG6yThWgyK2H6RuI5Pw"} 
[2026-04-04 04:44:18] production.INFO: Telnyx voice webhook received {"event_type":"call.speak.started","call_control_id":"v3:l33qzDgp0Kn45yGliNprAPX89bT5Tw3sdHKF8rid0zSagYz3rOXQSQ","direction":null} 
[2026-04-04 04:44:18] production.INFO: TTS speak started {"call_control_id":"v3:l33qzDgp0Kn45yGliNprAPX89bT5Tw3sdHKF8rid0zSagYz3rOXQSQ"} 
[2026-04-04 04:44:18] production.INFO: Telnyx voice webhook received {"event_type":"call.initiated","call_control_id":"v3:_FIPvNh_57ndQDgsrccGByPSkZCcZXtVxUehG6yThWgyK2H6RuI5Pw","direction":"outgoing"} 
[2026-04-04 04:44:18] production.INFO: Outbound call initiated {"call_control_id":"v3:_FIPvNh_57ndQDgsrccGByPSkZCcZXtVxUehG6yThWgyK2H6RuI5Pw","to":"+12249993880"} 
[2026-04-04 04:44:18] production.DEBUG: Push notification delivered {"endpoint":"https://web.push.apple.com/QDkJcfxcMRPW4uLNUaYZ21nDUMJHCJ-cyja1FMQcNEv6qKbL-ec_s…","status":201} 
[2026-04-04 04:44:18] production.DEBUG: Push notification delivered {"endpoint":"https://fcm.googleapis.com/fcm/send/cYR-NIq4nms:APA91bEppjWa7ZIrYxviNuWljHyZ7qnu…","status":201} 
[2026-04-04 04:44:20] production.INFO: Telnyx voice webhook received {"event_type":"call.answered","call_control_id":"v3:_FIPvNh_57ndQDgsrccGByPSkZCcZXtVxUehG6yThWgyK2H6RuI5Pw","direction":null} 
[2026-04-04 04:44:20] production.INFO: Admin answered — waiting for AMD confirmation {"admin_call_control_id":"v3:_FIPvNh_57ndQDgsrccGByPSkZCcZXtVxUehG6yThWgyK2H6RuI5Pw","incoming_call_control_id":"v3:l33qzDgp0Kn45yGliNprAPX89bT5Tw3sdHKF8rid0zSagYz3rOXQSQ","call_log_id":597,"admin_user_id":1} 
[2026-04-04 04:44:24] production.INFO: Telnyx voice webhook received {"event_type":"call.speak.ended","call_control_id":"v3:l33qzDgp0Kn45yGliNprAPX89bT5Tw3sdHKF8rid0zSagYz3rOXQSQ","direction":null} 
[2026-04-04 04:44:24] production.INFO: handleCallSpeakEnded ENTRY {"call_control_id":"v3:l33qzDgp0Kn45yGliNprAPX89bT5Tw3sdHKF8rid0zSagYz3rOXQSQ","action":"welcome_done","client_state":{"action":"welcome_done","call_log_id":597,"original_caller":"+18472123894"},"client_state_raw_present":true} 
[2026-04-04 04:44:24] production.INFO: TTS completed — no admin answered yet, playing ringback {"call_control_id":"v3:l33qzDgp0Kn45yGliNprAPX89bT5Tw3sdHKF8rid0zSagYz3rOXQSQ","call_log_id":597} 
[2026-04-04 04:44:25] production.INFO: Call command sent: playback_start {"call_control_id":"v3:l33qzDgp0Kn45yGliNprAPX89bT5Tw3sdHKF8rid0zSagYz3rOXQSQ","result":"ok"} 
[2026-04-04 04:44:25] production.INFO: Telnyx voice webhook received {"event_type":"call.machine.premium.detection.ended","call_control_id":"v3:_FIPvNh_57ndQDgsrccGByPSkZCcZXtVxUehG6yThWgyK2H6RuI5Pw","direction":null} 
[2026-04-04 04:44:25] production.INFO: AMD ended {"call_control_id":"v3:_FIPvNh_57ndQDgsrccGByPSkZCcZXtVxUehG6yThWgyK2H6RuI5Pw","result":"machine","action":"admin_ring"} 
[2026-04-04 04:44:25] production.INFO: AMD detected voicemail on admin leg — hanging up {"call_control_id":"v3:_FIPvNh_57ndQDgsrccGByPSkZCcZXtVxUehG6yThWgyK2H6RuI5Pw","result":"machine","call_log_id":597} 
[2026-04-04 04:44:25] production.INFO: Call command sent: hangup {"call_control_id":"v3:_FIPvNh_57ndQDgsrccGByPSkZCcZXtVxUehG6yThWgyK2H6RuI5Pw","result":"ok"} 
[2026-04-04 04:44:25] production.INFO: Telnyx voice webhook received {"event_type":"call.playback.started","call_control_id":"v3:l33qzDgp0Kn45yGliNprAPX89bT5Tw3sdHKF8rid0zSagYz3rOXQSQ","direction":null} 
[2026-04-04 04:44:25] production.INFO: Unhandled voice event {"event_type":"call.playback.started"} 
[2026-04-04 04:44:25] production.INFO: Telnyx voice webhook received {"event_type":"call.hangup","call_control_id":"v3:_FIPvNh_57ndQDgsrccGByPSkZCcZXtVxUehG6yThWgyK2H6RuI5Pw","direction":null} 
[2026-04-04 04:44:25] production.INFO: Admin ring leg hung up {"admin_call_control_id":"v3:_FIPvNh_57ndQDgsrccGByPSkZCcZXtVxUehG6yThWgyK2H6RuI5Pw","hangup_cause":"normal_clearing","call_log_id":597,"incoming_call_control_id":"v3:l33qzDgp0Kn45yGliNprAPX89bT5Tw3sdHKF8rid0zSagYz3rOXQSQ"} 
[2026-04-04 04:44:25] production.INFO: Admin removed from pending list {"removed_id":"v3:_FIPvNh_57ndQDgsrccGByPSkZCcZXtVxUehG6yThWgyK2H6RuI5Pw","was_in_list":true,"remaining_count":0,"call_log_id":597} 
[2026-04-04 04:44:25] production.INFO: All admin legs failed — triggering voicemail {"incoming_call_control_id":"v3:l33qzDgp0Kn45yGliNprAPX89bT5Tw3sdHKF8rid0zSagYz3rOXQSQ","call_log_id":597} 
[2026-04-04 04:44:25] production.INFO: Call command sent: playback_stop {"call_control_id":"v3:l33qzDgp0Kn45yGliNprAPX89bT5Tw3sdHKF8rid0zSagYz3rOXQSQ","result":"ok"} 
[2026-04-04 04:44:25] production.INFO: Playing voicemail IVR menu {"call_control_id":"v3:l33qzDgp0Kn45yGliNprAPX89bT5Tw3sdHKF8rid0zSagYz3rOXQSQ","call_log_id":597,"ivr_prompt":"GS Construction is not available right now. Press 2 to send a text on your behalf so the GS Crew knows to call you back ASAP. Stay on the line to leave a voicemail.","is_known_caller":false} 
[2026-04-04 04:44:25] production.INFO: Telnyx voice webhook received {"event_type":"call.playback.ended","call_control_id":"v3:l33qzDgp0Kn45yGliNprAPX89bT5Tw3sdHKF8rid0zSagYz3rOXQSQ","direction":null} 
[2026-04-04 04:44:26] production.INFO: Call command sent: gather_using_speak {"call_control_id":"v3:l33qzDgp0Kn45yGliNprAPX89bT5Tw3sdHKF8rid0zSagYz3rOXQSQ","result":"ok"} 
[2026-04-04 04:44:26] production.INFO: Telnyx voice webhook received {"event_type":"call.speak.started","call_control_id":"v3:l33qzDgp0Kn45yGliNprAPX89bT5Tw3sdHKF8rid0zSagYz3rOXQSQ","direction":null} 
[2026-04-04 04:44:26] production.INFO: TTS speak started {"call_control_id":"v3:l33qzDgp0Kn45yGliNprAPX89bT5Tw3sdHKF8rid0zSagYz3rOXQSQ"} 
[2026-04-04 04:44:27] production.INFO: Telnyx voice webhook received {"event_type":"call.gather.ended","call_control_id":"v3:l33qzDgp0Kn45yGliNprAPX89bT5Tw3sdHKF8rid0zSagYz3rOXQSQ","direction":null} 
[2026-04-04 04:44:27] production.INFO: IVR gather ended {"call_control_id":"v3:l33qzDgp0Kn45yGliNprAPX89bT5Tw3sdHKF8rid0zSagYz3rOXQSQ","digits":"","call_log_id":597} 
[2026-04-04 04:44:27] production.INFO: IVR: no digit pressed — playing voicemail greeting {"call_control_id":"v3:l33qzDgp0Kn45yGliNprAPX89bT5Tw3sdHKF8rid0zSagYz3rOXQSQ"} 
[2026-04-04 04:44:27] production.INFO: Telnyx voice webhook received {"event_type":"call.hangup","call_control_id":"v3:l33qzDgp0Kn45yGliNprAPX89bT5Tw3sdHKF8rid0zSagYz3rOXQSQ","direction":null} 
[2026-04-04 04:44:27] production.INFO: Call ended {"call_control_id":"v3:l33qzDgp0Kn45yGliNprAPX89bT5Tw3sdHKF8rid0zSagYz3rOXQSQ","status":"missed","hangup_cause":"normal_clearing","duration":10.971292} 
[2026-04-04 04:44:28] production.ERROR: Call command failed: speak {"call_control_id":"v3:l33qzDgp0Kn45yGliNprAPX89bT5Tw3sdHKF8rid0zSagYz3rOXQSQ","status":422,"error":{"errors":[{"code":"90018","title":"Call has already ended","detail":"This call is no longer active and can't receive commands."}]}} 
[2026-04-04 04:44:28] production.INFO: Telnyx voice webhook received {"event_type":"call.speak.ended","call_control_id":"v3:l33qzDgp0Kn45yGliNprAPX89bT5Tw3sdHKF8rid0zSagYz3rOXQSQ","direction":null} 
[2026-04-04 04:44:28] production.INFO: handleCallSpeakEnded ENTRY {"call_control_id":"v3:l33qzDgp0Kn45yGliNprAPX89bT5Tw3sdHKF8rid0zSagYz3rOXQSQ","action":"voicemail_ivr_menu","client_state":{"action":"voicemail_ivr_menu","call_log_id":597,"original_caller":"+18472123894","is_known_caller":false},"client_state_raw_present":true} 
[2026-04-04 04:45:05] production.INFO: Telnyx voice webhook received {"event_type":"call.initiated","call_control_id":"v3:JsEqteZbxu8C98_nqQmQs2ZH7ECV0lHDBfYGfi3IsaMfVw7tAor8-Q","direction":"incoming"} 
[2026-04-04 04:45:06] production.WARNING: ipqualityscore lookup failed {"phone":"+18472123894","message":"You have insufficient credits to make this query. Please contact IPQualityScore support if this error persists."} 
[2026-04-04 04:45:06] production.INFO: Incoming call - answering {"call_control_id":"v3:JsEqteZbxu8C98_nqQmQs2ZH7ECV0lHDBfYGfi3IsaMfVw7tAor8-Q","from":"+18472123894","to":"+12247354200","caller_user_id":null,"caller_name":"GRZEGORZ SZADY"} 
[2026-04-04 04:45:06] production.INFO: Call command sent: answer {"call_control_id":"v3:JsEqteZbxu8C98_nqQmQs2ZH7ECV0lHDBfYGfi3IsaMfVw7tAor8-Q","result":"ok"} 
[2026-04-04 04:45:06] production.INFO: Telnyx voice webhook received {"event_type":"call.answered","call_control_id":"v3:JsEqteZbxu8C98_nqQmQs2ZH7ECV0lHDBfYGfi3IsaMfVw7tAor8-Q","direction":null} 
[2026-04-04 04:45:06] production.INFO: Playing welcome TTS and dialing admins simultaneously {"call_control_id":"v3:JsEqteZbxu8C98_nqQmQs2ZH7ECV0lHDBfYGfi3IsaMfVw7tAor8-Q","tts":"Good evening! Thanks for calling GS Construction. One moment while we connect you to the GS Crew."} 
[2026-04-04 04:45:06] production.INFO: Call command sent: speak {"call_control_id":"v3:JsEqteZbxu8C98_nqQmQs2ZH7ECV0lHDBfYGfi3IsaMfVw7tAor8-Q","result":"ok"} 
[2026-04-04 04:45:07] production.INFO: Telnyx voice webhook received {"event_type":"call.initiated","call_control_id":"v3:BWvWaq5Dh033tQzckA4yvdqREg_YMwsCbCnNGqvs44Q397UHG9oS7A","direction":"outgoing"} 
[2026-04-04 04:45:07] production.INFO: Outbound call initiated {"call_control_id":"v3:BWvWaq5Dh033tQzckA4yvdqREg_YMwsCbCnNGqvs44Q397UHG9oS7A","to":"+12249993880"} 
[2026-04-04 04:45:07] production.INFO: Dialed admin {"admin_user_id":1,"admin_name":"Patryk Szady","phone":"+12249993880","admin_call_control_id":"v3:BWvWaq5Dh033tQzckA4yvdqREg_YMwsCbCnNGqvs44Q397UHG9oS7A"} 
[2026-04-04 04:45:07] production.DEBUG: Push notification delivered {"endpoint":"https://web.push.apple.com/QDkJcfxcMRPW4uLNUaYZ21nDUMJHCJ-cyja1FMQcNEv6qKbL-ec_s…","status":201} 
[2026-04-04 04:45:07] production.DEBUG: Push notification delivered {"endpoint":"https://fcm.googleapis.com/fcm/send/cYR-NIq4nms:APA91bEppjWa7ZIrYxviNuWljHyZ7qnu…","status":201} 
[2026-04-04 04:45:07] production.INFO: Telnyx voice webhook received {"event_type":"call.speak.started","call_control_id":"v3:JsEqteZbxu8C98_nqQmQs2ZH7ECV0lHDBfYGfi3IsaMfVw7tAor8-Q","direction":null} 
[2026-04-04 04:45:07] production.INFO: TTS speak started {"call_control_id":"v3:JsEqteZbxu8C98_nqQmQs2ZH7ECV0lHDBfYGfi3IsaMfVw7tAor8-Q"} 
[2026-04-04 04:45:18] production.INFO: Telnyx voice webhook received {"event_type":"call.answered","call_control_id":"v3:BWvWaq5Dh033tQzckA4yvdqREg_YMwsCbCnNGqvs44Q397UHG9oS7A","direction":null} 
[2026-04-04 04:45:18] production.INFO: Admin answered — waiting for AMD confirmation {"admin_call_control_id":"v3:BWvWaq5Dh033tQzckA4yvdqREg_YMwsCbCnNGqvs44Q397UHG9oS7A","incoming_call_control_id":"v3:JsEqteZbxu8C98_nqQmQs2ZH7ECV0lHDBfYGfi3IsaMfVw7tAor8-Q","call_log_id":598,"admin_user_id":1} 
[2026-04-04 04:45:23] production.INFO: Telnyx voice webhook received {"event_type":"call.machine.premium.detection.ended","call_control_id":"v3:BWvWaq5Dh033tQzckA4yvdqREg_YMwsCbCnNGqvs44Q397UHG9oS7A","direction":null} 
[2026-04-04 04:45:23] production.INFO: AMD ended {"call_control_id":"v3:BWvWaq5Dh033tQzckA4yvdqREg_YMwsCbCnNGqvs44Q397UHG9oS7A","result":"not_sure","action":"admin_ring"} 
[2026-04-04 04:45:23] production.INFO: AMD confirmed human on admin leg {"call_control_id":"v3:BWvWaq5Dh033tQzckA4yvdqREg_YMwsCbCnNGqvs44Q397UHG9oS7A","result":"not_sure","call_log_id":598,"admin_user_id":1} 
[2026-04-04 04:45:23] production.INFO: AMD human but TTS still playing — holding admin {"admin_call_control_id":"v3:BWvWaq5Dh033tQzckA4yvdqREg_YMwsCbCnNGqvs44Q397UHG9oS7A","call_log_id":598} 
[2026-04-04 04:45:23] production.INFO: Call command sent: playback_start {"call_control_id":"v3:BWvWaq5Dh033tQzckA4yvdqREg_YMwsCbCnNGqvs44Q397UHG9oS7A","result":"ok"} 
[2026-04-04 04:45:24] production.INFO: Telnyx voice webhook received {"event_type":"call.playback.started","call_control_id":"v3:BWvWaq5Dh033tQzckA4yvdqREg_YMwsCbCnNGqvs44Q397UHG9oS7A","direction":null} 
[2026-04-04 04:45:24] production.INFO: Unhandled voice event {"event_type":"call.playback.started"} 
[2026-04-04 04:45:38] production.INFO: Telnyx voice webhook received {"event_type":"call.speak.ended","call_control_id":"v3:JsEqteZbxu8C98_nqQmQs2ZH7ECV0lHDBfYGfi3IsaMfVw7tAor8-Q","direction":null} 
[2026-04-04 04:45:38] production.INFO: handleCallSpeakEnded ENTRY {"call_control_id":"v3:JsEqteZbxu8C98_nqQmQs2ZH7ECV0lHDBfYGfi3IsaMfVw7tAor8-Q","action":"welcome_done","client_state":{"action":"welcome_done","call_log_id":598,"original_caller":"+18472123894"},"client_state_raw_present":true} 
[2026-04-04 04:45:38] production.INFO: TTS completed — admin already waiting, bridging now {"call_control_id":"v3:JsEqteZbxu8C98_nqQmQs2ZH7ECV0lHDBfYGfi3IsaMfVw7tAor8-Q","call_log_id":598,"pending_admin_cc_id":"v3:BWvWaq5Dh033tQzckA4yvdqREg_YMwsCbCnNGqvs44Q397UHG9oS7A"} 
[2026-04-04 04:45:38] production.INFO: Bridging admin with caller {"admin_call_control_id":"v3:BWvWaq5Dh033tQzckA4yvdqREg_YMwsCbCnNGqvs44Q397UHG9oS7A","incoming_call_control_id":"v3:JsEqteZbxu8C98_nqQmQs2ZH7ECV0lHDBfYGfi3IsaMfVw7tAor8-Q","admin_user_id":1,"admin_name":"Patryk Szady"} 
[2026-04-04 04:45:38] production.INFO: Call command sent: playback_stop {"call_control_id":"v3:JsEqteZbxu8C98_nqQmQs2ZH7ECV0lHDBfYGfi3IsaMfVw7tAor8-Q","result":"ok"} 
[2026-04-04 04:45:38] production.INFO: Call command sent: playback_stop {"call_control_id":"v3:BWvWaq5Dh033tQzckA4yvdqREg_YMwsCbCnNGqvs44Q397UHG9oS7A","result":"ok"} 
[2026-04-04 04:45:38] production.INFO: Telnyx voice webhook received {"event_type":"call.playback.ended","call_control_id":"v3:BWvWaq5Dh033tQzckA4yvdqREg_YMwsCbCnNGqvs44Q397UHG9oS7A","direction":null} 
[2026-04-04 04:45:39] production.INFO: Calls bridged successfully {"call_control_id_a":"v3:BWvWaq5Dh033tQzckA4yvdqREg_YMwsCbCnNGqvs44Q397UHG9oS7A","call_control_id_b":"v3:JsEqteZbxu8C98_nqQmQs2ZH7ECV0lHDBfYGfi3IsaMfVw7tAor8-Q"} 
[2026-04-04 04:45:39] production.INFO: Telnyx voice webhook received {"event_type":"call.bridged","call_control_id":"v3:BWvWaq5Dh033tQzckA4yvdqREg_YMwsCbCnNGqvs44Q397UHG9oS7A","direction":null} 
[2026-04-04 04:45:39] production.INFO: Call bridged {"call_control_id":"v3:BWvWaq5Dh033tQzckA4yvdqREg_YMwsCbCnNGqvs44Q397UHG9oS7A","call_session_id":"0db94ca2-2fe1-11f1-93bb-02420aef551f"} 
[2026-04-04 04:45:39] production.INFO: Telnyx voice webhook received {"event_type":"call.bridged","call_control_id":"v3:JsEqteZbxu8C98_nqQmQs2ZH7ECV0lHDBfYGfi3IsaMfVw7tAor8-Q","direction":null} 
[2026-04-04 04:45:39] production.INFO: Call bridged {"call_control_id":"v3:JsEqteZbxu8C98_nqQmQs2ZH7ECV0lHDBfYGfi3IsaMfVw7tAor8-Q","call_session_id":"0cd4b6f0-2fe1-11f1-bed7-02420aef511f"} 
[2026-04-04 04:45:42] production.INFO: Telnyx voice webhook received {"event_type":"call.hangup","call_control_id":"v3:BWvWaq5Dh033tQzckA4yvdqREg_YMwsCbCnNGqvs44Q397UHG9oS7A","direction":null} 
[2026-04-04 04:45:42] production.INFO: Admin ring leg hung up {"admin_call_control_id":"v3:BWvWaq5Dh033tQzckA4yvdqREg_YMwsCbCnNGqvs44Q397UHG9oS7A","hangup_cause":"normal_clearing","call_log_id":598,"incoming_call_control_id":"v3:JsEqteZbxu8C98_nqQmQs2ZH7ECV0lHDBfYGfi3IsaMfVw7tAor8-Q"} 
[2026-04-04 04:45:42] production.INFO: Telnyx voice webhook received {"event_type":"call.hangup","call_control_id":"v3:JsEqteZbxu8C98_nqQmQs2ZH7ECV0lHDBfYGfi3IsaMfVw7tAor8-Q","direction":null} 
[2026-04-04 04:45:42] production.INFO: Call ended {"call_control_id":"v3:JsEqteZbxu8C98_nqQmQs2ZH7ECV0lHDBfYGfi3IsaMfVw7tAor8-Q","status":"completed","hangup_cause":"normal_clearing","duration":36.314657} 
[2026-04-04 04:46:18] production.INFO: Telnyx voice webhook received {"event_type":"call.initiated","call_control_id":"v3:L4MjpA1Un813Xx4Ii66B8nA6thzezASaPklbuNtg_g0tP0pRVo6m8w","direction":"incoming"} 
[2026-04-04 04:46:19] production.WARNING: ipqualityscore lookup failed {"phone":"+18472123894","message":"You have insufficient credits to make this query. Please contact IPQualityScore support if this error persists."} 
[2026-04-04 04:46:19] production.INFO: Incoming call - answering {"call_control_id":"v3:L4MjpA1Un813Xx4Ii66B8nA6thzezASaPklbuNtg_g0tP0pRVo6m8w","from":"+18472123894","to":"+12247354200","caller_user_id":null,"caller_name":"GRZEGORZ SZADY"} 
[2026-04-04 04:46:19] production.INFO: Call command sent: answer {"call_control_id":"v3:L4MjpA1Un813Xx4Ii66B8nA6thzezASaPklbuNtg_g0tP0pRVo6m8w","result":"ok"} 
[2026-04-04 04:46:19] production.INFO: Telnyx voice webhook received {"event_type":"call.answered","call_control_id":"v3:L4MjpA1Un813Xx4Ii66B8nA6thzezASaPklbuNtg_g0tP0pRVo6m8w","direction":null} 
[2026-04-04 04:46:19] production.INFO: Playing welcome TTS and dialing admins simultaneously {"call_control_id":"v3:L4MjpA1Un813Xx4Ii66B8nA6thzezASaPklbuNtg_g0tP0pRVo6m8w","tts":"Good evening! Thanks for calling GS Construction. One moment while we connect you to the GS Crew."} 
[2026-04-04 04:46:19] production.INFO: Call command sent: speak {"call_control_id":"v3:L4MjpA1Un813Xx4Ii66B8nA6thzezASaPklbuNtg_g0tP0pRVo6m8w","result":"ok"} 
[2026-04-04 04:46:20] production.INFO: Dialed admin {"admin_user_id":1,"admin_name":"Patryk Szady","phone":"+12249993880","admin_call_control_id":"v3:rRLs7cplwDxW3uP6oE4uGc_2gaiquOW854bnpWwgCN4OZBy0y86HqQ"} 
[2026-04-04 04:46:20] production.INFO: Telnyx voice webhook received {"event_type":"call.initiated","call_control_id":"v3:rRLs7cplwDxW3uP6oE4uGc_2gaiquOW854bnpWwgCN4OZBy0y86HqQ","direction":"outgoing"} 
[2026-04-04 04:46:20] production.INFO: Outbound call initiated {"call_control_id":"v3:rRLs7cplwDxW3uP6oE4uGc_2gaiquOW854bnpWwgCN4OZBy0y86HqQ","to":"+12249993880"} 
[2026-04-04 04:46:20] production.INFO: Telnyx voice webhook received {"event_type":"call.speak.started","call_control_id":"v3:L4MjpA1Un813Xx4Ii66B8nA6thzezASaPklbuNtg_g0tP0pRVo6m8w","direction":null} 
[2026-04-04 04:46:20] production.INFO: TTS speak started {"call_control_id":"v3:L4MjpA1Un813Xx4Ii66B8nA6thzezASaPklbuNtg_g0tP0pRVo6m8w"} 
[2026-04-04 04:46:22] production.DEBUG: Push notification delivered {"endpoint":"https://web.push.apple.com/QDkJcfxcMRPW4uLNUaYZ21nDUMJHCJ-cyja1FMQcNEv6qKbL-ec_s…","status":201} 
[2026-04-04 04:46:22] production.DEBUG: Push notification delivered {"endpoint":"https://fcm.googleapis.com/fcm/send/cYR-NIq4nms:APA91bEppjWa7ZIrYxviNuWljHyZ7qnu…","status":201} 
[2026-04-04 04:46:27] production.INFO: Telnyx voice webhook received {"event_type":"call.speak.ended","call_control_id":"v3:L4MjpA1Un813Xx4Ii66B8nA6thzezASaPklbuNtg_g0tP0pRVo6m8w","direction":null} 
[2026-04-04 04:46:27] production.INFO: handleCallSpeakEnded ENTRY {"call_control_id":"v3:L4MjpA1Un813Xx4Ii66B8nA6thzezASaPklbuNtg_g0tP0pRVo6m8w","action":"welcome_done","client_state":{"action":"welcome_done","call_log_id":599,"original_caller":"+18472123894"},"client_state_raw_present":true} 
[2026-04-04 04:46:27] production.INFO: TTS completed — no admin answered yet, playing ringback {"call_control_id":"v3:L4MjpA1Un813Xx4Ii66B8nA6thzezASaPklbuNtg_g0tP0pRVo6m8w","call_log_id":599} 
[2026-04-04 04:46:27] production.INFO: Call command sent: playback_start {"call_control_id":"v3:L4MjpA1Un813Xx4Ii66B8nA6thzezASaPklbuNtg_g0tP0pRVo6m8w","result":"ok"} 
[2026-04-04 04:46:27] production.INFO: Telnyx voice webhook received {"event_type":"call.playback.started","call_control_id":"v3:L4MjpA1Un813Xx4Ii66B8nA6thzezASaPklbuNtg_g0tP0pRVo6m8w","direction":null} 
[2026-04-04 04:46:27] production.INFO: Unhandled voice event {"event_type":"call.playback.started"} 
[2026-04-04 04:46:29] production.INFO: Telnyx voice webhook received {"event_type":"call.answered","call_control_id":"v3:rRLs7cplwDxW3uP6oE4uGc_2gaiquOW854bnpWwgCN4OZBy0y86HqQ","direction":null} 
[2026-04-04 04:46:29] production.INFO: Admin answered — waiting for AMD confirmation {"admin_call_control_id":"v3:rRLs7cplwDxW3uP6oE4uGc_2gaiquOW854bnpWwgCN4OZBy0y86HqQ","incoming_call_control_id":"v3:L4MjpA1Un813Xx4Ii66B8nA6thzezASaPklbuNtg_g0tP0pRVo6m8w","call_log_id":599,"admin_user_id":1} 
[2026-04-04 04:46:33] production.INFO: Telnyx voice webhook received {"event_type":"call.machine.premium.detection.ended","call_control_id":"v3:rRLs7cplwDxW3uP6oE4uGc_2gaiquOW854bnpWwgCN4OZBy0y86HqQ","direction":null} 
[2026-04-04 04:46:33] production.INFO: AMD ended {"call_control_id":"v3:rRLs7cplwDxW3uP6oE4uGc_2gaiquOW854bnpWwgCN4OZBy0y86HqQ","result":"human_residence","action":"admin_ring"} 
[2026-04-04 04:46:33] production.INFO: AMD confirmed human on admin leg {"call_control_id":"v3:rRLs7cplwDxW3uP6oE4uGc_2gaiquOW854bnpWwgCN4OZBy0y86HqQ","result":"human_residence","call_log_id":599,"admin_user_id":1} 
[2026-04-04 04:46:33] production.INFO: AMD human + TTS done — bridging now {"admin_call_control_id":"v3:rRLs7cplwDxW3uP6oE4uGc_2gaiquOW854bnpWwgCN4OZBy0y86HqQ","incoming_call_control_id":"v3:L4MjpA1Un813Xx4Ii66B8nA6thzezASaPklbuNtg_g0tP0pRVo6m8w","call_log_id":599} 
[2026-04-04 04:46:33] production.INFO: Bridging admin with caller {"admin_call_control_id":"v3:rRLs7cplwDxW3uP6oE4uGc_2gaiquOW854bnpWwgCN4OZBy0y86HqQ","incoming_call_control_id":"v3:L4MjpA1Un813Xx4Ii66B8nA6thzezASaPklbuNtg_g0tP0pRVo6m8w","admin_user_id":1,"admin_name":"Patryk Szady"} 
[2026-04-04 04:46:33] production.INFO: Call command sent: playback_stop {"call_control_id":"v3:L4MjpA1Un813Xx4Ii66B8nA6thzezASaPklbuNtg_g0tP0pRVo6m8w","result":"ok"} 
[2026-04-04 04:46:33] production.INFO: Call command sent: playback_stop {"call_control_id":"v3:rRLs7cplwDxW3uP6oE4uGc_2gaiquOW854bnpWwgCN4OZBy0y86HqQ","result":"ok"} 
[2026-04-04 04:46:34] production.INFO: Telnyx voice webhook received {"event_type":"call.playback.ended","call_control_id":"v3:L4MjpA1Un813Xx4Ii66B8nA6thzezASaPklbuNtg_g0tP0pRVo6m8w","direction":null} 
[2026-04-04 04:46:34] production.INFO: Calls bridged successfully {"call_control_id_a":"v3:rRLs7cplwDxW3uP6oE4uGc_2gaiquOW854bnpWwgCN4OZBy0y86HqQ","call_control_id_b":"v3:L4MjpA1Un813Xx4Ii66B8nA6thzezASaPklbuNtg_g0tP0pRVo6m8w"} 
[2026-04-04 04:46:34] production.INFO: Telnyx voice webhook received {"event_type":"call.bridged","call_control_id":"v3:L4MjpA1Un813Xx4Ii66B8nA6thzezASaPklbuNtg_g0tP0pRVo6m8w","direction":null} 
[2026-04-04 04:46:34] production.INFO: Call bridged {"call_control_id":"v3:L4MjpA1Un813Xx4Ii66B8nA6thzezASaPklbuNtg_g0tP0pRVo6m8w","call_session_id":"386d1f8c-2fe1-11f1-83c3-02420aef511f"} 
[2026-04-04 04:46:34] production.INFO: Telnyx voice webhook received {"event_type":"call.bridged","call_control_id":"v3:rRLs7cplwDxW3uP6oE4uGc_2gaiquOW854bnpWwgCN4OZBy0y86HqQ","direction":null} 
[2026-04-04 04:46:34] production.INFO: Call bridged {"call_control_id":"v3:rRLs7cplwDxW3uP6oE4uGc_2gaiquOW854bnpWwgCN4OZBy0y86HqQ","call_session_id":"395e042e-2fe1-11f1-9d5d-02420aef52a0"} 
[2026-04-04 04:46:37] production.INFO: Telnyx voice webhook received {"event_type":"call.hangup","call_control_id":"v3:L4MjpA1Un813Xx4Ii66B8nA6thzezASaPklbuNtg_g0tP0pRVo6m8w","direction":null} 
[2026-04-04 04:46:37] production.INFO: Call ended {"call_control_id":"v3:L4MjpA1Un813Xx4Ii66B8nA6thzezASaPklbuNtg_g0tP0pRVo6m8w","status":"completed","hangup_cause":"normal_clearing","duration":18.097137999999998} 
[2026-04-04 04:46:37] production.INFO: Telnyx voice webhook received {"event_type":"call.hangup","call_control_id":"v3:rRLs7cplwDxW3uP6oE4uGc_2gaiquOW854bnpWwgCN4OZBy0y86HqQ","direction":null} 
[2026-04-04 04:46:37] production.INFO: Admin ring leg hung up {"admin_call_control_id":"v3:rRLs7cplwDxW3uP6oE4uGc_2gaiquOW854bnpWwgCN4OZBy0y86HqQ","hangup_cause":"normal_clearing","call_log_id":599,"incoming_call_control_id":"v3:L4MjpA1Un813Xx4Ii66B8nA6thzezASaPklbuNtg_g0tP0pRVo6m8w"} 
[2026-04-04 04:46:42] production.INFO: Telnyx voice webhook received {"event_type":"call.initiated","call_control_id":"v3:7oAgeDcgqnv68xXko8fKtsCAp5dFLWX9CsVdbkOnPKuObXABtV7rYA","direction":"incoming"} 
[2026-04-04 04:46:43] production.WARNING: ipqualityscore lookup failed {"phone":"+18472123894","message":"You have insufficient credits to make this query. Please contact IPQualityScore support if this error persists."} 
[2026-04-04 04:46:43] production.INFO: Incoming call - answering {"call_control_id":"v3:7oAgeDcgqnv68xXko8fKtsCAp5dFLWX9CsVdbkOnPKuObXABtV7rYA","from":"+18472123894","to":"+12247354200","caller_user_id":null,"caller_name":"GRZEGORZ SZADY"} 
[2026-04-04 04:46:43] production.INFO: Call command sent: answer {"call_control_id":"v3:7oAgeDcgqnv68xXko8fKtsCAp5dFLWX9CsVdbkOnPKuObXABtV7rYA","result":"ok"} 
[2026-04-04 04:46:43] production.INFO: Telnyx voice webhook received {"event_type":"call.answered","call_control_id":"v3:7oAgeDcgqnv68xXko8fKtsCAp5dFLWX9CsVdbkOnPKuObXABtV7rYA","direction":null} 
[2026-04-04 04:46:43] production.INFO: Playing welcome TTS and dialing admins simultaneously {"call_control_id":"v3:7oAgeDcgqnv68xXko8fKtsCAp5dFLWX9CsVdbkOnPKuObXABtV7rYA","tts":"Good evening! Thanks for calling GS Construction. One moment while we connect you to the GS Crew."} 
[2026-04-04 04:46:43] production.INFO: Call command sent: speak {"call_control_id":"v3:7oAgeDcgqnv68xXko8fKtsCAp5dFLWX9CsVdbkOnPKuObXABtV7rYA","result":"ok"} 
[2026-04-04 04:46:44] production.INFO: Dialed admin {"admin_user_id":1,"admin_name":"Patryk Szady","phone":"+12249993880","admin_call_control_id":"v3:SXXi8mDY2D4APl0gxNXH04MHnQ6_igIkCwyswu6jLKMlTw70NDlm9A"} 
[2026-04-04 04:46:44] production.INFO: Telnyx voice webhook received {"event_type":"call.initiated","call_control_id":"v3:SXXi8mDY2D4APl0gxNXH04MHnQ6_igIkCwyswu6jLKMlTw70NDlm9A","direction":"outgoing"} 
[2026-04-04 04:46:44] production.INFO: Outbound call initiated {"call_control_id":"v3:SXXi8mDY2D4APl0gxNXH04MHnQ6_igIkCwyswu6jLKMlTw70NDlm9A","to":"+12249993880"} 
[2026-04-04 04:46:44] production.INFO: Telnyx voice webhook received {"event_type":"call.speak.started","call_control_id":"v3:7oAgeDcgqnv68xXko8fKtsCAp5dFLWX9CsVdbkOnPKuObXABtV7rYA","direction":null} 
[2026-04-04 04:46:44] production.INFO: TTS speak started {"call_control_id":"v3:7oAgeDcgqnv68xXko8fKtsCAp5dFLWX9CsVdbkOnPKuObXABtV7rYA"} 
[2026-04-04 04:46:46] production.DEBUG: Push notification delivered {"endpoint":"https://web.push.apple.com/QDkJcfxcMRPW4uLNUaYZ21nDUMJHCJ-cyja1FMQcNEv6qKbL-ec_s…","status":201} 
[2026-04-04 04:46:46] production.DEBUG: Push notification delivered {"endpoint":"https://fcm.googleapis.com/fcm/send/cYR-NIq4nms:APA91bEppjWa7ZIrYxviNuWljHyZ7qnu…","status":201} 
[2026-04-04 04:46:51] production.INFO: Telnyx voice webhook received {"event_type":"call.speak.ended","call_control_id":"v3:7oAgeDcgqnv68xXko8fKtsCAp5dFLWX9CsVdbkOnPKuObXABtV7rYA","direction":null} 
[2026-04-04 04:46:51] production.INFO: handleCallSpeakEnded ENTRY {"call_control_id":"v3:7oAgeDcgqnv68xXko8fKtsCAp5dFLWX9CsVdbkOnPKuObXABtV7rYA","action":"welcome_done","client_state":{"action":"welcome_done","call_log_id":600,"original_caller":"+18472123894"},"client_state_raw_present":true} 
[2026-04-04 04:46:51] production.INFO: TTS completed — no admin answered yet, playing ringback {"call_control_id":"v3:7oAgeDcgqnv68xXko8fKtsCAp5dFLWX9CsVdbkOnPKuObXABtV7rYA","call_log_id":600} 
[2026-04-04 04:46:51] production.INFO: Call command sent: playback_start {"call_control_id":"v3:7oAgeDcgqnv68xXko8fKtsCAp5dFLWX9CsVdbkOnPKuObXABtV7rYA","result":"ok"} 
[2026-04-04 04:46:51] production.INFO: Telnyx voice webhook received {"event_type":"call.playback.started","call_control_id":"v3:7oAgeDcgqnv68xXko8fKtsCAp5dFLWX9CsVdbkOnPKuObXABtV7rYA","direction":null} 
[2026-04-04 04:46:51] production.INFO: Unhandled voice event {"event_type":"call.playback.started"} 
[2026-04-04 04:47:02] production.INFO: Telnyx voice webhook received {"event_type":"call.answered","call_control_id":"v3:SXXi8mDY2D4APl0gxNXH04MHnQ6_igIkCwyswu6jLKMlTw70NDlm9A","direction":null} 
[2026-04-04 04:47:02] production.INFO: Admin answered — waiting for AMD confirmation {"admin_call_control_id":"v3:SXXi8mDY2D4APl0gxNXH04MHnQ6_igIkCwyswu6jLKMlTw70NDlm9A","incoming_call_control_id":"v3:7oAgeDcgqnv68xXko8fKtsCAp5dFLWX9CsVdbkOnPKuObXABtV7rYA","call_log_id":600,"admin_user_id":1} 
[2026-04-04 04:47:06] production.INFO: Telnyx voice webhook received {"event_type":"call.machine.premium.detection.ended","call_control_id":"v3:SXXi8mDY2D4APl0gxNXH04MHnQ6_igIkCwyswu6jLKMlTw70NDlm9A","direction":null} 
[2026-04-04 04:47:06] production.INFO: AMD ended {"call_control_id":"v3:SXXi8mDY2D4APl0gxNXH04MHnQ6_igIkCwyswu6jLKMlTw70NDlm9A","result":"machine","action":"admin_ring"} 
[2026-04-04 04:47:06] production.INFO: AMD detected voicemail on admin leg — hanging up {"call_control_id":"v3:SXXi8mDY2D4APl0gxNXH04MHnQ6_igIkCwyswu6jLKMlTw70NDlm9A","result":"machine","call_log_id":600} 
[2026-04-04 04:47:07] production.INFO: Call command sent: hangup {"call_control_id":"v3:SXXi8mDY2D4APl0gxNXH04MHnQ6_igIkCwyswu6jLKMlTw70NDlm9A","result":"ok"} 
[2026-04-04 04:47:07] production.INFO: Telnyx voice webhook received {"event_type":"call.hangup","call_control_id":"v3:SXXi8mDY2D4APl0gxNXH04MHnQ6_igIkCwyswu6jLKMlTw70NDlm9A","direction":null} 
[2026-04-04 04:47:07] production.INFO: Admin ring leg hung up {"admin_call_control_id":"v3:SXXi8mDY2D4APl0gxNXH04MHnQ6_igIkCwyswu6jLKMlTw70NDlm9A","hangup_cause":"normal_clearing","call_log_id":600,"incoming_call_control_id":"v3:7oAgeDcgqnv68xXko8fKtsCAp5dFLWX9CsVdbkOnPKuObXABtV7rYA"} 
[2026-04-04 04:47:07] production.INFO: Admin removed from pending list {"removed_id":"v3:SXXi8mDY2D4APl0gxNXH04MHnQ6_igIkCwyswu6jLKMlTw70NDlm9A","was_in_list":true,"remaining_count":0,"call_log_id":600} 
[2026-04-04 04:47:07] production.INFO: All admin legs failed — triggering voicemail {"incoming_call_control_id":"v3:7oAgeDcgqnv68xXko8fKtsCAp5dFLWX9CsVdbkOnPKuObXABtV7rYA","call_log_id":600} 
[2026-04-04 04:47:07] production.INFO: Call command sent: playback_stop {"call_control_id":"v3:7oAgeDcgqnv68xXko8fKtsCAp5dFLWX9CsVdbkOnPKuObXABtV7rYA","result":"ok"} 
[2026-04-04 04:47:07] production.INFO: Playing voicemail IVR menu {"call_control_id":"v3:7oAgeDcgqnv68xXko8fKtsCAp5dFLWX9CsVdbkOnPKuObXABtV7rYA","call_log_id":600,"ivr_prompt":"GS Construction is not available right now. Press 2 to send a text on your behalf so the GS Crew knows to call you back ASAP. Stay on the line to leave a voicemail.","is_known_caller":false} 
[2026-04-04 04:47:07] production.INFO: Telnyx voice webhook received {"event_type":"call.playback.ended","call_control_id":"v3:7oAgeDcgqnv68xXko8fKtsCAp5dFLWX9CsVdbkOnPKuObXABtV7rYA","direction":null} 
[2026-04-04 04:47:08] production.INFO: Call command sent: gather_using_speak {"call_control_id":"v3:7oAgeDcgqnv68xXko8fKtsCAp5dFLWX9CsVdbkOnPKuObXABtV7rYA","result":"ok"} 
[2026-04-04 04:47:08] production.INFO: Telnyx voice webhook received {"event_type":"call.speak.started","call_control_id":"v3:7oAgeDcgqnv68xXko8fKtsCAp5dFLWX9CsVdbkOnPKuObXABtV7rYA","direction":null} 
[2026-04-04 04:47:08] production.INFO: TTS speak started {"call_control_id":"v3:7oAgeDcgqnv68xXko8fKtsCAp5dFLWX9CsVdbkOnPKuObXABtV7rYA"} 
[2026-04-04 04:47:19] production.INFO: Telnyx voice webhook received {"event_type":"call.speak.ended","call_control_id":"v3:7oAgeDcgqnv68xXko8fKtsCAp5dFLWX9CsVdbkOnPKuObXABtV7rYA","direction":null} 
[2026-04-04 04:47:19] production.INFO: handleCallSpeakEnded ENTRY {"call_control_id":"v3:7oAgeDcgqnv68xXko8fKtsCAp5dFLWX9CsVdbkOnPKuObXABtV7rYA","action":"voicemail_ivr_menu","client_state":{"action":"voicemail_ivr_menu","call_log_id":600,"original_caller":"+18472123894","is_known_caller":false},"client_state_raw_present":true} 
[2026-04-04 04:47:27] production.INFO: Telnyx voice webhook received {"event_type":"call.gather.ended","call_control_id":"v3:7oAgeDcgqnv68xXko8fKtsCAp5dFLWX9CsVdbkOnPKuObXABtV7rYA","direction":null} 
[2026-04-04 04:47:27] production.INFO: IVR gather ended {"call_control_id":"v3:7oAgeDcgqnv68xXko8fKtsCAp5dFLWX9CsVdbkOnPKuObXABtV7rYA","digits":"","call_log_id":600} 
[2026-04-04 04:47:27] production.INFO: IVR: no digit pressed — playing voicemail greeting {"call_control_id":"v3:7oAgeDcgqnv68xXko8fKtsCAp5dFLWX9CsVdbkOnPKuObXABtV7rYA"} 
[2026-04-04 04:47:27] production.INFO: Call command sent: speak {"call_control_id":"v3:7oAgeDcgqnv68xXko8fKtsCAp5dFLWX9CsVdbkOnPKuObXABtV7rYA","result":"ok"} 
[2026-04-04 04:47:27] production.INFO: Telnyx voice webhook received {"event_type":"call.speak.started","call_control_id":"v3:7oAgeDcgqnv68xXko8fKtsCAp5dFLWX9CsVdbkOnPKuObXABtV7rYA","direction":null} 
[2026-04-04 04:47:27] production.INFO: TTS speak started {"call_control_id":"v3:7oAgeDcgqnv68xXko8fKtsCAp5dFLWX9CsVdbkOnPKuObXABtV7rYA"} 
[2026-04-04 04:47:36] production.INFO: Telnyx voice webhook received {"event_type":"call.speak.ended","call_control_id":"v3:7oAgeDcgqnv68xXko8fKtsCAp5dFLWX9CsVdbkOnPKuObXABtV7rYA","direction":null} 
[2026-04-04 04:47:36] production.INFO: handleCallSpeakEnded ENTRY {"call_control_id":"v3:7oAgeDcgqnv68xXko8fKtsCAp5dFLWX9CsVdbkOnPKuObXABtV7rYA","action":"voicemail_prompt_done","client_state":{"action":"voicemail_prompt_done","call_log_id":600},"client_state_raw_present":true} 
[2026-04-04 04:47:36] production.INFO: Voicemail prompt done — starting recording {"call_control_id":"v3:7oAgeDcgqnv68xXko8fKtsCAp5dFLWX9CsVdbkOnPKuObXABtV7rYA"} 
[2026-04-04 04:47:36] production.INFO: Call command sent: record_start {"call_control_id":"v3:7oAgeDcgqnv68xXko8fKtsCAp5dFLWX9CsVdbkOnPKuObXABtV7rYA","result":"ok"} 
[2026-04-04 04:47:40] production.INFO: Telnyx voice webhook received {"event_type":"call.transcription","call_control_id":"v3:7oAgeDcgqnv68xXko8fKtsCAp5dFLWX9CsVdbkOnPKuObXABtV7rYA","direction":null} 
[2026-04-04 04:47:40] production.INFO: Unhandled voice event {"event_type":"call.transcription"} 
[2026-04-04 04:47:41] production.INFO: Telnyx voice webhook received {"event_type":"call.transcription","call_control_id":"v3:7oAgeDcgqnv68xXko8fKtsCAp5dFLWX9CsVdbkOnPKuObXABtV7rYA","direction":null} 
[2026-04-04 04:47:41] production.INFO: Unhandled voice event {"event_type":"call.transcription"} 
[2026-04-04 04:47:41] production.INFO: Telnyx voice webhook received {"event_type":"call.transcription","call_control_id":"v3:7oAgeDcgqnv68xXko8fKtsCAp5dFLWX9CsVdbkOnPKuObXABtV7rYA","direction":null} 
[2026-04-04 04:47:41] production.INFO: Unhandled voice event {"event_type":"call.transcription"} 
[2026-04-04 04:47:41] production.INFO: Telnyx voice webhook received {"event_type":"call.transcription","call_control_id":"v3:7oAgeDcgqnv68xXko8fKtsCAp5dFLWX9CsVdbkOnPKuObXABtV7rYA","direction":null} 
[2026-04-04 04:47:41] production.INFO: Unhandled voice event {"event_type":"call.transcription"} 
[2026-04-04 04:47:41] production.INFO: Telnyx voice webhook received {"event_type":"call.transcription","call_control_id":"v3:7oAgeDcgqnv68xXko8fKtsCAp5dFLWX9CsVdbkOnPKuObXABtV7rYA","direction":null} 
[2026-04-04 04:47:41] production.INFO: Unhandled voice event {"event_type":"call.transcription"} 
[2026-04-04 04:47:41] production.INFO: Telnyx voice webhook received {"event_type":"call.transcription","call_control_id":"v3:7oAgeDcgqnv68xXko8fKtsCAp5dFLWX9CsVdbkOnPKuObXABtV7rYA","direction":null} 
[2026-04-04 04:47:41] production.INFO: Unhandled voice event {"event_type":"call.transcription"} 
[2026-04-04 04:47:42] production.INFO: Telnyx voice webhook received {"event_type":"call.transcription","call_control_id":"v3:7oAgeDcgqnv68xXko8fKtsCAp5dFLWX9CsVdbkOnPKuObXABtV7rYA","direction":null} 
[2026-04-04 04:47:42] production.INFO: Unhandled voice event {"event_type":"call.transcription"} 
[2026-04-04 04:47:42] production.INFO: Telnyx voice webhook received {"event_type":"call.transcription","call_control_id":"v3:7oAgeDcgqnv68xXko8fKtsCAp5dFLWX9CsVdbkOnPKuObXABtV7rYA","direction":null} 
[2026-04-04 04:47:42] production.INFO: Unhandled voice event {"event_type":"call.transcription"} 
[2026-04-04 04:47:42] production.INFO: Telnyx voice webhook received {"event_type":"call.transcription","call_control_id":"v3:7oAgeDcgqnv68xXko8fKtsCAp5dFLWX9CsVdbkOnPKuObXABtV7rYA","direction":null} 
[2026-04-04 04:47:42] production.INFO: Unhandled voice event {"event_type":"call.transcription"} 
[2026-04-04 04:47:42] production.INFO: Telnyx voice webhook received {"event_type":"call.transcription","call_control_id":"v3:7oAgeDcgqnv68xXko8fKtsCAp5dFLWX9CsVdbkOnPKuObXABtV7rYA","direction":null} 
[2026-04-04 04:47:42] production.INFO: Unhandled voice event {"event_type":"call.transcription"} 
[2026-04-04 04:47:42] production.INFO: Telnyx voice webhook received {"event_type":"call.transcription","call_control_id":"v3:7oAgeDcgqnv68xXko8fKtsCAp5dFLWX9CsVdbkOnPKuObXABtV7rYA","direction":null} 
[2026-04-04 04:47:42] production.INFO: Unhandled voice event {"event_type":"call.transcription"} 
[2026-04-04 04:47:42] production.INFO: Telnyx voice webhook received {"event_type":"call.transcription","call_control_id":"v3:7oAgeDcgqnv68xXko8fKtsCAp5dFLWX9CsVdbkOnPKuObXABtV7rYA","direction":null} 
[2026-04-04 04:47:42] production.INFO: Unhandled voice event {"event_type":"call.transcription"} 
[2026-04-04 04:47:43] production.INFO: Telnyx voice webhook received {"event_type":"call.transcription","call_control_id":"v3:7oAgeDcgqnv68xXko8fKtsCAp5dFLWX9CsVdbkOnPKuObXABtV7rYA","direction":null} 
[2026-04-04 04:47:43] production.INFO: Unhandled voice event {"event_type":"call.transcription"} 
[2026-04-04 04:47:43] production.INFO: Telnyx voice webhook received {"event_type":"call.transcription","call_control_id":"v3:7oAgeDcgqnv68xXko8fKtsCAp5dFLWX9CsVdbkOnPKuObXABtV7rYA","direction":null} 
[2026-04-04 04:47:43] production.INFO: Unhandled voice event {"event_type":"call.transcription"} 
[2026-04-04 04:47:43] production.INFO: Telnyx voice webhook received {"event_type":"call.transcription","call_control_id":"v3:7oAgeDcgqnv68xXko8fKtsCAp5dFLWX9CsVdbkOnPKuObXABtV7rYA","direction":null} 
[2026-04-04 04:47:43] production.INFO: Unhandled voice event {"event_type":"call.transcription"} 
[2026-04-04 04:47:43] production.INFO: Telnyx voice webhook received {"event_type":"call.transcription","call_control_id":"v3:7oAgeDcgqnv68xXko8fKtsCAp5dFLWX9CsVdbkOnPKuObXABtV7rYA","direction":null} 
[2026-04-04 04:47:43] production.INFO: Unhandled voice event {"event_type":"call.transcription"} 
[2026-04-04 04:47:43] production.INFO: Telnyx voice webhook received {"event_type":"call.transcription","call_control_id":"v3:7oAgeDcgqnv68xXko8fKtsCAp5dFLWX9CsVdbkOnPKuObXABtV7rYA","direction":null} 
[2026-04-04 04:47:43] production.INFO: Telnyx voice webhook received {"event_type":"call.transcription","call_control_id":"v3:7oAgeDcgqnv68xXko8fKtsCAp5dFLWX9CsVdbkOnPKuObXABtV7rYA","direction":null} 
[2026-04-04 04:47:43] production.INFO: Unhandled voice event {"event_type":"call.transcription"} 
[2026-04-04 04:47:43] production.INFO: Unhandled voice event {"event_type":"call.transcription"} 
[2026-04-04 04:47:43] production.INFO: Telnyx voice webhook received {"event_type":"call.transcription","call_control_id":"v3:7oAgeDcgqnv68xXko8fKtsCAp5dFLWX9CsVdbkOnPKuObXABtV7rYA","direction":null} 
[2026-04-04 04:47:43] production.INFO: Unhandled voice event {"event_type":"call.transcription"} 
[2026-04-04 04:47:43] production.INFO: Telnyx voice webhook received {"event_type":"call.transcription","call_control_id":"v3:7oAgeDcgqnv68xXko8fKtsCAp5dFLWX9CsVdbkOnPKuObXABtV7rYA","direction":null} 
[2026-04-04 04:47:43] production.INFO: Unhandled voice event {"event_type":"call.transcription"} 
[2026-04-04 04:47:44] production.INFO: Telnyx voice webhook received {"event_type":"call.transcription","call_control_id":"v3:7oAgeDcgqnv68xXko8fKtsCAp5dFLWX9CsVdbkOnPKuObXABtV7rYA","direction":null} 
[2026-04-04 04:47:44] production.INFO: Unhandled voice event {"event_type":"call.transcription"} 
[2026-04-04 04:47:44] production.INFO: Telnyx voice webhook received {"event_type":"call.transcription","call_control_id":"v3:7oAgeDcgqnv68xXko8fKtsCAp5dFLWX9CsVdbkOnPKuObXABtV7rYA","direction":null} 
[2026-04-04 04:47:44] production.INFO: Unhandled voice event {"event_type":"call.transcription"} 
[2026-04-04 04:47:44] production.INFO: Telnyx voice webhook received {"event_type":"call.transcription","call_control_id":"v3:7oAgeDcgqnv68xXko8fKtsCAp5dFLWX9CsVdbkOnPKuObXABtV7rYA","direction":null} 
[2026-04-04 04:47:44] production.INFO: Unhandled voice event {"event_type":"call.transcription"} 
[2026-04-04 04:47:44] production.INFO: Telnyx voice webhook received {"event_type":"call.transcription","call_control_id":"v3:7oAgeDcgqnv68xXko8fKtsCAp5dFLWX9CsVdbkOnPKuObXABtV7rYA","direction":null} 
[2026-04-04 04:47:44] production.INFO: Unhandled voice event {"event_type":"call.transcription"} 
[2026-04-04 04:47:44] production.INFO: Telnyx voice webhook received {"event_type":"call.transcription","call_control_id":"v3:7oAgeDcgqnv68xXko8fKtsCAp5dFLWX9CsVdbkOnPKuObXABtV7rYA","direction":null} 
[2026-04-04 04:47:44] production.INFO: Unhandled voice event {"event_type":"call.transcription"} 
[2026-04-04 04:47:44] production.INFO: Telnyx voice webhook received {"event_type":"call.transcription","call_control_id":"v3:7oAgeDcgqnv68xXko8fKtsCAp5dFLWX9CsVdbkOnPKuObXABtV7rYA","direction":null} 
[2026-04-04 04:47:44] production.INFO: Unhandled voice event {"event_type":"call.transcription"} 
[2026-04-04 04:47:44] production.INFO: Telnyx voice webhook received {"event_type":"call.transcription","call_control_id":"v3:7oAgeDcgqnv68xXko8fKtsCAp5dFLWX9CsVdbkOnPKuObXABtV7rYA","direction":null} 
[2026-04-04 04:47:44] production.INFO: Unhandled voice event {"event_type":"call.transcription"} 
[2026-04-04 04:47:44] production.INFO: Telnyx voice webhook received {"event_type":"call.transcription","call_control_id":"v3:7oAgeDcgqnv68xXko8fKtsCAp5dFLWX9CsVdbkOnPKuObXABtV7rYA","direction":null} 
[2026-04-04 04:47:44] production.INFO: Unhandled voice event {"event_type":"call.transcription"} 
[2026-04-04 04:47:44] production.INFO: Telnyx voice webhook received {"event_type":"call.transcription","call_control_id":"v3:7oAgeDcgqnv68xXko8fKtsCAp5dFLWX9CsVdbkOnPKuObXABtV7rYA","direction":null} 
[2026-04-04 04:47:44] production.INFO: Unhandled voice event {"event_type":"call.transcription"} 
[2026-04-04 04:47:44] production.INFO: Telnyx voice webhook received {"event_type":"call.transcription","call_control_id":"v3:7oAgeDcgqnv68xXko8fKtsCAp5dFLWX9CsVdbkOnPKuObXABtV7rYA","direction":null} 
[2026-04-04 04:47:44] production.INFO: Unhandled voice event {"event_type":"call.transcription"} 
[2026-04-04 04:47:44] production.INFO: Telnyx voice webhook received {"event_type":"call.transcription","call_control_id":"v3:7oAgeDcgqnv68xXko8fKtsCAp5dFLWX9CsVdbkOnPKuObXABtV7rYA","direction":null} 
[2026-04-04 04:47:44] production.INFO: Unhandled voice event {"event_type":"call.transcription"} 
[2026-04-04 04:47:44] production.INFO: Telnyx voice webhook received {"event_type":"call.transcription","call_control_id":"v3:7oAgeDcgqnv68xXko8fKtsCAp5dFLWX9CsVdbkOnPKuObXABtV7rYA","direction":null} 
[2026-04-04 04:47:44] production.INFO: Unhandled voice event {"event_type":"call.transcription"} 
[2026-04-04 04:47:44] production.INFO: Telnyx voice webhook received {"event_type":"call.transcription","call_control_id":"v3:7oAgeDcgqnv68xXko8fKtsCAp5dFLWX9CsVdbkOnPKuObXABtV7rYA","direction":null} 
[2026-04-04 04:47:44] production.INFO: Unhandled voice event {"event_type":"call.transcription"} 
[2026-04-04 04:47:44] production.INFO: Telnyx voice webhook received {"event_type":"call.transcription","call_control_id":"v3:7oAgeDcgqnv68xXko8fKtsCAp5dFLWX9CsVdbkOnPKuObXABtV7rYA","direction":null} 
[2026-04-04 04:47:44] production.INFO: Unhandled voice event {"event_type":"call.transcription"} 
[2026-04-04 04:47:45] production.INFO: Telnyx voice webhook received {"event_type":"call.transcription","call_control_id":"v3:7oAgeDcgqnv68xXko8fKtsCAp5dFLWX9CsVdbkOnPKuObXABtV7rYA","direction":null} 
[2026-04-04 04:47:45] production.INFO: Unhandled voice event {"event_type":"call.transcription"} 
[2026-04-04 04:47:45] production.INFO: Telnyx voice webhook received {"event_type":"call.transcription","call_control_id":"v3:7oAgeDcgqnv68xXko8fKtsCAp5dFLWX9CsVdbkOnPKuObXABtV7rYA","direction":null} 
[2026-04-04 04:47:45] production.INFO: Unhandled voice event {"event_type":"call.transcription"} 
[2026-04-04 04:47:45] production.INFO: Telnyx voice webhook received {"event_type":"call.transcription","call_control_id":"v3:7oAgeDcgqnv68xXko8fKtsCAp5dFLWX9CsVdbkOnPKuObXABtV7rYA","direction":null} 
[2026-04-04 04:47:45] production.INFO: Unhandled voice event {"event_type":"call.transcription"} 
[2026-04-04 04:47:45] production.INFO: Telnyx voice webhook received {"event_type":"call.transcription","call_control_id":"v3:7oAgeDcgqnv68xXko8fKtsCAp5dFLWX9CsVdbkOnPKuObXABtV7rYA","direction":null} 
[2026-04-04 04:47:45] production.INFO: Unhandled voice event {"event_type":"call.transcription"} 
[2026-04-04 04:47:45] production.INFO: Telnyx voice webhook received {"event_type":"call.transcription","call_control_id":"v3:7oAgeDcgqnv68xXko8fKtsCAp5dFLWX9CsVdbkOnPKuObXABtV7rYA","direction":null} 
[2026-04-04 04:47:45] production.INFO: Unhandled voice event {"event_type":"call.transcription"} 
[2026-04-04 04:47:45] production.INFO: Telnyx voice webhook received {"event_type":"call.transcription","call_control_id":"v3:7oAgeDcgqnv68xXko8fKtsCAp5dFLWX9CsVdbkOnPKuObXABtV7rYA","direction":null} 
[2026-04-04 04:47:45] production.INFO: Unhandled voice event {"event_type":"call.transcription"} 
[2026-04-04 04:47:45] production.INFO: Telnyx voice webhook received {"event_type":"call.transcription","call_control_id":"v3:7oAgeDcgqnv68xXko8fKtsCAp5dFLWX9CsVdbkOnPKuObXABtV7rYA","direction":null} 
[2026-04-04 04:47:45] production.INFO: Unhandled voice event {"event_type":"call.transcription"} 
[2026-04-04 04:47:46] production.INFO: Telnyx voice webhook received {"event_type":"call.transcription","call_control_id":"v3:7oAgeDcgqnv68xXko8fKtsCAp5dFLWX9CsVdbkOnPKuObXABtV7rYA","direction":null} 
[2026-04-04 04:47:46] production.INFO: Unhandled voice event {"event_type":"call.transcription"} 
[2026-04-04 04:47:46] production.INFO: Telnyx voice webhook received {"event_type":"call.transcription","call_control_id":"v3:7oAgeDcgqnv68xXko8fKtsCAp5dFLWX9CsVdbkOnPKuObXABtV7rYA","direction":null} 
[2026-04-04 04:47:46] production.INFO: Unhandled voice event {"event_type":"call.transcription"} 
[2026-04-04 04:47:46] production.INFO: Telnyx voice webhook received {"event_type":"call.transcription","call_control_id":"v3:7oAgeDcgqnv68xXko8fKtsCAp5dFLWX9CsVdbkOnPKuObXABtV7rYA","direction":null} 
[2026-04-04 04:47:46] production.INFO: Unhandled voice event {"event_type":"call.transcription"} 
[2026-04-04 04:47:51] production.INFO: Telnyx voice webhook received {"event_type":"call.hangup","call_control_id":"v3:7oAgeDcgqnv68xXko8fKtsCAp5dFLWX9CsVdbkOnPKuObXABtV7rYA","direction":null} 
[2026-04-04 04:47:51] production.INFO: Voicemail call ended {"call_control_id":"v3:7oAgeDcgqnv68xXko8fKtsCAp5dFLWX9CsVdbkOnPKuObXABtV7rYA","call_log_id":600} 
[2026-04-04 04:47:52] production.INFO: Telnyx voice webhook received {"event_type":"call.recording.saved","call_control_id":"v3:7oAgeDcgqnv68xXko8fKtsCAp5dFLWX9CsVdbkOnPKuObXABtV7rYA","direction":null} 
[2026-04-04 04:47:52] production.INFO: Call recording saved {"call_control_id":"v3:7oAgeDcgqnv68xXko8fKtsCAp5dFLWX9CsVdbkOnPKuObXABtV7rYA","recording_urls":{"mp3":"https://s3.amazonaws.com/telephony-recorder-prod/49566db4-02e9-44ab-813f-f71a0c0b49d7/2026-04-04/46988b28-2fe1-11f1-8b53-02420aef3a1f-1775278056321775.mp3?X-Amz-Algorithm=AWS4-HMAC-SHA256&X-Amz-Credential=AKIASDC5E2MJDPKMH7UW%2F20260404%2Fus-east-1%2Fs3%2Faws4_request&X-Amz-Date=20260404T044752Z&X-Amz-Expires=600&X-Amz-SignedHeaders=host&X-Amz-Signature=5f2c89b053b138e3d7c40bc8c9cef4e014213b482b15bf094d1dc67f90d51b15"},"is_voicemail":true} 
[2026-04-04 04:47:55] production.INFO: Call recording stored locally {"call_log_id":600,"path":"call-recordings/2026/04/5ff086d8-1c39-472a-9a64-6a641f074983.mp3"} 
[2026-04-04 04:48:02] production.INFO: Telnyx voice webhook received {"event_type":"call.initiated","call_control_id":"v3:vDSAn7REnCjAGjIfsXtFqgkeKxNa_jw3XRe1B84YYbm9X73DFDC4BQ","direction":"incoming"} 
[2026-04-04 04:48:02] production.WARNING: ipqualityscore lookup failed {"phone":"+18472123894","message":"You have insufficient credits to make this query. Please contact IPQualityScore support if this error persists."} 
[2026-04-04 04:48:02] production.INFO: Incoming call - answering {"call_control_id":"v3:vDSAn7REnCjAGjIfsXtFqgkeKxNa_jw3XRe1B84YYbm9X73DFDC4BQ","from":"+18472123894","to":"+12247354200","caller_user_id":null,"caller_name":"GRZEGORZ SZADY"} 
[2026-04-04 04:48:02] production.INFO: Call command sent: answer {"call_control_id":"v3:vDSAn7REnCjAGjIfsXtFqgkeKxNa_jw3XRe1B84YYbm9X73DFDC4BQ","result":"ok"} 
[2026-04-04 04:48:03] production.INFO: Telnyx voice webhook received {"event_type":"call.answered","call_control_id":"v3:vDSAn7REnCjAGjIfsXtFqgkeKxNa_jw3XRe1B84YYbm9X73DFDC4BQ","direction":null} 
[2026-04-04 04:48:03] production.INFO: Playing welcome TTS and dialing admins simultaneously {"call_control_id":"v3:vDSAn7REnCjAGjIfsXtFqgkeKxNa_jw3XRe1B84YYbm9X73DFDC4BQ","tts":"Good evening! Thanks for calling GS Construction. One moment while we connect you to the GS Crew."} 
[2026-04-04 04:48:03] production.INFO: Call command sent: speak {"call_control_id":"v3:vDSAn7REnCjAGjIfsXtFqgkeKxNa_jw3XRe1B84YYbm9X73DFDC4BQ","result":"ok"} 
[2026-04-04 04:48:03] production.INFO: Dialed admin {"admin_user_id":1,"admin_name":"Patryk Szady","phone":"+12249993880","admin_call_control_id":"v3:Id3Gk-Q5ccskEcwgUdLyyMTe28wjuwZNSjxvFJ5n4iHM7U7CCH8u1g"} 
[2026-04-04 04:48:03] production.INFO: Telnyx voice webhook received {"event_type":"call.initiated","call_control_id":"v3:Id3Gk-Q5ccskEcwgUdLyyMTe28wjuwZNSjxvFJ5n4iHM7U7CCH8u1g","direction":"outgoing"} 
[2026-04-04 04:48:03] production.INFO: Outbound call initiated {"call_control_id":"v3:Id3Gk-Q5ccskEcwgUdLyyMTe28wjuwZNSjxvFJ5n4iHM7U7CCH8u1g","to":"+12249993880"} 
[2026-04-04 04:48:03] production.INFO: Telnyx voice webhook received {"event_type":"call.speak.started","call_control_id":"v3:vDSAn7REnCjAGjIfsXtFqgkeKxNa_jw3XRe1B84YYbm9X73DFDC4BQ","direction":null} 
[2026-04-04 04:48:03] production.INFO: TTS speak started {"call_control_id":"v3:vDSAn7REnCjAGjIfsXtFqgkeKxNa_jw3XRe1B84YYbm9X73DFDC4BQ"} 
[2026-04-04 04:48:04] production.DEBUG: Push notification delivered {"endpoint":"https://web.push.apple.com/QDkJcfxcMRPW4uLNUaYZ21nDUMJHCJ-cyja1FMQcNEv6qKbL-ec_s…","status":201} 
[2026-04-04 04:48:04] production.DEBUG: Push notification delivered {"endpoint":"https://fcm.googleapis.com/fcm/send/cYR-NIq4nms:APA91bEppjWa7ZIrYxviNuWljHyZ7qnu…","status":201} 
[2026-04-04 04:48:07] production.INFO: Telnyx voice webhook received {"event_type":"call.answered","call_control_id":"v3:Id3Gk-Q5ccskEcwgUdLyyMTe28wjuwZNSjxvFJ5n4iHM7U7CCH8u1g","direction":null} 
[2026-04-04 04:48:07] production.INFO: Admin answered — waiting for AMD confirmation {"admin_call_control_id":"v3:Id3Gk-Q5ccskEcwgUdLyyMTe28wjuwZNSjxvFJ5n4iHM7U7CCH8u1g","incoming_call_control_id":"v3:vDSAn7REnCjAGjIfsXtFqgkeKxNa_jw3XRe1B84YYbm9X73DFDC4BQ","call_log_id":601,"admin_user_id":1} 
[2026-04-04 04:48:10] production.INFO: Telnyx voice webhook received {"event_type":"call.speak.ended","call_control_id":"v3:vDSAn7REnCjAGjIfsXtFqgkeKxNa_jw3XRe1B84YYbm9X73DFDC4BQ","direction":null} 
[2026-04-04 04:48:10] production.INFO: handleCallSpeakEnded ENTRY {"call_control_id":"v3:vDSAn7REnCjAGjIfsXtFqgkeKxNa_jw3XRe1B84YYbm9X73DFDC4BQ","action":"welcome_done","client_state":{"action":"welcome_done","call_log_id":601,"original_caller":"+18472123894"},"client_state_raw_present":true} 
[2026-04-04 04:48:10] production.INFO: TTS completed — no admin answered yet, playing ringback {"call_control_id":"v3:vDSAn7REnCjAGjIfsXtFqgkeKxNa_jw3XRe1B84YYbm9X73DFDC4BQ","call_log_id":601} 
[2026-04-04 04:48:10] production.INFO: Call command sent: playback_start {"call_control_id":"v3:vDSAn7REnCjAGjIfsXtFqgkeKxNa_jw3XRe1B84YYbm9X73DFDC4BQ","result":"ok"} 
[2026-04-04 04:48:11] production.INFO: Telnyx voice webhook received {"event_type":"call.playback.started","call_control_id":"v3:vDSAn7REnCjAGjIfsXtFqgkeKxNa_jw3XRe1B84YYbm9X73DFDC4BQ","direction":null} 
[2026-04-04 04:48:11] production.INFO: Unhandled voice event {"event_type":"call.playback.started"} 
[2026-04-04 04:48:12] production.INFO: Telnyx voice webhook received {"event_type":"call.machine.premium.detection.ended","call_control_id":"v3:Id3Gk-Q5ccskEcwgUdLyyMTe28wjuwZNSjxvFJ5n4iHM7U7CCH8u1g","direction":null} 
[2026-04-04 04:48:12] production.INFO: AMD ended {"call_control_id":"v3:Id3Gk-Q5ccskEcwgUdLyyMTe28wjuwZNSjxvFJ5n4iHM7U7CCH8u1g","result":"machine","action":"admin_ring"} 
[2026-04-04 04:48:12] production.INFO: AMD detected voicemail on admin leg — hanging up {"call_control_id":"v3:Id3Gk-Q5ccskEcwgUdLyyMTe28wjuwZNSjxvFJ5n4iHM7U7CCH8u1g","result":"machine","call_log_id":601} 
[2026-04-04 04:48:12] production.INFO: Call command sent: hangup {"call_control_id":"v3:Id3Gk-Q5ccskEcwgUdLyyMTe28wjuwZNSjxvFJ5n4iHM7U7CCH8u1g","result":"ok"} 
[2026-04-04 04:48:12] production.INFO: Telnyx voice webhook received {"event_type":"call.hangup","call_control_id":"v3:Id3Gk-Q5ccskEcwgUdLyyMTe28wjuwZNSjxvFJ5n4iHM7U7CCH8u1g","direction":null} 
[2026-04-04 04:48:12] production.INFO: Admin ring leg hung up {"admin_call_control_id":"v3:Id3Gk-Q5ccskEcwgUdLyyMTe28wjuwZNSjxvFJ5n4iHM7U7CCH8u1g","hangup_cause":"normal_clearing","call_log_id":601,"incoming_call_control_id":"v3:vDSAn7REnCjAGjIfsXtFqgkeKxNa_jw3XRe1B84YYbm9X73DFDC4BQ"} 
[2026-04-04 04:48:12] production.INFO: Admin removed from pending list {"removed_id":"v3:Id3Gk-Q5ccskEcwgUdLyyMTe28wjuwZNSjxvFJ5n4iHM7U7CCH8u1g","was_in_list":true,"remaining_count":0,"call_log_id":601} 
[2026-04-04 04:48:12] production.INFO: All admin legs failed — triggering voicemail {"incoming_call_control_id":"v3:vDSAn7REnCjAGjIfsXtFqgkeKxNa_jw3XRe1B84YYbm9X73DFDC4BQ","call_log_id":601} 
[2026-04-04 04:48:12] production.INFO: Call command sent: playback_stop {"call_control_id":"v3:vDSAn7REnCjAGjIfsXtFqgkeKxNa_jw3XRe1B84YYbm9X73DFDC4BQ","result":"ok"} 
[2026-04-04 04:48:12] production.INFO: Playing voicemail IVR menu {"call_control_id":"v3:vDSAn7REnCjAGjIfsXtFqgkeKxNa_jw3XRe1B84YYbm9X73DFDC4BQ","call_log_id":601,"ivr_prompt":"GS Construction is not available right now. Press 2 to send a text on your behalf so the GS Crew knows to call you back ASAP. Stay on the line to leave a voicemail.","is_known_caller":false} 
[2026-04-04 04:48:12] production.INFO: Telnyx voice webhook received {"event_type":"call.playback.ended","call_control_id":"v3:vDSAn7REnCjAGjIfsXtFqgkeKxNa_jw3XRe1B84YYbm9X73DFDC4BQ","direction":null} 
[2026-04-04 04:48:12] production.INFO: Call command sent: gather_using_speak {"call_control_id":"v3:vDSAn7REnCjAGjIfsXtFqgkeKxNa_jw3XRe1B84YYbm9X73DFDC4BQ","result":"ok"} 
[2026-04-04 04:48:13] production.INFO: Telnyx voice webhook received {"event_type":"call.speak.started","call_control_id":"v3:vDSAn7REnCjAGjIfsXtFqgkeKxNa_jw3XRe1B84YYbm9X73DFDC4BQ","direction":null} 
[2026-04-04 04:48:13] production.INFO: TTS speak started {"call_control_id":"v3:vDSAn7REnCjAGjIfsXtFqgkeKxNa_jw3XRe1B84YYbm9X73DFDC4BQ"} 
[2026-04-04 04:48:24] production.INFO: Telnyx voice webhook received {"event_type":"call.speak.ended","call_control_id":"v3:vDSAn7REnCjAGjIfsXtFqgkeKxNa_jw3XRe1B84YYbm9X73DFDC4BQ","direction":null} 
[2026-04-04 04:48:24] production.INFO: handleCallSpeakEnded ENTRY {"call_control_id":"v3:vDSAn7REnCjAGjIfsXtFqgkeKxNa_jw3XRe1B84YYbm9X73DFDC4BQ","action":"voicemail_ivr_menu","client_state":{"action":"voicemail_ivr_menu","call_log_id":601,"original_caller":"+18472123894","is_known_caller":false},"client_state_raw_present":true} 
[2026-04-04 04:48:25] production.INFO: Telnyx voice webhook received {"event_type":"call.dtmf.received","call_control_id":"v3:vDSAn7REnCjAGjIfsXtFqgkeKxNa_jw3XRe1B84YYbm9X73DFDC4BQ","direction":null} 
[2026-04-04 04:48:25] production.INFO: Unhandled voice event {"event_type":"call.dtmf.received"} 
[2026-04-04 04:48:25] production.INFO: Telnyx voice webhook received {"event_type":"call.gather.ended","call_control_id":"v3:vDSAn7REnCjAGjIfsXtFqgkeKxNa_jw3XRe1B84YYbm9X73DFDC4BQ","direction":null} 
[2026-04-04 04:48:25] production.INFO: IVR gather ended {"call_control_id":"v3:vDSAn7REnCjAGjIfsXtFqgkeKxNa_jw3XRe1B84YYbm9X73DFDC4BQ","digits":"2","call_log_id":601} 
[2026-04-04 04:48:25] production.INFO: IVR: caller pressed 2 — sending SMS {"call_control_id":"v3:vDSAn7REnCjAGjIfsXtFqgkeKxNa_jw3XRe1B84YYbm9X73DFDC4BQ","caller_number":"+18472123894"} 
[2026-04-04 04:48:25] production.INFO: Callback SMS sent to admin {"admin_user_id":1,"admin_name":"Patryk Szady","phone":"+12249993880"} 
[2026-04-04 04:48:25] production.INFO: Telnyx webhook received {"event_type":"message.sent","message_id":"40319d56-d223-4a20-8db3-3fb9bbb3593a"} 
[2026-04-04 04:48:25] production.INFO: Message sent {"id":"40319d56-d223-4a20-8db3-3fb9bbb3593a","to":"+12249993880","from":"+12247354200"} 
[2026-04-04 04:48:25] production.INFO: Call command sent: speak {"call_control_id":"v3:vDSAn7REnCjAGjIfsXtFqgkeKxNa_jw3XRe1B84YYbm9X73DFDC4BQ","result":"ok"} 
[2026-04-04 04:48:26] production.INFO: Telnyx voice webhook received {"event_type":"call.speak.started","call_control_id":"v3:vDSAn7REnCjAGjIfsXtFqgkeKxNa_jw3XRe1B84YYbm9X73DFDC4BQ","direction":null} 
[2026-04-04 04:48:26] production.INFO: TTS speak started {"call_control_id":"v3:vDSAn7REnCjAGjIfsXtFqgkeKxNa_jw3XRe1B84YYbm9X73DFDC4BQ"} 
[2026-04-04 04:48:26] production.INFO: Telnyx webhook received {"event_type":"message.finalized","message_id":"40319d56-d223-4a20-8db3-3fb9bbb3593a"} 
[2026-04-04 04:48:26] production.INFO: Message finalized {"id":"40319d56-d223-4a20-8db3-3fb9bbb3593a","to":"+12249993880","status":"delivered"} 
[2026-04-04 04:48:32] production.INFO: Telnyx voice webhook received {"event_type":"call.speak.ended","call_control_id":"v3:vDSAn7REnCjAGjIfsXtFqgkeKxNa_jw3XRe1B84YYbm9X73DFDC4BQ","direction":null} 
[2026-04-04 04:48:32] production.INFO: handleCallSpeakEnded ENTRY {"call_control_id":"v3:vDSAn7REnCjAGjIfsXtFqgkeKxNa_jw3XRe1B84YYbm9X73DFDC4BQ","action":"ivr_sms_confirmation","client_state":{"action":"ivr_sms_confirmation","call_log_id":601},"client_state_raw_present":true} 
[2026-04-04 04:48:32] production.INFO: IVR SMS confirmation done — hanging up {"call_control_id":"v3:vDSAn7REnCjAGjIfsXtFqgkeKxNa_jw3XRe1B84YYbm9X73DFDC4BQ","call_log_id":601} 
[2026-04-04 04:48:33] production.INFO: Telnyx voice webhook received {"event_type":"call.hangup","call_control_id":"v3:vDSAn7REnCjAGjIfsXtFqgkeKxNa_jw3XRe1B84YYbm9X73DFDC4BQ","direction":null} 
[2026-04-04 04:48:33] production.INFO: Call ended {"call_control_id":"v3:vDSAn7REnCjAGjIfsXtFqgkeKxNa_jw3XRe1B84YYbm9X73DFDC4BQ","status":"missed","hangup_cause":"normal_clearing","duration":30.008315} 
[2026-04-04 04:48:33] production.ERROR: Call command failed: hangup {"call_control_id":"v3:vDSAn7REnCjAGjIfsXtFqgkeKxNa_jw3XRe1B84YYbm9X73DFDC4BQ","status":422,"error":{"errors":[{"code":"90018","title":"Call has already ended","detail":"This call is no longer active and can't receive commands."}]}} 
[2026-04-04 05:14:57] production.INFO: Telnyx voice webhook received {"event_type":"call.initiated","call_control_id":"v3:wtMIUpzpcXdM_Lbi91VIFA-EHFJ2hiRk5R-cVZ_7jhwQp4F_PGG6VQ","direction":"incoming"} 
[2026-04-04 05:14:57] production.WARNING: ipqualityscore lookup failed {"phone":"+18472123894","message":"You have insufficient credits to make this query. Please contact IPQualityScore support if this error persists."} 
[2026-04-04 05:14:58] production.INFO: Incoming call - answering {"call_control_id":"v3:wtMIUpzpcXdM_Lbi91VIFA-EHFJ2hiRk5R-cVZ_7jhwQp4F_PGG6VQ","from":"+18472123894","to":"+12247354200","caller_user_id":null,"caller_name":"GRZEGORZ SZADY"} 
[2026-04-04 05:14:58] production.INFO: Call command sent: answer {"call_control_id":"v3:wtMIUpzpcXdM_Lbi91VIFA-EHFJ2hiRk5R-cVZ_7jhwQp4F_PGG6VQ","result":"ok"} 
[2026-04-04 05:14:58] production.INFO: Telnyx voice webhook received {"event_type":"call.answered","call_control_id":"v3:wtMIUpzpcXdM_Lbi91VIFA-EHFJ2hiRk5R-cVZ_7jhwQp4F_PGG6VQ","direction":null} 
[2026-04-04 05:14:58] production.INFO: Playing welcome TTS and dialing admins simultaneously {"call_control_id":"v3:wtMIUpzpcXdM_Lbi91VIFA-EHFJ2hiRk5R-cVZ_7jhwQp4F_PGG6VQ","tts":"Good morning! Thanks for calling GS Construction. One moment while we connect you to the GS Crew."} 
[2026-04-04 05:14:58] production.INFO: Call command sent: speak {"call_control_id":"v3:wtMIUpzpcXdM_Lbi91VIFA-EHFJ2hiRk5R-cVZ_7jhwQp4F_PGG6VQ","result":"ok"} 
[2026-04-04 05:14:58] production.DEBUG: Push notification delivered {"endpoint":"https://web.push.apple.com/QDkJcfxcMRPW4uLNUaYZ21nDUMJHCJ-cyja1FMQcNEv6qKbL-ec_s…","status":201} 
[2026-04-04 05:14:58] production.DEBUG: Push notification delivered {"endpoint":"https://fcm.googleapis.com/fcm/send/cYR-NIq4nms:APA91bEppjWa7ZIrYxviNuWljHyZ7qnu…","status":201} 
[2026-04-04 05:14:59] production.INFO: Dialed admin {"admin_user_id":1,"admin_name":"Patryk Szady","phone":"+12249993880","admin_call_control_id":"v3:UIWKNHr20_L5vRxDkzrijxz3IdUZYX94OxUiOSQ-6R_cCkFcQ0lNXQ"} 
[2026-04-04 05:14:59] production.INFO: Telnyx voice webhook received {"event_type":"call.initiated","call_control_id":"v3:UIWKNHr20_L5vRxDkzrijxz3IdUZYX94OxUiOSQ-6R_cCkFcQ0lNXQ","direction":"outgoing"} 
[2026-04-04 05:14:59] production.INFO: Outbound call initiated {"call_control_id":"v3:UIWKNHr20_L5vRxDkzrijxz3IdUZYX94OxUiOSQ-6R_cCkFcQ0lNXQ","to":"+12249993880"} 
[2026-04-04 05:14:59] production.INFO: Telnyx voice webhook received {"event_type":"call.speak.started","call_control_id":"v3:wtMIUpzpcXdM_Lbi91VIFA-EHFJ2hiRk5R-cVZ_7jhwQp4F_PGG6VQ","direction":null} 
[2026-04-04 05:14:59] production.INFO: TTS speak started {"call_control_id":"v3:wtMIUpzpcXdM_Lbi91VIFA-EHFJ2hiRk5R-cVZ_7jhwQp4F_PGG6VQ"} 
[2026-04-04 05:15:03] production.INFO: Telnyx voice webhook received {"event_type":"call.answered","call_control_id":"v3:UIWKNHr20_L5vRxDkzrijxz3IdUZYX94OxUiOSQ-6R_cCkFcQ0lNXQ","direction":null} 
[2026-04-04 05:15:03] production.INFO: Admin answered — playing DTMF screen {"admin_call_control_id":"v3:UIWKNHr20_L5vRxDkzrijxz3IdUZYX94OxUiOSQ-6R_cCkFcQ0lNXQ","incoming_call_control_id":"v3:wtMIUpzpcXdM_Lbi91VIFA-EHFJ2hiRk5R-cVZ_7jhwQp4F_PGG6VQ","call_log_id":602,"admin_user_id":1} 
[2026-04-04 05:15:03] production.INFO: Call command sent: gather_using_speak {"call_control_id":"v3:UIWKNHr20_L5vRxDkzrijxz3IdUZYX94OxUiOSQ-6R_cCkFcQ0lNXQ","result":"ok"} 
[2026-04-04 05:15:04] production.INFO: Telnyx voice webhook received {"event_type":"call.speak.started","call_control_id":"v3:UIWKNHr20_L5vRxDkzrijxz3IdUZYX94OxUiOSQ-6R_cCkFcQ0lNXQ","direction":null} 
[2026-04-04 05:15:04] production.INFO: TTS speak started {"call_control_id":"v3:UIWKNHr20_L5vRxDkzrijxz3IdUZYX94OxUiOSQ-6R_cCkFcQ0lNXQ"} 
[2026-04-04 05:15:06] production.INFO: Telnyx voice webhook received {"event_type":"call.speak.ended","call_control_id":"v3:wtMIUpzpcXdM_Lbi91VIFA-EHFJ2hiRk5R-cVZ_7jhwQp4F_PGG6VQ","direction":null} 
[2026-04-04 05:15:06] production.INFO: handleCallSpeakEnded ENTRY {"call_control_id":"v3:wtMIUpzpcXdM_Lbi91VIFA-EHFJ2hiRk5R-cVZ_7jhwQp4F_PGG6VQ","action":"welcome_done","client_state":{"action":"welcome_done","call_log_id":602,"original_caller":"+18472123894"},"client_state_raw_present":true} 
[2026-04-04 05:15:06] production.INFO: TTS completed — no admin answered yet, playing ringback {"call_control_id":"v3:wtMIUpzpcXdM_Lbi91VIFA-EHFJ2hiRk5R-cVZ_7jhwQp4F_PGG6VQ","call_log_id":602} 
[2026-04-04 05:15:06] production.INFO: Call command sent: playback_start {"call_control_id":"v3:wtMIUpzpcXdM_Lbi91VIFA-EHFJ2hiRk5R-cVZ_7jhwQp4F_PGG6VQ","result":"ok"} 
[2026-04-04 05:15:07] production.INFO: Telnyx voice webhook received {"event_type":"call.playback.started","call_control_id":"v3:wtMIUpzpcXdM_Lbi91VIFA-EHFJ2hiRk5R-cVZ_7jhwQp4F_PGG6VQ","direction":null} 
[2026-04-04 05:15:07] production.INFO: Unhandled voice event {"event_type":"call.playback.started"} 
[2026-04-04 05:15:08] production.INFO: Telnyx voice webhook received {"event_type":"call.speak.ended","call_control_id":"v3:UIWKNHr20_L5vRxDkzrijxz3IdUZYX94OxUiOSQ-6R_cCkFcQ0lNXQ","direction":null} 
[2026-04-04 05:15:08] production.INFO: handleCallSpeakEnded ENTRY {"call_control_id":"v3:UIWKNHr20_L5vRxDkzrijxz3IdUZYX94OxUiOSQ-6R_cCkFcQ0lNXQ","action":"admin_screen","client_state":{"action":"admin_screen","call_log_id":602,"incoming_call_control_id":"v3:wtMIUpzpcXdM_Lbi91VIFA-EHFJ2hiRk5R-cVZ_7jhwQp4F_PGG6VQ","admin_user_id":1},"client_state_raw_present":true} 
[2026-04-04 05:15:10] production.INFO: Telnyx voice webhook received {"event_type":"call.dtmf.received","call_control_id":"v3:UIWKNHr20_L5vRxDkzrijxz3IdUZYX94OxUiOSQ-6R_cCkFcQ0lNXQ","direction":null} 
[2026-04-04 05:15:10] production.INFO: Unhandled voice event {"event_type":"call.dtmf.received"} 
[2026-04-04 05:15:10] production.INFO: Telnyx voice webhook received {"event_type":"call.gather.ended","call_control_id":"v3:UIWKNHr20_L5vRxDkzrijxz3IdUZYX94OxUiOSQ-6R_cCkFcQ0lNXQ","direction":null} 
[2026-04-04 05:15:10] production.INFO: Admin screen passed (keypress confirmed human) {"call_control_id":"v3:UIWKNHr20_L5vRxDkzrijxz3IdUZYX94OxUiOSQ-6R_cCkFcQ0lNXQ","digits":"1","call_log_id":602,"admin_user_id":1} 
[2026-04-04 05:15:10] production.INFO: Admin confirmed + TTS done — bridging now {"admin_call_control_id":"v3:UIWKNHr20_L5vRxDkzrijxz3IdUZYX94OxUiOSQ-6R_cCkFcQ0lNXQ","incoming_call_control_id":"v3:wtMIUpzpcXdM_Lbi91VIFA-EHFJ2hiRk5R-cVZ_7jhwQp4F_PGG6VQ","call_log_id":602} 
[2026-04-04 05:15:10] production.INFO: Bridging admin with caller {"admin_call_control_id":"v3:UIWKNHr20_L5vRxDkzrijxz3IdUZYX94OxUiOSQ-6R_cCkFcQ0lNXQ","incoming_call_control_id":"v3:wtMIUpzpcXdM_Lbi91VIFA-EHFJ2hiRk5R-cVZ_7jhwQp4F_PGG6VQ","admin_user_id":1,"admin_name":"Patryk Szady"} 
[2026-04-04 05:15:10] production.INFO: Call command sent: playback_stop {"call_control_id":"v3:wtMIUpzpcXdM_Lbi91VIFA-EHFJ2hiRk5R-cVZ_7jhwQp4F_PGG6VQ","result":"ok"} 
[2026-04-04 05:15:10] production.INFO: Telnyx voice webhook received {"event_type":"call.playback.ended","call_control_id":"v3:wtMIUpzpcXdM_Lbi91VIFA-EHFJ2hiRk5R-cVZ_7jhwQp4F_PGG6VQ","direction":null} 
[2026-04-04 05:15:10] production.INFO: Call command sent: playback_stop {"call_control_id":"v3:UIWKNHr20_L5vRxDkzrijxz3IdUZYX94OxUiOSQ-6R_cCkFcQ0lNXQ","result":"ok"} 
[2026-04-04 05:15:10] production.INFO: Calls bridged successfully {"call_control_id_a":"v3:UIWKNHr20_L5vRxDkzrijxz3IdUZYX94OxUiOSQ-6R_cCkFcQ0lNXQ","call_control_id_b":"v3:wtMIUpzpcXdM_Lbi91VIFA-EHFJ2hiRk5R-cVZ_7jhwQp4F_PGG6VQ"} 
[2026-04-04 05:15:11] production.INFO: Telnyx voice webhook received {"event_type":"call.bridged","call_control_id":"v3:wtMIUpzpcXdM_Lbi91VIFA-EHFJ2hiRk5R-cVZ_7jhwQp4F_PGG6VQ","direction":null} 
[2026-04-04 05:15:11] production.INFO: Call bridged {"call_control_id":"v3:wtMIUpzpcXdM_Lbi91VIFA-EHFJ2hiRk5R-cVZ_7jhwQp4F_PGG6VQ","call_session_id":"386e8ae4-2fe5-11f1-8a5f-02420aef3ba0"} 
[2026-04-04 05:15:11] production.INFO: Telnyx voice webhook received {"event_type":"call.bridged","call_control_id":"v3:UIWKNHr20_L5vRxDkzrijxz3IdUZYX94OxUiOSQ-6R_cCkFcQ0lNXQ","direction":null} 
[2026-04-04 05:15:11] production.INFO: Call bridged {"call_control_id":"v3:UIWKNHr20_L5vRxDkzrijxz3IdUZYX94OxUiOSQ-6R_cCkFcQ0lNXQ","call_session_id":"39fbfc3e-2fe5-11f1-ac0b-02420aef551f"} 
[2026-04-04 05:15:15] production.INFO: Telnyx voice webhook received {"event_type":"call.hangup","call_control_id":"v3:UIWKNHr20_L5vRxDkzrijxz3IdUZYX94OxUiOSQ-6R_cCkFcQ0lNXQ","direction":null} 
[2026-04-04 05:15:15] production.INFO: Admin ring leg hung up {"admin_call_control_id":"v3:UIWKNHr20_L5vRxDkzrijxz3IdUZYX94OxUiOSQ-6R_cCkFcQ0lNXQ","hangup_cause":"normal_clearing","call_log_id":602,"incoming_call_control_id":"v3:wtMIUpzpcXdM_Lbi91VIFA-EHFJ2hiRk5R-cVZ_7jhwQp4F_PGG6VQ"} 
[2026-04-04 05:15:15] production.INFO: Telnyx voice webhook received {"event_type":"call.hangup","call_control_id":"v3:wtMIUpzpcXdM_Lbi91VIFA-EHFJ2hiRk5R-cVZ_7jhwQp4F_PGG6VQ","direction":null} 
[2026-04-04 05:15:15] production.INFO: Call ended {"call_control_id":"v3:wtMIUpzpcXdM_Lbi91VIFA-EHFJ2hiRk5R-cVZ_7jhwQp4F_PGG6VQ","status":"completed","hangup_cause":"normal_clearing","duration":17.221849} 
[2026-04-04 05:15:30] production.INFO: Telnyx voice webhook received {"event_type":"call.initiated","call_control_id":"v3:vP7mVerE9o66pUwu7Ky_rTsVgSomQslYIpY1rVOrvvgQsTzCMddnSg","direction":"incoming"} 
[2026-04-04 05:15:30] production.WARNING: ipqualityscore lookup failed {"phone":"+18472123894","message":"You have insufficient credits to make this query. Please contact IPQualityScore support if this error persists."} 
[2026-04-04 05:15:30] production.INFO: Incoming call - answering {"call_control_id":"v3:vP7mVerE9o66pUwu7Ky_rTsVgSomQslYIpY1rVOrvvgQsTzCMddnSg","from":"+18472123894","to":"+12247354200","caller_user_id":null,"caller_name":"GRZEGORZ SZADY"} 
[2026-04-04 05:15:31] production.INFO: Call command sent: answer {"call_control_id":"v3:vP7mVerE9o66pUwu7Ky_rTsVgSomQslYIpY1rVOrvvgQsTzCMddnSg","result":"ok"} 
[2026-04-04 05:15:31] production.INFO: Telnyx voice webhook received {"event_type":"call.answered","call_control_id":"v3:vP7mVerE9o66pUwu7Ky_rTsVgSomQslYIpY1rVOrvvgQsTzCMddnSg","direction":null} 
[2026-04-04 05:15:31] production.INFO: Playing welcome TTS and dialing admins simultaneously {"call_control_id":"v3:vP7mVerE9o66pUwu7Ky_rTsVgSomQslYIpY1rVOrvvgQsTzCMddnSg","tts":"Good morning! Thanks for calling GS Construction. One moment while we connect you to the GS Crew."} 
[2026-04-04 05:15:31] production.INFO: Call command sent: speak {"call_control_id":"v3:vP7mVerE9o66pUwu7Ky_rTsVgSomQslYIpY1rVOrvvgQsTzCMddnSg","result":"ok"} 
[2026-04-04 05:15:31] production.DEBUG: Push notification delivered {"endpoint":"https://web.push.apple.com/QDkJcfxcMRPW4uLNUaYZ21nDUMJHCJ-cyja1FMQcNEv6qKbL-ec_s…","status":201} 
[2026-04-04 05:15:31] production.DEBUG: Push notification delivered {"endpoint":"https://fcm.googleapis.com/fcm/send/cYR-NIq4nms:APA91bEppjWa7ZIrYxviNuWljHyZ7qnu…","status":201} 
[2026-04-04 05:15:31] production.INFO: Dialed admin {"admin_user_id":1,"admin_name":"Patryk Szady","phone":"+12249993880","admin_call_control_id":"v3:dSosJB-3q6C7vbm6CrFehFOfs3Dj5O8areGHSsbzlRM5O8I5ULx1rw"} 
[2026-04-04 05:15:32] production.INFO: Telnyx voice webhook received {"event_type":"call.initiated","call_control_id":"v3:dSosJB-3q6C7vbm6CrFehFOfs3Dj5O8areGHSsbzlRM5O8I5ULx1rw","direction":"outgoing"} 
[2026-04-04 05:15:32] production.INFO: Outbound call initiated {"call_control_id":"v3:dSosJB-3q6C7vbm6CrFehFOfs3Dj5O8areGHSsbzlRM5O8I5ULx1rw","to":"+12249993880"} 
[2026-04-04 05:15:32] production.INFO: Telnyx voice webhook received {"event_type":"call.speak.started","call_control_id":"v3:vP7mVerE9o66pUwu7Ky_rTsVgSomQslYIpY1rVOrvvgQsTzCMddnSg","direction":null} 
[2026-04-04 05:15:32] production.INFO: TTS speak started {"call_control_id":"v3:vP7mVerE9o66pUwu7Ky_rTsVgSomQslYIpY1rVOrvvgQsTzCMddnSg"} 
[2026-04-04 05:15:38] production.INFO: Telnyx voice webhook received {"event_type":"call.speak.ended","call_control_id":"v3:vP7mVerE9o66pUwu7Ky_rTsVgSomQslYIpY1rVOrvvgQsTzCMddnSg","direction":null} 
[2026-04-04 05:15:38] production.INFO: handleCallSpeakEnded ENTRY {"call_control_id":"v3:vP7mVerE9o66pUwu7Ky_rTsVgSomQslYIpY1rVOrvvgQsTzCMddnSg","action":"welcome_done","client_state":{"action":"welcome_done","call_log_id":603,"original_caller":"+18472123894"},"client_state_raw_present":true} 
[2026-04-04 05:15:38] production.INFO: TTS completed — no admin answered yet, playing ringback {"call_control_id":"v3:vP7mVerE9o66pUwu7Ky_rTsVgSomQslYIpY1rVOrvvgQsTzCMddnSg","call_log_id":603} 
[2026-04-04 05:15:38] production.INFO: Call command sent: playback_start {"call_control_id":"v3:vP7mVerE9o66pUwu7Ky_rTsVgSomQslYIpY1rVOrvvgQsTzCMddnSg","result":"ok"} 
[2026-04-04 05:15:39] production.INFO: Telnyx voice webhook received {"event_type":"call.playback.started","call_control_id":"v3:vP7mVerE9o66pUwu7Ky_rTsVgSomQslYIpY1rVOrvvgQsTzCMddnSg","direction":null} 
[2026-04-04 05:15:39] production.INFO: Unhandled voice event {"event_type":"call.playback.started"} 
[2026-04-04 05:15:40] production.INFO: Telnyx voice webhook received {"event_type":"call.answered","call_control_id":"v3:dSosJB-3q6C7vbm6CrFehFOfs3Dj5O8areGHSsbzlRM5O8I5ULx1rw","direction":null} 
[2026-04-04 05:15:40] production.INFO: Admin answered — playing DTMF screen {"admin_call_control_id":"v3:dSosJB-3q6C7vbm6CrFehFOfs3Dj5O8areGHSsbzlRM5O8I5ULx1rw","incoming_call_control_id":"v3:vP7mVerE9o66pUwu7Ky_rTsVgSomQslYIpY1rVOrvvgQsTzCMddnSg","call_log_id":603,"admin_user_id":1} 
[2026-04-04 05:15:41] production.INFO: Call command sent: gather_using_speak {"call_control_id":"v3:dSosJB-3q6C7vbm6CrFehFOfs3Dj5O8areGHSsbzlRM5O8I5ULx1rw","result":"ok"} 
[2026-04-04 05:15:41] production.INFO: Telnyx voice webhook received {"event_type":"call.speak.started","call_control_id":"v3:dSosJB-3q6C7vbm6CrFehFOfs3Dj5O8areGHSsbzlRM5O8I5ULx1rw","direction":null} 
[2026-04-04 05:15:41] production.INFO: TTS speak started {"call_control_id":"v3:dSosJB-3q6C7vbm6CrFehFOfs3Dj5O8areGHSsbzlRM5O8I5ULx1rw"} 
[2026-04-04 05:15:46] production.INFO: Telnyx voice webhook received {"event_type":"call.speak.ended","call_control_id":"v3:dSosJB-3q6C7vbm6CrFehFOfs3Dj5O8areGHSsbzlRM5O8I5ULx1rw","direction":null} 
[2026-04-04 05:15:46] production.INFO: handleCallSpeakEnded ENTRY {"call_control_id":"v3:dSosJB-3q6C7vbm6CrFehFOfs3Dj5O8areGHSsbzlRM5O8I5ULx1rw","action":"admin_screen","client_state":{"action":"admin_screen","call_log_id":603,"incoming_call_control_id":"v3:vP7mVerE9o66pUwu7Ky_rTsVgSomQslYIpY1rVOrvvgQsTzCMddnSg","admin_user_id":1},"client_state_raw_present":true} 
[2026-04-04 05:15:46] production.INFO: Telnyx voice webhook received {"event_type":"call.dtmf.received","call_control_id":"v3:dSosJB-3q6C7vbm6CrFehFOfs3Dj5O8areGHSsbzlRM5O8I5ULx1rw","direction":null} 
[2026-04-04 05:15:46] production.INFO: Unhandled voice event {"event_type":"call.dtmf.received"} 
[2026-04-04 05:15:47] production.INFO: Telnyx voice webhook received {"event_type":"call.gather.ended","call_control_id":"v3:dSosJB-3q6C7vbm6CrFehFOfs3Dj5O8areGHSsbzlRM5O8I5ULx1rw","direction":null} 
[2026-04-04 05:15:47] production.INFO: Admin screen passed (keypress confirmed human) {"call_control_id":"v3:dSosJB-3q6C7vbm6CrFehFOfs3Dj5O8areGHSsbzlRM5O8I5ULx1rw","digits":"6","call_log_id":603,"admin_user_id":1} 
[2026-04-04 05:15:47] production.INFO: Admin confirmed + TTS done — bridging now {"admin_call_control_id":"v3:dSosJB-3q6C7vbm6CrFehFOfs3Dj5O8areGHSsbzlRM5O8I5ULx1rw","incoming_call_control_id":"v3:vP7mVerE9o66pUwu7Ky_rTsVgSomQslYIpY1rVOrvvgQsTzCMddnSg","call_log_id":603} 
[2026-04-04 05:15:47] production.INFO: Bridging admin with caller {"admin_call_control_id":"v3:dSosJB-3q6C7vbm6CrFehFOfs3Dj5O8areGHSsbzlRM5O8I5ULx1rw","incoming_call_control_id":"v3:vP7mVerE9o66pUwu7Ky_rTsVgSomQslYIpY1rVOrvvgQsTzCMddnSg","admin_user_id":1,"admin_name":"Patryk Szady"} 
[2026-04-04 05:15:47] production.INFO: Call command sent: playback_stop {"call_control_id":"v3:vP7mVerE9o66pUwu7Ky_rTsVgSomQslYIpY1rVOrvvgQsTzCMddnSg","result":"ok"} 
[2026-04-04 05:15:47] production.INFO: Call command sent: playback_stop {"call_control_id":"v3:dSosJB-3q6C7vbm6CrFehFOfs3Dj5O8areGHSsbzlRM5O8I5ULx1rw","result":"ok"} 
[2026-04-04 05:15:47] production.INFO: Telnyx voice webhook received {"event_type":"call.playback.ended","call_control_id":"v3:vP7mVerE9o66pUwu7Ky_rTsVgSomQslYIpY1rVOrvvgQsTzCMddnSg","direction":null} 
[2026-04-04 05:15:47] production.INFO: Calls bridged successfully {"call_control_id_a":"v3:dSosJB-3q6C7vbm6CrFehFOfs3Dj5O8areGHSsbzlRM5O8I5ULx1rw","call_control_id_b":"v3:vP7mVerE9o66pUwu7Ky_rTsVgSomQslYIpY1rVOrvvgQsTzCMddnSg"} 
[2026-04-04 05:15:48] production.INFO: Telnyx voice webhook received {"event_type":"call.bridged","call_control_id":"v3:dSosJB-3q6C7vbm6CrFehFOfs3Dj5O8areGHSsbzlRM5O8I5ULx1rw","direction":null} 
[2026-04-04 05:15:48] production.INFO: Call bridged {"call_control_id":"v3:dSosJB-3q6C7vbm6CrFehFOfs3Dj5O8areGHSsbzlRM5O8I5ULx1rw","call_session_id":"4d4fcb44-2fe5-11f1-b47d-02420aef54a0"} 
[2026-04-04 05:15:48] production.INFO: Telnyx voice webhook received {"event_type":"call.bridged","call_control_id":"v3:vP7mVerE9o66pUwu7Ky_rTsVgSomQslYIpY1rVOrvvgQsTzCMddnSg","direction":null} 
[2026-04-04 05:15:48] production.INFO: Call bridged {"call_control_id":"v3:vP7mVerE9o66pUwu7Ky_rTsVgSomQslYIpY1rVOrvvgQsTzCMddnSg","call_session_id":"4c49dc76-2fe5-11f1-b9a6-02420aef3b1f"} 
[2026-04-04 05:15:51] production.INFO: Telnyx voice webhook received {"event_type":"call.hangup","call_control_id":"v3:dSosJB-3q6C7vbm6CrFehFOfs3Dj5O8areGHSsbzlRM5O8I5ULx1rw","direction":null} 
[2026-04-04 05:15:51] production.INFO: Admin ring leg hung up {"admin_call_control_id":"v3:dSosJB-3q6C7vbm6CrFehFOfs3Dj5O8areGHSsbzlRM5O8I5ULx1rw","hangup_cause":"normal_clearing","call_log_id":603,"incoming_call_control_id":"v3:vP7mVerE9o66pUwu7Ky_rTsVgSomQslYIpY1rVOrvvgQsTzCMddnSg"} 
[2026-04-04 05:15:51] production.INFO: Telnyx voice webhook received {"event_type":"call.hangup","call_control_id":"v3:vP7mVerE9o66pUwu7Ky_rTsVgSomQslYIpY1rVOrvvgQsTzCMddnSg","direction":null} 
[2026-04-04 05:15:51] production.INFO: Call ended {"call_control_id":"v3:vP7mVerE9o66pUwu7Ky_rTsVgSomQslYIpY1rVOrvvgQsTzCMddnSg","status":"completed","hangup_cause":"normal_clearing","duration":20.566221000000002} 
[2026-04-04 05:16:50] production.INFO: Telnyx voice webhook received {"event_type":"call.initiated","call_control_id":"v3:UR1QZVEhMjEF3-Mhjy4kSDXGcq9I3QIxcftjz_bLGOQbYxHQwbF5aw","direction":"incoming"} 
[2026-04-04 05:16:50] production.WARNING: ipqualityscore lookup failed {"phone":"+18472123894","message":"You have insufficient credits to make this query. Please contact IPQualityScore support if this error persists."} 
[2026-04-04 05:16:50] production.INFO: Incoming call - answering {"call_control_id":"v3:UR1QZVEhMjEF3-Mhjy4kSDXGcq9I3QIxcftjz_bLGOQbYxHQwbF5aw","from":"+18472123894","to":"+12247354200","caller_user_id":null,"caller_name":"GRZEGORZ SZADY"} 
[2026-04-04 05:16:51] production.INFO: Call command sent: answer {"call_control_id":"v3:UR1QZVEhMjEF3-Mhjy4kSDXGcq9I3QIxcftjz_bLGOQbYxHQwbF5aw","result":"ok"} 
[2026-04-04 05:16:51] production.INFO: Telnyx voice webhook received {"event_type":"call.answered","call_control_id":"v3:UR1QZVEhMjEF3-Mhjy4kSDXGcq9I3QIxcftjz_bLGOQbYxHQwbF5aw","direction":null} 
[2026-04-04 05:16:51] production.INFO: Playing welcome TTS and dialing admins simultaneously {"call_control_id":"v3:UR1QZVEhMjEF3-Mhjy4kSDXGcq9I3QIxcftjz_bLGOQbYxHQwbF5aw","tts":"Good morning! Thanks for calling GS Construction. One moment while we connect you to the GS Crew."} 
[2026-04-04 05:16:51] production.INFO: Call command sent: speak {"call_control_id":"v3:UR1QZVEhMjEF3-Mhjy4kSDXGcq9I3QIxcftjz_bLGOQbYxHQwbF5aw","result":"ok"} 
[2026-04-04 05:16:52] production.INFO: Dialed admin {"admin_user_id":1,"admin_name":"Patryk Szady","phone":"+12249993880","admin_call_control_id":"v3:35v-dP46WWf-P_UknaH4YzCBkRnWlBjaDhKTfz8zY_QkX0zbAmbnMg"} 
[2026-04-04 05:16:52] production.INFO: Telnyx voice webhook received {"event_type":"call.initiated","call_control_id":"v3:35v-dP46WWf-P_UknaH4YzCBkRnWlBjaDhKTfz8zY_QkX0zbAmbnMg","direction":"outgoing"} 
[2026-04-04 05:16:52] production.INFO: Outbound call initiated {"call_control_id":"v3:35v-dP46WWf-P_UknaH4YzCBkRnWlBjaDhKTfz8zY_QkX0zbAmbnMg","to":"+12249993880"} 
[2026-04-04 05:16:52] production.INFO: Telnyx voice webhook received {"event_type":"call.speak.started","call_control_id":"v3:UR1QZVEhMjEF3-Mhjy4kSDXGcq9I3QIxcftjz_bLGOQbYxHQwbF5aw","direction":null} 
[2026-04-04 05:16:52] production.INFO: TTS speak started {"call_control_id":"v3:UR1QZVEhMjEF3-Mhjy4kSDXGcq9I3QIxcftjz_bLGOQbYxHQwbF5aw"} 
[2026-04-04 05:16:52] production.DEBUG: Push notification delivered {"endpoint":"https://web.push.apple.com/QDkJcfxcMRPW4uLNUaYZ21nDUMJHCJ-cyja1FMQcNEv6qKbL-ec_s…","status":201} 
[2026-04-04 05:16:52] production.DEBUG: Push notification delivered {"endpoint":"https://fcm.googleapis.com/fcm/send/cYR-NIq4nms:APA91bEppjWa7ZIrYxviNuWljHyZ7qnu…","status":201} 
[2026-04-04 05:16:58] production.INFO: Telnyx voice webhook received {"event_type":"call.speak.ended","call_control_id":"v3:UR1QZVEhMjEF3-Mhjy4kSDXGcq9I3QIxcftjz_bLGOQbYxHQwbF5aw","direction":null} 
[2026-04-04 05:16:58] production.INFO: handleCallSpeakEnded ENTRY {"call_control_id":"v3:UR1QZVEhMjEF3-Mhjy4kSDXGcq9I3QIxcftjz_bLGOQbYxHQwbF5aw","action":"welcome_done","client_state":{"action":"welcome_done","call_log_id":604,"original_caller":"+18472123894"},"client_state_raw_present":true} 
[2026-04-04 05:16:58] production.INFO: TTS completed — no admin answered yet, playing ringback {"call_control_id":"v3:UR1QZVEhMjEF3-Mhjy4kSDXGcq9I3QIxcftjz_bLGOQbYxHQwbF5aw","call_log_id":604} 
[2026-04-04 05:16:58] production.INFO: Call command sent: playback_start {"call_control_id":"v3:UR1QZVEhMjEF3-Mhjy4kSDXGcq9I3QIxcftjz_bLGOQbYxHQwbF5aw","result":"ok"} 
[2026-04-04 05:16:59] production.INFO: Telnyx voice webhook received {"event_type":"call.playback.started","call_control_id":"v3:UR1QZVEhMjEF3-Mhjy4kSDXGcq9I3QIxcftjz_bLGOQbYxHQwbF5aw","direction":null} 
[2026-04-04 05:16:59] production.INFO: Unhandled voice event {"event_type":"call.playback.started"} 
[2026-04-04 05:17:07] production.INFO: Telnyx voice webhook received {"event_type":"call.hangup","call_control_id":"v3:35v-dP46WWf-P_UknaH4YzCBkRnWlBjaDhKTfz8zY_QkX0zbAmbnMg","direction":null} 
[2026-04-04 05:17:07] production.INFO: Admin ring leg hung up {"admin_call_control_id":"v3:35v-dP46WWf-P_UknaH4YzCBkRnWlBjaDhKTfz8zY_QkX0zbAmbnMg","hangup_cause":"timeout","call_log_id":604,"incoming_call_control_id":"v3:UR1QZVEhMjEF3-Mhjy4kSDXGcq9I3QIxcftjz_bLGOQbYxHQwbF5aw"} 
[2026-04-04 05:17:07] production.INFO: Admin removed from pending list {"removed_id":"v3:35v-dP46WWf-P_UknaH4YzCBkRnWlBjaDhKTfz8zY_QkX0zbAmbnMg","was_in_list":true,"remaining_count":0,"call_log_id":604} 
[2026-04-04 05:17:07] production.INFO: All admin legs failed — triggering voicemail {"incoming_call_control_id":"v3:UR1QZVEhMjEF3-Mhjy4kSDXGcq9I3QIxcftjz_bLGOQbYxHQwbF5aw","call_log_id":604} 
[2026-04-04 05:17:07] production.INFO: Call command sent: playback_stop {"call_control_id":"v3:UR1QZVEhMjEF3-Mhjy4kSDXGcq9I3QIxcftjz_bLGOQbYxHQwbF5aw","result":"ok"} 
[2026-04-04 05:17:07] production.INFO: Playing voicemail IVR menu {"call_control_id":"v3:UR1QZVEhMjEF3-Mhjy4kSDXGcq9I3QIxcftjz_bLGOQbYxHQwbF5aw","call_log_id":604,"ivr_prompt":"GS Construction is not available right now. Press 2 to send a text on your behalf so the GS Crew knows to call you back ASAP. Stay on the line to leave a voicemail.","is_known_caller":false} 
[2026-04-04 05:17:08] production.INFO: Telnyx voice webhook received {"event_type":"call.playback.ended","call_control_id":"v3:UR1QZVEhMjEF3-Mhjy4kSDXGcq9I3QIxcftjz_bLGOQbYxHQwbF5aw","direction":null} 
[2026-04-04 05:17:08] production.INFO: Call command sent: gather_using_speak {"call_control_id":"v3:UR1QZVEhMjEF3-Mhjy4kSDXGcq9I3QIxcftjz_bLGOQbYxHQwbF5aw","result":"ok"} 
[2026-04-04 05:17:13] production.INFO: Telnyx voice webhook received {"event_type":"call.gather.ended","call_control_id":"v3:UR1QZVEhMjEF3-Mhjy4kSDXGcq9I3QIxcftjz_bLGOQbYxHQwbF5aw","direction":null} 
[2026-04-04 05:17:13] production.INFO: IVR gather ended {"call_control_id":"v3:UR1QZVEhMjEF3-Mhjy4kSDXGcq9I3QIxcftjz_bLGOQbYxHQwbF5aw","digits":"","call_log_id":604} 
[2026-04-04 05:17:13] production.INFO: IVR: no digit pressed — playing voicemail greeting {"call_control_id":"v3:UR1QZVEhMjEF3-Mhjy4kSDXGcq9I3QIxcftjz_bLGOQbYxHQwbF5aw"} 
[2026-04-04 05:17:14] production.INFO: Call command sent: speak {"call_control_id":"v3:UR1QZVEhMjEF3-Mhjy4kSDXGcq9I3QIxcftjz_bLGOQbYxHQwbF5aw","result":"ok"} 
[2026-04-04 05:17:14] production.INFO: Telnyx voice webhook received {"event_type":"call.speak.started","call_control_id":"v3:UR1QZVEhMjEF3-Mhjy4kSDXGcq9I3QIxcftjz_bLGOQbYxHQwbF5aw","direction":null} 
[2026-04-04 05:17:14] production.INFO: TTS speak started {"call_control_id":"v3:UR1QZVEhMjEF3-Mhjy4kSDXGcq9I3QIxcftjz_bLGOQbYxHQwbF5aw"} 
[2026-04-04 05:17:20] production.INFO: Telnyx voice webhook received {"event_type":"call.speak.ended","call_control_id":"v3:UR1QZVEhMjEF3-Mhjy4kSDXGcq9I3QIxcftjz_bLGOQbYxHQwbF5aw","direction":null} 
[2026-04-04 05:17:20] production.INFO: handleCallSpeakEnded ENTRY {"call_control_id":"v3:UR1QZVEhMjEF3-Mhjy4kSDXGcq9I3QIxcftjz_bLGOQbYxHQwbF5aw","action":"voicemail_prompt_done","client_state":{"action":"voicemail_prompt_done","call_log_id":604},"client_state_raw_present":true} 
[2026-04-04 05:17:20] production.INFO: Voicemail prompt done — starting recording {"call_control_id":"v3:UR1QZVEhMjEF3-Mhjy4kSDXGcq9I3QIxcftjz_bLGOQbYxHQwbF5aw"} 
[2026-04-04 05:17:20] production.INFO: Telnyx voice webhook received {"event_type":"call.hangup","call_control_id":"v3:UR1QZVEhMjEF3-Mhjy4kSDXGcq9I3QIxcftjz_bLGOQbYxHQwbF5aw","direction":null} 
[2026-04-04 05:17:20] production.INFO: Call ended {"call_control_id":"v3:UR1QZVEhMjEF3-Mhjy4kSDXGcq9I3QIxcftjz_bLGOQbYxHQwbF5aw","status":"missed","hangup_cause":"normal_clearing","duration":29.328094} 
[2026-04-04 05:17:20] production.ERROR: Call command failed: record_start {"call_control_id":"v3:UR1QZVEhMjEF3-Mhjy4kSDXGcq9I3QIxcftjz_bLGOQbYxHQwbF5aw","status":422,"error":{"errors":[{"code":"90018","title":"Call has already ended","detail":"This call is no longer active and can't receive commands."}]}} 
[2026-04-04 05:19:05] production.INFO: Telnyx voice webhook received {"event_type":"call.initiated","call_control_id":"v3:KroTZJhWbUoiyffHpb5dhcwdPcimDjDWzz61qq72n8L8K63wRWbMug","direction":"incoming"} 
[2026-04-04 05:19:05] production.WARNING: ipqualityscore lookup failed {"phone":"+18472123894","message":"You have insufficient credits to make this query. Please contact IPQualityScore support if this error persists."} 
[2026-04-04 05:19:05] production.INFO: Incoming call - answering {"call_control_id":"v3:KroTZJhWbUoiyffHpb5dhcwdPcimDjDWzz61qq72n8L8K63wRWbMug","from":"+18472123894","to":"+12247354200","caller_user_id":null,"caller_name":"GRZEGORZ SZADY"} 
[2026-04-04 05:19:06] production.INFO: Call command sent: answer {"call_control_id":"v3:KroTZJhWbUoiyffHpb5dhcwdPcimDjDWzz61qq72n8L8K63wRWbMug","result":"ok"} 
[2026-04-04 05:19:06] production.INFO: Telnyx voice webhook received {"event_type":"call.answered","call_control_id":"v3:KroTZJhWbUoiyffHpb5dhcwdPcimDjDWzz61qq72n8L8K63wRWbMug","direction":null} 
[2026-04-04 05:19:06] production.INFO: Playing welcome TTS and dialing admins simultaneously {"call_control_id":"v3:KroTZJhWbUoiyffHpb5dhcwdPcimDjDWzz61qq72n8L8K63wRWbMug","tts":"Good morning! Thanks for calling GS Construction. One moment while we connect you to the GS Crew."} 
[2026-04-04 05:19:06] production.INFO: Call command sent: speak {"call_control_id":"v3:KroTZJhWbUoiyffHpb5dhcwdPcimDjDWzz61qq72n8L8K63wRWbMug","result":"ok"} 
[2026-04-04 05:19:06] production.INFO: Dialed admin {"admin_user_id":1,"admin_name":"Patryk Szady","phone":"+12249993880","admin_call_control_id":"v3:jxlboSFK1-vZYerDrNZuiEwItecxgbJBPOtvLbBMwGAjUua_ehiuYw"} 
[2026-04-04 05:19:06] production.INFO: Telnyx voice webhook received {"event_type":"call.initiated","call_control_id":"v3:jxlboSFK1-vZYerDrNZuiEwItecxgbJBPOtvLbBMwGAjUua_ehiuYw","direction":"outgoing"} 
[2026-04-04 05:19:06] production.INFO: Outbound call initiated {"call_control_id":"v3:jxlboSFK1-vZYerDrNZuiEwItecxgbJBPOtvLbBMwGAjUua_ehiuYw","to":"+12249993880"} 
[2026-04-04 05:19:06] production.INFO: Telnyx voice webhook received {"event_type":"call.speak.started","call_control_id":"v3:KroTZJhWbUoiyffHpb5dhcwdPcimDjDWzz61qq72n8L8K63wRWbMug","direction":null} 
[2026-04-04 05:19:06] production.INFO: TTS speak started {"call_control_id":"v3:KroTZJhWbUoiyffHpb5dhcwdPcimDjDWzz61qq72n8L8K63wRWbMug"} 
[2026-04-04 05:19:07] production.DEBUG: Push notification delivered {"endpoint":"https://web.push.apple.com/QDkJcfxcMRPW4uLNUaYZ21nDUMJHCJ-cyja1FMQcNEv6qKbL-ec_s…","status":201} 
[2026-04-04 05:19:07] production.DEBUG: Push notification delivered {"endpoint":"https://fcm.googleapis.com/fcm/send/cYR-NIq4nms:APA91bEppjWa7ZIrYxviNuWljHyZ7qnu…","status":201} 
[2026-04-04 05:19:11] production.INFO: Telnyx voice webhook received {"event_type":"call.answered","call_control_id":"v3:jxlboSFK1-vZYerDrNZuiEwItecxgbJBPOtvLbBMwGAjUua_ehiuYw","direction":null} 
[2026-04-04 05:19:11] production.INFO: Admin answered — playing DTMF screen {"admin_call_control_id":"v3:jxlboSFK1-vZYerDrNZuiEwItecxgbJBPOtvLbBMwGAjUua_ehiuYw","incoming_call_control_id":"v3:KroTZJhWbUoiyffHpb5dhcwdPcimDjDWzz61qq72n8L8K63wRWbMug","call_log_id":605,"admin_user_id":1} 
[2026-04-04 05:19:12] production.INFO: Call command sent: gather_using_speak {"call_control_id":"v3:jxlboSFK1-vZYerDrNZuiEwItecxgbJBPOtvLbBMwGAjUua_ehiuYw","result":"ok"} 
[2026-04-04 05:19:12] production.INFO: Telnyx voice webhook received {"event_type":"call.speak.started","call_control_id":"v3:jxlboSFK1-vZYerDrNZuiEwItecxgbJBPOtvLbBMwGAjUua_ehiuYw","direction":null} 
[2026-04-04 05:19:12] production.INFO: TTS speak started {"call_control_id":"v3:jxlboSFK1-vZYerDrNZuiEwItecxgbJBPOtvLbBMwGAjUua_ehiuYw"} 
[2026-04-04 05:19:13] production.INFO: Telnyx voice webhook received {"event_type":"call.speak.ended","call_control_id":"v3:KroTZJhWbUoiyffHpb5dhcwdPcimDjDWzz61qq72n8L8K63wRWbMug","direction":null} 
[2026-04-04 05:19:13] production.INFO: handleCallSpeakEnded ENTRY {"call_control_id":"v3:KroTZJhWbUoiyffHpb5dhcwdPcimDjDWzz61qq72n8L8K63wRWbMug","action":"welcome_done","client_state":{"action":"welcome_done","call_log_id":605,"original_caller":"+18472123894"},"client_state_raw_present":true} 
[2026-04-04 05:19:13] production.INFO: TTS completed — no admin answered yet, playing ringback {"call_control_id":"v3:KroTZJhWbUoiyffHpb5dhcwdPcimDjDWzz61qq72n8L8K63wRWbMug","call_log_id":605} 
[2026-04-04 05:19:13] production.INFO: Call command sent: playback_start {"call_control_id":"v3:KroTZJhWbUoiyffHpb5dhcwdPcimDjDWzz61qq72n8L8K63wRWbMug","result":"ok"} 
[2026-04-04 05:19:14] production.INFO: Telnyx voice webhook received {"event_type":"call.playback.started","call_control_id":"v3:KroTZJhWbUoiyffHpb5dhcwdPcimDjDWzz61qq72n8L8K63wRWbMug","direction":null} 
[2026-04-04 05:19:14] production.INFO: Unhandled voice event {"event_type":"call.playback.started"} 
[2026-04-04 05:19:17] production.INFO: Telnyx voice webhook received {"event_type":"call.speak.ended","call_control_id":"v3:jxlboSFK1-vZYerDrNZuiEwItecxgbJBPOtvLbBMwGAjUua_ehiuYw","direction":null} 
[2026-04-04 05:19:17] production.INFO: handleCallSpeakEnded ENTRY {"call_control_id":"v3:jxlboSFK1-vZYerDrNZuiEwItecxgbJBPOtvLbBMwGAjUua_ehiuYw","action":"admin_screen","client_state":{"action":"admin_screen","call_log_id":605,"incoming_call_control_id":"v3:KroTZJhWbUoiyffHpb5dhcwdPcimDjDWzz61qq72n8L8K63wRWbMug","admin_user_id":1},"client_state_raw_present":true} 
[2026-04-04 05:19:22] production.INFO: Telnyx voice webhook received {"event_type":"call.gather.ended","call_control_id":"v3:jxlboSFK1-vZYerDrNZuiEwItecxgbJBPOtvLbBMwGAjUua_ehiuYw","direction":null} 
[2026-04-04 05:19:22] production.INFO: Admin screen timeout (no keypress) — hanging up {"call_control_id":"v3:jxlboSFK1-vZYerDrNZuiEwItecxgbJBPOtvLbBMwGAjUua_ehiuYw","call_log_id":605} 
[2026-04-04 05:19:22] production.INFO: Call command sent: hangup {"call_control_id":"v3:jxlboSFK1-vZYerDrNZuiEwItecxgbJBPOtvLbBMwGAjUua_ehiuYw","result":"ok"} 
[2026-04-04 05:19:23] production.INFO: Telnyx voice webhook received {"event_type":"call.hangup","call_control_id":"v3:jxlboSFK1-vZYerDrNZuiEwItecxgbJBPOtvLbBMwGAjUua_ehiuYw","direction":null} 
[2026-04-04 05:19:23] production.INFO: Admin ring leg hung up {"admin_call_control_id":"v3:jxlboSFK1-vZYerDrNZuiEwItecxgbJBPOtvLbBMwGAjUua_ehiuYw","hangup_cause":"normal_clearing","call_log_id":605,"incoming_call_control_id":"v3:KroTZJhWbUoiyffHpb5dhcwdPcimDjDWzz61qq72n8L8K63wRWbMug"} 
[2026-04-04 05:19:23] production.INFO: Admin removed from pending list {"removed_id":"v3:jxlboSFK1-vZYerDrNZuiEwItecxgbJBPOtvLbBMwGAjUua_ehiuYw","was_in_list":true,"remaining_count":0,"call_log_id":605} 
[2026-04-04 05:19:23] production.INFO: All admin legs failed — triggering voicemail {"incoming_call_control_id":"v3:KroTZJhWbUoiyffHpb5dhcwdPcimDjDWzz61qq72n8L8K63wRWbMug","call_log_id":605} 
[2026-04-04 05:19:23] production.INFO: Call command sent: playback_stop {"call_control_id":"v3:KroTZJhWbUoiyffHpb5dhcwdPcimDjDWzz61qq72n8L8K63wRWbMug","result":"ok"} 
[2026-04-04 05:19:23] production.INFO: Playing voicemail IVR menu {"call_control_id":"v3:KroTZJhWbUoiyffHpb5dhcwdPcimDjDWzz61qq72n8L8K63wRWbMug","call_log_id":605,"ivr_prompt":"GS Construction is not available right now. Press 2 to send a text on your behalf so the GS Crew knows to call you back ASAP. Stay on the line to leave a voicemail.","is_known_caller":false} 
[2026-04-04 05:19:23] production.INFO: Telnyx voice webhook received {"event_type":"call.playback.ended","call_control_id":"v3:KroTZJhWbUoiyffHpb5dhcwdPcimDjDWzz61qq72n8L8K63wRWbMug","direction":null} 
[2026-04-04 05:19:23] production.INFO: Call command sent: gather_using_speak {"call_control_id":"v3:KroTZJhWbUoiyffHpb5dhcwdPcimDjDWzz61qq72n8L8K63wRWbMug","result":"ok"} 
[2026-04-04 05:19:24] production.INFO: Telnyx voice webhook received {"event_type":"call.speak.started","call_control_id":"v3:KroTZJhWbUoiyffHpb5dhcwdPcimDjDWzz61qq72n8L8K63wRWbMug","direction":null} 
[2026-04-04 05:19:24] production.INFO: TTS speak started {"call_control_id":"v3:KroTZJhWbUoiyffHpb5dhcwdPcimDjDWzz61qq72n8L8K63wRWbMug"} 
[2026-04-04 05:19:30] production.INFO: Telnyx voice webhook received {"event_type":"call.speak.ended","call_control_id":"v3:KroTZJhWbUoiyffHpb5dhcwdPcimDjDWzz61qq72n8L8K63wRWbMug","direction":null} 
[2026-04-04 05:19:30] production.INFO: handleCallSpeakEnded ENTRY {"call_control_id":"v3:KroTZJhWbUoiyffHpb5dhcwdPcimDjDWzz61qq72n8L8K63wRWbMug","action":"voicemail_ivr_menu","client_state":{"action":"voicemail_ivr_menu","call_log_id":605,"original_caller":"+18472123894","is_known_caller":false},"client_state_raw_present":true} 
[2026-04-04 05:19:33] production.INFO: Telnyx voice webhook received {"event_type":"call.hangup","call_control_id":"v3:KroTZJhWbUoiyffHpb5dhcwdPcimDjDWzz61qq72n8L8K63wRWbMug","direction":null} 
[2026-04-04 05:19:33] production.INFO: Call ended {"call_control_id":"v3:KroTZJhWbUoiyffHpb5dhcwdPcimDjDWzz61qq72n8L8K63wRWbMug","status":"missed","hangup_cause":"normal_clearing","duration":27.018467} 
[2026-04-04 05:19:33] production.INFO: Telnyx voice webhook received {"event_type":"call.gather.ended","call_control_id":"v3:KroTZJhWbUoiyffHpb5dhcwdPcimDjDWzz61qq72n8L8K63wRWbMug","direction":null} 
[2026-04-04 05:19:33] production.INFO: IVR gather ended {"call_control_id":"v3:KroTZJhWbUoiyffHpb5dhcwdPcimDjDWzz61qq72n8L8K63wRWbMug","digits":"","call_log_id":605} 
[2026-04-04 05:19:33] production.INFO: IVR: no digit pressed — playing voicemail greeting {"call_control_id":"v3:KroTZJhWbUoiyffHpb5dhcwdPcimDjDWzz61qq72n8L8K63wRWbMug"} 
[2026-04-04 05:19:33] production.ERROR: Call command failed: speak {"call_control_id":"v3:KroTZJhWbUoiyffHpb5dhcwdPcimDjDWzz61qq72n8L8K63wRWbMug","status":422,"error":{"errors":[{"code":"90018","title":"Call has already ended","detail":"This call is no longer active and can't receive commands."}]}} 
[2026-04-04 05:20:14] production.INFO: Click-to-call initiated from Calls tab {"call_log_id":606,"user_phone":"+12249993880","target_phone":"+18472123894"} 
[2026-04-04 05:20:14] production.INFO: Telnyx voice webhook received {"event_type":"call.initiated","call_control_id":"v3:-MEEKHTS3oMQ_EX7QSFf1R41nKAGcCsvNaOSKijrfA_vge_0bCDbbQ","direction":"outgoing"} 
[2026-04-04 05:20:14] production.INFO: Outbound call initiated {"call_control_id":"v3:-MEEKHTS3oMQ_EX7QSFf1R41nKAGcCsvNaOSKijrfA_vge_0bCDbbQ","to":"+12249993880"} 
[2026-04-04 05:20:16] production.INFO: Telnyx voice webhook received {"event_type":"call.answered","call_control_id":"v3:-MEEKHTS3oMQ_EX7QSFf1R41nKAGcCsvNaOSKijrfA_vge_0bCDbbQ","direction":null} 
[2026-04-04 05:20:16] production.INFO: Click-to-call: user answered → playing ringback and dialing target {"call_control_id":"v3:-MEEKHTS3oMQ_EX7QSFf1R41nKAGcCsvNaOSKijrfA_vge_0bCDbbQ","target_phone":"+18472123894","call_log_id":606} 
[2026-04-04 05:20:16] production.INFO: Call command sent: playback_start {"call_control_id":"v3:-MEEKHTS3oMQ_EX7QSFf1R41nKAGcCsvNaOSKijrfA_vge_0bCDbbQ","result":"ok"} 
[2026-04-04 05:20:16] production.INFO: Click-to-call: target dialed {"target_phone":"+18472123894","target_call_control_id":"v3:OZz1Fc5dicx2Y12LeMxrmAd0waXkIl157mtMtsrn5VHW_Lm37ukYLg"} 
[2026-04-04 05:20:17] production.INFO: Telnyx voice webhook received {"event_type":"call.initiated","call_control_id":"v3:OZz1Fc5dicx2Y12LeMxrmAd0waXkIl157mtMtsrn5VHW_Lm37ukYLg","direction":"outgoing"} 
[2026-04-04 05:20:17] production.INFO: Outbound call initiated {"call_control_id":"v3:OZz1Fc5dicx2Y12LeMxrmAd0waXkIl157mtMtsrn5VHW_Lm37ukYLg","to":"+18472123894"} 
[2026-04-04 05:20:17] production.INFO: Telnyx voice webhook received {"event_type":"call.playback.started","call_control_id":"v3:-MEEKHTS3oMQ_EX7QSFf1R41nKAGcCsvNaOSKijrfA_vge_0bCDbbQ","direction":null} 
[2026-04-04 05:20:17] production.INFO: Unhandled voice event {"event_type":"call.playback.started"} 
[2026-04-04 05:20:23] production.INFO: Telnyx voice webhook received {"event_type":"call.answered","call_control_id":"v3:OZz1Fc5dicx2Y12LeMxrmAd0waXkIl157mtMtsrn5VHW_Lm37ukYLg","direction":null} 
[2026-04-04 05:20:23] production.INFO: Click-to-call: target answered — bridging immediately {"target_call_control_id":"v3:OZz1Fc5dicx2Y12LeMxrmAd0waXkIl157mtMtsrn5VHW_Lm37ukYLg","user_call_control_id":"v3:-MEEKHTS3oMQ_EX7QSFf1R41nKAGcCsvNaOSKijrfA_vge_0bCDbbQ","call_log_id":606} 
[2026-04-04 05:20:24] production.INFO: Telnyx voice webhook received {"event_type":"call.playback.ended","call_control_id":"v3:-MEEKHTS3oMQ_EX7QSFf1R41nKAGcCsvNaOSKijrfA_vge_0bCDbbQ","direction":null} 
[2026-04-04 05:20:24] production.INFO: Calls bridged successfully {"call_control_id_a":"v3:OZz1Fc5dicx2Y12LeMxrmAd0waXkIl157mtMtsrn5VHW_Lm37ukYLg","call_control_id_b":"v3:-MEEKHTS3oMQ_EX7QSFf1R41nKAGcCsvNaOSKijrfA_vge_0bCDbbQ"} 
[2026-04-04 05:20:25] production.INFO: Telnyx voice webhook received {"event_type":"call.bridged","call_control_id":"v3:OZz1Fc5dicx2Y12LeMxrmAd0waXkIl157mtMtsrn5VHW_Lm37ukYLg","direction":null} 
[2026-04-04 05:20:25] production.INFO: Call bridged {"call_control_id":"v3:OZz1Fc5dicx2Y12LeMxrmAd0waXkIl157mtMtsrn5VHW_Lm37ukYLg","call_session_id":"f74591ce-2fe5-11f1-80ea-02420aef54a0"} 
[2026-04-04 05:20:25] production.INFO: Telnyx voice webhook received {"event_type":"call.bridged","call_control_id":"v3:-MEEKHTS3oMQ_EX7QSFf1R41nKAGcCsvNaOSKijrfA_vge_0bCDbbQ","direction":null} 
[2026-04-04 05:20:25] production.INFO: Call bridged {"call_control_id":"v3:-MEEKHTS3oMQ_EX7QSFf1R41nKAGcCsvNaOSKijrfA_vge_0bCDbbQ","call_session_id":"f58dd486-2fe5-11f1-81a6-02420aef511f"} 
[2026-04-04 05:20:29] production.INFO: Telnyx voice webhook received {"event_type":"call.machine.premium.detection.ended","call_control_id":"v3:OZz1Fc5dicx2Y12LeMxrmAd0waXkIl157mtMtsrn5VHW_Lm37ukYLg","direction":null} 
[2026-04-04 05:20:29] production.INFO: AMD ended {"call_control_id":"v3:OZz1Fc5dicx2Y12LeMxrmAd0waXkIl157mtMtsrn5VHW_Lm37ukYLg","result":"not_sure","action":"click_to_call_target_ring"} 
[2026-04-04 05:20:29] production.INFO: Telnyx voice webhook received {"event_type":"call.hangup","call_control_id":"v3:OZz1Fc5dicx2Y12LeMxrmAd0waXkIl157mtMtsrn5VHW_Lm37ukYLg","direction":null} 
[2026-04-04 05:20:29] production.INFO: Click-to-call: target hung up after connected call {"call_control_id":"v3:OZz1Fc5dicx2Y12LeMxrmAd0waXkIl157mtMtsrn5VHW_Lm37ukYLg","hangup_cause":"normal_clearing","call_log_id":606,"duration":13.047649} 
[2026-04-04 05:20:29] production.INFO: Telnyx voice webhook received {"event_type":"call.hangup","call_control_id":"v3:-MEEKHTS3oMQ_EX7QSFf1R41nKAGcCsvNaOSKijrfA_vge_0bCDbbQ","direction":null} 
[2026-04-04 05:20:29] production.INFO: Click-to-call user leg ended {"call_control_id":"v3:-MEEKHTS3oMQ_EX7QSFf1R41nKAGcCsvNaOSKijrfA_vge_0bCDbbQ","action":"click_to_call_waiting","status":"completed","call_log_id":606,"hangup_cause":"normal_clearing"} 
[2026-04-04 05:20:30] production.INFO: Click-to-call initiated from Calls tab {"call_log_id":607,"user_phone":"+12249993880","target_phone":"+18472123894"} 
[2026-04-04 05:20:30] production.INFO: Telnyx voice webhook received {"event_type":"call.initiated","call_control_id":"v3:FFNJVvU9RnnpPoX35Kf1Cia-TLbC1dH38OV01wqXpFtCqIk7RdtHUw","direction":"outgoing"} 
[2026-04-04 05:20:30] production.INFO: Outbound call initiated {"call_control_id":"v3:FFNJVvU9RnnpPoX35Kf1Cia-TLbC1dH38OV01wqXpFtCqIk7RdtHUw","to":"+12249993880"} 
[2026-04-04 05:20:33] production.INFO: Telnyx voice webhook received {"event_type":"call.answered","call_control_id":"v3:FFNJVvU9RnnpPoX35Kf1Cia-TLbC1dH38OV01wqXpFtCqIk7RdtHUw","direction":null} 
[2026-04-04 05:20:33] production.INFO: Click-to-call: user answered → playing ringback and dialing target {"call_control_id":"v3:FFNJVvU9RnnpPoX35Kf1Cia-TLbC1dH38OV01wqXpFtCqIk7RdtHUw","target_phone":"+18472123894","call_log_id":607} 
[2026-04-04 05:20:33] production.INFO: Call command sent: playback_start {"call_control_id":"v3:FFNJVvU9RnnpPoX35Kf1Cia-TLbC1dH38OV01wqXpFtCqIk7RdtHUw","result":"ok"} 
[2026-04-04 05:20:33] production.INFO: Telnyx voice webhook received {"event_type":"call.playback.started","call_control_id":"v3:FFNJVvU9RnnpPoX35Kf1Cia-TLbC1dH38OV01wqXpFtCqIk7RdtHUw","direction":null} 
[2026-04-04 05:20:33] production.INFO: Unhandled voice event {"event_type":"call.playback.started"} 
[2026-04-04 05:20:33] production.INFO: Click-to-call: target dialed {"target_phone":"+18472123894","target_call_control_id":"v3:qeSC_M-VxVhJu1iJWivl8b4aPhPpODONs_h01E5ZUHDxeQr8d7aYCw"} 
[2026-04-04 05:20:33] production.INFO: Telnyx voice webhook received {"event_type":"call.initiated","call_control_id":"v3:qeSC_M-VxVhJu1iJWivl8b4aPhPpODONs_h01E5ZUHDxeQr8d7aYCw","direction":"outgoing"} 
[2026-04-04 05:20:33] production.INFO: Outbound call initiated {"call_control_id":"v3:qeSC_M-VxVhJu1iJWivl8b4aPhPpODONs_h01E5ZUHDxeQr8d7aYCw","to":"+18472123894"} 
[2026-04-04 05:20:42] production.INFO: Telnyx voice webhook received {"event_type":"call.answered","call_control_id":"v3:qeSC_M-VxVhJu1iJWivl8b4aPhPpODONs_h01E5ZUHDxeQr8d7aYCw","direction":null} 
[2026-04-04 05:20:42] production.INFO: Click-to-call: target answered — bridging immediately {"target_call_control_id":"v3:qeSC_M-VxVhJu1iJWivl8b4aPhPpODONs_h01E5ZUHDxeQr8d7aYCw","user_call_control_id":"v3:FFNJVvU9RnnpPoX35Kf1Cia-TLbC1dH38OV01wqXpFtCqIk7RdtHUw","call_log_id":607} 
[2026-04-04 05:20:43] production.INFO: Telnyx voice webhook received {"event_type":"call.playback.ended","call_control_id":"v3:FFNJVvU9RnnpPoX35Kf1Cia-TLbC1dH38OV01wqXpFtCqIk7RdtHUw","direction":null} 
[2026-04-04 05:20:43] production.INFO: Calls bridged successfully {"call_control_id_a":"v3:qeSC_M-VxVhJu1iJWivl8b4aPhPpODONs_h01E5ZUHDxeQr8d7aYCw","call_control_id_b":"v3:FFNJVvU9RnnpPoX35Kf1Cia-TLbC1dH38OV01wqXpFtCqIk7RdtHUw"} 
[2026-04-04 05:20:43] production.INFO: Telnyx voice webhook received {"event_type":"call.bridged","call_control_id":"v3:FFNJVvU9RnnpPoX35Kf1Cia-TLbC1dH38OV01wqXpFtCqIk7RdtHUw","direction":null} 
[2026-04-04 05:20:43] production.INFO: Call bridged {"call_control_id":"v3:FFNJVvU9RnnpPoX35Kf1Cia-TLbC1dH38OV01wqXpFtCqIk7RdtHUw","call_session_id":"ff765f7c-2fe5-11f1-b64b-02420aef521f"} 
[2026-04-04 05:20:43] production.INFO: Telnyx voice webhook received {"event_type":"call.bridged","call_control_id":"v3:qeSC_M-VxVhJu1iJWivl8b4aPhPpODONs_h01E5ZUHDxeQr8d7aYCw","direction":null} 
[2026-04-04 05:20:43] production.INFO: Call bridged {"call_control_id":"v3:qeSC_M-VxVhJu1iJWivl8b4aPhPpODONs_h01E5ZUHDxeQr8d7aYCw","call_session_id":"01461824-2fe6-11f1-bc5b-02420aef50a0"} 
[2026-04-04 05:20:47] production.INFO: Telnyx voice webhook received {"event_type":"call.machine.premium.detection.ended","call_control_id":"v3:qeSC_M-VxVhJu1iJWivl8b4aPhPpODONs_h01E5ZUHDxeQr8d7aYCw","direction":null} 
[2026-04-04 05:20:47] production.INFO: AMD ended {"call_control_id":"v3:qeSC_M-VxVhJu1iJWivl8b4aPhPpODONs_h01E5ZUHDxeQr8d7aYCw","result":"machine","action":"click_to_call_target_ring"} 
[2026-04-04 05:20:47] production.INFO: AMD detected machine on click-to-call target but call already bridged — ignoring {"call_control_id":"v3:qeSC_M-VxVhJu1iJWivl8b4aPhPpODONs_h01E5ZUHDxeQr8d7aYCw","result":"machine","call_log_id":607} 
[2026-04-04 05:20:48] production.INFO: Telnyx voice webhook received {"event_type":"call.machine.premium.greeting.ended","call_control_id":"v3:qeSC_M-VxVhJu1iJWivl8b4aPhPpODONs_h01E5ZUHDxeQr8d7aYCw","direction":null} 
[2026-04-04 05:20:48] production.INFO: AMD greeting ended (premium) {"call_control_id":"v3:qeSC_M-VxVhJu1iJWivl8b4aPhPpODONs_h01E5ZUHDxeQr8d7aYCw","result":"no_beep_detected"} 
[2026-04-04 05:21:12] production.INFO: Telnyx voice webhook received {"event_type":"call.hangup","call_control_id":"v3:FFNJVvU9RnnpPoX35Kf1Cia-TLbC1dH38OV01wqXpFtCqIk7RdtHUw","direction":null} 
[2026-04-04 05:21:12] production.INFO: Click-to-call user leg ended {"call_control_id":"v3:FFNJVvU9RnnpPoX35Kf1Cia-TLbC1dH38OV01wqXpFtCqIk7RdtHUw","action":"click_to_call_waiting","status":"completed","call_log_id":607,"hangup_cause":"normal_clearing"} 
[2026-04-04 05:21:12] production.INFO: Telnyx voice webhook received {"event_type":"call.hangup","call_control_id":"v3:qeSC_M-VxVhJu1iJWivl8b4aPhPpODONs_h01E5ZUHDxeQr8d7aYCw","direction":null} 
[2026-04-04 05:21:12] production.INFO: Click-to-call: target hung up after connected call {"call_control_id":"v3:qeSC_M-VxVhJu1iJWivl8b4aPhPpODONs_h01E5ZUHDxeQr8d7aYCw","hangup_cause":"normal_clearing","call_log_id":607,"duration":39.131468} 
[2026-04-04 05:47:21] production.INFO: Telnyx voice webhook received {"event_type":"call.initiated","call_control_id":"v3:f-2xrYBzwMvmLNt14c6hXulzjgqwFbKzUrWn-PGmuOaCyGSBw1S1YQ","direction":"incoming"} 
[2026-04-04 05:47:21] production.WARNING: ipqualityscore lookup failed {"phone":"+18472123894","message":"You have insufficient credits to make this query. Please contact IPQualityScore support if this error persists."} 
[2026-04-04 05:47:21] production.INFO: Incoming call - answering {"call_control_id":"v3:f-2xrYBzwMvmLNt14c6hXulzjgqwFbKzUrWn-PGmuOaCyGSBw1S1YQ","from":"+18472123894","to":"+12247354200","caller_user_id":null,"caller_name":"GRZEGORZ SZADY"} 
[2026-04-04 05:47:21] production.INFO: Call command sent: answer {"call_control_id":"v3:f-2xrYBzwMvmLNt14c6hXulzjgqwFbKzUrWn-PGmuOaCyGSBw1S1YQ","result":"ok"} 
[2026-04-04 05:47:22] production.INFO: Telnyx voice webhook received {"event_type":"call.answered","call_control_id":"v3:f-2xrYBzwMvmLNt14c6hXulzjgqwFbKzUrWn-PGmuOaCyGSBw1S1YQ","direction":null} 
[2026-04-04 05:47:22] production.INFO: Playing welcome TTS and dialing admins simultaneously {"call_control_id":"v3:f-2xrYBzwMvmLNt14c6hXulzjgqwFbKzUrWn-PGmuOaCyGSBw1S1YQ","tts":"Good evening! Thanks for calling GS Construction. One moment while we connect you to the GS Crew."} 
[2026-04-04 05:47:22] production.DEBUG: Push notification delivered {"endpoint":"https://web.push.apple.com/QDkJcfxcMRPW4uLNUaYZ21nDUMJHCJ-cyja1FMQcNEv6qKbL-ec_s…","status":201} 
[2026-04-04 05:47:22] production.DEBUG: Push notification delivered {"endpoint":"https://fcm.googleapis.com/fcm/send/cYR-NIq4nms:APA91bEppjWa7ZIrYxviNuWljHyZ7qnu…","status":201} 
[2026-04-04 05:47:22] production.INFO: Call command sent: speak {"call_control_id":"v3:f-2xrYBzwMvmLNt14c6hXulzjgqwFbKzUrWn-PGmuOaCyGSBw1S1YQ","result":"ok"} 
[2026-04-04 05:47:22] production.INFO: Dialed admin {"admin_user_id":1,"admin_name":"Patryk Szady","phone":"+12249993880","admin_call_control_id":"v3:q26T14g2CSpEdbBcZusVzSPBGAokmKS--Ygi2QiXub-sgh0cPbFGOw"} 
[2026-04-04 05:47:22] production.INFO: Telnyx voice webhook received {"event_type":"call.initiated","call_control_id":"v3:q26T14g2CSpEdbBcZusVzSPBGAokmKS--Ygi2QiXub-sgh0cPbFGOw","direction":"outgoing"} 
[2026-04-04 05:47:22] production.INFO: Outbound call initiated {"call_control_id":"v3:q26T14g2CSpEdbBcZusVzSPBGAokmKS--Ygi2QiXub-sgh0cPbFGOw","to":"+12249993880"} 
[2026-04-04 05:47:22] production.INFO: Telnyx voice webhook received {"event_type":"call.speak.started","call_control_id":"v3:f-2xrYBzwMvmLNt14c6hXulzjgqwFbKzUrWn-PGmuOaCyGSBw1S1YQ","direction":null} 
[2026-04-04 05:47:22] production.INFO: TTS speak started {"call_control_id":"v3:f-2xrYBzwMvmLNt14c6hXulzjgqwFbKzUrWn-PGmuOaCyGSBw1S1YQ"} 
[2026-04-04 05:47:27] production.INFO: Telnyx voice webhook received {"event_type":"call.answered","call_control_id":"v3:q26T14g2CSpEdbBcZusVzSPBGAokmKS--Ygi2QiXub-sgh0cPbFGOw","direction":null} 
[2026-04-04 05:47:27] production.INFO: Admin answered — playing DTMF screen {"admin_call_control_id":"v3:q26T14g2CSpEdbBcZusVzSPBGAokmKS--Ygi2QiXub-sgh0cPbFGOw","incoming_call_control_id":"v3:f-2xrYBzwMvmLNt14c6hXulzjgqwFbKzUrWn-PGmuOaCyGSBw1S1YQ","call_log_id":608,"admin_user_id":1} 
[2026-04-04 05:47:27] production.INFO: Call command sent: gather_using_speak {"call_control_id":"v3:q26T14g2CSpEdbBcZusVzSPBGAokmKS--Ygi2QiXub-sgh0cPbFGOw","result":"ok"} 
[2026-04-04 05:47:28] production.INFO: Telnyx voice webhook received {"event_type":"call.speak.started","call_control_id":"v3:q26T14g2CSpEdbBcZusVzSPBGAokmKS--Ygi2QiXub-sgh0cPbFGOw","direction":null} 
[2026-04-04 05:47:28] production.INFO: TTS speak started {"call_control_id":"v3:q26T14g2CSpEdbBcZusVzSPBGAokmKS--Ygi2QiXub-sgh0cPbFGOw"} 
[2026-04-04 05:47:29] production.INFO: Telnyx voice webhook received {"event_type":"call.speak.ended","call_control_id":"v3:f-2xrYBzwMvmLNt14c6hXulzjgqwFbKzUrWn-PGmuOaCyGSBw1S1YQ","direction":null} 
[2026-04-04 05:47:29] production.INFO: handleCallSpeakEnded ENTRY {"call_control_id":"v3:f-2xrYBzwMvmLNt14c6hXulzjgqwFbKzUrWn-PGmuOaCyGSBw1S1YQ","action":"welcome_done","client_state":{"action":"welcome_done","call_log_id":608,"original_caller":"+18472123894"},"client_state_raw_present":true} 
[2026-04-04 05:47:29] production.INFO: TTS completed — no admin answered yet, playing ringback {"call_control_id":"v3:f-2xrYBzwMvmLNt14c6hXulzjgqwFbKzUrWn-PGmuOaCyGSBw1S1YQ","call_log_id":608} 
[2026-04-04 05:47:29] production.INFO: Call command sent: playback_start {"call_control_id":"v3:f-2xrYBzwMvmLNt14c6hXulzjgqwFbKzUrWn-PGmuOaCyGSBw1S1YQ","result":"ok"} 
[2026-04-04 05:47:30] production.INFO: Telnyx voice webhook received {"event_type":"call.playback.started","call_control_id":"v3:f-2xrYBzwMvmLNt14c6hXulzjgqwFbKzUrWn-PGmuOaCyGSBw1S1YQ","direction":null} 
[2026-04-04 05:47:30] production.INFO: Unhandled voice event {"event_type":"call.playback.started"} 
[2026-04-04 05:47:32] production.INFO: Telnyx voice webhook received {"event_type":"call.speak.ended","call_control_id":"v3:q26T14g2CSpEdbBcZusVzSPBGAokmKS--Ygi2QiXub-sgh0cPbFGOw","direction":null} 
[2026-04-04 05:47:32] production.INFO: handleCallSpeakEnded ENTRY {"call_control_id":"v3:q26T14g2CSpEdbBcZusVzSPBGAokmKS--Ygi2QiXub-sgh0cPbFGOw","action":"admin_screen","client_state":{"action":"admin_screen","call_log_id":608,"incoming_call_control_id":"v3:f-2xrYBzwMvmLNt14c6hXulzjgqwFbKzUrWn-PGmuOaCyGSBw1S1YQ","admin_user_id":1},"client_state_raw_present":true} 
[2026-04-04 05:47:32] production.INFO: Telnyx voice webhook received {"event_type":"call.gather.ended","call_control_id":"v3:q26T14g2CSpEdbBcZusVzSPBGAokmKS--Ygi2QiXub-sgh0cPbFGOw","direction":null} 
[2026-04-04 05:47:32] production.INFO: Admin screen passed (keypress confirmed human) {"call_control_id":"v3:q26T14g2CSpEdbBcZusVzSPBGAokmKS--Ygi2QiXub-sgh0cPbFGOw","digits":"2","call_log_id":608,"admin_user_id":1} 
[2026-04-04 05:47:32] production.INFO: Admin confirmed + TTS done — bridging now {"admin_call_control_id":"v3:q26T14g2CSpEdbBcZusVzSPBGAokmKS--Ygi2QiXub-sgh0cPbFGOw","incoming_call_control_id":"v3:f-2xrYBzwMvmLNt14c6hXulzjgqwFbKzUrWn-PGmuOaCyGSBw1S1YQ","call_log_id":608} 
[2026-04-04 05:47:32] production.INFO: Bridging admin with caller {"admin_call_control_id":"v3:q26T14g2CSpEdbBcZusVzSPBGAokmKS--Ygi2QiXub-sgh0cPbFGOw","incoming_call_control_id":"v3:f-2xrYBzwMvmLNt14c6hXulzjgqwFbKzUrWn-PGmuOaCyGSBw1S1YQ","admin_user_id":1,"admin_name":"Patryk Szady"} 
[2026-04-04 05:47:32] production.INFO: Telnyx voice webhook received {"event_type":"call.dtmf.received","call_control_id":"v3:q26T14g2CSpEdbBcZusVzSPBGAokmKS--Ygi2QiXub-sgh0cPbFGOw","direction":null} 
[2026-04-04 05:47:32] production.INFO: Unhandled voice event {"event_type":"call.dtmf.received"} 
[2026-04-04 05:47:32] production.INFO: Call command sent: playback_stop {"call_control_id":"v3:f-2xrYBzwMvmLNt14c6hXulzjgqwFbKzUrWn-PGmuOaCyGSBw1S1YQ","result":"ok"} 
[2026-04-04 05:47:33] production.INFO: Telnyx voice webhook received {"event_type":"call.playback.ended","call_control_id":"v3:f-2xrYBzwMvmLNt14c6hXulzjgqwFbKzUrWn-PGmuOaCyGSBw1S1YQ","direction":null} 
[2026-04-04 05:47:33] production.INFO: Call command sent: playback_stop {"call_control_id":"v3:q26T14g2CSpEdbBcZusVzSPBGAokmKS--Ygi2QiXub-sgh0cPbFGOw","result":"ok"} 
[2026-04-04 05:47:33] production.INFO: Calls bridged successfully {"call_control_id_a":"v3:q26T14g2CSpEdbBcZusVzSPBGAokmKS--Ygi2QiXub-sgh0cPbFGOw","call_control_id_b":"v3:f-2xrYBzwMvmLNt14c6hXulzjgqwFbKzUrWn-PGmuOaCyGSBw1S1YQ"} 
[2026-04-04 05:47:33] production.INFO: Telnyx voice webhook received {"event_type":"call.bridged","call_control_id":"v3:q26T14g2CSpEdbBcZusVzSPBGAokmKS--Ygi2QiXub-sgh0cPbFGOw","direction":null} 
[2026-04-04 05:47:33] production.INFO: Call bridged {"call_control_id":"v3:q26T14g2CSpEdbBcZusVzSPBGAokmKS--Ygi2QiXub-sgh0cPbFGOw","call_session_id":"c054ad90-2fe9-11f1-ad9e-02420aef54a0"} 
[2026-04-04 05:47:33] production.INFO: Telnyx voice webhook received {"event_type":"call.bridged","call_control_id":"v3:f-2xrYBzwMvmLNt14c6hXulzjgqwFbKzUrWn-PGmuOaCyGSBw1S1YQ","direction":null} 
[2026-04-04 05:47:33] production.INFO: Call bridged {"call_control_id":"v3:f-2xrYBzwMvmLNt14c6hXulzjgqwFbKzUrWn-PGmuOaCyGSBw1S1YQ","call_session_id":"bed73744-2fe9-11f1-8156-02420aef521f"} 
[2026-04-04 05:47:38] production.INFO: Telnyx voice webhook received {"event_type":"call.hangup","call_control_id":"v3:f-2xrYBzwMvmLNt14c6hXulzjgqwFbKzUrWn-PGmuOaCyGSBw1S1YQ","direction":null} 
[2026-04-04 05:47:38] production.INFO: Call ended {"call_control_id":"v3:f-2xrYBzwMvmLNt14c6hXulzjgqwFbKzUrWn-PGmuOaCyGSBw1S1YQ","status":"completed","hangup_cause":"normal_clearing","duration":16.918757000000003} 
[2026-04-04 05:47:39] production.INFO: Telnyx voice webhook received {"event_type":"call.hangup","call_control_id":"v3:q26T14g2CSpEdbBcZusVzSPBGAokmKS--Ygi2QiXub-sgh0cPbFGOw","direction":null} 
[2026-04-04 05:47:39] production.INFO: Admin ring leg hung up {"admin_call_control_id":"v3:q26T14g2CSpEdbBcZusVzSPBGAokmKS--Ygi2QiXub-sgh0cPbFGOw","hangup_cause":"normal_clearing","call_log_id":608,"incoming_call_control_id":"v3:f-2xrYBzwMvmLNt14c6hXulzjgqwFbKzUrWn-PGmuOaCyGSBw1S1YQ"} 
[2026-04-04 05:47:53] production.INFO: Telnyx voice webhook received {"event_type":"call.initiated","call_control_id":"v3:WLugRNzZVdlAg3xt9a7cupf1yId6RvLfjOaxGLln9vyDnKQn8Z0qyg","direction":"incoming"} 
[2026-04-04 05:47:53] production.WARNING: ipqualityscore lookup failed {"phone":"+18472123894","message":"You have insufficient credits to make this query. Please contact IPQualityScore support if this error persists."} 
[2026-04-04 05:47:53] production.INFO: Incoming call - answering {"call_control_id":"v3:WLugRNzZVdlAg3xt9a7cupf1yId6RvLfjOaxGLln9vyDnKQn8Z0qyg","from":"+18472123894","to":"+12247354200","caller_user_id":null,"caller_name":"GRZEGORZ SZADY"} 
[2026-04-04 05:47:53] production.INFO: Call command sent: answer {"call_control_id":"v3:WLugRNzZVdlAg3xt9a7cupf1yId6RvLfjOaxGLln9vyDnKQn8Z0qyg","result":"ok"} 
[2026-04-04 05:47:54] production.INFO: Telnyx voice webhook received {"event_type":"call.answered","call_control_id":"v3:WLugRNzZVdlAg3xt9a7cupf1yId6RvLfjOaxGLln9vyDnKQn8Z0qyg","direction":null} 
[2026-04-04 05:47:54] production.INFO: Playing welcome TTS and dialing admins simultaneously {"call_control_id":"v3:WLugRNzZVdlAg3xt9a7cupf1yId6RvLfjOaxGLln9vyDnKQn8Z0qyg","tts":"Good evening! Thanks for calling GS Construction. One moment while we connect you to the GS Crew."} 
[2026-04-04 05:47:54] production.INFO: Call command sent: speak {"call_control_id":"v3:WLugRNzZVdlAg3xt9a7cupf1yId6RvLfjOaxGLln9vyDnKQn8Z0qyg","result":"ok"} 
[2026-04-04 05:47:54] production.DEBUG: Push notification delivered {"endpoint":"https://web.push.apple.com/QDkJcfxcMRPW4uLNUaYZ21nDUMJHCJ-cyja1FMQcNEv6qKbL-ec_s…","status":201} 
[2026-04-04 05:47:54] production.DEBUG: Push notification delivered {"endpoint":"https://fcm.googleapis.com/fcm/send/cYR-NIq4nms:APA91bEppjWa7ZIrYxviNuWljHyZ7qnu…","status":201} 
[2026-04-04 05:47:54] production.INFO: Dialed admin {"admin_user_id":1,"admin_name":"Patryk Szady","phone":"+12249993880","admin_call_control_id":"v3:4eBNSw_sMstzNijgSxSAGdSGuXaZVyk1aAOlmKkjni6xQvUNBkAPjQ"} 
[2026-04-04 05:47:54] production.INFO: Telnyx voice webhook received {"event_type":"call.initiated","call_control_id":"v3:4eBNSw_sMstzNijgSxSAGdSGuXaZVyk1aAOlmKkjni6xQvUNBkAPjQ","direction":"outgoing"} 
[2026-04-04 05:47:54] production.INFO: Outbound call initiated {"call_control_id":"v3:4eBNSw_sMstzNijgSxSAGdSGuXaZVyk1aAOlmKkjni6xQvUNBkAPjQ","to":"+12249993880"} 
[2026-04-04 05:47:55] production.INFO: Telnyx voice webhook received {"event_type":"call.speak.started","call_control_id":"v3:WLugRNzZVdlAg3xt9a7cupf1yId6RvLfjOaxGLln9vyDnKQn8Z0qyg","direction":null} 
[2026-04-04 05:47:55] production.INFO: TTS speak started {"call_control_id":"v3:WLugRNzZVdlAg3xt9a7cupf1yId6RvLfjOaxGLln9vyDnKQn8Z0qyg"} 
[2026-04-04 05:48:01] production.INFO: Telnyx voice webhook received {"event_type":"call.speak.ended","call_control_id":"v3:WLugRNzZVdlAg3xt9a7cupf1yId6RvLfjOaxGLln9vyDnKQn8Z0qyg","direction":null} 
[2026-04-04 05:48:01] production.INFO: handleCallSpeakEnded ENTRY {"call_control_id":"v3:WLugRNzZVdlAg3xt9a7cupf1yId6RvLfjOaxGLln9vyDnKQn8Z0qyg","action":"welcome_done","client_state":{"action":"welcome_done","call_log_id":609,"original_caller":"+18472123894"},"client_state_raw_present":true} 
[2026-04-04 05:48:01] production.INFO: TTS completed — no admin answered yet, playing ringback {"call_control_id":"v3:WLugRNzZVdlAg3xt9a7cupf1yId6RvLfjOaxGLln9vyDnKQn8Z0qyg","call_log_id":609} 
[2026-04-04 05:48:02] production.INFO: Call command sent: playback_start {"call_control_id":"v3:WLugRNzZVdlAg3xt9a7cupf1yId6RvLfjOaxGLln9vyDnKQn8Z0qyg","result":"ok"} 
[2026-04-04 05:48:02] production.INFO: Telnyx voice webhook received {"event_type":"call.playback.started","call_control_id":"v3:WLugRNzZVdlAg3xt9a7cupf1yId6RvLfjOaxGLln9vyDnKQn8Z0qyg","direction":null} 
[2026-04-04 05:48:02] production.INFO: Unhandled voice event {"event_type":"call.playback.started"} 
[2026-04-04 05:48:03] production.INFO: Telnyx voice webhook received {"event_type":"call.answered","call_control_id":"v3:4eBNSw_sMstzNijgSxSAGdSGuXaZVyk1aAOlmKkjni6xQvUNBkAPjQ","direction":null} 
[2026-04-04 05:48:03] production.INFO: Admin answered — playing DTMF screen {"admin_call_control_id":"v3:4eBNSw_sMstzNijgSxSAGdSGuXaZVyk1aAOlmKkjni6xQvUNBkAPjQ","incoming_call_control_id":"v3:WLugRNzZVdlAg3xt9a7cupf1yId6RvLfjOaxGLln9vyDnKQn8Z0qyg","call_log_id":609,"admin_user_id":1} 
[2026-04-04 05:48:03] production.INFO: Call command sent: gather_using_speak {"call_control_id":"v3:4eBNSw_sMstzNijgSxSAGdSGuXaZVyk1aAOlmKkjni6xQvUNBkAPjQ","result":"ok"} 
[2026-04-04 05:48:04] production.INFO: Telnyx voice webhook received {"event_type":"call.speak.started","call_control_id":"v3:4eBNSw_sMstzNijgSxSAGdSGuXaZVyk1aAOlmKkjni6xQvUNBkAPjQ","direction":null} 
[2026-04-04 05:48:04] production.INFO: TTS speak started {"call_control_id":"v3:4eBNSw_sMstzNijgSxSAGdSGuXaZVyk1aAOlmKkjni6xQvUNBkAPjQ"} 
[2026-04-04 05:48:08] production.INFO: Telnyx voice webhook received {"event_type":"call.speak.ended","call_control_id":"v3:4eBNSw_sMstzNijgSxSAGdSGuXaZVyk1aAOlmKkjni6xQvUNBkAPjQ","direction":null} 
[2026-04-04 05:48:08] production.INFO: handleCallSpeakEnded ENTRY {"call_control_id":"v3:4eBNSw_sMstzNijgSxSAGdSGuXaZVyk1aAOlmKkjni6xQvUNBkAPjQ","action":"admin_screen","client_state":{"action":"admin_screen","call_log_id":609,"incoming_call_control_id":"v3:WLugRNzZVdlAg3xt9a7cupf1yId6RvLfjOaxGLln9vyDnKQn8Z0qyg","admin_user_id":1},"client_state_raw_present":true} 
[2026-04-04 05:48:08] production.INFO: Telnyx voice webhook received {"event_type":"call.dtmf.received","call_control_id":"v3:4eBNSw_sMstzNijgSxSAGdSGuXaZVyk1aAOlmKkjni6xQvUNBkAPjQ","direction":null} 
[2026-04-04 05:48:08] production.INFO: Unhandled voice event {"event_type":"call.dtmf.received"} 
[2026-04-04 05:48:08] production.INFO: Telnyx voice webhook received {"event_type":"call.gather.ended","call_control_id":"v3:4eBNSw_sMstzNijgSxSAGdSGuXaZVyk1aAOlmKkjni6xQvUNBkAPjQ","direction":null} 
[2026-04-04 05:48:08] production.INFO: Admin screen passed (keypress confirmed human) {"call_control_id":"v3:4eBNSw_sMstzNijgSxSAGdSGuXaZVyk1aAOlmKkjni6xQvUNBkAPjQ","digits":"2","call_log_id":609,"admin_user_id":1} 
[2026-04-04 05:48:08] production.INFO: Admin confirmed + TTS done — bridging now {"admin_call_control_id":"v3:4eBNSw_sMstzNijgSxSAGdSGuXaZVyk1aAOlmKkjni6xQvUNBkAPjQ","incoming_call_control_id":"v3:WLugRNzZVdlAg3xt9a7cupf1yId6RvLfjOaxGLln9vyDnKQn8Z0qyg","call_log_id":609} 
[2026-04-04 05:48:08] production.INFO: Bridging admin with caller {"admin_call_control_id":"v3:4eBNSw_sMstzNijgSxSAGdSGuXaZVyk1aAOlmKkjni6xQvUNBkAPjQ","incoming_call_control_id":"v3:WLugRNzZVdlAg3xt9a7cupf1yId6RvLfjOaxGLln9vyDnKQn8Z0qyg","admin_user_id":1,"admin_name":"Patryk Szady"} 
[2026-04-04 05:48:09] production.INFO: Call command sent: playback_stop {"call_control_id":"v3:WLugRNzZVdlAg3xt9a7cupf1yId6RvLfjOaxGLln9vyDnKQn8Z0qyg","result":"ok"} 
[2026-04-04 05:48:09] production.INFO: Call command sent: playback_stop {"call_control_id":"v3:4eBNSw_sMstzNijgSxSAGdSGuXaZVyk1aAOlmKkjni6xQvUNBkAPjQ","result":"ok"} 
[2026-04-04 05:48:09] production.INFO: Telnyx voice webhook received {"event_type":"call.playback.ended","call_control_id":"v3:WLugRNzZVdlAg3xt9a7cupf1yId6RvLfjOaxGLln9vyDnKQn8Z0qyg","direction":null} 
[2026-04-04 05:48:09] production.INFO: Calls bridged successfully {"call_control_id_a":"v3:4eBNSw_sMstzNijgSxSAGdSGuXaZVyk1aAOlmKkjni6xQvUNBkAPjQ","call_control_id_b":"v3:WLugRNzZVdlAg3xt9a7cupf1yId6RvLfjOaxGLln9vyDnKQn8Z0qyg"} 
[2026-04-04 05:48:10] production.INFO: Telnyx voice webhook received {"event_type":"call.bridged","call_control_id":"v3:WLugRNzZVdlAg3xt9a7cupf1yId6RvLfjOaxGLln9vyDnKQn8Z0qyg","direction":null} 
[2026-04-04 05:48:10] production.INFO: Call bridged {"call_control_id":"v3:WLugRNzZVdlAg3xt9a7cupf1yId6RvLfjOaxGLln9vyDnKQn8Z0qyg","call_session_id":"d245c2f0-2fe9-11f1-8ea4-02420aef391f"} 
[2026-04-04 05:48:10] production.INFO: Telnyx voice webhook received {"event_type":"call.bridged","call_control_id":"v3:4eBNSw_sMstzNijgSxSAGdSGuXaZVyk1aAOlmKkjni6xQvUNBkAPjQ","direction":null} 
[2026-04-04 05:48:10] production.INFO: Call bridged {"call_control_id":"v3:4eBNSw_sMstzNijgSxSAGdSGuXaZVyk1aAOlmKkjni6xQvUNBkAPjQ","call_session_id":"d35f94cc-2fe9-11f1-8e65-02420aef521f"} 
[2026-04-04 05:48:13] production.INFO: Telnyx voice webhook received {"event_type":"call.hangup","call_control_id":"v3:WLugRNzZVdlAg3xt9a7cupf1yId6RvLfjOaxGLln9vyDnKQn8Z0qyg","direction":null} 
[2026-04-04 05:48:13] production.INFO: Call ended {"call_control_id":"v3:WLugRNzZVdlAg3xt9a7cupf1yId6RvLfjOaxGLln9vyDnKQn8Z0qyg","status":"completed","hangup_cause":"normal_clearing","duration":19.221148} 
[2026-04-04 05:48:13] production.INFO: Telnyx voice webhook received {"event_type":"call.hangup","call_control_id":"v3:4eBNSw_sMstzNijgSxSAGdSGuXaZVyk1aAOlmKkjni6xQvUNBkAPjQ","direction":null} 
[2026-04-04 05:48:13] production.INFO: Admin ring leg hung up {"admin_call_control_id":"v3:4eBNSw_sMstzNijgSxSAGdSGuXaZVyk1aAOlmKkjni6xQvUNBkAPjQ","hangup_cause":"normal_clearing","call_log_id":609,"incoming_call_control_id":"v3:WLugRNzZVdlAg3xt9a7cupf1yId6RvLfjOaxGLln9vyDnKQn8Z0qyg"} 
[2026-04-04 05:48:25] production.INFO: Telnyx voice webhook received {"event_type":"call.initiated","call_control_id":"v3:FtKSRMMlkpzaIFWS79n0KMMOgGZbdViokCtxwoINgsr2lqPkIPYJ1w","direction":"incoming"} 
[2026-04-04 05:48:25] production.WARNING: ipqualityscore lookup failed {"phone":"+18472123894","message":"You have insufficient credits to make this query. Please contact IPQualityScore support if this error persists."} 
[2026-04-04 05:48:25] production.INFO: Incoming call - answering {"call_control_id":"v3:FtKSRMMlkpzaIFWS79n0KMMOgGZbdViokCtxwoINgsr2lqPkIPYJ1w","from":"+18472123894","to":"+12247354200","caller_user_id":null,"caller_name":"GRZEGORZ SZADY"} 
[2026-04-04 05:48:25] production.INFO: Call command sent: answer {"call_control_id":"v3:FtKSRMMlkpzaIFWS79n0KMMOgGZbdViokCtxwoINgsr2lqPkIPYJ1w","result":"ok"} 
[2026-04-04 05:48:25] production.INFO: Telnyx voice webhook received {"event_type":"call.answered","call_control_id":"v3:FtKSRMMlkpzaIFWS79n0KMMOgGZbdViokCtxwoINgsr2lqPkIPYJ1w","direction":null} 
[2026-04-04 05:48:25] production.INFO: Playing welcome TTS and dialing admins simultaneously {"call_control_id":"v3:FtKSRMMlkpzaIFWS79n0KMMOgGZbdViokCtxwoINgsr2lqPkIPYJ1w","tts":"Good evening! Thanks for calling GS Construction. One moment while we connect you to the GS Crew."} 
[2026-04-04 05:48:26] production.INFO: Call command sent: speak {"call_control_id":"v3:FtKSRMMlkpzaIFWS79n0KMMOgGZbdViokCtxwoINgsr2lqPkIPYJ1w","result":"ok"} 
[2026-04-04 05:48:26] production.INFO: Dialed admin {"admin_user_id":1,"admin_name":"Patryk Szady","phone":"+12249993880","admin_call_control_id":"v3:bj1DMJY00MUy_AUsSEn5_qoBbSQflFEsTpUbHLsbaGZ6cv1YImpcvw"} 
[2026-04-04 05:48:26] production.INFO: Telnyx voice webhook received {"event_type":"call.initiated","call_control_id":"v3:bj1DMJY00MUy_AUsSEn5_qoBbSQflFEsTpUbHLsbaGZ6cv1YImpcvw","direction":"outgoing"} 
[2026-04-04 05:48:26] production.INFO: Outbound call initiated {"call_control_id":"v3:bj1DMJY00MUy_AUsSEn5_qoBbSQflFEsTpUbHLsbaGZ6cv1YImpcvw","to":"+12249993880"} 
[2026-04-04 05:48:26] production.INFO: Telnyx voice webhook received {"event_type":"call.speak.started","call_control_id":"v3:FtKSRMMlkpzaIFWS79n0KMMOgGZbdViokCtxwoINgsr2lqPkIPYJ1w","direction":null} 
[2026-04-04 05:48:26] production.INFO: TTS speak started {"call_control_id":"v3:FtKSRMMlkpzaIFWS79n0KMMOgGZbdViokCtxwoINgsr2lqPkIPYJ1w"} 
[2026-04-04 05:48:27] production.DEBUG: Push notification delivered {"endpoint":"https://web.push.apple.com/QDkJcfxcMRPW4uLNUaYZ21nDUMJHCJ-cyja1FMQcNEv6qKbL-ec_s…","status":201} 
[2026-04-04 05:48:27] production.DEBUG: Push notification delivered {"endpoint":"https://fcm.googleapis.com/fcm/send/cYR-NIq4nms:APA91bEppjWa7ZIrYxviNuWljHyZ7qnu…","status":201} 
[2026-04-04 05:48:33] production.INFO: Telnyx voice webhook received {"event_type":"call.speak.ended","call_control_id":"v3:FtKSRMMlkpzaIFWS79n0KMMOgGZbdViokCtxwoINgsr2lqPkIPYJ1w","direction":null} 
[2026-04-04 05:48:33] production.INFO: handleCallSpeakEnded ENTRY {"call_control_id":"v3:FtKSRMMlkpzaIFWS79n0KMMOgGZbdViokCtxwoINgsr2lqPkIPYJ1w","action":"welcome_done","client_state":{"action":"welcome_done","call_log_id":610,"original_caller":"+18472123894"},"client_state_raw_present":true} 
[2026-04-04 05:48:33] production.INFO: TTS completed — no admin answered yet, playing ringback {"call_control_id":"v3:FtKSRMMlkpzaIFWS79n0KMMOgGZbdViokCtxwoINgsr2lqPkIPYJ1w","call_log_id":610} 
[2026-04-04 05:48:33] production.INFO: Call command sent: playback_start {"call_control_id":"v3:FtKSRMMlkpzaIFWS79n0KMMOgGZbdViokCtxwoINgsr2lqPkIPYJ1w","result":"ok"} 
[2026-04-04 05:48:33] production.INFO: Telnyx voice webhook received {"event_type":"call.playback.started","call_control_id":"v3:FtKSRMMlkpzaIFWS79n0KMMOgGZbdViokCtxwoINgsr2lqPkIPYJ1w","direction":null} 
[2026-04-04 05:48:33] production.INFO: Unhandled voice event {"event_type":"call.playback.started"} 
[2026-04-04 05:48:41] production.INFO: Telnyx voice webhook received {"event_type":"call.hangup","call_control_id":"v3:bj1DMJY00MUy_AUsSEn5_qoBbSQflFEsTpUbHLsbaGZ6cv1YImpcvw","direction":null} 
[2026-04-04 05:48:41] production.INFO: Admin ring leg hung up {"admin_call_control_id":"v3:bj1DMJY00MUy_AUsSEn5_qoBbSQflFEsTpUbHLsbaGZ6cv1YImpcvw","hangup_cause":"timeout","call_log_id":610,"incoming_call_control_id":"v3:FtKSRMMlkpzaIFWS79n0KMMOgGZbdViokCtxwoINgsr2lqPkIPYJ1w"} 
[2026-04-04 05:48:41] production.INFO: Admin removed from pending list {"removed_id":"v3:bj1DMJY00MUy_AUsSEn5_qoBbSQflFEsTpUbHLsbaGZ6cv1YImpcvw","was_in_list":true,"remaining_count":0,"call_log_id":610} 
[2026-04-04 05:48:41] production.INFO: All admin legs failed — triggering voicemail {"incoming_call_control_id":"v3:FtKSRMMlkpzaIFWS79n0KMMOgGZbdViokCtxwoINgsr2lqPkIPYJ1w","call_log_id":610} 
[2026-04-04 05:48:41] production.INFO: Playing voicemail IVR menu {"call_control_id":"v3:FtKSRMMlkpzaIFWS79n0KMMOgGZbdViokCtxwoINgsr2lqPkIPYJ1w","call_log_id":610,"ivr_prompt":"GS Construction is not available right now. Press 2 to send a text on your behalf so the GS Crew knows to call you back ASAP. Stay on the line to leave a voicemail.","is_known_caller":false} 
[2026-04-04 05:48:41] production.INFO: Call command sent: gather_using_speak {"call_control_id":"v3:FtKSRMMlkpzaIFWS79n0KMMOgGZbdViokCtxwoINgsr2lqPkIPYJ1w","result":"ok"} 
[2026-04-04 05:49:04] production.INFO: Telnyx voice webhook received {"event_type":"call.playback.ended","call_control_id":"v3:FtKSRMMlkpzaIFWS79n0KMMOgGZbdViokCtxwoINgsr2lqPkIPYJ1w","direction":null} 
[2026-04-04 05:49:04] production.INFO: Playback ended (non-ringback) {"call_control_id":"v3:FtKSRMMlkpzaIFWS79n0KMMOgGZbdViokCtxwoINgsr2lqPkIPYJ1w","action":"voicemail_ivr_menu"} 
[2026-04-04 05:49:09] production.INFO: Telnyx voice webhook received {"event_type":"call.gather.ended","call_control_id":"v3:FtKSRMMlkpzaIFWS79n0KMMOgGZbdViokCtxwoINgsr2lqPkIPYJ1w","direction":null} 
[2026-04-04 05:49:09] production.INFO: IVR gather ended {"call_control_id":"v3:FtKSRMMlkpzaIFWS79n0KMMOgGZbdViokCtxwoINgsr2lqPkIPYJ1w","digits":"","call_log_id":610} 
[2026-04-04 05:49:09] production.INFO: IVR: no digit pressed — playing voicemail greeting {"call_control_id":"v3:FtKSRMMlkpzaIFWS79n0KMMOgGZbdViokCtxwoINgsr2lqPkIPYJ1w"} 
[2026-04-04 05:49:09] production.INFO: Call command sent: speak {"call_control_id":"v3:FtKSRMMlkpzaIFWS79n0KMMOgGZbdViokCtxwoINgsr2lqPkIPYJ1w","result":"ok"} 
[2026-04-04 05:49:10] production.INFO: Telnyx voice webhook received {"event_type":"call.speak.started","call_control_id":"v3:FtKSRMMlkpzaIFWS79n0KMMOgGZbdViokCtxwoINgsr2lqPkIPYJ1w","direction":null} 
[2026-04-04 05:49:10] production.INFO: TTS speak started {"call_control_id":"v3:FtKSRMMlkpzaIFWS79n0KMMOgGZbdViokCtxwoINgsr2lqPkIPYJ1w"} 
[2026-04-04 05:49:18] production.INFO: Telnyx voice webhook received {"event_type":"call.speak.ended","call_control_id":"v3:FtKSRMMlkpzaIFWS79n0KMMOgGZbdViokCtxwoINgsr2lqPkIPYJ1w","direction":null} 
[2026-04-04 05:49:18] production.INFO: handleCallSpeakEnded ENTRY {"call_control_id":"v3:FtKSRMMlkpzaIFWS79n0KMMOgGZbdViokCtxwoINgsr2lqPkIPYJ1w","action":"voicemail_prompt_done","client_state":{"action":"voicemail_prompt_done","call_log_id":610},"client_state_raw_present":true} 
[2026-04-04 05:49:18] production.INFO: Voicemail prompt done — starting recording {"call_control_id":"v3:FtKSRMMlkpzaIFWS79n0KMMOgGZbdViokCtxwoINgsr2lqPkIPYJ1w"} 
[2026-04-04 05:49:18] production.INFO: Call command sent: record_start {"call_control_id":"v3:FtKSRMMlkpzaIFWS79n0KMMOgGZbdViokCtxwoINgsr2lqPkIPYJ1w","result":"ok"} 
[2026-04-04 05:49:22] production.INFO: Telnyx voice webhook received {"event_type":"call.transcription","call_control_id":"v3:FtKSRMMlkpzaIFWS79n0KMMOgGZbdViokCtxwoINgsr2lqPkIPYJ1w","direction":null} 
[2026-04-04 05:49:22] production.INFO: Unhandled voice event {"event_type":"call.transcription"} 
[2026-04-04 05:49:22] production.INFO: Telnyx voice webhook received {"event_type":"call.transcription","call_control_id":"v3:FtKSRMMlkpzaIFWS79n0KMMOgGZbdViokCtxwoINgsr2lqPkIPYJ1w","direction":null} 
[2026-04-04 05:49:22] production.INFO: Unhandled voice event {"event_type":"call.transcription"} 
[2026-04-04 05:49:22] production.INFO: Telnyx voice webhook received {"event_type":"call.transcription","call_control_id":"v3:FtKSRMMlkpzaIFWS79n0KMMOgGZbdViokCtxwoINgsr2lqPkIPYJ1w","direction":null} 
[2026-04-04 05:49:22] production.INFO: Unhandled voice event {"event_type":"call.transcription"} 
[2026-04-04 05:49:23] production.INFO: Telnyx voice webhook received {"event_type":"call.transcription","call_control_id":"v3:FtKSRMMlkpzaIFWS79n0KMMOgGZbdViokCtxwoINgsr2lqPkIPYJ1w","direction":null} 
[2026-04-04 05:49:23] production.INFO: Unhandled voice event {"event_type":"call.transcription"} 
[2026-04-04 05:49:23] production.INFO: Telnyx voice webhook received {"event_type":"call.transcription","call_control_id":"v3:FtKSRMMlkpzaIFWS79n0KMMOgGZbdViokCtxwoINgsr2lqPkIPYJ1w","direction":null} 
[2026-04-04 05:49:23] production.INFO: Unhandled voice event {"event_type":"call.transcription"} 
[2026-04-04 05:49:23] production.INFO: Telnyx voice webhook received {"event_type":"call.transcription","call_control_id":"v3:FtKSRMMlkpzaIFWS79n0KMMOgGZbdViokCtxwoINgsr2lqPkIPYJ1w","direction":null} 
[2026-04-04 05:49:23] production.INFO: Unhandled voice event {"event_type":"call.transcription"} 
[2026-04-04 05:49:23] production.INFO: Telnyx voice webhook received {"event_type":"call.transcription","call_control_id":"v3:FtKSRMMlkpzaIFWS79n0KMMOgGZbdViokCtxwoINgsr2lqPkIPYJ1w","direction":null} 
[2026-04-04 05:49:23] production.INFO: Unhandled voice event {"event_type":"call.transcription"} 
[2026-04-04 05:49:24] production.INFO: Telnyx voice webhook received {"event_type":"call.transcription","call_control_id":"v3:FtKSRMMlkpzaIFWS79n0KMMOgGZbdViokCtxwoINgsr2lqPkIPYJ1w","direction":null} 
[2026-04-04 05:49:24] production.INFO: Unhandled voice event {"event_type":"call.transcription"} 
[2026-04-04 05:49:24] production.INFO: Telnyx voice webhook received {"event_type":"call.transcription","call_control_id":"v3:FtKSRMMlkpzaIFWS79n0KMMOgGZbdViokCtxwoINgsr2lqPkIPYJ1w","direction":null} 
[2026-04-04 05:49:24] production.INFO: Unhandled voice event {"event_type":"call.transcription"} 
[2026-04-04 05:49:24] production.INFO: Telnyx voice webhook received {"event_type":"call.transcription","call_control_id":"v3:FtKSRMMlkpzaIFWS79n0KMMOgGZbdViokCtxwoINgsr2lqPkIPYJ1w","direction":null} 
[2026-04-04 05:49:24] production.INFO: Unhandled voice event {"event_type":"call.transcription"} 
[2026-04-04 05:49:24] production.INFO: Telnyx voice webhook received {"event_type":"call.transcription","call_control_id":"v3:FtKSRMMlkpzaIFWS79n0KMMOgGZbdViokCtxwoINgsr2lqPkIPYJ1w","direction":null} 
[2026-04-04 05:49:24] production.INFO: Unhandled voice event {"event_type":"call.transcription"} 
[2026-04-04 05:49:24] production.INFO: Telnyx voice webhook received {"event_type":"call.transcription","call_control_id":"v3:FtKSRMMlkpzaIFWS79n0KMMOgGZbdViokCtxwoINgsr2lqPkIPYJ1w","direction":null} 
[2026-04-04 05:49:24] production.INFO: Unhandled voice event {"event_type":"call.transcription"} 
[2026-04-04 05:49:25] production.INFO: Telnyx voice webhook received {"event_type":"call.transcription","call_control_id":"v3:FtKSRMMlkpzaIFWS79n0KMMOgGZbdViokCtxwoINgsr2lqPkIPYJ1w","direction":null} 
[2026-04-04 05:49:25] production.INFO: Unhandled voice event {"event_type":"call.transcription"} 
[2026-04-04 05:49:25] production.INFO: Telnyx voice webhook received {"event_type":"call.transcription","call_control_id":"v3:FtKSRMMlkpzaIFWS79n0KMMOgGZbdViokCtxwoINgsr2lqPkIPYJ1w","direction":null} 
[2026-04-04 05:49:25] production.INFO: Unhandled voice event {"event_type":"call.transcription"} 
[2026-04-04 05:49:25] production.INFO: Telnyx voice webhook received {"event_type":"call.transcription","call_control_id":"v3:FtKSRMMlkpzaIFWS79n0KMMOgGZbdViokCtxwoINgsr2lqPkIPYJ1w","direction":null} 
[2026-04-04 05:49:25] production.INFO: Unhandled voice event {"event_type":"call.transcription"} 
[2026-04-04 05:49:25] production.INFO: Telnyx voice webhook received {"event_type":"call.transcription","call_control_id":"v3:FtKSRMMlkpzaIFWS79n0KMMOgGZbdViokCtxwoINgsr2lqPkIPYJ1w","direction":null} 
[2026-04-04 05:49:25] production.INFO: Unhandled voice event {"event_type":"call.transcription"} 
[2026-04-04 05:49:26] production.INFO: Telnyx voice webhook received {"event_type":"call.transcription","call_control_id":"v3:FtKSRMMlkpzaIFWS79n0KMMOgGZbdViokCtxwoINgsr2lqPkIPYJ1w","direction":null} 
[2026-04-04 05:49:26] production.INFO: Unhandled voice event {"event_type":"call.transcription"} 
[2026-04-04 05:49:31] production.INFO: Telnyx voice webhook received {"event_type":"call.hangup","call_control_id":"v3:FtKSRMMlkpzaIFWS79n0KMMOgGZbdViokCtxwoINgsr2lqPkIPYJ1w","direction":null} 
[2026-04-04 05:49:31] production.INFO: Voicemail call ended {"call_control_id":"v3:FtKSRMMlkpzaIFWS79n0KMMOgGZbdViokCtxwoINgsr2lqPkIPYJ1w","call_log_id":610} 
[2026-04-04 05:49:32] production.INFO: Telnyx voice webhook received {"event_type":"call.recording.saved","call_control_id":"v3:FtKSRMMlkpzaIFWS79n0KMMOgGZbdViokCtxwoINgsr2lqPkIPYJ1w","direction":null} 
[2026-04-04 05:49:32] production.INFO: Call recording saved {"call_control_id":"v3:FtKSRMMlkpzaIFWS79n0KMMOgGZbdViokCtxwoINgsr2lqPkIPYJ1w","recording_urls":{"mp3":"https://s3.amazonaws.com/telephony-recorder-prod/49566db4-02e9-44ab-813f-f71a0c0b49d7/2026-04-04/e563b2fc-2fe9-11f1-b76c-02420aef31a0-1775281758593628.mp3?X-Amz-Algorithm=AWS4-HMAC-SHA256&X-Amz-Credential=AKIASDC5E2MJDPKMH7UW%2F20260404%2Fus-east-1%2Fs3%2Faws4_request&X-Amz-Date=20260404T054932Z&X-Amz-Expires=600&X-Amz-SignedHeaders=host&X-Amz-Signature=0796fe37019b97a9a0a12492a172c22d307ef903d55f3bcce0f9fc91271baaf3"},"is_voicemail":true} 
[2026-04-04 05:49:33] production.INFO: Call recording stored locally {"call_log_id":610,"path":"call-recordings/2026/04/9346aa9d-5896-41c4-bc31-1c4890b6f566.mp3"} 
[2026-04-04 05:49:49] production.INFO: Telnyx voice webhook received {"event_type":"call.initiated","call_control_id":"v3:8d3wPFR_cDcz7ZgQ5LzxydVhlIkS4gAANlZMXBIDWRllc6ZNvitz-w","direction":"incoming"} 
[2026-04-04 05:49:49] production.WARNING: ipqualityscore lookup failed {"phone":"+18472123894","message":"You have insufficient credits to make this query. Please contact IPQualityScore support if this error persists."} 
[2026-04-04 05:49:49] production.INFO: Incoming call - answering {"call_control_id":"v3:8d3wPFR_cDcz7ZgQ5LzxydVhlIkS4gAANlZMXBIDWRllc6ZNvitz-w","from":"+18472123894","to":"+12247354200","caller_user_id":null,"caller_name":"GRZEGORZ SZADY"} 
[2026-04-04 05:49:49] production.INFO: Call command sent: answer {"call_control_id":"v3:8d3wPFR_cDcz7ZgQ5LzxydVhlIkS4gAANlZMXBIDWRllc6ZNvitz-w","result":"ok"} 
[2026-04-04 05:49:49] production.INFO: Telnyx voice webhook received {"event_type":"call.answered","call_control_id":"v3:8d3wPFR_cDcz7ZgQ5LzxydVhlIkS4gAANlZMXBIDWRllc6ZNvitz-w","direction":null} 
[2026-04-04 05:49:49] production.INFO: Playing welcome TTS and dialing admins simultaneously {"call_control_id":"v3:8d3wPFR_cDcz7ZgQ5LzxydVhlIkS4gAANlZMXBIDWRllc6ZNvitz-w","tts":"Good evening! Thanks for calling GS Construction. One moment while we connect you to the GS Crew."} 
[2026-04-04 05:49:50] production.INFO: Call command sent: speak {"call_control_id":"v3:8d3wPFR_cDcz7ZgQ5LzxydVhlIkS4gAANlZMXBIDWRllc6ZNvitz-w","result":"ok"} 
[2026-04-04 05:49:50] production.INFO: Dialed admin {"admin_user_id":1,"admin_name":"Patryk Szady","phone":"+12249993880","admin_call_control_id":"v3:giUm9ctYY-nV72isxdAWyJ7tGH5LKVYejGPhD1iDwiYdWbj2rr78yA"} 
[2026-04-04 05:49:50] production.INFO: Telnyx voice webhook received {"event_type":"call.speak.started","call_control_id":"v3:8d3wPFR_cDcz7ZgQ5LzxydVhlIkS4gAANlZMXBIDWRllc6ZNvitz-w","direction":null} 
[2026-04-04 05:49:50] production.INFO: TTS speak started {"call_control_id":"v3:8d3wPFR_cDcz7ZgQ5LzxydVhlIkS4gAANlZMXBIDWRllc6ZNvitz-w"} 
[2026-04-04 05:49:50] production.INFO: Telnyx voice webhook received {"event_type":"call.initiated","call_control_id":"v3:giUm9ctYY-nV72isxdAWyJ7tGH5LKVYejGPhD1iDwiYdWbj2rr78yA","direction":"outgoing"} 
[2026-04-04 05:49:50] production.INFO: Outbound call initiated {"call_control_id":"v3:giUm9ctYY-nV72isxdAWyJ7tGH5LKVYejGPhD1iDwiYdWbj2rr78yA","to":"+12249993880"} 
[2026-04-04 05:49:51] production.DEBUG: Push notification delivered {"endpoint":"https://web.push.apple.com/QDkJcfxcMRPW4uLNUaYZ21nDUMJHCJ-cyja1FMQcNEv6qKbL-ec_s…","status":201} 
[2026-04-04 05:49:51] production.DEBUG: Push notification delivered {"endpoint":"https://fcm.googleapis.com/fcm/send/cYR-NIq4nms:APA91bEppjWa7ZIrYxviNuWljHyZ7qnu…","status":201} 
[2026-04-04 05:49:57] production.INFO: Telnyx voice webhook received {"event_type":"call.speak.ended","call_control_id":"v3:8d3wPFR_cDcz7ZgQ5LzxydVhlIkS4gAANlZMXBIDWRllc6ZNvitz-w","direction":null} 
[2026-04-04 05:49:57] production.INFO: handleCallSpeakEnded ENTRY {"call_control_id":"v3:8d3wPFR_cDcz7ZgQ5LzxydVhlIkS4gAANlZMXBIDWRllc6ZNvitz-w","action":"welcome_done","client_state":{"action":"welcome_done","call_log_id":611,"original_caller":"+18472123894"},"client_state_raw_present":true} 
[2026-04-04 05:49:57] production.INFO: TTS completed — no admin answered yet, playing ringback {"call_control_id":"v3:8d3wPFR_cDcz7ZgQ5LzxydVhlIkS4gAANlZMXBIDWRllc6ZNvitz-w","call_log_id":611} 
[2026-04-04 05:49:57] production.INFO: Call command sent: playback_start {"call_control_id":"v3:8d3wPFR_cDcz7ZgQ5LzxydVhlIkS4gAANlZMXBIDWRllc6ZNvitz-w","result":"ok"} 
[2026-04-04 05:49:58] production.INFO: Telnyx voice webhook received {"event_type":"call.playback.started","call_control_id":"v3:8d3wPFR_cDcz7ZgQ5LzxydVhlIkS4gAANlZMXBIDWRllc6ZNvitz-w","direction":null} 
[2026-04-04 05:49:58] production.INFO: Unhandled voice event {"event_type":"call.playback.started"} 
[2026-04-04 05:50:00] production.INFO: Telnyx voice webhook received {"event_type":"call.answered","call_control_id":"v3:giUm9ctYY-nV72isxdAWyJ7tGH5LKVYejGPhD1iDwiYdWbj2rr78yA","direction":null} 
[2026-04-04 05:50:00] production.INFO: Admin answered — playing DTMF screen {"admin_call_control_id":"v3:giUm9ctYY-nV72isxdAWyJ7tGH5LKVYejGPhD1iDwiYdWbj2rr78yA","incoming_call_control_id":"v3:8d3wPFR_cDcz7ZgQ5LzxydVhlIkS4gAANlZMXBIDWRllc6ZNvitz-w","call_log_id":611,"admin_user_id":1} 
[2026-04-04 05:50:00] production.INFO: Call command sent: gather_using_speak {"call_control_id":"v3:giUm9ctYY-nV72isxdAWyJ7tGH5LKVYejGPhD1iDwiYdWbj2rr78yA","result":"ok"} 
[2026-04-04 05:50:01] production.INFO: Telnyx voice webhook received {"event_type":"call.speak.started","call_control_id":"v3:giUm9ctYY-nV72isxdAWyJ7tGH5LKVYejGPhD1iDwiYdWbj2rr78yA","direction":null} 
[2026-04-04 05:50:01] production.INFO: TTS speak started {"call_control_id":"v3:giUm9ctYY-nV72isxdAWyJ7tGH5LKVYejGPhD1iDwiYdWbj2rr78yA"} 
[2026-04-04 05:50:06] production.INFO: Telnyx voice webhook received {"event_type":"call.speak.ended","call_control_id":"v3:giUm9ctYY-nV72isxdAWyJ7tGH5LKVYejGPhD1iDwiYdWbj2rr78yA","direction":null} 
[2026-04-04 05:50:06] production.INFO: handleCallSpeakEnded ENTRY {"call_control_id":"v3:giUm9ctYY-nV72isxdAWyJ7tGH5LKVYejGPhD1iDwiYdWbj2rr78yA","action":"admin_screen","client_state":{"action":"admin_screen","call_log_id":611,"incoming_call_control_id":"v3:8d3wPFR_cDcz7ZgQ5LzxydVhlIkS4gAANlZMXBIDWRllc6ZNvitz-w","admin_user_id":1},"client_state_raw_present":true} 
[2026-04-04 05:50:11] production.INFO: Telnyx voice webhook received {"event_type":"call.gather.ended","call_control_id":"v3:giUm9ctYY-nV72isxdAWyJ7tGH5LKVYejGPhD1iDwiYdWbj2rr78yA","direction":null} 
[2026-04-04 05:50:11] production.INFO: Admin screen timeout (no keypress) — hanging up {"call_control_id":"v3:giUm9ctYY-nV72isxdAWyJ7tGH5LKVYejGPhD1iDwiYdWbj2rr78yA","call_log_id":611} 
[2026-04-04 05:50:11] production.INFO: Call command sent: hangup {"call_control_id":"v3:giUm9ctYY-nV72isxdAWyJ7tGH5LKVYejGPhD1iDwiYdWbj2rr78yA","result":"ok"} 
[2026-04-04 05:50:11] production.INFO: Telnyx voice webhook received {"event_type":"call.hangup","call_control_id":"v3:giUm9ctYY-nV72isxdAWyJ7tGH5LKVYejGPhD1iDwiYdWbj2rr78yA","direction":null} 
[2026-04-04 05:50:11] production.INFO: Admin ring leg hung up {"admin_call_control_id":"v3:giUm9ctYY-nV72isxdAWyJ7tGH5LKVYejGPhD1iDwiYdWbj2rr78yA","hangup_cause":"normal_clearing","call_log_id":611,"incoming_call_control_id":"v3:8d3wPFR_cDcz7ZgQ5LzxydVhlIkS4gAANlZMXBIDWRllc6ZNvitz-w"} 
[2026-04-04 05:50:11] production.INFO: Admin removed from pending list {"removed_id":"v3:giUm9ctYY-nV72isxdAWyJ7tGH5LKVYejGPhD1iDwiYdWbj2rr78yA","was_in_list":true,"remaining_count":0,"call_log_id":611} 
[2026-04-04 05:50:11] production.INFO: All admin legs failed — triggering voicemail {"incoming_call_control_id":"v3:8d3wPFR_cDcz7ZgQ5LzxydVhlIkS4gAANlZMXBIDWRllc6ZNvitz-w","call_log_id":611} 
[2026-04-04 05:50:11] production.INFO: Playing voicemail IVR menu {"call_control_id":"v3:8d3wPFR_cDcz7ZgQ5LzxydVhlIkS4gAANlZMXBIDWRllc6ZNvitz-w","call_log_id":611,"ivr_prompt":"GS Construction is not available right now. Press 2 to send a text on your behalf so the GS Crew knows to call you back ASAP. Stay on the line to leave a voicemail.","is_known_caller":false} 
[2026-04-04 05:50:12] production.INFO: Call command sent: gather_using_speak {"call_control_id":"v3:8d3wPFR_cDcz7ZgQ5LzxydVhlIkS4gAANlZMXBIDWRllc6ZNvitz-w","result":"ok"} 
[2026-04-04 05:50:28] production.INFO: Telnyx voice webhook received {"event_type":"call.playback.ended","call_control_id":"v3:8d3wPFR_cDcz7ZgQ5LzxydVhlIkS4gAANlZMXBIDWRllc6ZNvitz-w","direction":null} 
[2026-04-04 05:50:28] production.INFO: Playback ended (non-ringback) {"call_control_id":"v3:8d3wPFR_cDcz7ZgQ5LzxydVhlIkS4gAANlZMXBIDWRllc6ZNvitz-w","action":"voicemail_ivr_menu"} 
[2026-04-04 05:50:28] production.INFO: Telnyx voice webhook received {"event_type":"call.gather.ended","call_control_id":"v3:8d3wPFR_cDcz7ZgQ5LzxydVhlIkS4gAANlZMXBIDWRllc6ZNvitz-w","direction":null} 
[2026-04-04 05:50:28] production.INFO: IVR gather ended {"call_control_id":"v3:8d3wPFR_cDcz7ZgQ5LzxydVhlIkS4gAANlZMXBIDWRllc6ZNvitz-w","digits":"","call_log_id":611} 
[2026-04-04 05:50:28] production.INFO: IVR: no digit pressed — playing voicemail greeting {"call_control_id":"v3:8d3wPFR_cDcz7ZgQ5LzxydVhlIkS4gAANlZMXBIDWRllc6ZNvitz-w"} 
[2026-04-04 05:50:28] production.INFO: Call command sent: speak {"call_control_id":"v3:8d3wPFR_cDcz7ZgQ5LzxydVhlIkS4gAANlZMXBIDWRllc6ZNvitz-w","result":"ok"} 
[2026-04-04 05:50:29] production.INFO: Telnyx voice webhook received {"event_type":"call.speak.started","call_control_id":"v3:8d3wPFR_cDcz7ZgQ5LzxydVhlIkS4gAANlZMXBIDWRllc6ZNvitz-w","direction":null} 
[2026-04-04 05:50:29] production.INFO: TTS speak started {"call_control_id":"v3:8d3wPFR_cDcz7ZgQ5LzxydVhlIkS4gAANlZMXBIDWRllc6ZNvitz-w"} 
[2026-04-04 05:50:37] production.INFO: Telnyx voice webhook received {"event_type":"call.speak.ended","call_control_id":"v3:8d3wPFR_cDcz7ZgQ5LzxydVhlIkS4gAANlZMXBIDWRllc6ZNvitz-w","direction":null} 
[2026-04-04 05:50:37] production.INFO: handleCallSpeakEnded ENTRY {"call_control_id":"v3:8d3wPFR_cDcz7ZgQ5LzxydVhlIkS4gAANlZMXBIDWRllc6ZNvitz-w","action":"voicemail_prompt_done","client_state":{"action":"voicemail_prompt_done","call_log_id":611},"client_state_raw_present":true} 
[2026-04-04 05:50:37] production.INFO: Voicemail prompt done — starting recording {"call_control_id":"v3:8d3wPFR_cDcz7ZgQ5LzxydVhlIkS4gAANlZMXBIDWRllc6ZNvitz-w"} 
[2026-04-04 05:50:37] production.INFO: Call command sent: record_start {"call_control_id":"v3:8d3wPFR_cDcz7ZgQ5LzxydVhlIkS4gAANlZMXBIDWRllc6ZNvitz-w","result":"ok"} 
[2026-04-04 05:50:45] production.INFO: Telnyx voice webhook received {"event_type":"call.hangup","call_control_id":"v3:8d3wPFR_cDcz7ZgQ5LzxydVhlIkS4gAANlZMXBIDWRllc6ZNvitz-w","direction":null} 
[2026-04-04 05:50:45] production.INFO: Voicemail call ended {"call_control_id":"v3:8d3wPFR_cDcz7ZgQ5LzxydVhlIkS4gAANlZMXBIDWRllc6ZNvitz-w","call_log_id":611} 
[2026-04-04 05:50:46] production.INFO: Telnyx voice webhook received {"event_type":"call.recording.saved","call_control_id":"v3:8d3wPFR_cDcz7ZgQ5LzxydVhlIkS4gAANlZMXBIDWRllc6ZNvitz-w","direction":null} 
[2026-04-04 05:50:46] production.INFO: Call recording saved {"call_control_id":"v3:8d3wPFR_cDcz7ZgQ5LzxydVhlIkS4gAANlZMXBIDWRllc6ZNvitz-w","recording_urls":{"mp3":"https://s3.amazonaws.com/telephony-recorder-prod/49566db4-02e9-44ab-813f-f71a0c0b49d7/2026-04-04/175aca5c-2fea-11f1-8797-02420aef3ca0-1775281837592386.mp3?X-Amz-Algorithm=AWS4-HMAC-SHA256&X-Amz-Credential=AKIASDC5E2MJDPKMH7UW%2F20260404%2Fus-east-1%2Fs3%2Faws4_request&X-Amz-Date=20260404T055046Z&X-Amz-Expires=600&X-Amz-SignedHeaders=host&X-Amz-Signature=01367d943b6a67aa16da68dc5a9087725bace76e384163b116b2344532e22edc"},"is_voicemail":true} 
[2026-04-04 05:50:48] production.INFO: Call recording stored locally {"call_log_id":611,"path":"call-recordings/2026/04/a2766ee1-a207-4bb7-81bc-e4657c821993.mp3"} 
[2026-04-04 06:02:54] production.INFO: Telnyx voice webhook received {"event_type":"call.initiated","call_control_id":"v3:IkqnYegzN-YKai8gNbZTj1upaI-soMb4MlLBE9BgeqbV2-GvcJXtPg","direction":"incoming"} 
[2026-04-04 06:02:54] production.WARNING: ipqualityscore lookup failed {"phone":"+18472123894","message":"You have insufficient credits to make this query. Please contact IPQualityScore support if this error persists."} 
[2026-04-04 06:02:54] production.INFO: Incoming call - answering {"call_control_id":"v3:IkqnYegzN-YKai8gNbZTj1upaI-soMb4MlLBE9BgeqbV2-GvcJXtPg","from":"+18472123894","to":"+12247354200","caller_user_id":null,"caller_name":"GRZEGORZ SZADY"} 
[2026-04-04 06:02:55] production.INFO: Call command sent: answer {"call_control_id":"v3:IkqnYegzN-YKai8gNbZTj1upaI-soMb4MlLBE9BgeqbV2-GvcJXtPg","result":"ok"} 
[2026-04-04 06:02:55] production.INFO: Telnyx voice webhook received {"event_type":"call.answered","call_control_id":"v3:IkqnYegzN-YKai8gNbZTj1upaI-soMb4MlLBE9BgeqbV2-GvcJXtPg","direction":null} 
[2026-04-04 06:02:55] production.INFO: Playing welcome TTS and dialing admins simultaneously {"call_control_id":"v3:IkqnYegzN-YKai8gNbZTj1upaI-soMb4MlLBE9BgeqbV2-GvcJXtPg","tts":"Good evening! Thanks for calling GS Construction. One moment while we connect you to the GS Crew."} 
[2026-04-04 06:02:55] production.INFO: Call command sent: speak {"call_control_id":"v3:IkqnYegzN-YKai8gNbZTj1upaI-soMb4MlLBE9BgeqbV2-GvcJXtPg","result":"ok"} 
[2026-04-04 06:02:55] production.INFO: Dialed admin {"admin_user_id":1,"admin_name":"Patryk Szady","phone":"+12249993880","admin_call_control_id":"v3:IxONYbsrcW_Lj_7258chJoX9AJgjogar4C9Ah4diTaq34aZq5wpyqg"} 
[2026-04-04 06:02:56] production.INFO: Telnyx voice webhook received {"event_type":"call.initiated","call_control_id":"v3:IxONYbsrcW_Lj_7258chJoX9AJgjogar4C9Ah4diTaq34aZq5wpyqg","direction":"outgoing"} 
[2026-04-04 06:02:56] production.INFO: Outbound call initiated {"call_control_id":"v3:IxONYbsrcW_Lj_7258chJoX9AJgjogar4C9Ah4diTaq34aZq5wpyqg","to":"+12249993880"} 
[2026-04-04 06:02:56] production.DEBUG: Push notification delivered {"endpoint":"https://web.push.apple.com/QDkJcfxcMRPW4uLNUaYZ21nDUMJHCJ-cyja1FMQcNEv6qKbL-ec_s…","status":201} 
[2026-04-04 06:02:56] production.DEBUG: Push notification delivered {"endpoint":"https://fcm.googleapis.com/fcm/send/cYR-NIq4nms:APA91bEppjWa7ZIrYxviNuWljHyZ7qnu…","status":201} 
[2026-04-04 06:02:56] production.INFO: Telnyx voice webhook received {"event_type":"call.speak.started","call_control_id":"v3:IkqnYegzN-YKai8gNbZTj1upaI-soMb4MlLBE9BgeqbV2-GvcJXtPg","direction":null} 
[2026-04-04 06:02:56] production.INFO: TTS speak started {"call_control_id":"v3:IkqnYegzN-YKai8gNbZTj1upaI-soMb4MlLBE9BgeqbV2-GvcJXtPg"} 
[2026-04-04 06:02:58] production.INFO: Telnyx voice webhook received {"event_type":"call.answered","call_control_id":"v3:IxONYbsrcW_Lj_7258chJoX9AJgjogar4C9Ah4diTaq34aZq5wpyqg","direction":null} 
[2026-04-04 06:02:58] production.INFO: Admin answered — playing DTMF screen {"admin_call_control_id":"v3:IxONYbsrcW_Lj_7258chJoX9AJgjogar4C9Ah4diTaq34aZq5wpyqg","incoming_call_control_id":"v3:IkqnYegzN-YKai8gNbZTj1upaI-soMb4MlLBE9BgeqbV2-GvcJXtPg","call_log_id":612,"admin_user_id":1} 
[2026-04-04 06:02:59] production.INFO: Call command sent: gather_using_speak {"call_control_id":"v3:IxONYbsrcW_Lj_7258chJoX9AJgjogar4C9Ah4diTaq34aZq5wpyqg","result":"ok"} 
[2026-04-04 06:02:59] production.INFO: Telnyx voice webhook received {"event_type":"call.speak.started","call_control_id":"v3:IxONYbsrcW_Lj_7258chJoX9AJgjogar4C9Ah4diTaq34aZq5wpyqg","direction":null} 
[2026-04-04 06:02:59] production.INFO: TTS speak started {"call_control_id":"v3:IxONYbsrcW_Lj_7258chJoX9AJgjogar4C9Ah4diTaq34aZq5wpyqg"} 
[2026-04-04 06:03:03] production.INFO: Telnyx voice webhook received {"event_type":"call.speak.ended","call_control_id":"v3:IkqnYegzN-YKai8gNbZTj1upaI-soMb4MlLBE9BgeqbV2-GvcJXtPg","direction":null} 
[2026-04-04 06:03:03] production.INFO: handleCallSpeakEnded ENTRY {"call_control_id":"v3:IkqnYegzN-YKai8gNbZTj1upaI-soMb4MlLBE9BgeqbV2-GvcJXtPg","action":"welcome_done","client_state":{"action":"welcome_done","call_log_id":612,"original_caller":"+18472123894"},"client_state_raw_present":true} 
[2026-04-04 06:03:03] production.INFO: TTS completed — no admin answered yet, playing ringback {"call_control_id":"v3:IkqnYegzN-YKai8gNbZTj1upaI-soMb4MlLBE9BgeqbV2-GvcJXtPg","call_log_id":612} 
[2026-04-04 06:03:03] production.INFO: Call command sent: playback_start {"call_control_id":"v3:IkqnYegzN-YKai8gNbZTj1upaI-soMb4MlLBE9BgeqbV2-GvcJXtPg","result":"ok"} 
[2026-04-04 06:03:03] production.INFO: Telnyx voice webhook received {"event_type":"call.playback.started","call_control_id":"v3:IkqnYegzN-YKai8gNbZTj1upaI-soMb4MlLBE9BgeqbV2-GvcJXtPg","direction":null} 
[2026-04-04 06:03:03] production.INFO: Unhandled voice event {"event_type":"call.playback.started"} 
[2026-04-04 06:03:04] production.INFO: Telnyx voice webhook received {"event_type":"call.speak.ended","call_control_id":"v3:IxONYbsrcW_Lj_7258chJoX9AJgjogar4C9Ah4diTaq34aZq5wpyqg","direction":null} 
[2026-04-04 06:03:04] production.INFO: handleCallSpeakEnded ENTRY {"call_control_id":"v3:IxONYbsrcW_Lj_7258chJoX9AJgjogar4C9Ah4diTaq34aZq5wpyqg","action":"admin_screen","client_state":{"action":"admin_screen","call_log_id":612,"incoming_call_control_id":"v3:IkqnYegzN-YKai8gNbZTj1upaI-soMb4MlLBE9BgeqbV2-GvcJXtPg","admin_user_id":1},"client_state_raw_present":true} 
[2026-04-04 06:03:04] production.INFO: Telnyx voice webhook received {"event_type":"call.dtmf.received","call_control_id":"v3:IxONYbsrcW_Lj_7258chJoX9AJgjogar4C9Ah4diTaq34aZq5wpyqg","direction":null} 
[2026-04-04 06:03:04] production.INFO: Unhandled voice event {"event_type":"call.dtmf.received"} 
[2026-04-04 06:03:05] production.INFO: Telnyx voice webhook received {"event_type":"call.gather.ended","call_control_id":"v3:IxONYbsrcW_Lj_7258chJoX9AJgjogar4C9Ah4diTaq34aZq5wpyqg","direction":null} 
[2026-04-04 06:03:05] production.INFO: Admin screen passed (keypress confirmed human) {"call_control_id":"v3:IxONYbsrcW_Lj_7258chJoX9AJgjogar4C9Ah4diTaq34aZq5wpyqg","digits":"1","call_log_id":612,"admin_user_id":1} 
[2026-04-04 06:03:05] production.INFO: Admin confirmed + TTS done — bridging now {"admin_call_control_id":"v3:IxONYbsrcW_Lj_7258chJoX9AJgjogar4C9Ah4diTaq34aZq5wpyqg","incoming_call_control_id":"v3:IkqnYegzN-YKai8gNbZTj1upaI-soMb4MlLBE9BgeqbV2-GvcJXtPg","call_log_id":612} 
[2026-04-04 06:03:05] production.INFO: Bridging admin with caller {"admin_call_control_id":"v3:IxONYbsrcW_Lj_7258chJoX9AJgjogar4C9Ah4diTaq34aZq5wpyqg","incoming_call_control_id":"v3:IkqnYegzN-YKai8gNbZTj1upaI-soMb4MlLBE9BgeqbV2-GvcJXtPg","admin_user_id":1,"admin_name":"Patryk Szady"} 
[2026-04-04 06:03:05] production.INFO: Call command sent: playback_stop {"call_control_id":"v3:IkqnYegzN-YKai8gNbZTj1upaI-soMb4MlLBE9BgeqbV2-GvcJXtPg","result":"ok"} 
[2026-04-04 06:03:05] production.INFO: Telnyx voice webhook received {"event_type":"call.playback.ended","call_control_id":"v3:IkqnYegzN-YKai8gNbZTj1upaI-soMb4MlLBE9BgeqbV2-GvcJXtPg","direction":null} 
[2026-04-04 06:03:05] production.INFO: Call command sent: playback_stop {"call_control_id":"v3:IxONYbsrcW_Lj_7258chJoX9AJgjogar4C9Ah4diTaq34aZq5wpyqg","result":"ok"} 
[2026-04-04 06:03:05] production.INFO: Calls bridged successfully {"call_control_id_a":"v3:IxONYbsrcW_Lj_7258chJoX9AJgjogar4C9Ah4diTaq34aZq5wpyqg","call_control_id_b":"v3:IkqnYegzN-YKai8gNbZTj1upaI-soMb4MlLBE9BgeqbV2-GvcJXtPg"} 
[2026-04-04 06:03:06] production.INFO: Telnyx voice webhook received {"event_type":"call.bridged","call_control_id":"v3:IxONYbsrcW_Lj_7258chJoX9AJgjogar4C9Ah4diTaq34aZq5wpyqg","direction":null} 
[2026-04-04 06:03:06] production.INFO: Call bridged {"call_control_id":"v3:IxONYbsrcW_Lj_7258chJoX9AJgjogar4C9Ah4diTaq34aZq5wpyqg","call_session_id":"ec946bd2-2feb-11f1-9f86-02420aef551f"} 
[2026-04-04 06:03:06] production.INFO: Telnyx voice webhook received {"event_type":"call.bridged","call_control_id":"v3:IkqnYegzN-YKai8gNbZTj1upaI-soMb4MlLBE9BgeqbV2-GvcJXtPg","direction":null} 
[2026-04-04 06:03:06] production.INFO: Call bridged {"call_control_id":"v3:IkqnYegzN-YKai8gNbZTj1upaI-soMb4MlLBE9BgeqbV2-GvcJXtPg","call_session_id":"eb75b670-2feb-11f1-a704-02420aefe952"} 
[2026-04-04 06:03:08] production.INFO: Telnyx voice webhook received {"event_type":"call.hangup","call_control_id":"v3:IkqnYegzN-YKai8gNbZTj1upaI-soMb4MlLBE9BgeqbV2-GvcJXtPg","direction":null} 
[2026-04-04 06:03:08] production.INFO: Call ended {"call_control_id":"v3:IkqnYegzN-YKai8gNbZTj1upaI-soMb4MlLBE9BgeqbV2-GvcJXtPg","status":"completed","hangup_cause":"normal_clearing","duration":13.460073} 
[2026-04-04 06:03:08] production.INFO: Telnyx voice webhook received {"event_type":"call.hangup","call_control_id":"v3:IxONYbsrcW_Lj_7258chJoX9AJgjogar4C9Ah4diTaq34aZq5wpyqg","direction":null} 
[2026-04-04 06:03:08] production.INFO: Admin ring leg hung up {"admin_call_control_id":"v3:IxONYbsrcW_Lj_7258chJoX9AJgjogar4C9Ah4diTaq34aZq5wpyqg","hangup_cause":"normal_clearing","call_log_id":612,"incoming_call_control_id":"v3:IkqnYegzN-YKai8gNbZTj1upaI-soMb4MlLBE9BgeqbV2-GvcJXtPg"} 
[2026-04-04 06:03:14] production.INFO: Telnyx voice webhook received {"event_type":"call.initiated","call_control_id":"v3:hYzX6PraUlon636-lOGf8BUiHF0gwCclgvkjEGx4IODarBiHsa1WNw","direction":"incoming"} 
[2026-04-04 06:03:15] production.WARNING: ipqualityscore lookup failed {"phone":"+18472123894","message":"You have insufficient credits to make this query. Please contact IPQualityScore support if this error persists."} 
[2026-04-04 06:03:15] production.INFO: Incoming call - answering {"call_control_id":"v3:hYzX6PraUlon636-lOGf8BUiHF0gwCclgvkjEGx4IODarBiHsa1WNw","from":"+18472123894","to":"+12247354200","caller_user_id":null,"caller_name":"GRZEGORZ SZADY"} 
[2026-04-04 06:03:15] production.INFO: Call command sent: answer {"call_control_id":"v3:hYzX6PraUlon636-lOGf8BUiHF0gwCclgvkjEGx4IODarBiHsa1WNw","result":"ok"} 
[2026-04-04 06:03:15] production.INFO: Telnyx voice webhook received {"event_type":"call.answered","call_control_id":"v3:hYzX6PraUlon636-lOGf8BUiHF0gwCclgvkjEGx4IODarBiHsa1WNw","direction":null} 
[2026-04-04 06:03:15] production.INFO: Playing welcome TTS and dialing admins simultaneously {"call_control_id":"v3:hYzX6PraUlon636-lOGf8BUiHF0gwCclgvkjEGx4IODarBiHsa1WNw","tts":"Good evening! Thanks for calling GS Construction. One moment while we connect you to the GS Crew."} 
[2026-04-04 06:03:15] production.INFO: Call command sent: speak {"call_control_id":"v3:hYzX6PraUlon636-lOGf8BUiHF0gwCclgvkjEGx4IODarBiHsa1WNw","result":"ok"} 
[2026-04-04 06:03:16] production.INFO: Dialed admin {"admin_user_id":1,"admin_name":"Patryk Szady","phone":"+12249993880","admin_call_control_id":"v3:zZ_Yij7CI40CWS_ooIivgaKt-lr1-Pl70MPgX0BsYw1Z0Rd1XVLkmA"} 
[2026-04-04 06:03:16] production.INFO: Telnyx voice webhook received {"event_type":"call.speak.started","call_control_id":"v3:hYzX6PraUlon636-lOGf8BUiHF0gwCclgvkjEGx4IODarBiHsa1WNw","direction":null} 
[2026-04-04 06:03:16] production.INFO: TTS speak started {"call_control_id":"v3:hYzX6PraUlon636-lOGf8BUiHF0gwCclgvkjEGx4IODarBiHsa1WNw"} 
[2026-04-04 06:03:16] production.INFO: Telnyx voice webhook received {"event_type":"call.initiated","call_control_id":"v3:zZ_Yij7CI40CWS_ooIivgaKt-lr1-Pl70MPgX0BsYw1Z0Rd1XVLkmA","direction":"outgoing"} 
[2026-04-04 06:03:16] production.INFO: Outbound call initiated {"call_control_id":"v3:zZ_Yij7CI40CWS_ooIivgaKt-lr1-Pl70MPgX0BsYw1Z0Rd1XVLkmA","to":"+12249993880"} 
[2026-04-04 06:03:17] production.DEBUG: Push notification delivered {"endpoint":"https://web.push.apple.com/QDkJcfxcMRPW4uLNUaYZ21nDUMJHCJ-cyja1FMQcNEv6qKbL-ec_s…","status":201} 
[2026-04-04 06:03:17] production.DEBUG: Push notification delivered {"endpoint":"https://fcm.googleapis.com/fcm/send/cYR-NIq4nms:APA91bEppjWa7ZIrYxviNuWljHyZ7qnu…","status":201} 
[2026-04-04 06:03:22] production.INFO: Telnyx voice webhook received {"event_type":"call.speak.ended","call_control_id":"v3:hYzX6PraUlon636-lOGf8BUiHF0gwCclgvkjEGx4IODarBiHsa1WNw","direction":null} 
[2026-04-04 06:03:22] production.INFO: handleCallSpeakEnded ENTRY {"call_control_id":"v3:hYzX6PraUlon636-lOGf8BUiHF0gwCclgvkjEGx4IODarBiHsa1WNw","action":"welcome_done","client_state":{"action":"welcome_done","call_log_id":613,"original_caller":"+18472123894"},"client_state_raw_present":true} 
[2026-04-04 06:03:22] production.INFO: TTS completed — no admin answered yet, playing ringback {"call_control_id":"v3:hYzX6PraUlon636-lOGf8BUiHF0gwCclgvkjEGx4IODarBiHsa1WNw","call_log_id":613} 
[2026-04-04 06:03:23] production.INFO: Call command sent: playback_start {"call_control_id":"v3:hYzX6PraUlon636-lOGf8BUiHF0gwCclgvkjEGx4IODarBiHsa1WNw","result":"ok"} 
[2026-04-04 06:03:23] production.INFO: Telnyx voice webhook received {"event_type":"call.playback.started","call_control_id":"v3:hYzX6PraUlon636-lOGf8BUiHF0gwCclgvkjEGx4IODarBiHsa1WNw","direction":null} 
[2026-04-04 06:03:23] production.INFO: Unhandled voice event {"event_type":"call.playback.started"} 
[2026-04-04 06:03:25] production.INFO: Telnyx voice webhook received {"event_type":"call.answered","call_control_id":"v3:zZ_Yij7CI40CWS_ooIivgaKt-lr1-Pl70MPgX0BsYw1Z0Rd1XVLkmA","direction":null} 
[2026-04-04 06:03:25] production.INFO: Admin answered — playing DTMF screen {"admin_call_control_id":"v3:zZ_Yij7CI40CWS_ooIivgaKt-lr1-Pl70MPgX0BsYw1Z0Rd1XVLkmA","incoming_call_control_id":"v3:hYzX6PraUlon636-lOGf8BUiHF0gwCclgvkjEGx4IODarBiHsa1WNw","call_log_id":613,"admin_user_id":1} 
[2026-04-04 06:03:26] production.INFO: Call command sent: gather_using_speak {"call_control_id":"v3:zZ_Yij7CI40CWS_ooIivgaKt-lr1-Pl70MPgX0BsYw1Z0Rd1XVLkmA","result":"ok"} 
[2026-04-04 06:03:26] production.INFO: Telnyx voice webhook received {"event_type":"call.speak.started","call_control_id":"v3:zZ_Yij7CI40CWS_ooIivgaKt-lr1-Pl70MPgX0BsYw1Z0Rd1XVLkmA","direction":null} 
[2026-04-04 06:03:26] production.INFO: TTS speak started {"call_control_id":"v3:zZ_Yij7CI40CWS_ooIivgaKt-lr1-Pl70MPgX0BsYw1Z0Rd1XVLkmA"} 
[2026-04-04 06:03:31] production.INFO: Telnyx voice webhook received {"event_type":"call.speak.ended","call_control_id":"v3:zZ_Yij7CI40CWS_ooIivgaKt-lr1-Pl70MPgX0BsYw1Z0Rd1XVLkmA","direction":null} 
[2026-04-04 06:03:31] production.INFO: handleCallSpeakEnded ENTRY {"call_control_id":"v3:zZ_Yij7CI40CWS_ooIivgaKt-lr1-Pl70MPgX0BsYw1Z0Rd1XVLkmA","action":"admin_screen","client_state":{"action":"admin_screen","call_log_id":613,"incoming_call_control_id":"v3:hYzX6PraUlon636-lOGf8BUiHF0gwCclgvkjEGx4IODarBiHsa1WNw","admin_user_id":1},"client_state_raw_present":true} 
[2026-04-04 06:03:32] production.INFO: Telnyx voice webhook received {"event_type":"call.gather.ended","call_control_id":"v3:zZ_Yij7CI40CWS_ooIivgaKt-lr1-Pl70MPgX0BsYw1Z0Rd1XVLkmA","direction":null} 
[2026-04-04 06:03:32] production.INFO: Admin screen passed (keypress confirmed human) {"call_control_id":"v3:zZ_Yij7CI40CWS_ooIivgaKt-lr1-Pl70MPgX0BsYw1Z0Rd1XVLkmA","digits":"5","call_log_id":613,"admin_user_id":1} 
[2026-04-04 06:03:32] production.INFO: Admin confirmed + TTS done — bridging now {"admin_call_control_id":"v3:zZ_Yij7CI40CWS_ooIivgaKt-lr1-Pl70MPgX0BsYw1Z0Rd1XVLkmA","incoming_call_control_id":"v3:hYzX6PraUlon636-lOGf8BUiHF0gwCclgvkjEGx4IODarBiHsa1WNw","call_log_id":613} 
[2026-04-04 06:03:32] production.INFO: Bridging admin with caller {"admin_call_control_id":"v3:zZ_Yij7CI40CWS_ooIivgaKt-lr1-Pl70MPgX0BsYw1Z0Rd1XVLkmA","incoming_call_control_id":"v3:hYzX6PraUlon636-lOGf8BUiHF0gwCclgvkjEGx4IODarBiHsa1WNw","admin_user_id":1,"admin_name":"Patryk Szady"} 
[2026-04-04 06:03:32] production.INFO: Telnyx voice webhook received {"event_type":"call.dtmf.received","call_control_id":"v3:zZ_Yij7CI40CWS_ooIivgaKt-lr1-Pl70MPgX0BsYw1Z0Rd1XVLkmA","direction":null} 
[2026-04-04 06:03:32] production.INFO: Unhandled voice event {"event_type":"call.dtmf.received"} 
[2026-04-04 06:03:32] production.INFO: Call command sent: playback_stop {"call_control_id":"v3:hYzX6PraUlon636-lOGf8BUiHF0gwCclgvkjEGx4IODarBiHsa1WNw","result":"ok"} 
[2026-04-04 06:03:32] production.INFO: Telnyx voice webhook received {"event_type":"call.playback.ended","call_control_id":"v3:hYzX6PraUlon636-lOGf8BUiHF0gwCclgvkjEGx4IODarBiHsa1WNw","direction":null} 
[2026-04-04 06:03:32] production.INFO: Call command sent: playback_stop {"call_control_id":"v3:zZ_Yij7CI40CWS_ooIivgaKt-lr1-Pl70MPgX0BsYw1Z0Rd1XVLkmA","result":"ok"} 
[2026-04-04 06:03:32] production.INFO: Calls bridged successfully {"call_control_id_a":"v3:zZ_Yij7CI40CWS_ooIivgaKt-lr1-Pl70MPgX0BsYw1Z0Rd1XVLkmA","call_control_id_b":"v3:hYzX6PraUlon636-lOGf8BUiHF0gwCclgvkjEGx4IODarBiHsa1WNw"} 
[2026-04-04 06:03:33] production.INFO: Telnyx voice webhook received {"event_type":"call.bridged","call_control_id":"v3:zZ_Yij7CI40CWS_ooIivgaKt-lr1-Pl70MPgX0BsYw1Z0Rd1XVLkmA","direction":null} 
[2026-04-04 06:03:33] production.INFO: Call bridged {"call_control_id":"v3:zZ_Yij7CI40CWS_ooIivgaKt-lr1-Pl70MPgX0BsYw1Z0Rd1XVLkmA","call_session_id":"f888544e-2feb-11f1-9eae-02420aef50a0"} 
[2026-04-04 06:03:33] production.INFO: Telnyx voice webhook received {"event_type":"call.bridged","call_control_id":"v3:hYzX6PraUlon636-lOGf8BUiHF0gwCclgvkjEGx4IODarBiHsa1WNw","direction":null} 
[2026-04-04 06:03:33] production.INFO: Call bridged {"call_control_id":"v3:hYzX6PraUlon636-lOGf8BUiHF0gwCclgvkjEGx4IODarBiHsa1WNw","call_session_id":"f7a7971a-2feb-11f1-9f6d-02420aef36a0"} 
[2026-04-04 06:03:36] production.INFO: Telnyx voice webhook received {"event_type":"call.hangup","call_control_id":"v3:hYzX6PraUlon636-lOGf8BUiHF0gwCclgvkjEGx4IODarBiHsa1WNw","direction":null} 
[2026-04-04 06:03:36] production.INFO: Call ended {"call_control_id":"v3:hYzX6PraUlon636-lOGf8BUiHF0gwCclgvkjEGx4IODarBiHsa1WNw","status":"completed","hangup_cause":"normal_clearing","duration":21.416411} 
[2026-04-04 06:03:36] production.INFO: Telnyx voice webhook received {"event_type":"call.hangup","call_control_id":"v3:zZ_Yij7CI40CWS_ooIivgaKt-lr1-Pl70MPgX0BsYw1Z0Rd1XVLkmA","direction":null} 
[2026-04-04 06:03:36] production.INFO: Admin ring leg hung up {"admin_call_control_id":"v3:zZ_Yij7CI40CWS_ooIivgaKt-lr1-Pl70MPgX0BsYw1Z0Rd1XVLkmA","hangup_cause":"normal_clearing","call_log_id":613,"incoming_call_control_id":"v3:hYzX6PraUlon636-lOGf8BUiHF0gwCclgvkjEGx4IODarBiHsa1WNw"} 
[2026-04-04 06:03:45] production.INFO: Telnyx voice webhook received {"event_type":"call.initiated","call_control_id":"v3:2bIGXSDSUIZ7I7Vh9tenOHDtQ6AQr8l5qUsq6z896hLU9ZYmE25yHQ","direction":"incoming"} 
[2026-04-04 06:03:46] production.WARNING: ipqualityscore lookup failed {"phone":"+18472123894","message":"You have insufficient credits to make this query. Please contact IPQualityScore support if this error persists."} 
[2026-04-04 06:03:46] production.INFO: Incoming call - answering {"call_control_id":"v3:2bIGXSDSUIZ7I7Vh9tenOHDtQ6AQr8l5qUsq6z896hLU9ZYmE25yHQ","from":"+18472123894","to":"+12247354200","caller_user_id":null,"caller_name":"GRZEGORZ SZADY"} 
[2026-04-04 06:03:46] production.INFO: Call command sent: answer {"call_control_id":"v3:2bIGXSDSUIZ7I7Vh9tenOHDtQ6AQr8l5qUsq6z896hLU9ZYmE25yHQ","result":"ok"} 
[2026-04-04 06:03:46] production.INFO: Telnyx voice webhook received {"event_type":"call.answered","call_control_id":"v3:2bIGXSDSUIZ7I7Vh9tenOHDtQ6AQr8l5qUsq6z896hLU9ZYmE25yHQ","direction":null} 
[2026-04-04 06:03:46] production.INFO: Playing welcome TTS and dialing admins simultaneously {"call_control_id":"v3:2bIGXSDSUIZ7I7Vh9tenOHDtQ6AQr8l5qUsq6z896hLU9ZYmE25yHQ","tts":"Good evening! Thanks for calling GS Construction. One moment while we connect you to the GS Crew."} 
[2026-04-04 06:03:46] production.INFO: Call command sent: speak {"call_control_id":"v3:2bIGXSDSUIZ7I7Vh9tenOHDtQ6AQr8l5qUsq6z896hLU9ZYmE25yHQ","result":"ok"} 
[2026-04-04 06:03:47] production.INFO: Telnyx voice webhook received {"event_type":"call.speak.started","call_control_id":"v3:2bIGXSDSUIZ7I7Vh9tenOHDtQ6AQr8l5qUsq6z896hLU9ZYmE25yHQ","direction":null} 
[2026-04-04 06:03:47] production.INFO: TTS speak started {"call_control_id":"v3:2bIGXSDSUIZ7I7Vh9tenOHDtQ6AQr8l5qUsq6z896hLU9ZYmE25yHQ"} 
[2026-04-04 06:03:47] production.INFO: Dialed admin {"admin_user_id":1,"admin_name":"Patryk Szady","phone":"+12249993880","admin_call_control_id":"v3:WNN-rPtaIVtopqbCIZvJuXyVIoytPlnbtw05ZIgbxIWupvr7I7ceTg"} 
[2026-04-04 06:03:47] production.INFO: Telnyx voice webhook received {"event_type":"call.initiated","call_control_id":"v3:WNN-rPtaIVtopqbCIZvJuXyVIoytPlnbtw05ZIgbxIWupvr7I7ceTg","direction":"outgoing"} 
[2026-04-04 06:03:47] production.INFO: Outbound call initiated {"call_control_id":"v3:WNN-rPtaIVtopqbCIZvJuXyVIoytPlnbtw05ZIgbxIWupvr7I7ceTg","to":"+12249993880"} 
[2026-04-04 06:03:47] production.DEBUG: Push notification delivered {"endpoint":"https://web.push.apple.com/QDkJcfxcMRPW4uLNUaYZ21nDUMJHCJ-cyja1FMQcNEv6qKbL-ec_s…","status":201} 
[2026-04-04 06:03:47] production.DEBUG: Push notification delivered {"endpoint":"https://fcm.googleapis.com/fcm/send/cYR-NIq4nms:APA91bEppjWa7ZIrYxviNuWljHyZ7qnu…","status":201} 
[2026-04-04 06:03:52] production.INFO: Telnyx voice webhook received {"event_type":"call.speak.ended","call_control_id":"v3:2bIGXSDSUIZ7I7Vh9tenOHDtQ6AQr8l5qUsq6z896hLU9ZYmE25yHQ","direction":null} 
[2026-04-04 06:03:52] production.INFO: handleCallSpeakEnded ENTRY {"call_control_id":"v3:2bIGXSDSUIZ7I7Vh9tenOHDtQ6AQr8l5qUsq6z896hLU9ZYmE25yHQ","action":"welcome_done","client_state":{"action":"welcome_done","call_log_id":614,"original_caller":"+18472123894"},"client_state_raw_present":true} 
[2026-04-04 06:03:52] production.INFO: TTS completed — no admin answered yet, playing ringback {"call_control_id":"v3:2bIGXSDSUIZ7I7Vh9tenOHDtQ6AQr8l5qUsq6z896hLU9ZYmE25yHQ","call_log_id":614} 
[2026-04-04 06:03:52] production.INFO: Call command sent: playback_start {"call_control_id":"v3:2bIGXSDSUIZ7I7Vh9tenOHDtQ6AQr8l5qUsq6z896hLU9ZYmE25yHQ","result":"ok"} 
[2026-04-04 06:03:53] production.INFO: Telnyx voice webhook received {"event_type":"call.playback.started","call_control_id":"v3:2bIGXSDSUIZ7I7Vh9tenOHDtQ6AQr8l5qUsq6z896hLU9ZYmE25yHQ","direction":null} 
[2026-04-04 06:03:53] production.INFO: Unhandled voice event {"event_type":"call.playback.started"} 
[2026-04-04 06:04:02] production.INFO: Telnyx voice webhook received {"event_type":"call.hangup","call_control_id":"v3:WNN-rPtaIVtopqbCIZvJuXyVIoytPlnbtw05ZIgbxIWupvr7I7ceTg","direction":null} 
[2026-04-04 06:04:02] production.INFO: Admin ring leg hung up {"admin_call_control_id":"v3:WNN-rPtaIVtopqbCIZvJuXyVIoytPlnbtw05ZIgbxIWupvr7I7ceTg","hangup_cause":"timeout","call_log_id":614,"incoming_call_control_id":"v3:2bIGXSDSUIZ7I7Vh9tenOHDtQ6AQr8l5qUsq6z896hLU9ZYmE25yHQ"} 
[2026-04-04 06:04:02] production.INFO: Admin removed from pending list {"removed_id":"v3:WNN-rPtaIVtopqbCIZvJuXyVIoytPlnbtw05ZIgbxIWupvr7I7ceTg","was_in_list":true,"remaining_count":0,"call_log_id":614} 
[2026-04-04 06:04:02] production.INFO: All admin legs failed — triggering voicemail {"incoming_call_control_id":"v3:2bIGXSDSUIZ7I7Vh9tenOHDtQ6AQr8l5qUsq6z896hLU9ZYmE25yHQ","call_log_id":614} 
[2026-04-04 06:04:02] production.INFO: Playing voicemail IVR menu {"call_control_id":"v3:2bIGXSDSUIZ7I7Vh9tenOHDtQ6AQr8l5qUsq6z896hLU9ZYmE25yHQ","call_log_id":614,"ivr_prompt":"GS Construction is not available right now. Press 2 to send a text on your behalf so the GS Crew knows to call you back ASAP. Stay on the line to leave a voicemail.","is_known_caller":false} 
[2026-04-04 06:04:02] production.INFO: Call command sent: gather_using_speak {"call_control_id":"v3:2bIGXSDSUIZ7I7Vh9tenOHDtQ6AQr8l5qUsq6z896hLU9ZYmE25yHQ","result":"ok"} 
[2026-04-04 06:04:23] production.INFO: Telnyx voice webhook received {"event_type":"call.playback.ended","call_control_id":"v3:2bIGXSDSUIZ7I7Vh9tenOHDtQ6AQr8l5qUsq6z896hLU9ZYmE25yHQ","direction":null} 
[2026-04-04 06:04:23] production.INFO: Playback ended (non-ringback) {"call_control_id":"v3:2bIGXSDSUIZ7I7Vh9tenOHDtQ6AQr8l5qUsq6z896hLU9ZYmE25yHQ","action":"voicemail_ivr_menu"} 
[2026-04-04 06:04:28] production.INFO: Telnyx voice webhook received {"event_type":"call.gather.ended","call_control_id":"v3:2bIGXSDSUIZ7I7Vh9tenOHDtQ6AQr8l5qUsq6z896hLU9ZYmE25yHQ","direction":null} 
[2026-04-04 06:04:28] production.INFO: IVR gather ended {"call_control_id":"v3:2bIGXSDSUIZ7I7Vh9tenOHDtQ6AQr8l5qUsq6z896hLU9ZYmE25yHQ","digits":"","call_log_id":614} 
[2026-04-04 06:04:28] production.INFO: IVR: no digit pressed — playing voicemail greeting {"call_control_id":"v3:2bIGXSDSUIZ7I7Vh9tenOHDtQ6AQr8l5qUsq6z896hLU9ZYmE25yHQ"} 
[2026-04-04 06:04:28] production.INFO: Call command sent: speak {"call_control_id":"v3:2bIGXSDSUIZ7I7Vh9tenOHDtQ6AQr8l5qUsq6z896hLU9ZYmE25yHQ","result":"ok"} 
[2026-04-04 06:04:29] production.INFO: Telnyx voice webhook received {"event_type":"call.speak.started","call_control_id":"v3:2bIGXSDSUIZ7I7Vh9tenOHDtQ6AQr8l5qUsq6z896hLU9ZYmE25yHQ","direction":null} 
[2026-04-04 06:04:29] production.INFO: TTS speak started {"call_control_id":"v3:2bIGXSDSUIZ7I7Vh9tenOHDtQ6AQr8l5qUsq6z896hLU9ZYmE25yHQ"} 
[2026-04-04 06:04:36] production.INFO: Telnyx voice webhook received {"event_type":"call.speak.ended","call_control_id":"v3:2bIGXSDSUIZ7I7Vh9tenOHDtQ6AQr8l5qUsq6z896hLU9ZYmE25yHQ","direction":null} 
[2026-04-04 06:04:36] production.INFO: handleCallSpeakEnded ENTRY {"call_control_id":"v3:2bIGXSDSUIZ7I7Vh9tenOHDtQ6AQr8l5qUsq6z896hLU9ZYmE25yHQ","action":"voicemail_prompt_done","client_state":{"action":"voicemail_prompt_done","call_log_id":614},"client_state_raw_present":true} 
[2026-04-04 06:04:36] production.INFO: Voicemail prompt done — starting recording {"call_control_id":"v3:2bIGXSDSUIZ7I7Vh9tenOHDtQ6AQr8l5qUsq6z896hLU9ZYmE25yHQ"} 
[2026-04-04 06:04:36] production.INFO: Telnyx voice webhook received {"event_type":"call.hangup","call_control_id":"v3:2bIGXSDSUIZ7I7Vh9tenOHDtQ6AQr8l5qUsq6z896hLU9ZYmE25yHQ","direction":null} 
[2026-04-04 06:04:36] production.INFO: Call ended {"call_control_id":"v3:2bIGXSDSUIZ7I7Vh9tenOHDtQ6AQr8l5qUsq6z896hLU9ZYmE25yHQ","status":"missed","hangup_cause":"normal_clearing","duration":50.648321} 
[2026-04-04 06:04:36] production.ERROR: Call command failed: record_start {"call_control_id":"v3:2bIGXSDSUIZ7I7Vh9tenOHDtQ6AQr8l5qUsq6z896hLU9ZYmE25yHQ","status":422,"error":{"errors":[{"code":"90018","title":"Call has already ended","detail":"This call is no longer active and can't receive commands."}]}} 
[2026-04-04 06:04:40] production.INFO: Telnyx voice webhook received {"event_type":"call.initiated","call_control_id":"v3:dIP7yrNdRsYAYfHjxSoK2PrrgJoeCa6ZXgpmr0HTJGVHWDALeFaRRg","direction":"incoming"} 
[2026-04-04 06:04:40] production.WARNING: ipqualityscore lookup failed {"phone":"+18472123894","message":"You have insufficient credits to make this query. Please contact IPQualityScore support if this error persists."} 
[2026-04-04 06:04:40] production.INFO: Incoming call - answering {"call_control_id":"v3:dIP7yrNdRsYAYfHjxSoK2PrrgJoeCa6ZXgpmr0HTJGVHWDALeFaRRg","from":"+18472123894","to":"+12247354200","caller_user_id":null,"caller_name":"GRZEGORZ SZADY"} 
[2026-04-04 06:04:40] production.INFO: Call command sent: answer {"call_control_id":"v3:dIP7yrNdRsYAYfHjxSoK2PrrgJoeCa6ZXgpmr0HTJGVHWDALeFaRRg","result":"ok"} 
[2026-04-04 06:04:41] production.INFO: Telnyx voice webhook received {"event_type":"call.answered","call_control_id":"v3:dIP7yrNdRsYAYfHjxSoK2PrrgJoeCa6ZXgpmr0HTJGVHWDALeFaRRg","direction":null} 
[2026-04-04 06:04:41] production.INFO: Playing welcome TTS and dialing admins simultaneously {"call_control_id":"v3:dIP7yrNdRsYAYfHjxSoK2PrrgJoeCa6ZXgpmr0HTJGVHWDALeFaRRg","tts":"Good evening! Thanks for calling GS Construction. One moment while we connect you to the GS Crew."} 
[2026-04-04 06:04:41] production.INFO: Call command sent: speak {"call_control_id":"v3:dIP7yrNdRsYAYfHjxSoK2PrrgJoeCa6ZXgpmr0HTJGVHWDALeFaRRg","result":"ok"} 
[2026-04-04 06:04:41] production.INFO: Dialed admin {"admin_user_id":1,"admin_name":"Patryk Szady","phone":"+12249993880","admin_call_control_id":"v3:PKHaGwdg3EbkscKzFB8Mi1T5LQFZdO994OU-lBjHCA2GQyjmCyPPqQ"} 
[2026-04-04 06:04:41] production.INFO: Telnyx voice webhook received {"event_type":"call.initiated","call_control_id":"v3:PKHaGwdg3EbkscKzFB8Mi1T5LQFZdO994OU-lBjHCA2GQyjmCyPPqQ","direction":"outgoing"} 
[2026-04-04 06:04:41] production.INFO: Outbound call initiated {"call_control_id":"v3:PKHaGwdg3EbkscKzFB8Mi1T5LQFZdO994OU-lBjHCA2GQyjmCyPPqQ","to":"+12249993880"} 
[2026-04-04 06:04:41] production.INFO: Telnyx voice webhook received {"event_type":"call.speak.started","call_control_id":"v3:dIP7yrNdRsYAYfHjxSoK2PrrgJoeCa6ZXgpmr0HTJGVHWDALeFaRRg","direction":null} 
[2026-04-04 06:04:41] production.INFO: TTS speak started {"call_control_id":"v3:dIP7yrNdRsYAYfHjxSoK2PrrgJoeCa6ZXgpmr0HTJGVHWDALeFaRRg"} 
[2026-04-04 06:04:42] production.DEBUG: Push notification delivered {"endpoint":"https://web.push.apple.com/QDkJcfxcMRPW4uLNUaYZ21nDUMJHCJ-cyja1FMQcNEv6qKbL-ec_s…","status":201} 
[2026-04-04 06:04:42] production.DEBUG: Push notification delivered {"endpoint":"https://fcm.googleapis.com/fcm/send/cYR-NIq4nms:APA91bEppjWa7ZIrYxviNuWljHyZ7qnu…","status":201} 
[2026-04-04 06:04:48] production.INFO: Telnyx voice webhook received {"event_type":"call.speak.ended","call_control_id":"v3:dIP7yrNdRsYAYfHjxSoK2PrrgJoeCa6ZXgpmr0HTJGVHWDALeFaRRg","direction":null} 
[2026-04-04 06:04:48] production.INFO: handleCallSpeakEnded ENTRY {"call_control_id":"v3:dIP7yrNdRsYAYfHjxSoK2PrrgJoeCa6ZXgpmr0HTJGVHWDALeFaRRg","action":"welcome_done","client_state":{"action":"welcome_done","call_log_id":615,"original_caller":"+18472123894"},"client_state_raw_present":true} 
[2026-04-04 06:04:48] production.INFO: TTS completed — no admin answered yet, playing ringback {"call_control_id":"v3:dIP7yrNdRsYAYfHjxSoK2PrrgJoeCa6ZXgpmr0HTJGVHWDALeFaRRg","call_log_id":615} 
[2026-04-04 06:04:48] production.INFO: Call command sent: playback_start {"call_control_id":"v3:dIP7yrNdRsYAYfHjxSoK2PrrgJoeCa6ZXgpmr0HTJGVHWDALeFaRRg","result":"ok"} 
[2026-04-04 06:04:49] production.INFO: Telnyx voice webhook received {"event_type":"call.playback.started","call_control_id":"v3:dIP7yrNdRsYAYfHjxSoK2PrrgJoeCa6ZXgpmr0HTJGVHWDALeFaRRg","direction":null} 
[2026-04-04 06:04:49] production.INFO: Unhandled voice event {"event_type":"call.playback.started"} 
[2026-04-04 06:04:50] production.INFO: Telnyx voice webhook received {"event_type":"call.answered","call_control_id":"v3:PKHaGwdg3EbkscKzFB8Mi1T5LQFZdO994OU-lBjHCA2GQyjmCyPPqQ","direction":null} 
[2026-04-04 06:04:50] production.INFO: Admin answered — playing DTMF screen {"admin_call_control_id":"v3:PKHaGwdg3EbkscKzFB8Mi1T5LQFZdO994OU-lBjHCA2GQyjmCyPPqQ","incoming_call_control_id":"v3:dIP7yrNdRsYAYfHjxSoK2PrrgJoeCa6ZXgpmr0HTJGVHWDALeFaRRg","call_log_id":615,"admin_user_id":1} 
[2026-04-04 06:04:51] production.INFO: Call command sent: gather_using_speak {"call_control_id":"v3:PKHaGwdg3EbkscKzFB8Mi1T5LQFZdO994OU-lBjHCA2GQyjmCyPPqQ","result":"ok"} 
[2026-04-04 06:04:51] production.INFO: Telnyx voice webhook received {"event_type":"call.gather.ended","call_control_id":"v3:PKHaGwdg3EbkscKzFB8Mi1T5LQFZdO994OU-lBjHCA2GQyjmCyPPqQ","direction":null} 
[2026-04-04 06:04:51] production.INFO: Admin screen timeout (no keypress) — hanging up {"call_control_id":"v3:PKHaGwdg3EbkscKzFB8Mi1T5LQFZdO994OU-lBjHCA2GQyjmCyPPqQ","call_log_id":615} 
[2026-04-04 06:04:51] production.INFO: Call command sent: hangup {"call_control_id":"v3:PKHaGwdg3EbkscKzFB8Mi1T5LQFZdO994OU-lBjHCA2GQyjmCyPPqQ","result":"ok"} 
[2026-04-04 06:04:51] production.INFO: Telnyx voice webhook received {"event_type":"call.hangup","call_control_id":"v3:PKHaGwdg3EbkscKzFB8Mi1T5LQFZdO994OU-lBjHCA2GQyjmCyPPqQ","direction":null} 
[2026-04-04 06:04:51] production.INFO: Admin ring leg hung up {"admin_call_control_id":"v3:PKHaGwdg3EbkscKzFB8Mi1T5LQFZdO994OU-lBjHCA2GQyjmCyPPqQ","hangup_cause":"normal_clearing","call_log_id":615,"incoming_call_control_id":"v3:dIP7yrNdRsYAYfHjxSoK2PrrgJoeCa6ZXgpmr0HTJGVHWDALeFaRRg"} 
[2026-04-04 06:04:52] production.INFO: Admin removed from pending list {"removed_id":"v3:PKHaGwdg3EbkscKzFB8Mi1T5LQFZdO994OU-lBjHCA2GQyjmCyPPqQ","was_in_list":true,"remaining_count":0,"call_log_id":615} 
[2026-04-04 06:04:52] production.INFO: All admin legs failed — triggering voicemail {"incoming_call_control_id":"v3:dIP7yrNdRsYAYfHjxSoK2PrrgJoeCa6ZXgpmr0HTJGVHWDALeFaRRg","call_log_id":615} 
[2026-04-04 06:04:52] production.INFO: Playing voicemail IVR menu {"call_control_id":"v3:dIP7yrNdRsYAYfHjxSoK2PrrgJoeCa6ZXgpmr0HTJGVHWDALeFaRRg","call_log_id":615,"ivr_prompt":"GS Construction is not available right now. Press 2 to send a text on your behalf so the GS Crew knows to call you back ASAP. Stay on the line to leave a voicemail.","is_known_caller":false} 
[2026-04-04 06:04:52] production.INFO: Call command sent: gather_using_speak {"call_control_id":"v3:dIP7yrNdRsYAYfHjxSoK2PrrgJoeCa6ZXgpmr0HTJGVHWDALeFaRRg","result":"ok"} 
[2026-04-04 06:05:19] production.INFO: Telnyx voice webhook received {"event_type":"call.gather.ended","call_control_id":"v3:dIP7yrNdRsYAYfHjxSoK2PrrgJoeCa6ZXgpmr0HTJGVHWDALeFaRRg","direction":null} 
[2026-04-04 06:05:19] production.INFO: IVR gather ended {"call_control_id":"v3:dIP7yrNdRsYAYfHjxSoK2PrrgJoeCa6ZXgpmr0HTJGVHWDALeFaRRg","digits":"","call_log_id":615} 
[2026-04-04 06:05:19] production.INFO: IVR: no digit pressed — playing voicemail greeting {"call_control_id":"v3:dIP7yrNdRsYAYfHjxSoK2PrrgJoeCa6ZXgpmr0HTJGVHWDALeFaRRg"} 
[2026-04-04 06:05:19] production.INFO: Telnyx voice webhook received {"event_type":"call.playback.ended","call_control_id":"v3:dIP7yrNdRsYAYfHjxSoK2PrrgJoeCa6ZXgpmr0HTJGVHWDALeFaRRg","direction":null} 
[2026-04-04 06:05:19] production.INFO: Playback ended (non-ringback) {"call_control_id":"v3:dIP7yrNdRsYAYfHjxSoK2PrrgJoeCa6ZXgpmr0HTJGVHWDALeFaRRg","action":"voicemail_ivr_menu"} 
[2026-04-04 06:05:19] production.INFO: Call command sent: speak {"call_control_id":"v3:dIP7yrNdRsYAYfHjxSoK2PrrgJoeCa6ZXgpmr0HTJGVHWDALeFaRRg","result":"ok"} 
[2026-04-04 06:05:20] production.INFO: Telnyx voice webhook received {"event_type":"call.speak.started","call_control_id":"v3:dIP7yrNdRsYAYfHjxSoK2PrrgJoeCa6ZXgpmr0HTJGVHWDALeFaRRg","direction":null} 
[2026-04-04 06:05:20] production.INFO: TTS speak started {"call_control_id":"v3:dIP7yrNdRsYAYfHjxSoK2PrrgJoeCa6ZXgpmr0HTJGVHWDALeFaRRg"} 
[2026-04-04 06:05:26] production.INFO: Telnyx voice webhook received {"event_type":"call.hangup","call_control_id":"v3:dIP7yrNdRsYAYfHjxSoK2PrrgJoeCa6ZXgpmr0HTJGVHWDALeFaRRg","direction":null} 
[2026-04-04 06:05:26] production.INFO: Call ended {"call_control_id":"v3:dIP7yrNdRsYAYfHjxSoK2PrrgJoeCa6ZXgpmr0HTJGVHWDALeFaRRg","status":"missed","hangup_cause":"normal_clearing","duration":45.749889} 
[2026-04-04 06:05:27] production.INFO: Telnyx voice webhook received {"event_type":"call.speak.ended","call_control_id":"v3:dIP7yrNdRsYAYfHjxSoK2PrrgJoeCa6ZXgpmr0HTJGVHWDALeFaRRg","direction":null} 
[2026-04-04 06:05:27] production.INFO: handleCallSpeakEnded ENTRY {"call_control_id":"v3:dIP7yrNdRsYAYfHjxSoK2PrrgJoeCa6ZXgpmr0HTJGVHWDALeFaRRg","action":"voicemail_prompt_done","client_state":{"action":"voicemail_prompt_done","call_log_id":615},"client_state_raw_present":true} 
[2026-04-04 06:05:27] production.INFO: Voicemail prompt done — starting recording {"call_control_id":"v3:dIP7yrNdRsYAYfHjxSoK2PrrgJoeCa6ZXgpmr0HTJGVHWDALeFaRRg"} 
[2026-04-04 06:05:27] production.ERROR: Call command failed: record_start {"call_control_id":"v3:dIP7yrNdRsYAYfHjxSoK2PrrgJoeCa6ZXgpmr0HTJGVHWDALeFaRRg","status":422,"error":{"errors":[{"code":"90018","title":"Call has already ended","detail":"This call is no longer active and can't receive commands."}]}} 
