[2026-05-05 00:18:43] production.INFO: Telnyx voice webhook received {"event_type":"call.initiated","call_control_id":"v3:EKcBwcIpkQYb-0JeFOMTCjr-RXQ8GeId_6HpztWTl_pxe6adnTMv7Q","direction":"incoming"} 
[2026-05-05 00:18:44] production.INFO: Incoming call - answering {"call_control_id":"v3:EKcBwcIpkQYb-0JeFOMTCjr-RXQ8GeId_6HpztWTl_pxe6adnTMv7Q","from":"+18472123894","to":"+12247354200","caller_user_id":null,"caller_name":"GRZEGORZ SZADY"} 
[2026-05-05 00:18:44] production.INFO: Call command sent: answer {"call_control_id":"v3:EKcBwcIpkQYb-0JeFOMTCjr-RXQ8GeId_6HpztWTl_pxe6adnTMv7Q","result":"ok"} 
[2026-05-05 00:18:44] production.INFO: Telnyx voice webhook received {"event_type":"call.answered","call_control_id":"v3:EKcBwcIpkQYb-0JeFOMTCjr-RXQ8GeId_6HpztWTl_pxe6adnTMv7Q","direction":null} 
[2026-05-05 00:18:44] production.INFO: Playing welcome TTS and dialing admins simultaneously {"call_control_id":"v3:EKcBwcIpkQYb-0JeFOMTCjr-RXQ8GeId_6HpztWTl_pxe6adnTMv7Q","tts":"Good evening! Thanks for calling GS Construction. One moment while we connect you to the GS Crew."} 
[2026-05-05 00:18:44] production.INFO: Call command sent: speak {"call_control_id":"v3:EKcBwcIpkQYb-0JeFOMTCjr-RXQ8GeId_6HpztWTl_pxe6adnTMv7Q","result":"ok"} 
[2026-05-05 00:18:45] production.DEBUG: Push notification delivered {"endpoint":"https://web.push.apple.com/QDkJcfxcMRPW4uLNUaYZ21nDUMJHCJ-cyja1FMQcNEv6qKbL-ec_s…","status":201} 
[2026-05-05 00:18:45] production.DEBUG: Push notification delivered {"endpoint":"https://fcm.googleapis.com/fcm/send/cYR-NIq4nms:APA91bEppjWa7ZIrYxviNuWljHyZ7qnu…","status":201} 
[2026-05-05 00:18:45] production.DEBUG: Push notification delivered {"endpoint":"https://wns2-by3p.notify.windows.com/w/?token=BQYAAACU%2bKDb9Gyej4KtbEbQJBisasbB…","status":201,"wns_status":"received","wns_msg_id":"76C6B9804730B589","wns_debug":"BY3PEPF0001AB00","content_encoding":"aes128gcm","response_body":""} 
[2026-05-05 00:18:45] production.ERROR: Failed to dial admin {"admin_user_id":1,"phone":"+12249993880","error":{"data":{"call_control_id":"v3:cGlkRcx4SnGftRi2NIJS-gsr3fkK_nS0kWrHCl4hyVXcsDkB84Znvw"},"errors":[{"code":10010,"title":null,"detail":"Unverified origination number D51. The source number is a non-Telnyx number that has not been verified."}],"telnyx_error":{"error_code":"D51"}}} 
[2026-05-05 00:18:45] production.ERROR: Failed to dial any admins — triggering voicemail  
[2026-05-05 00:18:45] production.INFO: Playing voicemail IVR menu {"call_control_id":"v3:EKcBwcIpkQYb-0JeFOMTCjr-RXQ8GeId_6HpztWTl_pxe6adnTMv7Q","call_log_id":897,"ivr_prompt":"GS Construction is not available right now. Press 2 to send a text on your behalf so the GS Crew knows to call you back ASAP. Stay on the line to leave a voicemail.","is_known_caller":false} 
[2026-05-05 00:18:45] production.INFO: Call command sent: gather_using_speak {"call_control_id":"v3:EKcBwcIpkQYb-0JeFOMTCjr-RXQ8GeId_6HpztWTl_pxe6adnTMv7Q","result":"ok"} 
[2026-05-05 00:18:45] production.INFO: Telnyx voice webhook received {"event_type":"call.speak.started","call_control_id":"v3:EKcBwcIpkQYb-0JeFOMTCjr-RXQ8GeId_6HpztWTl_pxe6adnTMv7Q","direction":null} 
[2026-05-05 00:18:45] production.INFO: TTS speak started {"call_control_id":"v3:EKcBwcIpkQYb-0JeFOMTCjr-RXQ8GeId_6HpztWTl_pxe6adnTMv7Q"} 
[2026-05-05 00:18:58] production.INFO: Telnyx voice webhook received {"event_type":"call.speak.ended","call_control_id":"v3:EKcBwcIpkQYb-0JeFOMTCjr-RXQ8GeId_6HpztWTl_pxe6adnTMv7Q","direction":null} 
[2026-05-05 00:18:58] production.INFO: handleCallSpeakEnded ENTRY {"call_control_id":"v3:EKcBwcIpkQYb-0JeFOMTCjr-RXQ8GeId_6HpztWTl_pxe6adnTMv7Q","action":"voicemail_ivr_menu","client_state":{"action":"voicemail_ivr_menu","call_log_id":897,"original_caller":"+18472123894","is_known_caller":false,"retry_count":0},"client_state_raw_present":true} 
[2026-05-05 00:18:58] production.INFO: Telnyx voice webhook received {"event_type":"call.hangup","call_control_id":"v3:EKcBwcIpkQYb-0JeFOMTCjr-RXQ8GeId_6HpztWTl_pxe6adnTMv7Q","direction":null} 
[2026-05-05 00:18:58] production.INFO: Call ended {"call_control_id":"v3:EKcBwcIpkQYb-0JeFOMTCjr-RXQ8GeId_6HpztWTl_pxe6adnTMv7Q","status":"missed","hangup_cause":"normal_clearing","duration":14.173737} 
[2026-05-05 00:19:16] production.INFO: Telnyx voice webhook received {"event_type":"call.speak.failed","call_control_id":"v3:EKcBwcIpkQYb-0JeFOMTCjr-RXQ8GeId_6HpztWTl_pxe6adnTMv7Q","direction":null} 
[2026-05-05 00:19:16] production.INFO: Unhandled voice event {"event_type":"call.speak.failed"} 
[2026-05-05 00:19:44] production.INFO: Click-to-call initiated from Calls tab {"call_log_id":898,"user_phone":"+12249993880","target_phone":"+18472123894"} 
[2026-05-05 00:19:44] production.INFO: Telnyx voice webhook received {"event_type":"call.initiated","call_control_id":"v3:iX6WZPySXt2QpHsMjgV0CQD0Sdc3Xsk0e1c2LkBXUizx5xmLwtJUIQ","direction":"outgoing"} 
[2026-05-05 00:19:44] production.INFO: Outbound call initiated {"call_control_id":"v3:iX6WZPySXt2QpHsMjgV0CQD0Sdc3Xsk0e1c2LkBXUizx5xmLwtJUIQ","to":"+12249993880"} 
[2026-05-05 00:19:47] production.INFO: Telnyx voice webhook received {"event_type":"call.answered","call_control_id":"v3:iX6WZPySXt2QpHsMjgV0CQD0Sdc3Xsk0e1c2LkBXUizx5xmLwtJUIQ","direction":null} 
[2026-05-05 00:19:47] production.INFO: Click-to-call: user answered → playing ringback and dialing target {"call_control_id":"v3:iX6WZPySXt2QpHsMjgV0CQD0Sdc3Xsk0e1c2LkBXUizx5xmLwtJUIQ","target_phone":"+18472123894","call_log_id":898} 
[2026-05-05 00:19:47] production.INFO: Call command sent: playback_start {"call_control_id":"v3:iX6WZPySXt2QpHsMjgV0CQD0Sdc3Xsk0e1c2LkBXUizx5xmLwtJUIQ","result":"ok"} 
[2026-05-05 00:19:47] production.INFO: Click-to-call: target dialed {"target_phone":"+18472123894","target_call_control_id":"v3:4FexkpqBjcsNl44Z-F4Gczke8fOkiXhQVjoNEJRCG9sXWD2KKXfi7A"} 
[2026-05-05 00:19:47] production.INFO: Telnyx voice webhook received {"event_type":"call.playback.started","call_control_id":"v3:iX6WZPySXt2QpHsMjgV0CQD0Sdc3Xsk0e1c2LkBXUizx5xmLwtJUIQ","direction":null} 
[2026-05-05 00:19:47] production.INFO: Unhandled voice event {"event_type":"call.playback.started"} 
[2026-05-05 00:19:47] production.INFO: Telnyx voice webhook received {"event_type":"call.initiated","call_control_id":"v3:4FexkpqBjcsNl44Z-F4Gczke8fOkiXhQVjoNEJRCG9sXWD2KKXfi7A","direction":"outgoing"} 
[2026-05-05 00:19:47] production.INFO: Outbound call initiated {"call_control_id":"v3:4FexkpqBjcsNl44Z-F4Gczke8fOkiXhQVjoNEJRCG9sXWD2KKXfi7A","to":"+18472123894"} 
[2026-05-05 00:19:52] production.INFO: Telnyx voice webhook received {"event_type":"call.answered","call_control_id":"v3:4FexkpqBjcsNl44Z-F4Gczke8fOkiXhQVjoNEJRCG9sXWD2KKXfi7A","direction":null} 
[2026-05-05 00:19:52] production.INFO: Click-to-call: target answered — bridging immediately {"target_call_control_id":"v3:4FexkpqBjcsNl44Z-F4Gczke8fOkiXhQVjoNEJRCG9sXWD2KKXfi7A","user_call_control_id":"v3:iX6WZPySXt2QpHsMjgV0CQD0Sdc3Xsk0e1c2LkBXUizx5xmLwtJUIQ","call_log_id":898} 
[2026-05-05 00:19:52] production.INFO: Calls bridged successfully {"call_control_id_a":"v3:4FexkpqBjcsNl44Z-F4Gczke8fOkiXhQVjoNEJRCG9sXWD2KKXfi7A","call_control_id_b":"v3:iX6WZPySXt2QpHsMjgV0CQD0Sdc3Xsk0e1c2LkBXUizx5xmLwtJUIQ"} 
[2026-05-05 00:19:52] production.INFO: Telnyx voice webhook received {"event_type":"call.playback.ended","call_control_id":"v3:iX6WZPySXt2QpHsMjgV0CQD0Sdc3Xsk0e1c2LkBXUizx5xmLwtJUIQ","direction":null} 
[2026-05-05 00:19:52] production.INFO: Telnyx voice webhook received {"event_type":"call.bridged","call_control_id":"v3:4FexkpqBjcsNl44Z-F4Gczke8fOkiXhQVjoNEJRCG9sXWD2KKXfi7A","direction":null} 
[2026-05-05 00:19:52] production.INFO: Call bridged {"call_control_id":"v3:4FexkpqBjcsNl44Z-F4Gczke8fOkiXhQVjoNEJRCG9sXWD2KKXfi7A","call_session_id":"1fcfbd78-4818-11f1-89d8-02420aefe3d3"} 
[2026-05-05 00:19:52] production.INFO: Telnyx voice webhook received {"event_type":"call.bridged","call_control_id":"v3:iX6WZPySXt2QpHsMjgV0CQD0Sdc3Xsk0e1c2LkBXUizx5xmLwtJUIQ","direction":null} 
[2026-05-05 00:19:52] production.INFO: Call bridged {"call_control_id":"v3:iX6WZPySXt2QpHsMjgV0CQD0Sdc3Xsk0e1c2LkBXUizx5xmLwtJUIQ","call_session_id":"1dd0ea10-4818-11f1-a3d7-02420aefe3f3"} 
[2026-05-05 00:19:57] production.INFO: Telnyx voice webhook received {"event_type":"call.machine.premium.detection.ended","call_control_id":"v3:4FexkpqBjcsNl44Z-F4Gczke8fOkiXhQVjoNEJRCG9sXWD2KKXfi7A","direction":null} 
[2026-05-05 00:19:57] production.INFO: AMD ended {"call_control_id":"v3:4FexkpqBjcsNl44Z-F4Gczke8fOkiXhQVjoNEJRCG9sXWD2KKXfi7A","result":"not_sure","action":"click_to_call_target_ring"} 
[2026-05-05 00:20:00] production.INFO: Telnyx voice webhook received {"event_type":"call.hangup","call_control_id":"v3:4FexkpqBjcsNl44Z-F4Gczke8fOkiXhQVjoNEJRCG9sXWD2KKXfi7A","direction":null} 
[2026-05-05 00:20:00] production.INFO: Click-to-call: target hung up after connected call {"call_control_id":"v3:4FexkpqBjcsNl44Z-F4Gczke8fOkiXhQVjoNEJRCG9sXWD2KKXfi7A","hangup_cause":"normal_clearing","call_log_id":898,"duration":13.618943} 
[2026-05-05 00:20:00] production.INFO: Telnyx voice webhook received {"event_type":"call.hangup","call_control_id":"v3:iX6WZPySXt2QpHsMjgV0CQD0Sdc3Xsk0e1c2LkBXUizx5xmLwtJUIQ","direction":null} 
[2026-05-05 00:20:00] production.INFO: Click-to-call user leg ended {"call_control_id":"v3:iX6WZPySXt2QpHsMjgV0CQD0Sdc3Xsk0e1c2LkBXUizx5xmLwtJUIQ","action":"click_to_call_waiting","status":"completed","call_log_id":898,"hangup_cause":"normal_clearing"} 
[2026-05-05 00:20:12] production.INFO: Telnyx voice webhook received {"event_type":"call.initiated","call_control_id":"v3:u_shG_9LK7sGtV_gNIkj_W8vP-mn04ZGKsh_0HtnJnUpTaFdT-N10A","direction":"incoming"} 
[2026-05-05 00:20:12] production.INFO: Incoming call - answering {"call_control_id":"v3:u_shG_9LK7sGtV_gNIkj_W8vP-mn04ZGKsh_0HtnJnUpTaFdT-N10A","from":"+18472123894","to":"+12247354200","caller_user_id":null,"caller_name":"GRZEGORZ SZADY"} 
[2026-05-05 00:20:13] production.INFO: Call command sent: answer {"call_control_id":"v3:u_shG_9LK7sGtV_gNIkj_W8vP-mn04ZGKsh_0HtnJnUpTaFdT-N10A","result":"ok"} 
[2026-05-05 00:20:13] production.INFO: Telnyx voice webhook received {"event_type":"call.answered","call_control_id":"v3:u_shG_9LK7sGtV_gNIkj_W8vP-mn04ZGKsh_0HtnJnUpTaFdT-N10A","direction":null} 
[2026-05-05 00:20:13] production.INFO: Playing welcome TTS and dialing admins simultaneously {"call_control_id":"v3:u_shG_9LK7sGtV_gNIkj_W8vP-mn04ZGKsh_0HtnJnUpTaFdT-N10A","tts":"Good evening! Thanks for calling GS Construction. One moment while we connect you to the GS Crew."} 
[2026-05-05 00:20:13] production.INFO: Call command sent: speak {"call_control_id":"v3:u_shG_9LK7sGtV_gNIkj_W8vP-mn04ZGKsh_0HtnJnUpTaFdT-N10A","result":"ok"} 
[2026-05-05 00:20:14] production.ERROR: Failed to dial admin {"admin_user_id":1,"phone":"+12249993880","error":{"data":{"call_control_id":"v3:1KQciqmb59k2jYZzfCtC6456iRTgMHgT7XK63UXeofdkb8S-I6vL-Q"},"errors":[{"code":10010,"title":null,"detail":"Unverified origination number D51. The source number is a non-Telnyx number that has not been verified."}],"telnyx_error":{"error_code":"D51"}}} 
[2026-05-05 00:20:14] production.ERROR: Failed to dial any admins — triggering voicemail  
[2026-05-05 00:20:14] production.INFO: Playing voicemail IVR menu {"call_control_id":"v3:u_shG_9LK7sGtV_gNIkj_W8vP-mn04ZGKsh_0HtnJnUpTaFdT-N10A","call_log_id":899,"ivr_prompt":"GS Construction is not available right now. Press 2 to send a text on your behalf so the GS Crew knows to call you back ASAP. Stay on the line to leave a voicemail.","is_known_caller":false} 
[2026-05-05 00:20:14] production.INFO: Call command sent: gather_using_speak {"call_control_id":"v3:u_shG_9LK7sGtV_gNIkj_W8vP-mn04ZGKsh_0HtnJnUpTaFdT-N10A","result":"ok"} 
[2026-05-05 00:20:14] production.DEBUG: Push notification delivered {"endpoint":"https://web.push.apple.com/QDkJcfxcMRPW4uLNUaYZ21nDUMJHCJ-cyja1FMQcNEv6qKbL-ec_s…","status":201} 
[2026-05-05 00:20:14] production.DEBUG: Push notification delivered {"endpoint":"https://fcm.googleapis.com/fcm/send/cYR-NIq4nms:APA91bEppjWa7ZIrYxviNuWljHyZ7qnu…","status":201} 
[2026-05-05 00:20:14] production.DEBUG: Push notification delivered {"endpoint":"https://wns2-by3p.notify.windows.com/w/?token=BQYAAACU%2bKDb9Gyej4KtbEbQJBisasbB…","status":201,"wns_status":"received","wns_msg_id":"5F16B84B33AD1AC6","wns_debug":"BY3PEPF00028CF5","content_encoding":"aes128gcm","response_body":""} 
[2026-05-05 00:20:16] production.INFO: Telnyx voice webhook received {"event_type":"call.speak.started","call_control_id":"v3:u_shG_9LK7sGtV_gNIkj_W8vP-mn04ZGKsh_0HtnJnUpTaFdT-N10A","direction":null} 
[2026-05-05 00:20:16] production.INFO: TTS speak started {"call_control_id":"v3:u_shG_9LK7sGtV_gNIkj_W8vP-mn04ZGKsh_0HtnJnUpTaFdT-N10A"} 
[2026-05-05 00:20:22] production.INFO: Telnyx voice webhook received {"event_type":"call.speak.ended","call_control_id":"v3:u_shG_9LK7sGtV_gNIkj_W8vP-mn04ZGKsh_0HtnJnUpTaFdT-N10A","direction":null} 
[2026-05-05 00:20:22] production.INFO: handleCallSpeakEnded ENTRY {"call_control_id":"v3:u_shG_9LK7sGtV_gNIkj_W8vP-mn04ZGKsh_0HtnJnUpTaFdT-N10A","action":"voicemail_ivr_menu","client_state":{"action":"voicemail_ivr_menu","call_log_id":899,"original_caller":"+18472123894","is_known_caller":false,"retry_count":0},"client_state_raw_present":true} 
[2026-05-05 00:20:23] production.INFO: Telnyx voice webhook received {"event_type":"call.gather.ended","call_control_id":"v3:u_shG_9LK7sGtV_gNIkj_W8vP-mn04ZGKsh_0HtnJnUpTaFdT-N10A","direction":null} 
[2026-05-05 00:20:23] production.INFO: IVR gather ended {"call_control_id":"v3:u_shG_9LK7sGtV_gNIkj_W8vP-mn04ZGKsh_0HtnJnUpTaFdT-N10A","digits":"","call_log_id":899} 
[2026-05-05 00:20:23] production.INFO: IVR: no digit pressed — retrying IVR menu (TTS may not have played) {"call_control_id":"v3:u_shG_9LK7sGtV_gNIkj_W8vP-mn04ZGKsh_0HtnJnUpTaFdT-N10A","retry_count":0,"call_log_id":899} 
[2026-05-05 00:20:23] production.INFO: Playing voicemail IVR menu {"call_control_id":"v3:u_shG_9LK7sGtV_gNIkj_W8vP-mn04ZGKsh_0HtnJnUpTaFdT-N10A","call_log_id":899,"ivr_prompt":"GS Construction is not available right now. Press 2 to send a text on your behalf so the GS Crew knows to call you back ASAP. Stay on the line to leave a voicemail.","is_known_caller":false} 
[2026-05-05 00:20:23] production.INFO: Call command sent: gather_using_speak {"call_control_id":"v3:u_shG_9LK7sGtV_gNIkj_W8vP-mn04ZGKsh_0HtnJnUpTaFdT-N10A","result":"ok"} 
[2026-05-05 00:20:24] production.INFO: Telnyx voice webhook received {"event_type":"call.speak.started","call_control_id":"v3:u_shG_9LK7sGtV_gNIkj_W8vP-mn04ZGKsh_0HtnJnUpTaFdT-N10A","direction":null} 
[2026-05-05 00:20:24] production.INFO: TTS speak started {"call_control_id":"v3:u_shG_9LK7sGtV_gNIkj_W8vP-mn04ZGKsh_0HtnJnUpTaFdT-N10A"} 
[2026-05-05 00:20:26] production.INFO: Telnyx voice webhook received {"event_type":"call.gather.ended","call_control_id":"v3:u_shG_9LK7sGtV_gNIkj_W8vP-mn04ZGKsh_0HtnJnUpTaFdT-N10A","direction":null} 
[2026-05-05 00:20:26] production.INFO: Telnyx voice webhook received {"event_type":"call.speak.ended","call_control_id":"v3:u_shG_9LK7sGtV_gNIkj_W8vP-mn04ZGKsh_0HtnJnUpTaFdT-N10A","direction":null} 
[2026-05-05 00:20:26] production.INFO: handleCallSpeakEnded ENTRY {"call_control_id":"v3:u_shG_9LK7sGtV_gNIkj_W8vP-mn04ZGKsh_0HtnJnUpTaFdT-N10A","action":"voicemail_ivr_menu","client_state":{"action":"voicemail_ivr_menu","call_log_id":899,"original_caller":"+18472123894","is_known_caller":false,"retry_count":1},"client_state_raw_present":true} 
[2026-05-05 00:20:26] production.INFO: IVR gather ended {"call_control_id":"v3:u_shG_9LK7sGtV_gNIkj_W8vP-mn04ZGKsh_0HtnJnUpTaFdT-N10A","digits":"","call_log_id":899} 
[2026-05-05 00:20:26] production.INFO: IVR: no digit pressed after retry — playing voicemail greeting {"call_control_id":"v3:u_shG_9LK7sGtV_gNIkj_W8vP-mn04ZGKsh_0HtnJnUpTaFdT-N10A","call_log_id":899} 
[2026-05-05 00:20:26] production.INFO: Telnyx voice webhook received {"event_type":"call.hangup","call_control_id":"v3:u_shG_9LK7sGtV_gNIkj_W8vP-mn04ZGKsh_0HtnJnUpTaFdT-N10A","direction":null} 
[2026-05-05 00:20:26] production.INFO: Call ended {"call_control_id":"v3:u_shG_9LK7sGtV_gNIkj_W8vP-mn04ZGKsh_0HtnJnUpTaFdT-N10A","status":"missed","hangup_cause":"normal_clearing","duration":13.292575000000001} 
[2026-05-05 00:20:26] production.ERROR: Call command failed: speak {"call_control_id":"v3:u_shG_9LK7sGtV_gNIkj_W8vP-mn04ZGKsh_0HtnJnUpTaFdT-N10A","status":422,"error":{"errors":[{"code":"90018","title":"Call has already ended","detail":"This call is no longer active and can't receive commands."}]}} 
[2026-05-05 00:27:42] production.INFO: Telnyx voice webhook received {"event_type":"call.initiated","call_control_id":"v3:YxpEYDp296gakTGh00GeGah4yS9W8UpVgzBC48-zwl_9OMQs6rzE0A","direction":"incoming"} 
[2026-05-05 00:27:42] production.INFO: Incoming call - answering {"call_control_id":"v3:YxpEYDp296gakTGh00GeGah4yS9W8UpVgzBC48-zwl_9OMQs6rzE0A","from":"+18472123894","to":"+12247354200","caller_user_id":null,"caller_name":"GRZEGORZ SZADY"} 
[2026-05-05 00:27:42] production.INFO: Call command sent: answer {"call_control_id":"v3:YxpEYDp296gakTGh00GeGah4yS9W8UpVgzBC48-zwl_9OMQs6rzE0A","result":"ok"} 
[2026-05-05 00:27:42] production.INFO: Telnyx voice webhook received {"event_type":"call.answered","call_control_id":"v3:YxpEYDp296gakTGh00GeGah4yS9W8UpVgzBC48-zwl_9OMQs6rzE0A","direction":null} 
[2026-05-05 00:27:42] production.INFO: Playing welcome TTS and dialing admins simultaneously {"call_control_id":"v3:YxpEYDp296gakTGh00GeGah4yS9W8UpVgzBC48-zwl_9OMQs6rzE0A","tts":"Good evening! Thanks for calling GS Construction. One moment while we connect you to the GS Crew."} 
[2026-05-05 00:27:43] production.INFO: Call command sent: speak {"call_control_id":"v3:YxpEYDp296gakTGh00GeGah4yS9W8UpVgzBC48-zwl_9OMQs6rzE0A","result":"ok"} 
[2026-05-05 00:27:43] production.INFO: Dialed admin {"admin_user_id":1,"admin_name":"Patryk Szady","phone":"+12249993880","admin_call_control_id":"v3:KX87tlVoMbd73_eEvfwQdeaSOnFfiwNVwKDsR-DTrPb_udaO3GZdhA"} 
[2026-05-05 00:27:43] production.INFO: Telnyx voice webhook received {"event_type":"call.speak.started","call_control_id":"v3:YxpEYDp296gakTGh00GeGah4yS9W8UpVgzBC48-zwl_9OMQs6rzE0A","direction":null} 
[2026-05-05 00:27:43] production.INFO: TTS speak started {"call_control_id":"v3:YxpEYDp296gakTGh00GeGah4yS9W8UpVgzBC48-zwl_9OMQs6rzE0A"} 
[2026-05-05 00:27:43] production.INFO: Telnyx voice webhook received {"event_type":"call.initiated","call_control_id":"v3:KX87tlVoMbd73_eEvfwQdeaSOnFfiwNVwKDsR-DTrPb_udaO3GZdhA","direction":"outgoing"} 
[2026-05-05 00:27:43] production.INFO: Outbound call initiated {"call_control_id":"v3:KX87tlVoMbd73_eEvfwQdeaSOnFfiwNVwKDsR-DTrPb_udaO3GZdhA","to":"+12249993880"} 
[2026-05-05 00:27:45] production.DEBUG: Push notification delivered {"endpoint":"https://web.push.apple.com/QDkJcfxcMRPW4uLNUaYZ21nDUMJHCJ-cyja1FMQcNEv6qKbL-ec_s…","status":201} 
[2026-05-05 00:27:45] production.DEBUG: Push notification delivered {"endpoint":"https://fcm.googleapis.com/fcm/send/cYR-NIq4nms:APA91bEppjWa7ZIrYxviNuWljHyZ7qnu…","status":201} 
[2026-05-05 00:27:45] production.DEBUG: Push notification delivered {"endpoint":"https://wns2-by3p.notify.windows.com/w/?token=BQYAAACU%2bKDb9Gyej4KtbEbQJBisasbB…","status":201,"wns_status":"received","wns_msg_id":"456C0C857A7F2FF2","wns_debug":"BY3PEPF0000FF3C","content_encoding":"aes128gcm","response_body":""} 
[2026-05-05 00:27:46] production.DEBUG: Push notification delivered {"endpoint":"https://web.push.apple.com/QDkJcfxcMRPW4uLNUaYZ21nDUMJHCJ-cyja1FMQcNEv6qKbL-ec_s…","status":201} 
[2026-05-05 00:27:46] production.DEBUG: Push notification delivered {"endpoint":"https://fcm.googleapis.com/fcm/send/cYR-NIq4nms:APA91bEppjWa7ZIrYxviNuWljHyZ7qnu…","status":201} 
[2026-05-05 00:27:46] production.DEBUG: Push notification delivered {"endpoint":"https://wns2-by3p.notify.windows.com/w/?token=BQYAAACU%2bKDb9Gyej4KtbEbQJBisasbB…","status":201,"wns_status":"received","wns_msg_id":"5FC6AF0B3C18A5AA","wns_debug":"BY3PEPF0000FF22","content_encoding":"aes128gcm","response_body":""} 
[2026-05-05 00:27:49] production.INFO: Telnyx voice webhook received {"event_type":"call.speak.ended","call_control_id":"v3:YxpEYDp296gakTGh00GeGah4yS9W8UpVgzBC48-zwl_9OMQs6rzE0A","direction":null} 
[2026-05-05 00:27:49] production.INFO: handleCallSpeakEnded ENTRY {"call_control_id":"v3:YxpEYDp296gakTGh00GeGah4yS9W8UpVgzBC48-zwl_9OMQs6rzE0A","action":"welcome_done","client_state":{"action":"welcome_done","call_log_id":900,"original_caller":"+18472123894"},"client_state_raw_present":true} 
[2026-05-05 00:27:49] production.INFO: TTS completed — no admin answered yet, playing ringback {"call_control_id":"v3:YxpEYDp296gakTGh00GeGah4yS9W8UpVgzBC48-zwl_9OMQs6rzE0A","call_log_id":900} 
[2026-05-05 00:27:49] production.INFO: Call command sent: playback_start {"call_control_id":"v3:YxpEYDp296gakTGh00GeGah4yS9W8UpVgzBC48-zwl_9OMQs6rzE0A","result":"ok"} 
[2026-05-05 00:27:49] production.INFO: Telnyx voice webhook received {"event_type":"call.playback.started","call_control_id":"v3:YxpEYDp296gakTGh00GeGah4yS9W8UpVgzBC48-zwl_9OMQs6rzE0A","direction":null} 
[2026-05-05 00:27:49] production.INFO: Unhandled voice event {"event_type":"call.playback.started"} 
[2026-05-05 00:27:50] production.INFO: Telnyx voice webhook received {"event_type":"call.answered","call_control_id":"v3:KX87tlVoMbd73_eEvfwQdeaSOnFfiwNVwKDsR-DTrPb_udaO3GZdhA","direction":null} 
[2026-05-05 00:27:50] production.INFO: First admin answered — bridging without prompt {"admin_call_control_id":"v3:KX87tlVoMbd73_eEvfwQdeaSOnFfiwNVwKDsR-DTrPb_udaO3GZdhA","incoming_call_control_id":"v3:YxpEYDp296gakTGh00GeGah4yS9W8UpVgzBC48-zwl_9OMQs6rzE0A","call_log_id":900,"admin_user_id":1} 
[2026-05-05 00:27:50] production.INFO: Creating conference with caller as first participant {"call_log_id":900,"conference_name":"call_900_f2062d40","incoming_call_control_id":"v3:YxpEYDp296gakTGh00GeGah4yS9W8UpVgzBC48-zwl_9OMQs6rzE0A","admin_call_control_id":"v3:KX87tlVoMbd73_eEvfwQdeaSOnFfiwNVwKDsR-DTrPb_udaO3GZdhA","admin_user_id":1} 
[2026-05-05 00:27:50] production.INFO: Call command sent: playback_stop {"call_control_id":"v3:YxpEYDp296gakTGh00GeGah4yS9W8UpVgzBC48-zwl_9OMQs6rzE0A","result":"ok"} 
[2026-05-05 00:27:50] production.INFO: Telnyx voice webhook received {"event_type":"call.playback.ended","call_control_id":"v3:YxpEYDp296gakTGh00GeGah4yS9W8UpVgzBC48-zwl_9OMQs6rzE0A","direction":null} 
[2026-05-05 00:27:51] production.INFO: Call command sent: playback_stop {"call_control_id":"v3:KX87tlVoMbd73_eEvfwQdeaSOnFfiwNVwKDsR-DTrPb_udaO3GZdhA","result":"ok"} 
[2026-05-05 00:27:51] production.INFO: Call command sent: playback_start {"call_control_id":"v3:YxpEYDp296gakTGh00GeGah4yS9W8UpVgzBC48-zwl_9OMQs6rzE0A","result":"ok"} 
[2026-05-05 00:27:51] production.ERROR: Conference create failed {"name":"call_900_f2062d40","status":422,"error":{"errors":[{"code":"10032","title":"Invalid enumerated value","source":{"pointer":"/beep"},"detail":"The value must be of type 'string' with a value of either true, false, on_enter, on_exit, always or never."}]}} 
[2026-05-05 00:27:51] production.ERROR: Failed to create conference — hanging up admin leg {"call_log_id":900} 
[2026-05-05 00:27:51] production.INFO: Call command sent: hangup {"call_control_id":"v3:KX87tlVoMbd73_eEvfwQdeaSOnFfiwNVwKDsR-DTrPb_udaO3GZdhA","result":"ok"} 
[2026-05-05 00:27:51] production.INFO: Telnyx voice webhook received {"event_type":"call.playback.started","call_control_id":"v3:YxpEYDp296gakTGh00GeGah4yS9W8UpVgzBC48-zwl_9OMQs6rzE0A","direction":null} 
[2026-05-05 00:27:51] production.INFO: Unhandled voice event {"event_type":"call.playback.started"} 
[2026-05-05 00:27:51] production.INFO: Telnyx voice webhook received {"event_type":"call.hangup","call_control_id":"v3:KX87tlVoMbd73_eEvfwQdeaSOnFfiwNVwKDsR-DTrPb_udaO3GZdhA","direction":null} 
[2026-05-05 00:27:51] production.INFO: Admin ring leg hung up {"admin_call_control_id":"v3:KX87tlVoMbd73_eEvfwQdeaSOnFfiwNVwKDsR-DTrPb_udaO3GZdhA","hangup_cause":"normal_clearing","call_log_id":900,"incoming_call_control_id":"v3:YxpEYDp296gakTGh00GeGah4yS9W8UpVgzBC48-zwl_9OMQs6rzE0A"} 
[2026-05-05 00:27:51] production.INFO: Admin removed from pending list {"removed_id":"v3:KX87tlVoMbd73_eEvfwQdeaSOnFfiwNVwKDsR-DTrPb_udaO3GZdhA","was_in_list":true,"remaining_count":0,"call_log_id":900} 
[2026-05-05 00:27:51] production.INFO: All admin legs failed — triggering voicemail {"incoming_call_control_id":"v3:YxpEYDp296gakTGh00GeGah4yS9W8UpVgzBC48-zwl_9OMQs6rzE0A","call_log_id":900} 
[2026-05-05 00:27:51] production.INFO: Playing voicemail IVR menu {"call_control_id":"v3:YxpEYDp296gakTGh00GeGah4yS9W8UpVgzBC48-zwl_9OMQs6rzE0A","call_log_id":900,"ivr_prompt":"GS Construction is not available right now. Press 2 to send a text on your behalf so the GS Crew knows to call you back ASAP. Stay on the line to leave a voicemail.","is_known_caller":false} 
[2026-05-05 00:27:51] production.INFO: Call command sent: gather_using_speak {"call_control_id":"v3:YxpEYDp296gakTGh00GeGah4yS9W8UpVgzBC48-zwl_9OMQs6rzE0A","result":"ok"} 
[2026-05-05 00:27:58] production.INFO: Telnyx voice webhook received {"event_type":"call.hangup","call_control_id":"v3:YxpEYDp296gakTGh00GeGah4yS9W8UpVgzBC48-zwl_9OMQs6rzE0A","direction":null} 
[2026-05-05 00:27:58] production.INFO: Telnyx voice webhook received {"event_type":"call.playback.ended","call_control_id":"v3:YxpEYDp296gakTGh00GeGah4yS9W8UpVgzBC48-zwl_9OMQs6rzE0A","direction":null} 
[2026-05-05 00:27:58] production.INFO: Playback ended (non-ringback) {"call_control_id":"v3:YxpEYDp296gakTGh00GeGah4yS9W8UpVgzBC48-zwl_9OMQs6rzE0A","action":"voicemail_ivr_menu"} 
[2026-05-05 00:27:58] production.INFO: Call ended {"call_control_id":"v3:YxpEYDp296gakTGh00GeGah4yS9W8UpVgzBC48-zwl_9OMQs6rzE0A","status":"missed","hangup_cause":"normal_clearing","duration":16.264592} 
[2026-05-05 00:27:59] production.INFO: Telnyx voice webhook received {"event_type":"call.initiated","call_control_id":"v3:u-9-T847AxTYcwD8zN-ewILbrgk0ocxa6RuuMFAUNGS_bVPy41bUKQ","direction":"incoming"} 
[2026-05-05 00:27:59] production.INFO: Incoming call - answering {"call_control_id":"v3:u-9-T847AxTYcwD8zN-ewILbrgk0ocxa6RuuMFAUNGS_bVPy41bUKQ","from":"+18472123894","to":"+12247354200","caller_user_id":null,"caller_name":"GRZEGORZ SZADY"} 
[2026-05-05 00:27:59] production.INFO: Call command sent: answer {"call_control_id":"v3:u-9-T847AxTYcwD8zN-ewILbrgk0ocxa6RuuMFAUNGS_bVPy41bUKQ","result":"ok"} 
[2026-05-05 00:28:00] production.INFO: Telnyx voice webhook received {"event_type":"call.answered","call_control_id":"v3:u-9-T847AxTYcwD8zN-ewILbrgk0ocxa6RuuMFAUNGS_bVPy41bUKQ","direction":null} 
[2026-05-05 00:28:00] production.INFO: Playing welcome TTS and dialing admins simultaneously {"call_control_id":"v3:u-9-T847AxTYcwD8zN-ewILbrgk0ocxa6RuuMFAUNGS_bVPy41bUKQ","tts":"Good evening! Thanks for calling GS Construction. One moment while we connect you to the GS Crew."} 
[2026-05-05 00:28:00] production.INFO: Call command sent: speak {"call_control_id":"v3:u-9-T847AxTYcwD8zN-ewILbrgk0ocxa6RuuMFAUNGS_bVPy41bUKQ","result":"ok"} 
[2026-05-05 00:28:00] production.INFO: Dialed admin {"admin_user_id":1,"admin_name":"Patryk Szady","phone":"+12249993880","admin_call_control_id":"v3:yIIGKotmz9IalICUEokfOaleSU_9EbxYyt7XRpvLOHZ-_dfEJMqgsA"} 
[2026-05-05 00:28:00] production.INFO: Telnyx voice webhook received {"event_type":"call.speak.started","call_control_id":"v3:u-9-T847AxTYcwD8zN-ewILbrgk0ocxa6RuuMFAUNGS_bVPy41bUKQ","direction":null} 
[2026-05-05 00:28:00] production.INFO: TTS speak started {"call_control_id":"v3:u-9-T847AxTYcwD8zN-ewILbrgk0ocxa6RuuMFAUNGS_bVPy41bUKQ"} 
[2026-05-05 00:28:00] production.INFO: Telnyx voice webhook received {"event_type":"call.initiated","call_control_id":"v3:yIIGKotmz9IalICUEokfOaleSU_9EbxYyt7XRpvLOHZ-_dfEJMqgsA","direction":"outgoing"} 
[2026-05-05 00:28:00] production.INFO: Outbound call initiated {"call_control_id":"v3:yIIGKotmz9IalICUEokfOaleSU_9EbxYyt7XRpvLOHZ-_dfEJMqgsA","to":"+12249993880"} 
[2026-05-05 00:28:05] production.DEBUG: Push notification delivered {"endpoint":"https://web.push.apple.com/QDkJcfxcMRPW4uLNUaYZ21nDUMJHCJ-cyja1FMQcNEv6qKbL-ec_s…","status":201} 
[2026-05-05 00:28:05] production.DEBUG: Push notification delivered {"endpoint":"https://fcm.googleapis.com/fcm/send/cYR-NIq4nms:APA91bEppjWa7ZIrYxviNuWljHyZ7qnu…","status":201} 
[2026-05-05 00:28:05] production.DEBUG: Push notification delivered {"endpoint":"https://wns2-by3p.notify.windows.com/w/?token=BQYAAACU%2bKDb9Gyej4KtbEbQJBisasbB…","status":201,"wns_status":"received","wns_msg_id":"249233380920AD89","wns_debug":"BY3PEPF0001AACF","content_encoding":"aes128gcm","response_body":""} 
[2026-05-05 00:28:05] production.DEBUG: Push notification delivered {"endpoint":"https://web.push.apple.com/QDkJcfxcMRPW4uLNUaYZ21nDUMJHCJ-cyja1FMQcNEv6qKbL-ec_s…","status":201} 
[2026-05-05 00:28:05] production.DEBUG: Push notification delivered {"endpoint":"https://fcm.googleapis.com/fcm/send/cYR-NIq4nms:APA91bEppjWa7ZIrYxviNuWljHyZ7qnu…","status":201} 
[2026-05-05 00:28:05] production.DEBUG: Push notification delivered {"endpoint":"https://wns2-by3p.notify.windows.com/w/?token=BQYAAACU%2bKDb9Gyej4KtbEbQJBisasbB…","status":201,"wns_status":"received","wns_msg_id":"76D90B048E22D13","wns_debug":"BY3PEPF0000E9C8","content_encoding":"aes128gcm","response_body":""} 
[2026-05-05 00:28:07] production.INFO: Telnyx voice webhook received {"event_type":"call.speak.ended","call_control_id":"v3:u-9-T847AxTYcwD8zN-ewILbrgk0ocxa6RuuMFAUNGS_bVPy41bUKQ","direction":null} 
[2026-05-05 00:28:07] production.INFO: handleCallSpeakEnded ENTRY {"call_control_id":"v3:u-9-T847AxTYcwD8zN-ewILbrgk0ocxa6RuuMFAUNGS_bVPy41bUKQ","action":"welcome_done","client_state":{"action":"welcome_done","call_log_id":901,"original_caller":"+18472123894"},"client_state_raw_present":true} 
[2026-05-05 00:28:07] production.INFO: TTS completed — no admin answered yet, playing ringback {"call_control_id":"v3:u-9-T847AxTYcwD8zN-ewILbrgk0ocxa6RuuMFAUNGS_bVPy41bUKQ","call_log_id":901} 
[2026-05-05 00:28:07] production.INFO: Call command sent: playback_start {"call_control_id":"v3:u-9-T847AxTYcwD8zN-ewILbrgk0ocxa6RuuMFAUNGS_bVPy41bUKQ","result":"ok"} 
[2026-05-05 00:28:07] production.INFO: Telnyx voice webhook received {"event_type":"call.answered","call_control_id":"v3:yIIGKotmz9IalICUEokfOaleSU_9EbxYyt7XRpvLOHZ-_dfEJMqgsA","direction":null} 
[2026-05-05 00:28:07] production.INFO: First admin answered — bridging without prompt {"admin_call_control_id":"v3:yIIGKotmz9IalICUEokfOaleSU_9EbxYyt7XRpvLOHZ-_dfEJMqgsA","incoming_call_control_id":"v3:u-9-T847AxTYcwD8zN-ewILbrgk0ocxa6RuuMFAUNGS_bVPy41bUKQ","call_log_id":901,"admin_user_id":1} 
[2026-05-05 00:28:07] production.INFO: Creating conference with caller as first participant {"call_log_id":901,"conference_name":"call_901_b90606c5","incoming_call_control_id":"v3:u-9-T847AxTYcwD8zN-ewILbrgk0ocxa6RuuMFAUNGS_bVPy41bUKQ","admin_call_control_id":"v3:yIIGKotmz9IalICUEokfOaleSU_9EbxYyt7XRpvLOHZ-_dfEJMqgsA","admin_user_id":1} 
[2026-05-05 00:28:08] production.INFO: Call command sent: playback_stop {"call_control_id":"v3:u-9-T847AxTYcwD8zN-ewILbrgk0ocxa6RuuMFAUNGS_bVPy41bUKQ","result":"ok"} 
[2026-05-05 00:28:08] production.INFO: Telnyx voice webhook received {"event_type":"call.playback.ended","call_control_id":"v3:u-9-T847AxTYcwD8zN-ewILbrgk0ocxa6RuuMFAUNGS_bVPy41bUKQ","direction":null} 
[2026-05-05 00:28:08] production.INFO: Telnyx voice webhook received {"event_type":"call.playback.started","call_control_id":"v3:u-9-T847AxTYcwD8zN-ewILbrgk0ocxa6RuuMFAUNGS_bVPy41bUKQ","direction":null} 
[2026-05-05 00:28:08] production.INFO: Unhandled voice event {"event_type":"call.playback.started"} 
[2026-05-05 00:28:08] production.INFO: Call command sent: playback_start {"call_control_id":"v3:u-9-T847AxTYcwD8zN-ewILbrgk0ocxa6RuuMFAUNGS_bVPy41bUKQ","result":"ok"} 
[2026-05-05 00:28:08] production.INFO: Call command sent: playback_stop {"call_control_id":"v3:yIIGKotmz9IalICUEokfOaleSU_9EbxYyt7XRpvLOHZ-_dfEJMqgsA","result":"ok"} 
[2026-05-05 00:28:08] production.ERROR: Conference create failed {"name":"call_901_b90606c5","status":422,"error":{"errors":[{"code":"10032","title":"Invalid enumerated value","source":{"pointer":"/beep"},"detail":"The value must be of type 'string' with a value of either true, false, on_enter, on_exit, always or never."}]}} 
[2026-05-05 00:28:08] production.ERROR: Failed to create conference — hanging up admin leg {"call_log_id":901} 
[2026-05-05 00:28:08] production.INFO: Call command sent: hangup {"call_control_id":"v3:yIIGKotmz9IalICUEokfOaleSU_9EbxYyt7XRpvLOHZ-_dfEJMqgsA","result":"ok"} 
[2026-05-05 00:28:08] production.INFO: Telnyx voice webhook received {"event_type":"call.playback.started","call_control_id":"v3:u-9-T847AxTYcwD8zN-ewILbrgk0ocxa6RuuMFAUNGS_bVPy41bUKQ","direction":null} 
[2026-05-05 00:28:08] production.INFO: Unhandled voice event {"event_type":"call.playback.started"} 
[2026-05-05 00:28:08] production.INFO: Telnyx voice webhook received {"event_type":"call.hangup","call_control_id":"v3:yIIGKotmz9IalICUEokfOaleSU_9EbxYyt7XRpvLOHZ-_dfEJMqgsA","direction":null} 
[2026-05-05 00:28:08] production.INFO: Admin ring leg hung up {"admin_call_control_id":"v3:yIIGKotmz9IalICUEokfOaleSU_9EbxYyt7XRpvLOHZ-_dfEJMqgsA","hangup_cause":"normal_clearing","call_log_id":901,"incoming_call_control_id":"v3:u-9-T847AxTYcwD8zN-ewILbrgk0ocxa6RuuMFAUNGS_bVPy41bUKQ"} 
[2026-05-05 00:28:08] production.INFO: Admin removed from pending list {"removed_id":"v3:yIIGKotmz9IalICUEokfOaleSU_9EbxYyt7XRpvLOHZ-_dfEJMqgsA","was_in_list":true,"remaining_count":0,"call_log_id":901} 
[2026-05-05 00:28:08] production.INFO: All admin legs failed — triggering voicemail {"incoming_call_control_id":"v3:u-9-T847AxTYcwD8zN-ewILbrgk0ocxa6RuuMFAUNGS_bVPy41bUKQ","call_log_id":901} 
[2026-05-05 00:28:08] production.INFO: Playing voicemail IVR menu {"call_control_id":"v3:u-9-T847AxTYcwD8zN-ewILbrgk0ocxa6RuuMFAUNGS_bVPy41bUKQ","call_log_id":901,"ivr_prompt":"GS Construction is not available right now. Press 2 to send a text on your behalf so the GS Crew knows to call you back ASAP. Stay on the line to leave a voicemail.","is_known_caller":false} 
[2026-05-05 00:28:09] production.INFO: Call command sent: gather_using_speak {"call_control_id":"v3:u-9-T847AxTYcwD8zN-ewILbrgk0ocxa6RuuMFAUNGS_bVPy41bUKQ","result":"ok"} 
[2026-05-05 00:28:38] production.INFO: Telnyx voice webhook received {"event_type":"call.playback.ended","call_control_id":"v3:u-9-T847AxTYcwD8zN-ewILbrgk0ocxa6RuuMFAUNGS_bVPy41bUKQ","direction":null} 
[2026-05-05 00:28:38] production.INFO: Playback ended (non-ringback) {"call_control_id":"v3:u-9-T847AxTYcwD8zN-ewILbrgk0ocxa6RuuMFAUNGS_bVPy41bUKQ","action":"voicemail_ivr_menu"} 
[2026-05-05 00:28:39] production.INFO: Telnyx voice webhook received {"event_type":"call.gather.ended","call_control_id":"v3:u-9-T847AxTYcwD8zN-ewILbrgk0ocxa6RuuMFAUNGS_bVPy41bUKQ","direction":null} 
[2026-05-05 00:28:39] production.INFO: IVR gather ended {"call_control_id":"v3:u-9-T847AxTYcwD8zN-ewILbrgk0ocxa6RuuMFAUNGS_bVPy41bUKQ","digits":"","call_log_id":901} 
[2026-05-05 00:28:39] production.INFO: IVR: no digit pressed — retrying IVR menu (TTS may not have played) {"call_control_id":"v3:u-9-T847AxTYcwD8zN-ewILbrgk0ocxa6RuuMFAUNGS_bVPy41bUKQ","retry_count":0,"call_log_id":901} 
[2026-05-05 00:28:39] production.INFO: Playing voicemail IVR menu {"call_control_id":"v3:u-9-T847AxTYcwD8zN-ewILbrgk0ocxa6RuuMFAUNGS_bVPy41bUKQ","call_log_id":901,"ivr_prompt":"GS Construction is not available right now. Press 2 to send a text on your behalf so the GS Crew knows to call you back ASAP. Stay on the line to leave a voicemail.","is_known_caller":false} 
[2026-05-05 00:28:39] production.INFO: Call command sent: gather_using_speak {"call_control_id":"v3:u-9-T847AxTYcwD8zN-ewILbrgk0ocxa6RuuMFAUNGS_bVPy41bUKQ","result":"ok"} 
[2026-05-05 00:28:39] production.INFO: Telnyx voice webhook received {"event_type":"call.speak.started","call_control_id":"v3:u-9-T847AxTYcwD8zN-ewILbrgk0ocxa6RuuMFAUNGS_bVPy41bUKQ","direction":null} 
[2026-05-05 00:28:39] production.INFO: TTS speak started {"call_control_id":"v3:u-9-T847AxTYcwD8zN-ewILbrgk0ocxa6RuuMFAUNGS_bVPy41bUKQ"} 
[2026-05-05 00:28:48] production.INFO: Telnyx voice webhook received {"event_type":"call.speak.ended","call_control_id":"v3:u-9-T847AxTYcwD8zN-ewILbrgk0ocxa6RuuMFAUNGS_bVPy41bUKQ","direction":null} 
[2026-05-05 00:28:48] production.INFO: handleCallSpeakEnded ENTRY {"call_control_id":"v3:u-9-T847AxTYcwD8zN-ewILbrgk0ocxa6RuuMFAUNGS_bVPy41bUKQ","action":"voicemail_ivr_menu","client_state":{"action":"voicemail_ivr_menu","call_log_id":901,"original_caller":"+18472123894","is_known_caller":false,"retry_count":1},"client_state_raw_present":true} 
[2026-05-05 00:28:49] production.INFO: Telnyx voice webhook received {"event_type":"call.gather.ended","call_control_id":"v3:u-9-T847AxTYcwD8zN-ewILbrgk0ocxa6RuuMFAUNGS_bVPy41bUKQ","direction":null} 
[2026-05-05 00:28:49] production.INFO: IVR gather ended {"call_control_id":"v3:u-9-T847AxTYcwD8zN-ewILbrgk0ocxa6RuuMFAUNGS_bVPy41bUKQ","digits":"2","call_log_id":901} 
[2026-05-05 00:28:49] production.INFO: IVR: caller pressed 2 — sending SMS {"call_control_id":"v3:u-9-T847AxTYcwD8zN-ewILbrgk0ocxa6RuuMFAUNGS_bVPy41bUKQ","caller_number":"+18472123894"} 
[2026-05-05 00:28:49] production.INFO: Telnyx voice webhook received {"event_type":"call.dtmf.received","call_control_id":"v3:u-9-T847AxTYcwD8zN-ewILbrgk0ocxa6RuuMFAUNGS_bVPy41bUKQ","direction":null} 
[2026-05-05 00:28:49] production.INFO: DTMF received {"call_control_id":"v3:u-9-T847AxTYcwD8zN-ewILbrgk0ocxa6RuuMFAUNGS_bVPy41bUKQ","digit":"2"} 
[2026-05-05 00:28:49] production.INFO: Callback SMS sent to caller {"caller_number":"+18472123894","from":"+12247354200"} 
[2026-05-05 00:28:49] production.INFO: Auto-created new thread for inbound message {"thread_id":225,"from":"+18472123894","to":"+12247354200","client_id":null} 
[2026-05-05 00:28:49] production.INFO: Callback message created in SMS system {"call_log_id":901,"caller_number":"+18472123894","thread_id":225,"message_id":41712} 
[2026-05-05 00:28:49] production.INFO: Call command sent: speak {"call_control_id":"v3:u-9-T847AxTYcwD8zN-ewILbrgk0ocxa6RuuMFAUNGS_bVPy41bUKQ","result":"ok"} 
[2026-05-05 00:28:49] production.INFO: Telnyx webhook received {"event_type":"message.sent","message_id":"40319df5-899a-4e95-ae3c-dcb5373191de"} 
[2026-05-05 00:28:49] production.INFO: Message sent {"id":"40319df5-899a-4e95-ae3c-dcb5373191de","to":"+18472123894","from":"+12247354200"} 
[2026-05-05 00:28:50] production.INFO: Telnyx webhook received {"event_type":"message.finalized","message_id":"40319df5-899a-4e95-ae3c-dcb5373191de"} 
[2026-05-05 00:28:50] production.INFO: Message finalized {"id":"40319df5-899a-4e95-ae3c-dcb5373191de","to":"+18472123894","status":"delivered"} 
[2026-05-05 00:28:50] production.INFO: Telnyx voice webhook received {"event_type":"call.speak.started","call_control_id":"v3:u-9-T847AxTYcwD8zN-ewILbrgk0ocxa6RuuMFAUNGS_bVPy41bUKQ","direction":null} 
[2026-05-05 00:28:50] production.INFO: TTS speak started {"call_control_id":"v3:u-9-T847AxTYcwD8zN-ewILbrgk0ocxa6RuuMFAUNGS_bVPy41bUKQ"} 
[2026-05-05 00:28:50] production.DEBUG: Push notification delivered {"endpoint":"https://web.push.apple.com/QDkJcfxcMRPW4uLNUaYZ21nDUMJHCJ-cyja1FMQcNEv6qKbL-ec_s…","status":201} 
[2026-05-05 00:28:50] production.DEBUG: Push notification delivered {"endpoint":"https://fcm.googleapis.com/fcm/send/cYR-NIq4nms:APA91bEppjWa7ZIrYxviNuWljHyZ7qnu…","status":201} 
[2026-05-05 00:28:50] production.DEBUG: Push notification delivered {"endpoint":"https://wns2-by3p.notify.windows.com/w/?token=BQYAAACU%2bKDb9Gyej4KtbEbQJBisasbB…","status":201,"wns_status":"received","wns_msg_id":"615AB28539AB2D98","wns_debug":"BY3PEPF00028D00","content_encoding":"aes128gcm","response_body":""} 
[2026-05-05 00:28:50] production.DEBUG: Push notification delivered {"endpoint":"https://wns2-ch1p.notify.windows.com/w/?token=BQYAAAAQe2hvIFkElPQKFh5BKOEEEpIVqW…","status":201,"wns_status":"received","wns_msg_id":"686777860FB483B4","wns_debug":"CH1PEPF00006ED5","content_encoding":"aes128gcm","response_body":""} 
[2026-05-05 00:28:50] production.DEBUG: Push notification delivered {"endpoint":"https://web.push.apple.com/QJnqrnzJg9xule8bhPY8CE20AFCRYEqQblM8TaB0eTcRZ7HDySHVw…","status":201} 
[2026-05-05 00:28:56] production.INFO: Telnyx voice webhook received {"event_type":"call.speak.ended","call_control_id":"v3:u-9-T847AxTYcwD8zN-ewILbrgk0ocxa6RuuMFAUNGS_bVPy41bUKQ","direction":null} 
[2026-05-05 00:28:56] production.INFO: handleCallSpeakEnded ENTRY {"call_control_id":"v3:u-9-T847AxTYcwD8zN-ewILbrgk0ocxa6RuuMFAUNGS_bVPy41bUKQ","action":"ivr_sms_confirmation","client_state":{"action":"ivr_sms_confirmation","call_log_id":901},"client_state_raw_present":true} 
[2026-05-05 00:28:56] production.INFO: IVR SMS confirmation done — hanging up {"call_control_id":"v3:u-9-T847AxTYcwD8zN-ewILbrgk0ocxa6RuuMFAUNGS_bVPy41bUKQ","call_log_id":901} 
[2026-05-05 00:28:57] production.INFO: Call command sent: hangup {"call_control_id":"v3:u-9-T847AxTYcwD8zN-ewILbrgk0ocxa6RuuMFAUNGS_bVPy41bUKQ","result":"ok"} 
[2026-05-05 00:28:57] production.INFO: Telnyx voice webhook received {"event_type":"call.hangup","call_control_id":"v3:u-9-T847AxTYcwD8zN-ewILbrgk0ocxa6RuuMFAUNGS_bVPy41bUKQ","direction":null} 
[2026-05-05 00:28:57] production.INFO: Call ended {"call_control_id":"v3:u-9-T847AxTYcwD8zN-ewILbrgk0ocxa6RuuMFAUNGS_bVPy41bUKQ","status":"missed","hangup_cause":"normal_clearing","duration":57.208049} 
[2026-05-05 00:32:31] production.INFO: Telnyx voice webhook received {"event_type":"call.initiated","call_control_id":"v3:xfF8-MtBbv8MZLvbPyYvKwiIQeu8XYZwNaxNrXJfVrlFx-g3pxcNhQ","direction":"incoming"} 
[2026-05-05 00:32:31] production.INFO: Incoming call - answering {"call_control_id":"v3:xfF8-MtBbv8MZLvbPyYvKwiIQeu8XYZwNaxNrXJfVrlFx-g3pxcNhQ","from":"+18472123894","to":"+12247354200","caller_user_id":null,"caller_name":"GRZEGORZ SZADY"} 
[2026-05-05 00:32:32] production.INFO: Call command sent: answer {"call_control_id":"v3:xfF8-MtBbv8MZLvbPyYvKwiIQeu8XYZwNaxNrXJfVrlFx-g3pxcNhQ","result":"ok"} 
[2026-05-05 00:32:32] production.INFO: Telnyx voice webhook received {"event_type":"call.answered","call_control_id":"v3:xfF8-MtBbv8MZLvbPyYvKwiIQeu8XYZwNaxNrXJfVrlFx-g3pxcNhQ","direction":null} 
[2026-05-05 00:32:32] production.INFO: Playing welcome TTS and dialing admins simultaneously {"call_control_id":"v3:xfF8-MtBbv8MZLvbPyYvKwiIQeu8XYZwNaxNrXJfVrlFx-g3pxcNhQ","tts":"Good evening! Thanks for calling GS Construction. One moment while we connect you to the GS Crew."} 
[2026-05-05 00:32:32] production.INFO: Call command sent: speak {"call_control_id":"v3:xfF8-MtBbv8MZLvbPyYvKwiIQeu8XYZwNaxNrXJfVrlFx-g3pxcNhQ","result":"ok"} 
[2026-05-05 00:32:32] production.INFO: Dialed admin {"admin_user_id":1,"admin_name":"Patryk Szady","phone":"+12249993880","admin_call_control_id":"v3:YtwMuSgoA2HMSVxxJBnwqoPYwFG9KGO1dajjF2HiIKOHag53WAr7ow"} 
[2026-05-05 00:32:33] production.INFO: Telnyx voice webhook received {"event_type":"call.speak.started","call_control_id":"v3:xfF8-MtBbv8MZLvbPyYvKwiIQeu8XYZwNaxNrXJfVrlFx-g3pxcNhQ","direction":null} 
[2026-05-05 00:32:33] production.INFO: Telnyx voice webhook received {"event_type":"call.initiated","call_control_id":"v3:YtwMuSgoA2HMSVxxJBnwqoPYwFG9KGO1dajjF2HiIKOHag53WAr7ow","direction":"outgoing"} 
[2026-05-05 00:32:33] production.INFO: Outbound call initiated {"call_control_id":"v3:YtwMuSgoA2HMSVxxJBnwqoPYwFG9KGO1dajjF2HiIKOHag53WAr7ow","to":"+12249993880"} 
[2026-05-05 00:32:33] production.INFO: TTS speak started {"call_control_id":"v3:xfF8-MtBbv8MZLvbPyYvKwiIQeu8XYZwNaxNrXJfVrlFx-g3pxcNhQ"} 
[2026-05-05 00:32:39] production.DEBUG: Push notification delivered {"endpoint":"https://web.push.apple.com/QDkJcfxcMRPW4uLNUaYZ21nDUMJHCJ-cyja1FMQcNEv6qKbL-ec_s…","status":201} 
[2026-05-05 00:32:39] production.DEBUG: Push notification delivered {"endpoint":"https://fcm.googleapis.com/fcm/send/cYR-NIq4nms:APA91bEppjWa7ZIrYxviNuWljHyZ7qnu…","status":201} 
[2026-05-05 00:32:39] production.DEBUG: Push notification delivered {"endpoint":"https://wns2-by3p.notify.windows.com/w/?token=BQYAAACU%2bKDb9Gyej4KtbEbQJBisasbB…","status":201,"wns_status":"received","wns_msg_id":"1286C0B911D091F3","wns_debug":"BY3PEPF00028CEA","content_encoding":"aes128gcm","response_body":""} 
[2026-05-05 00:32:39] production.INFO: Telnyx voice webhook received {"event_type":"call.speak.ended","call_control_id":"v3:xfF8-MtBbv8MZLvbPyYvKwiIQeu8XYZwNaxNrXJfVrlFx-g3pxcNhQ","direction":null} 
[2026-05-05 00:32:39] production.INFO: handleCallSpeakEnded ENTRY {"call_control_id":"v3:xfF8-MtBbv8MZLvbPyYvKwiIQeu8XYZwNaxNrXJfVrlFx-g3pxcNhQ","action":"welcome_done","client_state":{"action":"welcome_done","call_log_id":902,"original_caller":"+18472123894"},"client_state_raw_present":true} 
[2026-05-05 00:32:39] production.INFO: TTS completed — no admin answered yet, playing ringback {"call_control_id":"v3:xfF8-MtBbv8MZLvbPyYvKwiIQeu8XYZwNaxNrXJfVrlFx-g3pxcNhQ","call_log_id":902} 
[2026-05-05 00:32:39] production.INFO: Call command sent: playback_start {"call_control_id":"v3:xfF8-MtBbv8MZLvbPyYvKwiIQeu8XYZwNaxNrXJfVrlFx-g3pxcNhQ","result":"ok"} 
[2026-05-05 00:32:40] production.DEBUG: Push notification delivered {"endpoint":"https://web.push.apple.com/QDkJcfxcMRPW4uLNUaYZ21nDUMJHCJ-cyja1FMQcNEv6qKbL-ec_s…","status":201} 
[2026-05-05 00:32:40] production.DEBUG: Push notification delivered {"endpoint":"https://fcm.googleapis.com/fcm/send/cYR-NIq4nms:APA91bEppjWa7ZIrYxviNuWljHyZ7qnu…","status":201} 
[2026-05-05 00:32:40] production.DEBUG: Push notification delivered {"endpoint":"https://wns2-by3p.notify.windows.com/w/?token=BQYAAACU%2bKDb9Gyej4KtbEbQJBisasbB…","status":201,"wns_status":"received","wns_msg_id":"7633CC6A3C4E9FE0","wns_debug":"BY3PEPF0001AB13","content_encoding":"aes128gcm","response_body":""} 
[2026-05-05 00:32:40] production.INFO: Telnyx voice webhook received {"event_type":"call.playback.started","call_control_id":"v3:xfF8-MtBbv8MZLvbPyYvKwiIQeu8XYZwNaxNrXJfVrlFx-g3pxcNhQ","direction":null} 
[2026-05-05 00:32:40] production.INFO: Unhandled voice event {"event_type":"call.playback.started"} 
[2026-05-05 00:32:41] production.INFO: Telnyx voice webhook received {"event_type":"call.answered","call_control_id":"v3:YtwMuSgoA2HMSVxxJBnwqoPYwFG9KGO1dajjF2HiIKOHag53WAr7ow","direction":null} 
[2026-05-05 00:32:41] production.INFO: First admin answered — bridging without prompt {"admin_call_control_id":"v3:YtwMuSgoA2HMSVxxJBnwqoPYwFG9KGO1dajjF2HiIKOHag53WAr7ow","incoming_call_control_id":"v3:xfF8-MtBbv8MZLvbPyYvKwiIQeu8XYZwNaxNrXJfVrlFx-g3pxcNhQ","call_log_id":902,"admin_user_id":1} 
[2026-05-05 00:32:41] production.INFO: Creating conference with caller as first participant {"call_log_id":902,"conference_name":"call_902_b582699e","incoming_call_control_id":"v3:xfF8-MtBbv8MZLvbPyYvKwiIQeu8XYZwNaxNrXJfVrlFx-g3pxcNhQ","admin_call_control_id":"v3:YtwMuSgoA2HMSVxxJBnwqoPYwFG9KGO1dajjF2HiIKOHag53WAr7ow","admin_user_id":1} 
[2026-05-05 00:32:41] production.INFO: Call command sent: playback_stop {"call_control_id":"v3:xfF8-MtBbv8MZLvbPyYvKwiIQeu8XYZwNaxNrXJfVrlFx-g3pxcNhQ","result":"ok"} 
[2026-05-05 00:32:41] production.INFO: Telnyx voice webhook received {"event_type":"call.playback.ended","call_control_id":"v3:xfF8-MtBbv8MZLvbPyYvKwiIQeu8XYZwNaxNrXJfVrlFx-g3pxcNhQ","direction":null} 
[2026-05-05 00:32:41] production.INFO: Call command sent: playback_stop {"call_control_id":"v3:YtwMuSgoA2HMSVxxJBnwqoPYwFG9KGO1dajjF2HiIKOHag53WAr7ow","result":"ok"} 
[2026-05-05 00:32:41] production.INFO: Call command sent: playback_start {"call_control_id":"v3:xfF8-MtBbv8MZLvbPyYvKwiIQeu8XYZwNaxNrXJfVrlFx-g3pxcNhQ","result":"ok"} 
[2026-05-05 00:32:42] production.INFO: Conference created {"name":"call_902_b582699e","conference_id":"bf1b7e92-b49a-43d0-9115-77fd6d8de6ea","beneficiary_call_control_id":"v3:xfF8-MtBbv8MZLvbPyYvKwiIQeu8XYZwNaxNrXJfVrlFx-g3pxcNhQ"} 
[2026-05-05 00:32:42] production.INFO: Telnyx voice webhook received {"event_type":"call.playback.started","call_control_id":"v3:xfF8-MtBbv8MZLvbPyYvKwiIQeu8XYZwNaxNrXJfVrlFx-g3pxcNhQ","direction":null} 
[2026-05-05 00:32:42] production.INFO: Unhandled voice event {"event_type":"call.playback.started"} 
[2026-05-05 00:32:42] production.INFO: Telnyx voice webhook received {"event_type":"call.playback.ended","call_control_id":"v3:xfF8-MtBbv8MZLvbPyYvKwiIQeu8XYZwNaxNrXJfVrlFx-g3pxcNhQ","direction":null} 
[2026-05-05 00:32:42] production.INFO: Telnyx voice webhook received {"event_type":"conference.floor.changed","call_control_id":"v3:xfF8-MtBbv8MZLvbPyYvKwiIQeu8XYZwNaxNrXJfVrlFx-g3pxcNhQ","direction":null} 
[2026-05-05 00:32:42] production.INFO: Unhandled voice event {"event_type":"conference.floor.changed"} 
[2026-05-05 00:32:42] production.INFO: Telnyx voice webhook received {"event_type":"conference.created","call_control_id":"v3:xfF8-MtBbv8MZLvbPyYvKwiIQeu8XYZwNaxNrXJfVrlFx-g3pxcNhQ","direction":null} 
[2026-05-05 00:32:42] production.INFO: Unhandled voice event {"event_type":"conference.created"} 
[2026-05-05 00:32:42] production.INFO: Joined conference {"conference_id":"bf1b7e92-b49a-43d0-9115-77fd6d8de6ea","call_control_id":"v3:YtwMuSgoA2HMSVxxJBnwqoPYwFG9KGO1dajjF2HiIKOHag53WAr7ow"} 
[2026-05-05 00:32:42] production.INFO: Telnyx voice webhook received {"event_type":"conference.participant.joined","call_control_id":"v3:xfF8-MtBbv8MZLvbPyYvKwiIQeu8XYZwNaxNrXJfVrlFx-g3pxcNhQ","direction":null} 
[2026-05-05 00:32:42] production.INFO: Unhandled voice event {"event_type":"conference.participant.joined"} 
[2026-05-05 00:32:43] production.INFO: Telnyx voice webhook received {"event_type":"conference.participant.joined","call_control_id":"v3:YtwMuSgoA2HMSVxxJBnwqoPYwFG9KGO1dajjF2HiIKOHag53WAr7ow","direction":null} 
[2026-05-05 00:32:43] production.INFO: Unhandled voice event {"event_type":"conference.participant.joined"} 
[2026-05-05 00:32:43] production.INFO: Telnyx voice webhook received {"event_type":"conference.floor.changed","call_control_id":"v3:YtwMuSgoA2HMSVxxJBnwqoPYwFG9KGO1dajjF2HiIKOHag53WAr7ow","direction":null} 
[2026-05-05 00:32:43] production.INFO: Unhandled voice event {"event_type":"conference.floor.changed"} 
[2026-05-05 00:32:54] production.INFO: Telnyx voice webhook received {"event_type":"call.hangup","call_control_id":"v3:YtwMuSgoA2HMSVxxJBnwqoPYwFG9KGO1dajjF2HiIKOHag53WAr7ow","direction":null} 
[2026-05-05 00:32:54] production.INFO: Admin ring leg hung up {"admin_call_control_id":"v3:YtwMuSgoA2HMSVxxJBnwqoPYwFG9KGO1dajjF2HiIKOHag53WAr7ow","hangup_cause":"normal_clearing","call_log_id":902,"incoming_call_control_id":"v3:xfF8-MtBbv8MZLvbPyYvKwiIQeu8XYZwNaxNrXJfVrlFx-g3pxcNhQ"} 
[2026-05-05 00:32:54] production.INFO: Telnyx voice webhook received {"event_type":"conference.floor.changed","call_control_id":"v3:xfF8-MtBbv8MZLvbPyYvKwiIQeu8XYZwNaxNrXJfVrlFx-g3pxcNhQ","direction":null} 
[2026-05-05 00:32:54] production.INFO: Unhandled voice event {"event_type":"conference.floor.changed"} 
[2026-05-05 00:32:54] production.INFO: Telnyx voice webhook received {"event_type":"conference.floor.changed","call_control_id":"v3:xfF8-MtBbv8MZLvbPyYvKwiIQeu8XYZwNaxNrXJfVrlFx-g3pxcNhQ","direction":null} 
[2026-05-05 00:32:54] production.INFO: Unhandled voice event {"event_type":"conference.floor.changed"} 
[2026-05-05 00:32:54] production.INFO: Telnyx voice webhook received {"event_type":"conference.participant.left","call_control_id":"v3:YtwMuSgoA2HMSVxxJBnwqoPYwFG9KGO1dajjF2HiIKOHag53WAr7ow","direction":null} 
[2026-05-05 00:32:54] production.INFO: Unhandled voice event {"event_type":"conference.participant.left"} 
[2026-05-05 00:33:14] production.INFO: Click-to-call initiated from Calls tab {"call_log_id":903,"user_phone":"+12249993880","target_phone":"+18472123894"} 
[2026-05-05 00:33:14] production.INFO: Telnyx voice webhook received {"event_type":"call.initiated","call_control_id":"v3:EMohvdcae4Y5W9QdqFjVT1_XUeQYUJwt3R21CpHG3nAiqPPRcU4U4Q","direction":"outgoing"} 
[2026-05-05 00:33:14] production.INFO: Outbound call initiated {"call_control_id":"v3:EMohvdcae4Y5W9QdqFjVT1_XUeQYUJwt3R21CpHG3nAiqPPRcU4U4Q","to":"+12249993880"} 
[2026-05-05 00:33:18] production.INFO: Telnyx voice webhook received {"event_type":"call.answered","call_control_id":"v3:EMohvdcae4Y5W9QdqFjVT1_XUeQYUJwt3R21CpHG3nAiqPPRcU4U4Q","direction":null} 
[2026-05-05 00:33:18] production.INFO: Click-to-call: user answered → playing ringback and dialing target {"call_control_id":"v3:EMohvdcae4Y5W9QdqFjVT1_XUeQYUJwt3R21CpHG3nAiqPPRcU4U4Q","target_phone":"+18472123894","call_log_id":903} 
[2026-05-05 00:33:18] production.INFO: Call command sent: playback_start {"call_control_id":"v3:EMohvdcae4Y5W9QdqFjVT1_XUeQYUJwt3R21CpHG3nAiqPPRcU4U4Q","result":"ok"} 
[2026-05-05 00:33:19] production.INFO: Click-to-call: target dialed {"target_phone":"+18472123894","target_call_control_id":"v3:MQWoKXyJkNBXcBvTjY-CELwRqrEYQBI0_0vXfv3hfkXxcjYYhgChpA"} 
[2026-05-05 00:33:19] production.INFO: Telnyx voice webhook received {"event_type":"call.initiated","call_control_id":"v3:MQWoKXyJkNBXcBvTjY-CELwRqrEYQBI0_0vXfv3hfkXxcjYYhgChpA","direction":"outgoing"} 
[2026-05-05 00:33:19] production.INFO: Outbound call initiated {"call_control_id":"v3:MQWoKXyJkNBXcBvTjY-CELwRqrEYQBI0_0vXfv3hfkXxcjYYhgChpA","to":"+18472123894"} 
[2026-05-05 00:33:19] production.INFO: Telnyx voice webhook received {"event_type":"call.playback.started","call_control_id":"v3:EMohvdcae4Y5W9QdqFjVT1_XUeQYUJwt3R21CpHG3nAiqPPRcU4U4Q","direction":null} 
[2026-05-05 00:33:19] production.INFO: Unhandled voice event {"event_type":"call.playback.started"} 
[2026-05-05 00:33:27] production.INFO: Telnyx voice webhook received {"event_type":"call.hold","call_control_id":"v3:xfF8-MtBbv8MZLvbPyYvKwiIQeu8XYZwNaxNrXJfVrlFx-g3pxcNhQ","direction":null} 
[2026-05-05 00:33:27] production.INFO: Unhandled voice event {"event_type":"call.hold"} 
[2026-05-05 00:33:28] production.INFO: Telnyx voice webhook received {"event_type":"call.answered","call_control_id":"v3:MQWoKXyJkNBXcBvTjY-CELwRqrEYQBI0_0vXfv3hfkXxcjYYhgChpA","direction":null} 
[2026-05-05 00:33:28] production.INFO: Click-to-call: target answered — bridging immediately {"target_call_control_id":"v3:MQWoKXyJkNBXcBvTjY-CELwRqrEYQBI0_0vXfv3hfkXxcjYYhgChpA","user_call_control_id":"v3:EMohvdcae4Y5W9QdqFjVT1_XUeQYUJwt3R21CpHG3nAiqPPRcU4U4Q","call_log_id":903} 
[2026-05-05 00:33:28] production.INFO: Telnyx voice webhook received {"event_type":"call.playback.ended","call_control_id":"v3:EMohvdcae4Y5W9QdqFjVT1_XUeQYUJwt3R21CpHG3nAiqPPRcU4U4Q","direction":null} 
[2026-05-05 00:33:28] production.INFO: Calls bridged successfully {"call_control_id_a":"v3:MQWoKXyJkNBXcBvTjY-CELwRqrEYQBI0_0vXfv3hfkXxcjYYhgChpA","call_control_id_b":"v3:EMohvdcae4Y5W9QdqFjVT1_XUeQYUJwt3R21CpHG3nAiqPPRcU4U4Q"} 
[2026-05-05 00:33:28] production.INFO: Telnyx voice webhook received {"event_type":"call.bridged","call_control_id":"v3:MQWoKXyJkNBXcBvTjY-CELwRqrEYQBI0_0vXfv3hfkXxcjYYhgChpA","direction":null} 
[2026-05-05 00:33:28] production.INFO: Call bridged {"call_control_id":"v3:MQWoKXyJkNBXcBvTjY-CELwRqrEYQBI0_0vXfv3hfkXxcjYYhgChpA","call_session_id":"035db7ba-481a-11f1-842f-02420aefe576"} 
[2026-05-05 00:33:29] production.INFO: Telnyx voice webhook received {"event_type":"call.bridged","call_control_id":"v3:EMohvdcae4Y5W9QdqFjVT1_XUeQYUJwt3R21CpHG3nAiqPPRcU4U4Q","direction":null} 
[2026-05-05 00:33:29] production.INFO: Call bridged {"call_control_id":"v3:EMohvdcae4Y5W9QdqFjVT1_XUeQYUJwt3R21CpHG3nAiqPPRcU4U4Q","call_session_id":"00ea2126-481a-11f1-a80e-02420aefe993"} 
[2026-05-05 00:33:31] production.INFO: Telnyx voice webhook received {"event_type":"call.machine.premium.detection.ended","call_control_id":"v3:MQWoKXyJkNBXcBvTjY-CELwRqrEYQBI0_0vXfv3hfkXxcjYYhgChpA","direction":null} 
[2026-05-05 00:33:31] production.INFO: AMD ended {"call_control_id":"v3:MQWoKXyJkNBXcBvTjY-CELwRqrEYQBI0_0vXfv3hfkXxcjYYhgChpA","result":"human_residence","action":"click_to_call_target_ring"} 
[2026-05-05 00:33:36] production.INFO: Telnyx voice webhook received {"event_type":"call.hangup","call_control_id":"v3:MQWoKXyJkNBXcBvTjY-CELwRqrEYQBI0_0vXfv3hfkXxcjYYhgChpA","direction":null} 
[2026-05-05 00:33:36] production.INFO: Click-to-call: target hung up after connected call {"call_control_id":"v3:MQWoKXyJkNBXcBvTjY-CELwRqrEYQBI0_0vXfv3hfkXxcjYYhgChpA","hangup_cause":"normal_clearing","call_log_id":903,"duration":18.779408} 
[2026-05-05 00:33:36] production.INFO: Telnyx voice webhook received {"event_type":"call.hangup","call_control_id":"v3:EMohvdcae4Y5W9QdqFjVT1_XUeQYUJwt3R21CpHG3nAiqPPRcU4U4Q","direction":null} 
[2026-05-05 00:33:36] production.INFO: Click-to-call user leg ended {"call_control_id":"v3:EMohvdcae4Y5W9QdqFjVT1_XUeQYUJwt3R21CpHG3nAiqPPRcU4U4Q","action":"click_to_call_waiting","status":"completed","call_log_id":903,"hangup_cause":"normal_clearing"} 
[2026-05-05 00:33:40] production.INFO: Telnyx voice webhook received {"event_type":"call.unhold","call_control_id":"v3:xfF8-MtBbv8MZLvbPyYvKwiIQeu8XYZwNaxNrXJfVrlFx-g3pxcNhQ","direction":null} 
[2026-05-05 00:33:40] production.INFO: Unhandled voice event {"event_type":"call.unhold"} 
[2026-05-05 00:33:40] production.INFO: Telnyx voice webhook received {"event_type":"call.hangup","call_control_id":"v3:xfF8-MtBbv8MZLvbPyYvKwiIQeu8XYZwNaxNrXJfVrlFx-g3pxcNhQ","direction":null} 
[2026-05-05 00:33:40] production.INFO: Call ended {"call_control_id":"v3:xfF8-MtBbv8MZLvbPyYvKwiIQeu8XYZwNaxNrXJfVrlFx-g3pxcNhQ","status":"completed","hangup_cause":"normal_clearing","duration":68.486025} 
[2026-05-05 00:33:41] production.INFO: Telnyx voice webhook received {"event_type":"conference.ended","call_control_id":"v3:xfF8-MtBbv8MZLvbPyYvKwiIQeu8XYZwNaxNrXJfVrlFx-g3pxcNhQ","direction":null} 
[2026-05-05 00:33:41] production.INFO: Unhandled voice event {"event_type":"conference.ended"} 
[2026-05-05 00:33:41] production.INFO: Telnyx voice webhook received {"event_type":"conference.participant.left","call_control_id":"v3:xfF8-MtBbv8MZLvbPyYvKwiIQeu8XYZwNaxNrXJfVrlFx-g3pxcNhQ","direction":null} 
[2026-05-05 00:33:41] production.INFO: Unhandled voice event {"event_type":"conference.participant.left"} 
[2026-05-05 00:33:42] production.INFO: Telnyx voice webhook received {"event_type":"call.initiated","call_control_id":"v3:_6-rIFWk11qoNPLCb8fcntt3gqclka1s9Fdyg4njY1AEk2Btc14Hyg","direction":"incoming"} 
[2026-05-05 00:33:42] production.INFO: Incoming call - answering {"call_control_id":"v3:_6-rIFWk11qoNPLCb8fcntt3gqclka1s9Fdyg4njY1AEk2Btc14Hyg","from":"+18472123894","to":"+12247354200","caller_user_id":null,"caller_name":"GRZEGORZ SZADY"} 
[2026-05-05 00:33:43] production.INFO: Call command sent: answer {"call_control_id":"v3:_6-rIFWk11qoNPLCb8fcntt3gqclka1s9Fdyg4njY1AEk2Btc14Hyg","result":"ok"} 
[2026-05-05 00:33:43] production.INFO: Telnyx voice webhook received {"event_type":"call.answered","call_control_id":"v3:_6-rIFWk11qoNPLCb8fcntt3gqclka1s9Fdyg4njY1AEk2Btc14Hyg","direction":null} 
[2026-05-05 00:33:43] production.INFO: Playing welcome TTS and dialing admins simultaneously {"call_control_id":"v3:_6-rIFWk11qoNPLCb8fcntt3gqclka1s9Fdyg4njY1AEk2Btc14Hyg","tts":"Good evening! Thanks for calling GS Construction. One moment while we connect you to the GS Crew."} 
[2026-05-05 00:33:43] production.INFO: Call command sent: speak {"call_control_id":"v3:_6-rIFWk11qoNPLCb8fcntt3gqclka1s9Fdyg4njY1AEk2Btc14Hyg","result":"ok"} 
[2026-05-05 00:33:43] production.INFO: Dialed admin {"admin_user_id":1,"admin_name":"Patryk Szady","phone":"+12249993880","admin_call_control_id":"v3:MbvdHp6pHgpBn7b4nBp6VtRnX3bT6Gi4R6gQamRVtaadqRmVCMTe5g"} 
[2026-05-05 00:33:44] production.INFO: Telnyx voice webhook received {"event_type":"call.initiated","call_control_id":"v3:MbvdHp6pHgpBn7b4nBp6VtRnX3bT6Gi4R6gQamRVtaadqRmVCMTe5g","direction":"outgoing"} 
[2026-05-05 00:33:44] production.INFO: Outbound call initiated {"call_control_id":"v3:MbvdHp6pHgpBn7b4nBp6VtRnX3bT6Gi4R6gQamRVtaadqRmVCMTe5g","to":"+12249993880"} 
[2026-05-05 00:33:44] production.INFO: Telnyx voice webhook received {"event_type":"call.speak.started","call_control_id":"v3:_6-rIFWk11qoNPLCb8fcntt3gqclka1s9Fdyg4njY1AEk2Btc14Hyg","direction":null} 
[2026-05-05 00:33:44] production.INFO: TTS speak started {"call_control_id":"v3:_6-rIFWk11qoNPLCb8fcntt3gqclka1s9Fdyg4njY1AEk2Btc14Hyg"} 
[2026-05-05 00:33:44] production.DEBUG: Push notification delivered {"endpoint":"https://web.push.apple.com/QDkJcfxcMRPW4uLNUaYZ21nDUMJHCJ-cyja1FMQcNEv6qKbL-ec_s…","status":201} 
[2026-05-05 00:33:44] production.DEBUG: Push notification delivered {"endpoint":"https://fcm.googleapis.com/fcm/send/cYR-NIq4nms:APA91bEppjWa7ZIrYxviNuWljHyZ7qnu…","status":201} 
[2026-05-05 00:33:44] production.DEBUG: Push notification delivered {"endpoint":"https://wns2-by3p.notify.windows.com/w/?token=BQYAAACU%2bKDb9Gyej4KtbEbQJBisasbB…","status":201,"wns_status":"received","wns_msg_id":"6F98F86046C35E9D","wns_debug":"BY3PEPF0001AB1B","content_encoding":"aes128gcm","response_body":""} 
[2026-05-05 00:33:45] production.DEBUG: Push notification delivered {"endpoint":"https://web.push.apple.com/QDkJcfxcMRPW4uLNUaYZ21nDUMJHCJ-cyja1FMQcNEv6qKbL-ec_s…","status":201} 
[2026-05-05 00:33:45] production.DEBUG: Push notification delivered {"endpoint":"https://fcm.googleapis.com/fcm/send/cYR-NIq4nms:APA91bEppjWa7ZIrYxviNuWljHyZ7qnu…","status":201} 
[2026-05-05 00:33:45] production.DEBUG: Push notification delivered {"endpoint":"https://wns2-by3p.notify.windows.com/w/?token=BQYAAACU%2bKDb9Gyej4KtbEbQJBisasbB…","status":201,"wns_status":"received","wns_msg_id":"4F5BC7D64B178A6D","wns_debug":"BY3PEPF00028D13","content_encoding":"aes128gcm","response_body":""} 
[2026-05-05 00:33:50] production.INFO: Telnyx voice webhook received {"event_type":"call.speak.ended","call_control_id":"v3:_6-rIFWk11qoNPLCb8fcntt3gqclka1s9Fdyg4njY1AEk2Btc14Hyg","direction":null} 
[2026-05-05 00:33:50] production.INFO: handleCallSpeakEnded ENTRY {"call_control_id":"v3:_6-rIFWk11qoNPLCb8fcntt3gqclka1s9Fdyg4njY1AEk2Btc14Hyg","action":"welcome_done","client_state":{"action":"welcome_done","call_log_id":904,"original_caller":"+18472123894"},"client_state_raw_present":true} 
[2026-05-05 00:33:50] production.INFO: TTS completed — no admin answered yet, playing ringback {"call_control_id":"v3:_6-rIFWk11qoNPLCb8fcntt3gqclka1s9Fdyg4njY1AEk2Btc14Hyg","call_log_id":904} 
[2026-05-05 00:33:50] production.INFO: Call command sent: playback_start {"call_control_id":"v3:_6-rIFWk11qoNPLCb8fcntt3gqclka1s9Fdyg4njY1AEk2Btc14Hyg","result":"ok"} 
[2026-05-05 00:33:51] production.INFO: Telnyx voice webhook received {"event_type":"call.playback.started","call_control_id":"v3:_6-rIFWk11qoNPLCb8fcntt3gqclka1s9Fdyg4njY1AEk2Btc14Hyg","direction":null} 
[2026-05-05 00:33:51] production.INFO: Unhandled voice event {"event_type":"call.playback.started"} 
[2026-05-05 00:33:52] production.INFO: Telnyx voice webhook received {"event_type":"call.answered","call_control_id":"v3:MbvdHp6pHgpBn7b4nBp6VtRnX3bT6Gi4R6gQamRVtaadqRmVCMTe5g","direction":null} 
[2026-05-05 00:33:52] production.INFO: First admin answered — bridging without prompt {"admin_call_control_id":"v3:MbvdHp6pHgpBn7b4nBp6VtRnX3bT6Gi4R6gQamRVtaadqRmVCMTe5g","incoming_call_control_id":"v3:_6-rIFWk11qoNPLCb8fcntt3gqclka1s9Fdyg4njY1AEk2Btc14Hyg","call_log_id":904,"admin_user_id":1} 
[2026-05-05 00:33:52] production.INFO: Creating conference with caller as first participant {"call_log_id":904,"conference_name":"call_904_d1296ca7","incoming_call_control_id":"v3:_6-rIFWk11qoNPLCb8fcntt3gqclka1s9Fdyg4njY1AEk2Btc14Hyg","admin_call_control_id":"v3:MbvdHp6pHgpBn7b4nBp6VtRnX3bT6Gi4R6gQamRVtaadqRmVCMTe5g","admin_user_id":1} 
[2026-05-05 00:33:52] production.INFO: Call command sent: playback_stop {"call_control_id":"v3:_6-rIFWk11qoNPLCb8fcntt3gqclka1s9Fdyg4njY1AEk2Btc14Hyg","result":"ok"} 
[2026-05-05 00:33:52] production.INFO: Telnyx voice webhook received {"event_type":"call.playback.ended","call_control_id":"v3:_6-rIFWk11qoNPLCb8fcntt3gqclka1s9Fdyg4njY1AEk2Btc14Hyg","direction":null} 
[2026-05-05 00:33:52] production.INFO: Call command sent: playback_start {"call_control_id":"v3:_6-rIFWk11qoNPLCb8fcntt3gqclka1s9Fdyg4njY1AEk2Btc14Hyg","result":"ok"} 
[2026-05-05 00:33:52] production.INFO: Call command sent: playback_stop {"call_control_id":"v3:MbvdHp6pHgpBn7b4nBp6VtRnX3bT6Gi4R6gQamRVtaadqRmVCMTe5g","result":"ok"} 
[2026-05-05 00:33:52] production.INFO: Telnyx voice webhook received {"event_type":"call.playback.started","call_control_id":"v3:_6-rIFWk11qoNPLCb8fcntt3gqclka1s9Fdyg4njY1AEk2Btc14Hyg","direction":null} 
[2026-05-05 00:33:52] production.INFO: Unhandled voice event {"event_type":"call.playback.started"} 
[2026-05-05 00:33:53] production.INFO: Conference created {"name":"call_904_d1296ca7","conference_id":"98827876-c17a-4c6d-ad87-873c449f9f73","beneficiary_call_control_id":"v3:_6-rIFWk11qoNPLCb8fcntt3gqclka1s9Fdyg4njY1AEk2Btc14Hyg"} 
[2026-05-05 00:33:53] production.INFO: Telnyx voice webhook received {"event_type":"call.playback.ended","call_control_id":"v3:_6-rIFWk11qoNPLCb8fcntt3gqclka1s9Fdyg4njY1AEk2Btc14Hyg","direction":null} 
[2026-05-05 00:33:53] production.INFO: Telnyx voice webhook received {"event_type":"conference.floor.changed","call_control_id":"v3:_6-rIFWk11qoNPLCb8fcntt3gqclka1s9Fdyg4njY1AEk2Btc14Hyg","direction":null} 
[2026-05-05 00:33:53] production.INFO: Unhandled voice event {"event_type":"conference.floor.changed"} 
[2026-05-05 00:33:53] production.INFO: Telnyx voice webhook received {"event_type":"conference.created","call_control_id":"v3:_6-rIFWk11qoNPLCb8fcntt3gqclka1s9Fdyg4njY1AEk2Btc14Hyg","direction":null} 
[2026-05-05 00:33:53] production.INFO: Unhandled voice event {"event_type":"conference.created"} 
[2026-05-05 00:33:53] production.INFO: Telnyx voice webhook received {"event_type":"conference.participant.joined","call_control_id":"v3:_6-rIFWk11qoNPLCb8fcntt3gqclka1s9Fdyg4njY1AEk2Btc14Hyg","direction":null} 
[2026-05-05 00:33:53] production.INFO: Unhandled voice event {"event_type":"conference.participant.joined"} 
[2026-05-05 00:33:53] production.INFO: Joined conference {"conference_id":"98827876-c17a-4c6d-ad87-873c449f9f73","call_control_id":"v3:MbvdHp6pHgpBn7b4nBp6VtRnX3bT6Gi4R6gQamRVtaadqRmVCMTe5g"} 
[2026-05-05 00:33:54] production.INFO: Telnyx voice webhook received {"event_type":"conference.participant.joined","call_control_id":"v3:MbvdHp6pHgpBn7b4nBp6VtRnX3bT6Gi4R6gQamRVtaadqRmVCMTe5g","direction":null} 
[2026-05-05 00:33:54] production.INFO: Unhandled voice event {"event_type":"conference.participant.joined"} 
[2026-05-05 00:33:56] production.INFO: Telnyx voice webhook received {"event_type":"conference.floor.changed","call_control_id":"v3:MbvdHp6pHgpBn7b4nBp6VtRnX3bT6Gi4R6gQamRVtaadqRmVCMTe5g","direction":null} 
[2026-05-05 00:33:56] production.INFO: Unhandled voice event {"event_type":"conference.floor.changed"} 
[2026-05-05 00:33:58] production.INFO: Telnyx voice webhook received {"event_type":"call.hangup","call_control_id":"v3:MbvdHp6pHgpBn7b4nBp6VtRnX3bT6Gi4R6gQamRVtaadqRmVCMTe5g","direction":null} 
[2026-05-05 00:33:58] production.INFO: Admin ring leg hung up {"admin_call_control_id":"v3:MbvdHp6pHgpBn7b4nBp6VtRnX3bT6Gi4R6gQamRVtaadqRmVCMTe5g","hangup_cause":"normal_clearing","call_log_id":904,"incoming_call_control_id":"v3:_6-rIFWk11qoNPLCb8fcntt3gqclka1s9Fdyg4njY1AEk2Btc14Hyg"} 
[2026-05-05 00:33:58] production.INFO: Telnyx voice webhook received {"event_type":"conference.floor.changed","call_control_id":"v3:_6-rIFWk11qoNPLCb8fcntt3gqclka1s9Fdyg4njY1AEk2Btc14Hyg","direction":null} 
[2026-05-05 00:33:58] production.INFO: Unhandled voice event {"event_type":"conference.floor.changed"} 
[2026-05-05 00:33:58] production.INFO: Telnyx voice webhook received {"event_type":"conference.participant.left","call_control_id":"v3:MbvdHp6pHgpBn7b4nBp6VtRnX3bT6Gi4R6gQamRVtaadqRmVCMTe5g","direction":null} 
[2026-05-05 00:33:58] production.INFO: Unhandled voice event {"event_type":"conference.participant.left"} 
[2026-05-05 00:33:58] production.INFO: Telnyx voice webhook received {"event_type":"conference.floor.changed","call_control_id":"v3:_6-rIFWk11qoNPLCb8fcntt3gqclka1s9Fdyg4njY1AEk2Btc14Hyg","direction":null} 
[2026-05-05 00:33:58] production.INFO: Unhandled voice event {"event_type":"conference.floor.changed"} 
[2026-05-05 00:33:59] production.INFO: Telnyx voice webhook received {"event_type":"call.hangup","call_control_id":"v3:_6-rIFWk11qoNPLCb8fcntt3gqclka1s9Fdyg4njY1AEk2Btc14Hyg","direction":null} 
[2026-05-05 00:33:59] production.INFO: Call ended {"call_control_id":"v3:_6-rIFWk11qoNPLCb8fcntt3gqclka1s9Fdyg4njY1AEk2Btc14Hyg","status":"completed","hangup_cause":"normal_clearing","duration":16.022217} 
[2026-05-05 00:33:59] production.INFO: Telnyx voice webhook received {"event_type":"conference.ended","call_control_id":"v3:_6-rIFWk11qoNPLCb8fcntt3gqclka1s9Fdyg4njY1AEk2Btc14Hyg","direction":null} 
[2026-05-05 00:33:59] production.INFO: Unhandled voice event {"event_type":"conference.ended"} 
[2026-05-05 00:33:59] production.INFO: Telnyx voice webhook received {"event_type":"conference.participant.left","call_control_id":"v3:_6-rIFWk11qoNPLCb8fcntt3gqclka1s9Fdyg4njY1AEk2Btc14Hyg","direction":null} 
[2026-05-05 00:33:59] production.INFO: Unhandled voice event {"event_type":"conference.participant.left"} 
[2026-05-05 00:45:20] production.INFO: Telnyx voice webhook received {"event_type":"call.initiated","call_control_id":"v3:OQroMVRJ1hMODUF8Yx2yPPL-nRw_pprJBeB_VbfF9iaDwNamNIEeEw","direction":"incoming"} 
[2026-05-05 00:45:20] production.INFO: Incoming call - answering {"call_control_id":"v3:OQroMVRJ1hMODUF8Yx2yPPL-nRw_pprJBeB_VbfF9iaDwNamNIEeEw","from":"+18472123894","to":"+12247354200","caller_user_id":null,"caller_name":"GRZEGORZ SZADY"} 
[2026-05-05 00:45:20] production.INFO: Call command sent: answer {"call_control_id":"v3:OQroMVRJ1hMODUF8Yx2yPPL-nRw_pprJBeB_VbfF9iaDwNamNIEeEw","result":"ok"} 
[2026-05-05 00:45:21] production.INFO: Telnyx voice webhook received {"event_type":"call.answered","call_control_id":"v3:OQroMVRJ1hMODUF8Yx2yPPL-nRw_pprJBeB_VbfF9iaDwNamNIEeEw","direction":null} 
[2026-05-05 00:45:21] production.INFO: Playing welcome TTS and dialing admins simultaneously {"call_control_id":"v3:OQroMVRJ1hMODUF8Yx2yPPL-nRw_pprJBeB_VbfF9iaDwNamNIEeEw","tts":"Good evening! Thanks for calling GS Construction. One moment while we connect you to the GS Crew."} 
[2026-05-05 00:45:21] production.INFO: Call command sent: speak {"call_control_id":"v3:OQroMVRJ1hMODUF8Yx2yPPL-nRw_pprJBeB_VbfF9iaDwNamNIEeEw","result":"ok"} 
[2026-05-05 00:45:21] production.INFO: Dialed admin {"admin_user_id":1,"admin_name":"Patryk Szady","phone":"+12249993880","admin_call_control_id":"v3:nCFRN10yYxKb0yKShOCKpkATZP-Hav6RgS-Dko22Xv6DoQ99cb9rgw"} 
[2026-05-05 00:45:21] production.INFO: Telnyx voice webhook received {"event_type":"call.initiated","call_control_id":"v3:nCFRN10yYxKb0yKShOCKpkATZP-Hav6RgS-Dko22Xv6DoQ99cb9rgw","direction":"outgoing"} 
[2026-05-05 00:45:21] production.INFO: Outbound call initiated {"call_control_id":"v3:nCFRN10yYxKb0yKShOCKpkATZP-Hav6RgS-Dko22Xv6DoQ99cb9rgw","to":"+12249993880"} 
[2026-05-05 00:45:21] production.INFO: Telnyx voice webhook received {"event_type":"call.speak.started","call_control_id":"v3:OQroMVRJ1hMODUF8Yx2yPPL-nRw_pprJBeB_VbfF9iaDwNamNIEeEw","direction":null} 
[2026-05-05 00:45:21] production.INFO: TTS speak started {"call_control_id":"v3:OQroMVRJ1hMODUF8Yx2yPPL-nRw_pprJBeB_VbfF9iaDwNamNIEeEw"} 
[2026-05-05 00:45:23] production.DEBUG: Push notification delivered {"endpoint":"https://web.push.apple.com/QDkJcfxcMRPW4uLNUaYZ21nDUMJHCJ-cyja1FMQcNEv6qKbL-ec_s…","status":201} 
[2026-05-05 00:45:23] production.DEBUG: Push notification delivered {"endpoint":"https://fcm.googleapis.com/fcm/send/cYR-NIq4nms:APA91bEppjWa7ZIrYxviNuWljHyZ7qnu…","status":201} 
[2026-05-05 00:45:23] production.DEBUG: Push notification delivered {"endpoint":"https://wns2-by3p.notify.windows.com/w/?token=BQYAAACU%2bKDb9Gyej4KtbEbQJBisasbB…","status":201,"wns_status":"received","wns_msg_id":"7A8792608DFFB44","wns_debug":"BY3PEPF0000E9E8","content_encoding":"aes128gcm","response_body":""} 
[2026-05-05 00:45:23] production.DEBUG: Push notification delivered {"endpoint":"https://web.push.apple.com/QDkJcfxcMRPW4uLNUaYZ21nDUMJHCJ-cyja1FMQcNEv6qKbL-ec_s…","status":201} 
[2026-05-05 00:45:23] production.DEBUG: Push notification delivered {"endpoint":"https://fcm.googleapis.com/fcm/send/cYR-NIq4nms:APA91bEppjWa7ZIrYxviNuWljHyZ7qnu…","status":201} 
[2026-05-05 00:45:23] production.DEBUG: Push notification delivered {"endpoint":"https://wns2-by3p.notify.windows.com/w/?token=BQYAAACU%2bKDb9Gyej4KtbEbQJBisasbB…","status":201,"wns_status":"received","wns_msg_id":"43968F3532D8B382","wns_debug":"BY3PEPF00028D12","content_encoding":"aes128gcm","response_body":""} 
[2026-05-05 00:45:26] production.INFO: Telnyx voice webhook received {"event_type":"call.speak.ended","call_control_id":"v3:OQroMVRJ1hMODUF8Yx2yPPL-nRw_pprJBeB_VbfF9iaDwNamNIEeEw","direction":null} 
[2026-05-05 00:45:26] production.INFO: handleCallSpeakEnded ENTRY {"call_control_id":"v3:OQroMVRJ1hMODUF8Yx2yPPL-nRw_pprJBeB_VbfF9iaDwNamNIEeEw","action":"welcome_done","client_state":{"action":"welcome_done","call_log_id":905,"original_caller":"+18472123894"},"client_state_raw_present":true} 
[2026-05-05 00:45:27] production.INFO: TTS completed — no admin answered yet, playing ringback {"call_control_id":"v3:OQroMVRJ1hMODUF8Yx2yPPL-nRw_pprJBeB_VbfF9iaDwNamNIEeEw","call_log_id":905} 
[2026-05-05 00:45:27] production.INFO: Call command sent: playback_start {"call_control_id":"v3:OQroMVRJ1hMODUF8Yx2yPPL-nRw_pprJBeB_VbfF9iaDwNamNIEeEw","result":"ok"} 
[2026-05-05 00:45:27] production.INFO: Telnyx voice webhook received {"event_type":"call.playback.started","call_control_id":"v3:OQroMVRJ1hMODUF8Yx2yPPL-nRw_pprJBeB_VbfF9iaDwNamNIEeEw","direction":null} 
[2026-05-05 00:45:27] production.INFO: Unhandled voice event {"event_type":"call.playback.started"} 
[2026-05-05 00:45:30] production.INFO: Telnyx voice webhook received {"event_type":"call.answered","call_control_id":"v3:nCFRN10yYxKb0yKShOCKpkATZP-Hav6RgS-Dko22Xv6DoQ99cb9rgw","direction":null} 
[2026-05-05 00:45:30] production.INFO: Playing admin screening prompt {"admin_call_control_id":"v3:nCFRN10yYxKb0yKShOCKpkATZP-Hav6RgS-Dko22Xv6DoQ99cb9rgw","call_log_id":905,"admin_user_id":1,"is_late_answerer":false,"caller_label":"GRZEGORZ SZADY"} 
[2026-05-05 00:45:30] production.INFO: Call command sent: speak {"call_control_id":"v3:nCFRN10yYxKb0yKShOCKpkATZP-Hav6RgS-Dko22Xv6DoQ99cb9rgw","result":"ok"} 
[2026-05-05 00:45:30] production.INFO: Telnyx voice webhook received {"event_type":"call.speak.started","call_control_id":"v3:nCFRN10yYxKb0yKShOCKpkATZP-Hav6RgS-Dko22Xv6DoQ99cb9rgw","direction":null} 
[2026-05-05 00:45:30] production.INFO: TTS speak started {"call_control_id":"v3:nCFRN10yYxKb0yKShOCKpkATZP-Hav6RgS-Dko22Xv6DoQ99cb9rgw"} 
[2026-05-05 00:45:36] production.INFO: Telnyx voice webhook received {"event_type":"call.speak.ended","call_control_id":"v3:nCFRN10yYxKb0yKShOCKpkATZP-Hav6RgS-Dko22Xv6DoQ99cb9rgw","direction":null} 
[2026-05-05 00:45:36] production.INFO: handleCallSpeakEnded ENTRY {"call_control_id":"v3:nCFRN10yYxKb0yKShOCKpkATZP-Hav6RgS-Dko22Xv6DoQ99cb9rgw","action":"admin_screen_done","client_state":{"action":"admin_screen_done","call_log_id":905,"incoming_call_control_id":"v3:OQroMVRJ1hMODUF8Yx2yPPL-nRw_pprJBeB_VbfF9iaDwNamNIEeEw","admin_user_id":1,"conference_id":null},"client_state_raw_present":true} 
[2026-05-05 00:45:36] production.INFO: First admin answered — bridging without prompt {"admin_call_control_id":"v3:nCFRN10yYxKb0yKShOCKpkATZP-Hav6RgS-Dko22Xv6DoQ99cb9rgw","incoming_call_control_id":"v3:OQroMVRJ1hMODUF8Yx2yPPL-nRw_pprJBeB_VbfF9iaDwNamNIEeEw","call_log_id":905,"admin_user_id":1} 
[2026-05-05 00:45:36] production.INFO: Creating conference with caller as first participant {"call_log_id":905,"conference_name":"call_905_52a337d9","incoming_call_control_id":"v3:OQroMVRJ1hMODUF8Yx2yPPL-nRw_pprJBeB_VbfF9iaDwNamNIEeEw","admin_call_control_id":"v3:nCFRN10yYxKb0yKShOCKpkATZP-Hav6RgS-Dko22Xv6DoQ99cb9rgw","admin_user_id":1} 
[2026-05-05 00:45:36] production.INFO: Call command sent: playback_stop {"call_control_id":"v3:OQroMVRJ1hMODUF8Yx2yPPL-nRw_pprJBeB_VbfF9iaDwNamNIEeEw","result":"ok"} 
[2026-05-05 00:45:36] production.INFO: Telnyx voice webhook received {"event_type":"call.playback.ended","call_control_id":"v3:OQroMVRJ1hMODUF8Yx2yPPL-nRw_pprJBeB_VbfF9iaDwNamNIEeEw","direction":null} 
[2026-05-05 00:45:36] production.INFO: Call command sent: playback_start {"call_control_id":"v3:OQroMVRJ1hMODUF8Yx2yPPL-nRw_pprJBeB_VbfF9iaDwNamNIEeEw","result":"ok"} 
[2026-05-05 00:45:36] production.INFO: Call command sent: playback_stop {"call_control_id":"v3:nCFRN10yYxKb0yKShOCKpkATZP-Hav6RgS-Dko22Xv6DoQ99cb9rgw","result":"ok"} 
[2026-05-05 00:45:37] production.INFO: Telnyx voice webhook received {"event_type":"call.playback.started","call_control_id":"v3:OQroMVRJ1hMODUF8Yx2yPPL-nRw_pprJBeB_VbfF9iaDwNamNIEeEw","direction":null} 
[2026-05-05 00:45:37] production.INFO: Unhandled voice event {"event_type":"call.playback.started"} 
[2026-05-05 00:45:37] production.INFO: Conference created {"name":"call_905_52a337d9","conference_id":"df9f49b4-a5ff-4ac0-8ecb-233d70881c6a","beneficiary_call_control_id":"v3:OQroMVRJ1hMODUF8Yx2yPPL-nRw_pprJBeB_VbfF9iaDwNamNIEeEw"} 
[2026-05-05 00:45:37] production.INFO: Telnyx voice webhook received {"event_type":"call.playback.ended","call_control_id":"v3:OQroMVRJ1hMODUF8Yx2yPPL-nRw_pprJBeB_VbfF9iaDwNamNIEeEw","direction":null} 
[2026-05-05 00:45:37] production.INFO: Telnyx voice webhook received {"event_type":"conference.floor.changed","call_control_id":"v3:OQroMVRJ1hMODUF8Yx2yPPL-nRw_pprJBeB_VbfF9iaDwNamNIEeEw","direction":null} 
[2026-05-05 00:45:37] production.INFO: Unhandled voice event {"event_type":"conference.floor.changed"} 
[2026-05-05 00:45:37] production.INFO: Telnyx voice webhook received {"event_type":"conference.created","call_control_id":"v3:OQroMVRJ1hMODUF8Yx2yPPL-nRw_pprJBeB_VbfF9iaDwNamNIEeEw","direction":null} 
[2026-05-05 00:45:37] production.INFO: Unhandled voice event {"event_type":"conference.created"} 
[2026-05-05 00:45:37] production.INFO: Telnyx voice webhook received {"event_type":"conference.participant.joined","call_control_id":"v3:OQroMVRJ1hMODUF8Yx2yPPL-nRw_pprJBeB_VbfF9iaDwNamNIEeEw","direction":null} 
[2026-05-05 00:45:37] production.INFO: Unhandled voice event {"event_type":"conference.participant.joined"} 
[2026-05-05 00:45:38] production.INFO: Joined conference {"conference_id":"df9f49b4-a5ff-4ac0-8ecb-233d70881c6a","call_control_id":"v3:nCFRN10yYxKb0yKShOCKpkATZP-Hav6RgS-Dko22Xv6DoQ99cb9rgw"} 
[2026-05-05 00:45:38] production.INFO: Telnyx voice webhook received {"event_type":"conference.participant.joined","call_control_id":"v3:nCFRN10yYxKb0yKShOCKpkATZP-Hav6RgS-Dko22Xv6DoQ99cb9rgw","direction":null} 
[2026-05-05 00:45:38] production.INFO: Unhandled voice event {"event_type":"conference.participant.joined"} 
[2026-05-05 00:45:38] production.INFO: Telnyx voice webhook received {"event_type":"conference.floor.changed","call_control_id":"v3:nCFRN10yYxKb0yKShOCKpkATZP-Hav6RgS-Dko22Xv6DoQ99cb9rgw","direction":null} 
[2026-05-05 00:45:38] production.INFO: Unhandled voice event {"event_type":"conference.floor.changed"} 
[2026-05-05 00:45:44] production.INFO: Telnyx voice webhook received {"event_type":"call.hangup","call_control_id":"v3:nCFRN10yYxKb0yKShOCKpkATZP-Hav6RgS-Dko22Xv6DoQ99cb9rgw","direction":null} 
[2026-05-05 00:45:44] production.INFO: Telnyx voice webhook received {"event_type":"conference.floor.changed","call_control_id":"v3:OQroMVRJ1hMODUF8Yx2yPPL-nRw_pprJBeB_VbfF9iaDwNamNIEeEw","direction":null} 
[2026-05-05 00:45:44] production.INFO: Unhandled voice event {"event_type":"conference.floor.changed"} 
[2026-05-05 00:45:44] production.INFO: Telnyx voice webhook received {"event_type":"conference.participant.left","call_control_id":"v3:nCFRN10yYxKb0yKShOCKpkATZP-Hav6RgS-Dko22Xv6DoQ99cb9rgw","direction":null} 
[2026-05-05 00:45:44] production.INFO: Unhandled voice event {"event_type":"conference.participant.left"} 
[2026-05-05 00:45:44] production.INFO: Telnyx voice webhook received {"event_type":"conference.floor.changed","call_control_id":"v3:OQroMVRJ1hMODUF8Yx2yPPL-nRw_pprJBeB_VbfF9iaDwNamNIEeEw","direction":null} 
[2026-05-05 00:45:44] production.INFO: Unhandled voice event {"event_type":"conference.floor.changed"} 
[2026-05-05 00:45:49] production.INFO: Telnyx voice webhook received {"event_type":"call.hangup","call_control_id":"v3:OQroMVRJ1hMODUF8Yx2yPPL-nRw_pprJBeB_VbfF9iaDwNamNIEeEw","direction":null} 
[2026-05-05 00:45:49] production.INFO: Call ended {"call_control_id":"v3:OQroMVRJ1hMODUF8Yx2yPPL-nRw_pprJBeB_VbfF9iaDwNamNIEeEw","status":"completed","hangup_cause":"normal_clearing","duration":28.382976} 
[2026-05-05 00:45:49] production.INFO: Telnyx voice webhook received {"event_type":"conference.ended","call_control_id":"v3:OQroMVRJ1hMODUF8Yx2yPPL-nRw_pprJBeB_VbfF9iaDwNamNIEeEw","direction":null} 
[2026-05-05 00:45:49] production.INFO: Unhandled voice event {"event_type":"conference.ended"} 
[2026-05-05 00:45:49] production.INFO: Telnyx voice webhook received {"event_type":"conference.participant.left","call_control_id":"v3:OQroMVRJ1hMODUF8Yx2yPPL-nRw_pprJBeB_VbfF9iaDwNamNIEeEw","direction":null} 
[2026-05-05 00:45:49] production.INFO: Unhandled voice event {"event_type":"conference.participant.left"} 
[2026-05-05 00:45:51] production.INFO: Telnyx voice webhook received {"event_type":"call.initiated","call_control_id":"v3:KrXHmmHvH9SAVXynfeG82ix9HOhb5ze7lrQDNJbUg6sy1O4kMXnsCg","direction":"incoming"} 
[2026-05-05 00:45:51] production.INFO: Incoming call - answering {"call_control_id":"v3:KrXHmmHvH9SAVXynfeG82ix9HOhb5ze7lrQDNJbUg6sy1O4kMXnsCg","from":"+18472123894","to":"+12247354200","caller_user_id":null,"caller_name":"GRZEGORZ SZADY"} 
[2026-05-05 00:45:51] production.INFO: Call command sent: answer {"call_control_id":"v3:KrXHmmHvH9SAVXynfeG82ix9HOhb5ze7lrQDNJbUg6sy1O4kMXnsCg","result":"ok"} 
[2026-05-05 00:45:51] production.INFO: Telnyx voice webhook received {"event_type":"call.answered","call_control_id":"v3:KrXHmmHvH9SAVXynfeG82ix9HOhb5ze7lrQDNJbUg6sy1O4kMXnsCg","direction":null} 
[2026-05-05 00:45:51] production.INFO: Playing welcome TTS and dialing admins simultaneously {"call_control_id":"v3:KrXHmmHvH9SAVXynfeG82ix9HOhb5ze7lrQDNJbUg6sy1O4kMXnsCg","tts":"Good evening! Thanks for calling GS Construction. One moment while we connect you to the GS Crew."} 
[2026-05-05 00:45:52] production.INFO: Call command sent: speak {"call_control_id":"v3:KrXHmmHvH9SAVXynfeG82ix9HOhb5ze7lrQDNJbUg6sy1O4kMXnsCg","result":"ok"} 
[2026-05-05 00:45:52] production.INFO: Dialed admin {"admin_user_id":1,"admin_name":"Patryk Szady","phone":"+12249993880","admin_call_control_id":"v3:kr3a3egoLLFbUM5RK0MeW39AO3bif2yVnBv3Y5LK2zPnpVWqzLeRew"} 
[2026-05-05 00:45:52] production.INFO: Telnyx voice webhook received {"event_type":"call.speak.started","call_control_id":"v3:KrXHmmHvH9SAVXynfeG82ix9HOhb5ze7lrQDNJbUg6sy1O4kMXnsCg","direction":null} 
[2026-05-05 00:45:52] production.INFO: TTS speak started {"call_control_id":"v3:KrXHmmHvH9SAVXynfeG82ix9HOhb5ze7lrQDNJbUg6sy1O4kMXnsCg"} 
[2026-05-05 00:45:52] production.INFO: Telnyx voice webhook received {"event_type":"call.initiated","call_control_id":"v3:kr3a3egoLLFbUM5RK0MeW39AO3bif2yVnBv3Y5LK2zPnpVWqzLeRew","direction":"outgoing"} 
[2026-05-05 00:45:52] production.INFO: Outbound call initiated {"call_control_id":"v3:kr3a3egoLLFbUM5RK0MeW39AO3bif2yVnBv3Y5LK2zPnpVWqzLeRew","to":"+12249993880"} 
[2026-05-05 00:45:53] production.DEBUG: Push notification delivered {"endpoint":"https://web.push.apple.com/QDkJcfxcMRPW4uLNUaYZ21nDUMJHCJ-cyja1FMQcNEv6qKbL-ec_s…","status":201} 
[2026-05-05 00:45:53] production.DEBUG: Push notification delivered {"endpoint":"https://fcm.googleapis.com/fcm/send/cYR-NIq4nms:APA91bEppjWa7ZIrYxviNuWljHyZ7qnu…","status":201} 
[2026-05-05 00:45:53] production.DEBUG: Push notification delivered {"endpoint":"https://wns2-by3p.notify.windows.com/w/?token=BQYAAACU%2bKDb9Gyej4KtbEbQJBisasbB…","status":201,"wns_status":"received","wns_msg_id":"304F66BC5F8D8F48","wns_debug":"BY3PEPF0000E9C0","content_encoding":"aes128gcm","response_body":""} 
[2026-05-05 00:45:53] production.DEBUG: Push notification delivered {"endpoint":"https://web.push.apple.com/QDkJcfxcMRPW4uLNUaYZ21nDUMJHCJ-cyja1FMQcNEv6qKbL-ec_s…","status":201} 
[2026-05-05 00:45:53] production.DEBUG: Push notification delivered {"endpoint":"https://fcm.googleapis.com/fcm/send/cYR-NIq4nms:APA91bEppjWa7ZIrYxviNuWljHyZ7qnu…","status":201} 
[2026-05-05 00:45:53] production.DEBUG: Push notification delivered {"endpoint":"https://wns2-by3p.notify.windows.com/w/?token=BQYAAACU%2bKDb9Gyej4KtbEbQJBisasbB…","status":201,"wns_status":"received","wns_msg_id":"63B34FD66E895196","wns_debug":"BY3PEPF00019594","content_encoding":"aes128gcm","response_body":""} 
[2026-05-05 00:45:59] production.INFO: Telnyx voice webhook received {"event_type":"call.speak.ended","call_control_id":"v3:KrXHmmHvH9SAVXynfeG82ix9HOhb5ze7lrQDNJbUg6sy1O4kMXnsCg","direction":null} 
[2026-05-05 00:45:59] production.INFO: handleCallSpeakEnded ENTRY {"call_control_id":"v3:KrXHmmHvH9SAVXynfeG82ix9HOhb5ze7lrQDNJbUg6sy1O4kMXnsCg","action":"welcome_done","client_state":{"action":"welcome_done","call_log_id":906,"original_caller":"+18472123894"},"client_state_raw_present":true} 
[2026-05-05 00:45:59] production.INFO: TTS completed — no admin answered yet, playing ringback {"call_control_id":"v3:KrXHmmHvH9SAVXynfeG82ix9HOhb5ze7lrQDNJbUg6sy1O4kMXnsCg","call_log_id":906} 
[2026-05-05 00:45:59] production.INFO: Call command sent: playback_start {"call_control_id":"v3:KrXHmmHvH9SAVXynfeG82ix9HOhb5ze7lrQDNJbUg6sy1O4kMXnsCg","result":"ok"} 
[2026-05-05 00:45:59] production.INFO: Telnyx voice webhook received {"event_type":"call.playback.started","call_control_id":"v3:KrXHmmHvH9SAVXynfeG82ix9HOhb5ze7lrQDNJbUg6sy1O4kMXnsCg","direction":null} 
[2026-05-05 00:45:59] production.INFO: Unhandled voice event {"event_type":"call.playback.started"} 
[2026-05-05 00:46:00] production.INFO: Telnyx voice webhook received {"event_type":"call.answered","call_control_id":"v3:kr3a3egoLLFbUM5RK0MeW39AO3bif2yVnBv3Y5LK2zPnpVWqzLeRew","direction":null} 
[2026-05-05 00:46:00] production.INFO: Playing admin screening prompt {"admin_call_control_id":"v3:kr3a3egoLLFbUM5RK0MeW39AO3bif2yVnBv3Y5LK2zPnpVWqzLeRew","call_log_id":906,"admin_user_id":1,"is_late_answerer":false,"caller_label":"GRZEGORZ SZADY"} 
[2026-05-05 00:46:00] production.INFO: Call command sent: speak {"call_control_id":"v3:kr3a3egoLLFbUM5RK0MeW39AO3bif2yVnBv3Y5LK2zPnpVWqzLeRew","result":"ok"} 
[2026-05-05 00:46:00] production.INFO: Telnyx voice webhook received {"event_type":"call.speak.started","call_control_id":"v3:kr3a3egoLLFbUM5RK0MeW39AO3bif2yVnBv3Y5LK2zPnpVWqzLeRew","direction":null} 
[2026-05-05 00:46:00] production.INFO: TTS speak started {"call_control_id":"v3:kr3a3egoLLFbUM5RK0MeW39AO3bif2yVnBv3Y5LK2zPnpVWqzLeRew"} 
[2026-05-05 00:46:06] production.INFO: Telnyx voice webhook received {"event_type":"call.speak.ended","call_control_id":"v3:kr3a3egoLLFbUM5RK0MeW39AO3bif2yVnBv3Y5LK2zPnpVWqzLeRew","direction":null} 
[2026-05-05 00:46:06] production.INFO: handleCallSpeakEnded ENTRY {"call_control_id":"v3:kr3a3egoLLFbUM5RK0MeW39AO3bif2yVnBv3Y5LK2zPnpVWqzLeRew","action":"admin_screen_done","client_state":{"action":"admin_screen_done","call_log_id":906,"incoming_call_control_id":"v3:KrXHmmHvH9SAVXynfeG82ix9HOhb5ze7lrQDNJbUg6sy1O4kMXnsCg","admin_user_id":1,"conference_id":null},"client_state_raw_present":true} 
[2026-05-05 00:46:06] production.INFO: First admin answered — bridging without prompt {"admin_call_control_id":"v3:kr3a3egoLLFbUM5RK0MeW39AO3bif2yVnBv3Y5LK2zPnpVWqzLeRew","incoming_call_control_id":"v3:KrXHmmHvH9SAVXynfeG82ix9HOhb5ze7lrQDNJbUg6sy1O4kMXnsCg","call_log_id":906,"admin_user_id":1} 
[2026-05-05 00:46:06] production.INFO: Creating conference with caller as first participant {"call_log_id":906,"conference_name":"call_906_fcb348db","incoming_call_control_id":"v3:KrXHmmHvH9SAVXynfeG82ix9HOhb5ze7lrQDNJbUg6sy1O4kMXnsCg","admin_call_control_id":"v3:kr3a3egoLLFbUM5RK0MeW39AO3bif2yVnBv3Y5LK2zPnpVWqzLeRew","admin_user_id":1} 
[2026-05-05 00:46:06] production.INFO: Call command sent: playback_stop {"call_control_id":"v3:KrXHmmHvH9SAVXynfeG82ix9HOhb5ze7lrQDNJbUg6sy1O4kMXnsCg","result":"ok"} 
[2026-05-05 00:46:07] production.INFO: Telnyx voice webhook received {"event_type":"call.playback.ended","call_control_id":"v3:KrXHmmHvH9SAVXynfeG82ix9HOhb5ze7lrQDNJbUg6sy1O4kMXnsCg","direction":null} 
[2026-05-05 00:46:07] production.INFO: Call command sent: playback_start {"call_control_id":"v3:KrXHmmHvH9SAVXynfeG82ix9HOhb5ze7lrQDNJbUg6sy1O4kMXnsCg","result":"ok"} 
[2026-05-05 00:46:07] production.INFO: Call command sent: playback_stop {"call_control_id":"v3:kr3a3egoLLFbUM5RK0MeW39AO3bif2yVnBv3Y5LK2zPnpVWqzLeRew","result":"ok"} 
[2026-05-05 00:46:07] production.INFO: Telnyx voice webhook received {"event_type":"call.playback.started","call_control_id":"v3:KrXHmmHvH9SAVXynfeG82ix9HOhb5ze7lrQDNJbUg6sy1O4kMXnsCg","direction":null} 
[2026-05-05 00:46:07] production.INFO: Unhandled voice event {"event_type":"call.playback.started"} 
[2026-05-05 00:46:07] production.INFO: Conference created {"name":"call_906_fcb348db","conference_id":"a2435d06-2a64-456b-8f89-da637efbec8c","beneficiary_call_control_id":"v3:KrXHmmHvH9SAVXynfeG82ix9HOhb5ze7lrQDNJbUg6sy1O4kMXnsCg"} 
[2026-05-05 00:46:07] production.INFO: Telnyx voice webhook received {"event_type":"call.playback.ended","call_control_id":"v3:KrXHmmHvH9SAVXynfeG82ix9HOhb5ze7lrQDNJbUg6sy1O4kMXnsCg","direction":null} 
[2026-05-05 00:46:07] production.INFO: Telnyx voice webhook received {"event_type":"conference.floor.changed","call_control_id":"v3:KrXHmmHvH9SAVXynfeG82ix9HOhb5ze7lrQDNJbUg6sy1O4kMXnsCg","direction":null} 
[2026-05-05 00:46:07] production.INFO: Unhandled voice event {"event_type":"conference.floor.changed"} 
[2026-05-05 00:46:08] production.INFO: Telnyx voice webhook received {"event_type":"conference.created","call_control_id":"v3:KrXHmmHvH9SAVXynfeG82ix9HOhb5ze7lrQDNJbUg6sy1O4kMXnsCg","direction":null} 
[2026-05-05 00:46:08] production.INFO: Unhandled voice event {"event_type":"conference.created"} 
[2026-05-05 00:46:08] production.INFO: Telnyx voice webhook received {"event_type":"conference.participant.joined","call_control_id":"v3:KrXHmmHvH9SAVXynfeG82ix9HOhb5ze7lrQDNJbUg6sy1O4kMXnsCg","direction":null} 
[2026-05-05 00:46:08] production.INFO: Unhandled voice event {"event_type":"conference.participant.joined"} 
[2026-05-05 00:46:08] production.INFO: Joined conference {"conference_id":"a2435d06-2a64-456b-8f89-da637efbec8c","call_control_id":"v3:kr3a3egoLLFbUM5RK0MeW39AO3bif2yVnBv3Y5LK2zPnpVWqzLeRew"} 
[2026-05-05 00:46:08] production.INFO: Telnyx voice webhook received {"event_type":"conference.participant.joined","call_control_id":"v3:kr3a3egoLLFbUM5RK0MeW39AO3bif2yVnBv3Y5LK2zPnpVWqzLeRew","direction":null} 
[2026-05-05 00:46:08] production.INFO: Unhandled voice event {"event_type":"conference.participant.joined"} 
[2026-05-05 00:46:11] production.INFO: Telnyx voice webhook received {"event_type":"conference.floor.changed","call_control_id":"v3:kr3a3egoLLFbUM5RK0MeW39AO3bif2yVnBv3Y5LK2zPnpVWqzLeRew","direction":null} 
[2026-05-05 00:46:11] production.INFO: Unhandled voice event {"event_type":"conference.floor.changed"} 
[2026-05-05 00:46:13] production.INFO: Telnyx voice webhook received {"event_type":"call.hangup","call_control_id":"v3:kr3a3egoLLFbUM5RK0MeW39AO3bif2yVnBv3Y5LK2zPnpVWqzLeRew","direction":null} 
[2026-05-05 00:46:13] production.INFO: Telnyx voice webhook received {"event_type":"conference.floor.changed","call_control_id":"v3:KrXHmmHvH9SAVXynfeG82ix9HOhb5ze7lrQDNJbUg6sy1O4kMXnsCg","direction":null} 
[2026-05-05 00:46:13] production.INFO: Unhandled voice event {"event_type":"conference.floor.changed"} 
[2026-05-05 00:46:13] production.INFO: Telnyx voice webhook received {"event_type":"conference.participant.left","call_control_id":"v3:kr3a3egoLLFbUM5RK0MeW39AO3bif2yVnBv3Y5LK2zPnpVWqzLeRew","direction":null} 
[2026-05-05 00:46:13] production.INFO: Unhandled voice event {"event_type":"conference.participant.left"} 
[2026-05-05 00:46:13] production.INFO: Telnyx voice webhook received {"event_type":"conference.floor.changed","call_control_id":"v3:KrXHmmHvH9SAVXynfeG82ix9HOhb5ze7lrQDNJbUg6sy1O4kMXnsCg","direction":null} 
[2026-05-05 00:46:13] production.INFO: Unhandled voice event {"event_type":"conference.floor.changed"} 
[2026-05-05 00:46:17] production.INFO: Click-to-call initiated from Calls tab {"call_log_id":907,"user_phone":"+12249993880","target_phone":"+18472123894"} 
[2026-05-05 00:46:17] production.INFO: Telnyx voice webhook received {"event_type":"call.initiated","call_control_id":"v3:VYePXKXEPnOhYvVzyAdkdKgBhIxUB-AxxY9FRvhyPgp0q5nvgc2k8A","direction":"outgoing"} 
[2026-05-05 00:46:17] production.INFO: Outbound call initiated {"call_control_id":"v3:VYePXKXEPnOhYvVzyAdkdKgBhIxUB-AxxY9FRvhyPgp0q5nvgc2k8A","to":"+12249993880"} 
[2026-05-05 00:46:23] production.INFO: Telnyx voice webhook received {"event_type":"call.hangup","call_control_id":"v3:KrXHmmHvH9SAVXynfeG82ix9HOhb5ze7lrQDNJbUg6sy1O4kMXnsCg","direction":null} 
[2026-05-05 00:46:23] production.INFO: Call ended {"call_control_id":"v3:KrXHmmHvH9SAVXynfeG82ix9HOhb5ze7lrQDNJbUg6sy1O4kMXnsCg","status":"completed","hangup_cause":"normal_clearing","duration":32.290592000000004} 
[2026-05-05 00:46:23] production.INFO: Telnyx voice webhook received {"event_type":"conference.ended","call_control_id":"v3:KrXHmmHvH9SAVXynfeG82ix9HOhb5ze7lrQDNJbUg6sy1O4kMXnsCg","direction":null} 
[2026-05-05 00:46:23] production.INFO: Unhandled voice event {"event_type":"conference.ended"} 
[2026-05-05 00:46:23] production.INFO: Telnyx voice webhook received {"event_type":"conference.participant.left","call_control_id":"v3:KrXHmmHvH9SAVXynfeG82ix9HOhb5ze7lrQDNJbUg6sy1O4kMXnsCg","direction":null} 
[2026-05-05 00:46:23] production.INFO: Unhandled voice event {"event_type":"conference.participant.left"} 
[2026-05-05 00:46:24] production.INFO: Telnyx voice webhook received {"event_type":"call.answered","call_control_id":"v3:VYePXKXEPnOhYvVzyAdkdKgBhIxUB-AxxY9FRvhyPgp0q5nvgc2k8A","direction":null} 
[2026-05-05 00:46:24] production.INFO: Click-to-call: user answered → playing ringback and dialing target {"call_control_id":"v3:VYePXKXEPnOhYvVzyAdkdKgBhIxUB-AxxY9FRvhyPgp0q5nvgc2k8A","target_phone":"+18472123894","call_log_id":907} 
[2026-05-05 00:46:24] production.INFO: Call command sent: playback_start {"call_control_id":"v3:VYePXKXEPnOhYvVzyAdkdKgBhIxUB-AxxY9FRvhyPgp0q5nvgc2k8A","result":"ok"} 
[2026-05-05 00:46:24] production.INFO: Telnyx voice webhook received {"event_type":"call.playback.started","call_control_id":"v3:VYePXKXEPnOhYvVzyAdkdKgBhIxUB-AxxY9FRvhyPgp0q5nvgc2k8A","direction":null} 
[2026-05-05 00:46:24] production.INFO: Unhandled voice event {"event_type":"call.playback.started"} 
[2026-05-05 00:46:24] production.INFO: Click-to-call: target dialed {"target_phone":"+18472123894","target_call_control_id":"v3:3vYe5IHek1ak-Q0LmFjr473gGFUCowo7W80H5f8vPzdp_EUICB49jQ"} 
[2026-05-05 00:46:25] production.INFO: Telnyx voice webhook received {"event_type":"call.initiated","call_control_id":"v3:3vYe5IHek1ak-Q0LmFjr473gGFUCowo7W80H5f8vPzdp_EUICB49jQ","direction":"outgoing"} 
[2026-05-05 00:46:25] production.INFO: Outbound call initiated {"call_control_id":"v3:3vYe5IHek1ak-Q0LmFjr473gGFUCowo7W80H5f8vPzdp_EUICB49jQ","to":"+18472123894"} 
[2026-05-05 00:46:26] production.INFO: Click-to-call initiated from Calls tab {"call_log_id":908,"user_phone":"+12249993880","target_phone":"+18472123894"} 
[2026-05-05 00:46:26] production.INFO: Telnyx voice webhook received {"event_type":"call.initiated","call_control_id":"v3:JMVu1TVVbEMeGOUqjUtUYcCr7EDpXvurXlFMlBnEnp3B1VGDN2EvfQ","direction":"outgoing"} 
[2026-05-05 00:46:26] production.INFO: Outbound call initiated {"call_control_id":"v3:JMVu1TVVbEMeGOUqjUtUYcCr7EDpXvurXlFMlBnEnp3B1VGDN2EvfQ","to":"+12249993880"} 
[2026-05-05 00:46:30] production.INFO: Telnyx voice webhook received {"event_type":"call.playback.ended","call_control_id":"v3:VYePXKXEPnOhYvVzyAdkdKgBhIxUB-AxxY9FRvhyPgp0q5nvgc2k8A","direction":null} 
[2026-05-05 00:46:30] production.INFO: Telnyx voice webhook received {"event_type":"call.hangup","call_control_id":"v3:VYePXKXEPnOhYvVzyAdkdKgBhIxUB-AxxY9FRvhyPgp0q5nvgc2k8A","direction":null} 
[2026-05-05 00:46:30] production.INFO: Click-to-call user leg ended {"call_control_id":"v3:VYePXKXEPnOhYvVzyAdkdKgBhIxUB-AxxY9FRvhyPgp0q5nvgc2k8A","action":"click_to_call_waiting","status":"answered","call_log_id":907,"hangup_cause":"normal_clearing"} 
[2026-05-05 00:46:30] production.INFO: Telnyx voice webhook received {"event_type":"call.answered","call_control_id":"v3:JMVu1TVVbEMeGOUqjUtUYcCr7EDpXvurXlFMlBnEnp3B1VGDN2EvfQ","direction":null} 
[2026-05-05 00:46:30] production.INFO: Click-to-call: user answered → playing ringback and dialing target {"call_control_id":"v3:JMVu1TVVbEMeGOUqjUtUYcCr7EDpXvurXlFMlBnEnp3B1VGDN2EvfQ","target_phone":"+18472123894","call_log_id":908} 
[2026-05-05 00:46:30] production.ERROR: Call command failed: playback_start {"call_control_id":"v3:VYePXKXEPnOhYvVzyAdkdKgBhIxUB-AxxY9FRvhyPgp0q5nvgc2k8A","status":422,"error":{"errors":[{"code":"90018","title":"Call has already ended","detail":"This call is no longer active and can't receive commands."}]}} 
[2026-05-05 00:46:30] production.INFO: Call command sent: playback_start {"call_control_id":"v3:JMVu1TVVbEMeGOUqjUtUYcCr7EDpXvurXlFMlBnEnp3B1VGDN2EvfQ","result":"ok"} 
[2026-05-05 00:46:30] production.INFO: Telnyx voice webhook received {"event_type":"call.playback.started","call_control_id":"v3:JMVu1TVVbEMeGOUqjUtUYcCr7EDpXvurXlFMlBnEnp3B1VGDN2EvfQ","direction":null} 
[2026-05-05 00:46:30] production.INFO: Unhandled voice event {"event_type":"call.playback.started"} 
[2026-05-05 00:46:31] production.INFO: Telnyx voice webhook received {"event_type":"call.initiated","call_control_id":"v3:olOQKrEUU_zy_HlkNmPnt7uDvnokUeqGTFHPvBGG4ugkKDpKXWiQJw","direction":"outgoing"} 
[2026-05-05 00:46:31] production.INFO: Outbound call initiated {"call_control_id":"v3:olOQKrEUU_zy_HlkNmPnt7uDvnokUeqGTFHPvBGG4ugkKDpKXWiQJw","to":"+18472123894"} 
[2026-05-05 00:46:31] production.INFO: Click-to-call: target dialed {"target_phone":"+18472123894","target_call_control_id":"v3:olOQKrEUU_zy_HlkNmPnt7uDvnokUeqGTFHPvBGG4ugkKDpKXWiQJw"} 
[2026-05-05 00:46:31] production.INFO: Telnyx voice webhook received {"event_type":"call.answered","call_control_id":"v3:3vYe5IHek1ak-Q0LmFjr473gGFUCowo7W80H5f8vPzdp_EUICB49jQ","direction":null} 
[2026-05-05 00:46:31] production.INFO: Click-to-call: target answered — bridging immediately {"target_call_control_id":"v3:3vYe5IHek1ak-Q0LmFjr473gGFUCowo7W80H5f8vPzdp_EUICB49jQ","user_call_control_id":"v3:VYePXKXEPnOhYvVzyAdkdKgBhIxUB-AxxY9FRvhyPgp0q5nvgc2k8A","call_log_id":907} 
[2026-05-05 00:46:32] production.ERROR: Bridge failed {"call_control_id_a":"v3:3vYe5IHek1ak-Q0LmFjr473gGFUCowo7W80H5f8vPzdp_EUICB49jQ","call_control_id_b":"v3:VYePXKXEPnOhYvVzyAdkdKgBhIxUB-AxxY9FRvhyPgp0q5nvgc2k8A","status":422,"error":{"errors":[{"code":"90015","title":"Invalid Call Control ID","source":{"pointer":"/call_control_id"},"detail":"The provided call_control_id 'v3:VYePXKXEPnOhYvVzyAdkdKgBhIxUB-AxxY9FRvhyPgp0q5nvgc2k8A' was not valid."}]}} 
[2026-05-05 00:46:32] production.WARNING: Click-to-call bridge failed — cleaning up {"target_call_control_id":"v3:3vYe5IHek1ak-Q0LmFjr473gGFUCowo7W80H5f8vPzdp_EUICB49jQ","user_call_control_id":"v3:VYePXKXEPnOhYvVzyAdkdKgBhIxUB-AxxY9FRvhyPgp0q5nvgc2k8A","call_log_id":907} 
[2026-05-05 00:46:32] production.INFO: Call command sent: hangup {"call_control_id":"v3:3vYe5IHek1ak-Q0LmFjr473gGFUCowo7W80H5f8vPzdp_EUICB49jQ","result":"ok"} 
[2026-05-05 00:46:32] production.INFO: Telnyx voice webhook received {"event_type":"call.hangup","call_control_id":"v3:3vYe5IHek1ak-Q0LmFjr473gGFUCowo7W80H5f8vPzdp_EUICB49jQ","direction":null} 
[2026-05-05 00:46:32] production.INFO: Click-to-call: target did not answer {"call_control_id":"v3:3vYe5IHek1ak-Q0LmFjr473gGFUCowo7W80H5f8vPzdp_EUICB49jQ","hangup_cause":"normal_clearing","call_log_id":907} 
[2026-05-05 00:46:32] production.ERROR: Call command failed: speak {"call_control_id":"v3:VYePXKXEPnOhYvVzyAdkdKgBhIxUB-AxxY9FRvhyPgp0q5nvgc2k8A","status":422,"error":{"errors":[{"code":"90018","title":"Call has already ended","detail":"This call is no longer active and can't receive commands."}]}} 
[2026-05-05 00:46:34] production.INFO: Click-to-call initiated from Calls tab {"call_log_id":909,"user_phone":"+12249993880","target_phone":"+18472123894"} 
[2026-05-05 00:46:34] production.INFO: Telnyx voice webhook received {"event_type":"call.initiated","call_control_id":"v3:ealYLQ3T7tXKtlsqc0zDzh8CMcCv7FDdh-TPXq4LAm6srLkfUmRk_g","direction":"outgoing"} 
[2026-05-05 00:46:34] production.INFO: Outbound call initiated {"call_control_id":"v3:ealYLQ3T7tXKtlsqc0zDzh8CMcCv7FDdh-TPXq4LAm6srLkfUmRk_g","to":"+12249993880"} 
[2026-05-05 00:46:36] production.INFO: Telnyx voice webhook received {"event_type":"call.answered","call_control_id":"v3:ealYLQ3T7tXKtlsqc0zDzh8CMcCv7FDdh-TPXq4LAm6srLkfUmRk_g","direction":null} 
[2026-05-05 00:46:36] production.INFO: Click-to-call: user answered → playing ringback and dialing target {"call_control_id":"v3:ealYLQ3T7tXKtlsqc0zDzh8CMcCv7FDdh-TPXq4LAm6srLkfUmRk_g","target_phone":"+18472123894","call_log_id":909} 
[2026-05-05 00:46:36] production.INFO: Call command sent: playback_start {"call_control_id":"v3:ealYLQ3T7tXKtlsqc0zDzh8CMcCv7FDdh-TPXq4LAm6srLkfUmRk_g","result":"ok"} 
[2026-05-05 00:46:36] production.INFO: Telnyx voice webhook received {"event_type":"call.playback.started","call_control_id":"v3:ealYLQ3T7tXKtlsqc0zDzh8CMcCv7FDdh-TPXq4LAm6srLkfUmRk_g","direction":null} 
[2026-05-05 00:46:36] production.INFO: Unhandled voice event {"event_type":"call.playback.started"} 
[2026-05-05 00:46:37] production.INFO: Click-to-call: target dialed {"target_phone":"+18472123894","target_call_control_id":"v3:7Obp3R2GTFJ4nz2WVa-EXMppZ84B7zsrth4qDgk4HQiLqDNRHOTykw"} 
[2026-05-05 00:46:37] production.INFO: Telnyx voice webhook received {"event_type":"call.initiated","call_control_id":"v3:7Obp3R2GTFJ4nz2WVa-EXMppZ84B7zsrth4qDgk4HQiLqDNRHOTykw","direction":"outgoing"} 
[2026-05-05 00:46:37] production.INFO: Outbound call initiated {"call_control_id":"v3:7Obp3R2GTFJ4nz2WVa-EXMppZ84B7zsrth4qDgk4HQiLqDNRHOTykw","to":"+18472123894"} 
[2026-05-05 00:46:38] production.INFO: Telnyx voice webhook received {"event_type":"call.answered","call_control_id":"v3:olOQKrEUU_zy_HlkNmPnt7uDvnokUeqGTFHPvBGG4ugkKDpKXWiQJw","direction":null} 
[2026-05-05 00:46:38] production.INFO: Click-to-call: target answered — bridging immediately {"target_call_control_id":"v3:olOQKrEUU_zy_HlkNmPnt7uDvnokUeqGTFHPvBGG4ugkKDpKXWiQJw","user_call_control_id":"v3:JMVu1TVVbEMeGOUqjUtUYcCr7EDpXvurXlFMlBnEnp3B1VGDN2EvfQ","call_log_id":908} 
[2026-05-05 00:46:38] production.INFO: Telnyx voice webhook received {"event_type":"call.playback.ended","call_control_id":"v3:JMVu1TVVbEMeGOUqjUtUYcCr7EDpXvurXlFMlBnEnp3B1VGDN2EvfQ","direction":null} 
[2026-05-05 00:46:39] production.INFO: Calls bridged successfully {"call_control_id_a":"v3:olOQKrEUU_zy_HlkNmPnt7uDvnokUeqGTFHPvBGG4ugkKDpKXWiQJw","call_control_id_b":"v3:JMVu1TVVbEMeGOUqjUtUYcCr7EDpXvurXlFMlBnEnp3B1VGDN2EvfQ"} 
[2026-05-05 00:46:39] production.INFO: Telnyx voice webhook received {"event_type":"call.bridged","call_control_id":"v3:olOQKrEUU_zy_HlkNmPnt7uDvnokUeqGTFHPvBGG4ugkKDpKXWiQJw","direction":null} 
[2026-05-05 00:46:39] production.INFO: Call bridged {"call_control_id":"v3:olOQKrEUU_zy_HlkNmPnt7uDvnokUeqGTFHPvBGG4ugkKDpKXWiQJw","call_session_id":"db62ac00-481b-11f1-b283-02420aefe473"} 
[2026-05-05 00:46:39] production.INFO: Telnyx voice webhook received {"event_type":"call.bridged","call_control_id":"v3:JMVu1TVVbEMeGOUqjUtUYcCr7EDpXvurXlFMlBnEnp3B1VGDN2EvfQ","direction":null} 
[2026-05-05 00:46:39] production.INFO: Call bridged {"call_control_id":"v3:JMVu1TVVbEMeGOUqjUtUYcCr7EDpXvurXlFMlBnEnp3B1VGDN2EvfQ","call_session_id":"d8c01d70-481b-11f1-8c07-02420aefe473"} 
[2026-05-05 00:46:39] production.INFO: Telnyx voice webhook received {"event_type":"call.answered","call_control_id":"v3:7Obp3R2GTFJ4nz2WVa-EXMppZ84B7zsrth4qDgk4HQiLqDNRHOTykw","direction":null} 
[2026-05-05 00:46:39] production.INFO: Click-to-call: target answered — bridging immediately {"target_call_control_id":"v3:7Obp3R2GTFJ4nz2WVa-EXMppZ84B7zsrth4qDgk4HQiLqDNRHOTykw","user_call_control_id":"v3:ealYLQ3T7tXKtlsqc0zDzh8CMcCv7FDdh-TPXq4LAm6srLkfUmRk_g","call_log_id":909} 
[2026-05-05 00:46:39] production.INFO: Telnyx voice webhook received {"event_type":"call.playback.ended","call_control_id":"v3:ealYLQ3T7tXKtlsqc0zDzh8CMcCv7FDdh-TPXq4LAm6srLkfUmRk_g","direction":null} 
[2026-05-05 00:46:40] production.INFO: Calls bridged successfully {"call_control_id_a":"v3:7Obp3R2GTFJ4nz2WVa-EXMppZ84B7zsrth4qDgk4HQiLqDNRHOTykw","call_control_id_b":"v3:ealYLQ3T7tXKtlsqc0zDzh8CMcCv7FDdh-TPXq4LAm6srLkfUmRk_g"} 
[2026-05-05 00:46:40] production.INFO: Telnyx voice webhook received {"event_type":"call.bridged","call_control_id":"v3:7Obp3R2GTFJ4nz2WVa-EXMppZ84B7zsrth4qDgk4HQiLqDNRHOTykw","direction":null} 
[2026-05-05 00:46:40] production.INFO: Call bridged {"call_control_id":"v3:7Obp3R2GTFJ4nz2WVa-EXMppZ84B7zsrth4qDgk4HQiLqDNRHOTykw","call_session_id":"df0759aa-481b-11f1-b283-02420aefe073"} 
[2026-05-05 00:46:40] production.INFO: Telnyx voice webhook received {"event_type":"call.bridged","call_control_id":"v3:ealYLQ3T7tXKtlsqc0zDzh8CMcCv7FDdh-TPXq4LAm6srLkfUmRk_g","direction":null} 
[2026-05-05 00:46:40] production.INFO: Call bridged {"call_control_id":"v3:ealYLQ3T7tXKtlsqc0zDzh8CMcCv7FDdh-TPXq4LAm6srLkfUmRk_g","call_session_id":"dd26e6fa-481b-11f1-888f-02420aefe017"} 
[2026-05-05 00:46:43] production.INFO: Telnyx voice webhook received {"event_type":"call.machine.premium.detection.ended","call_control_id":"v3:olOQKrEUU_zy_HlkNmPnt7uDvnokUeqGTFHPvBGG4ugkKDpKXWiQJw","direction":null} 
[2026-05-05 00:46:43] production.INFO: AMD ended {"call_control_id":"v3:olOQKrEUU_zy_HlkNmPnt7uDvnokUeqGTFHPvBGG4ugkKDpKXWiQJw","result":"machine","action":"click_to_call_target_ring"} 
[2026-05-05 00:46:43] production.INFO: AMD detected machine on click-to-call target but call already bridged — ignoring {"call_control_id":"v3:olOQKrEUU_zy_HlkNmPnt7uDvnokUeqGTFHPvBGG4ugkKDpKXWiQJw","result":"machine","call_log_id":908} 
[2026-05-05 00:46:43] production.INFO: Telnyx voice webhook received {"event_type":"call.hangup","call_control_id":"v3:7Obp3R2GTFJ4nz2WVa-EXMppZ84B7zsrth4qDgk4HQiLqDNRHOTykw","direction":null} 
[2026-05-05 00:46:43] production.INFO: Click-to-call: target hung up after connected call {"call_control_id":"v3:7Obp3R2GTFJ4nz2WVa-EXMppZ84B7zsrth4qDgk4HQiLqDNRHOTykw","hangup_cause":"normal_clearing","call_log_id":909,"duration":7.487095999999999} 
[2026-05-05 00:46:43] production.INFO: Telnyx voice webhook received {"event_type":"call.hangup","call_control_id":"v3:ealYLQ3T7tXKtlsqc0zDzh8CMcCv7FDdh-TPXq4LAm6srLkfUmRk_g","direction":null} 
[2026-05-05 00:46:43] production.INFO: Click-to-call user leg ended {"call_control_id":"v3:ealYLQ3T7tXKtlsqc0zDzh8CMcCv7FDdh-TPXq4LAm6srLkfUmRk_g","action":"click_to_call_waiting","status":"completed","call_log_id":909,"hangup_cause":"normal_clearing"} 
[2026-05-05 00:46:43] production.INFO: Telnyx voice webhook received {"event_type":"call.machine.premium.greeting.ended","call_control_id":"v3:olOQKrEUU_zy_HlkNmPnt7uDvnokUeqGTFHPvBGG4ugkKDpKXWiQJw","direction":null} 
[2026-05-05 00:46:43] production.INFO: AMD greeting ended (premium) {"call_control_id":"v3:olOQKrEUU_zy_HlkNmPnt7uDvnokUeqGTFHPvBGG4ugkKDpKXWiQJw","result":"no_beep_detected"} 
[2026-05-05 00:46:46] production.INFO: Click-to-call initiated from Calls tab {"call_log_id":910,"user_phone":"+12249993880","target_phone":"+18472123894"} 
[2026-05-05 00:46:46] production.INFO: Telnyx voice webhook received {"event_type":"call.initiated","call_control_id":"v3:HiEtxdk1zp50V1TNlLd7hLlQ9BAWsHXboOKwKQ8Pc8VHuOMWsp-P7Q","direction":"outgoing"} 
[2026-05-05 00:46:46] production.INFO: Outbound call initiated {"call_control_id":"v3:HiEtxdk1zp50V1TNlLd7hLlQ9BAWsHXboOKwKQ8Pc8VHuOMWsp-P7Q","to":"+12249993880"} 
[2026-05-05 00:46:48] production.INFO: Telnyx voice webhook received {"event_type":"call.answered","call_control_id":"v3:HiEtxdk1zp50V1TNlLd7hLlQ9BAWsHXboOKwKQ8Pc8VHuOMWsp-P7Q","direction":null} 
[2026-05-05 00:46:48] production.INFO: Click-to-call: user answered → playing ringback and dialing target {"call_control_id":"v3:HiEtxdk1zp50V1TNlLd7hLlQ9BAWsHXboOKwKQ8Pc8VHuOMWsp-P7Q","target_phone":"+18472123894","call_log_id":910} 
[2026-05-05 00:46:48] production.INFO: Call command sent: playback_start {"call_control_id":"v3:HiEtxdk1zp50V1TNlLd7hLlQ9BAWsHXboOKwKQ8Pc8VHuOMWsp-P7Q","result":"ok"} 
[2026-05-05 00:46:48] production.INFO: Telnyx voice webhook received {"event_type":"call.playback.started","call_control_id":"v3:HiEtxdk1zp50V1TNlLd7hLlQ9BAWsHXboOKwKQ8Pc8VHuOMWsp-P7Q","direction":null} 
[2026-05-05 00:46:48] production.INFO: Unhandled voice event {"event_type":"call.playback.started"} 
[2026-05-05 00:46:48] production.INFO: Click-to-call: target dialed {"target_phone":"+18472123894","target_call_control_id":"v3:_tLsVz0KUm0bGB1hv67BnQux67RoFO8fYRgi_Ulyeb-i6YpmIQGwsA"} 
[2026-05-05 00:46:48] production.INFO: Telnyx voice webhook received {"event_type":"call.initiated","call_control_id":"v3:_tLsVz0KUm0bGB1hv67BnQux67RoFO8fYRgi_Ulyeb-i6YpmIQGwsA","direction":"outgoing"} 
[2026-05-05 00:46:48] production.INFO: Outbound call initiated {"call_control_id":"v3:_tLsVz0KUm0bGB1hv67BnQux67RoFO8fYRgi_Ulyeb-i6YpmIQGwsA","to":"+18472123894"} 
[2026-05-05 00:46:52] production.INFO: Telnyx voice webhook received {"event_type":"call.answered","call_control_id":"v3:_tLsVz0KUm0bGB1hv67BnQux67RoFO8fYRgi_Ulyeb-i6YpmIQGwsA","direction":null} 
[2026-05-05 00:46:52] production.INFO: Click-to-call: target answered — bridging immediately {"target_call_control_id":"v3:_tLsVz0KUm0bGB1hv67BnQux67RoFO8fYRgi_Ulyeb-i6YpmIQGwsA","user_call_control_id":"v3:HiEtxdk1zp50V1TNlLd7hLlQ9BAWsHXboOKwKQ8Pc8VHuOMWsp-P7Q","call_log_id":910} 
[2026-05-05 00:46:52] production.INFO: Telnyx voice webhook received {"event_type":"call.playback.ended","call_control_id":"v3:HiEtxdk1zp50V1TNlLd7hLlQ9BAWsHXboOKwKQ8Pc8VHuOMWsp-P7Q","direction":null} 
[2026-05-05 00:46:52] production.INFO: Calls bridged successfully {"call_control_id_a":"v3:_tLsVz0KUm0bGB1hv67BnQux67RoFO8fYRgi_Ulyeb-i6YpmIQGwsA","call_control_id_b":"v3:HiEtxdk1zp50V1TNlLd7hLlQ9BAWsHXboOKwKQ8Pc8VHuOMWsp-P7Q"} 
[2026-05-05 00:46:52] production.INFO: Telnyx voice webhook received {"event_type":"call.bridged","call_control_id":"v3:HiEtxdk1zp50V1TNlLd7hLlQ9BAWsHXboOKwKQ8Pc8VHuOMWsp-P7Q","direction":null} 
[2026-05-05 00:46:52] production.INFO: Call bridged {"call_control_id":"v3:HiEtxdk1zp50V1TNlLd7hLlQ9BAWsHXboOKwKQ8Pc8VHuOMWsp-P7Q","call_session_id":"e46ad0e8-481b-11f1-9867-02420aefe45a"} 
[2026-05-05 00:46:52] production.INFO: Telnyx voice webhook received {"event_type":"call.bridged","call_control_id":"v3:_tLsVz0KUm0bGB1hv67BnQux67RoFO8fYRgi_Ulyeb-i6YpmIQGwsA","direction":null} 
[2026-05-05 00:46:52] production.INFO: Call bridged {"call_control_id":"v3:_tLsVz0KUm0bGB1hv67BnQux67RoFO8fYRgi_Ulyeb-i6YpmIQGwsA","call_session_id":"e6018cda-481b-11f1-b9ce-02420aefe173"} 
[2026-05-05 00:46:56] production.INFO: Telnyx voice webhook received {"event_type":"call.machine.premium.detection.ended","call_control_id":"v3:_tLsVz0KUm0bGB1hv67BnQux67RoFO8fYRgi_Ulyeb-i6YpmIQGwsA","direction":null} 
[2026-05-05 00:46:56] production.INFO: AMD ended {"call_control_id":"v3:_tLsVz0KUm0bGB1hv67BnQux67RoFO8fYRgi_Ulyeb-i6YpmIQGwsA","result":"human_residence","action":"click_to_call_target_ring"} 
[2026-05-05 00:46:57] production.INFO: Telnyx voice webhook received {"event_type":"call.hangup","call_control_id":"v3:_tLsVz0KUm0bGB1hv67BnQux67RoFO8fYRgi_Ulyeb-i6YpmIQGwsA","direction":null} 
[2026-05-05 00:46:57] production.INFO: Click-to-call: target hung up after connected call {"call_control_id":"v3:_tLsVz0KUm0bGB1hv67BnQux67RoFO8fYRgi_Ulyeb-i6YpmIQGwsA","hangup_cause":"normal_clearing","call_log_id":910,"duration":9.016110000000001} 
[2026-05-05 00:46:57] production.INFO: Telnyx voice webhook received {"event_type":"call.hangup","call_control_id":"v3:HiEtxdk1zp50V1TNlLd7hLlQ9BAWsHXboOKwKQ8Pc8VHuOMWsp-P7Q","direction":null} 
[2026-05-05 00:46:57] production.INFO: Click-to-call user leg ended {"call_control_id":"v3:HiEtxdk1zp50V1TNlLd7hLlQ9BAWsHXboOKwKQ8Pc8VHuOMWsp-P7Q","action":"click_to_call_waiting","status":"completed","call_log_id":910,"hangup_cause":"normal_clearing"} 
[2026-05-05 00:47:52] production.INFO: Telnyx voice webhook received {"event_type":"call.hangup","call_control_id":"v3:olOQKrEUU_zy_HlkNmPnt7uDvnokUeqGTFHPvBGG4ugkKDpKXWiQJw","direction":null} 
[2026-05-05 00:47:52] production.INFO: Click-to-call: target hung up after connected call {"call_control_id":"v3:olOQKrEUU_zy_HlkNmPnt7uDvnokUeqGTFHPvBGG4ugkKDpKXWiQJw","hangup_cause":"normal_clearing","call_log_id":908,"duration":82.442846} 
[2026-05-05 00:47:52] production.INFO: Telnyx voice webhook received {"event_type":"call.hangup","call_control_id":"v3:JMVu1TVVbEMeGOUqjUtUYcCr7EDpXvurXlFMlBnEnp3B1VGDN2EvfQ","direction":null} 
[2026-05-05 00:47:52] production.INFO: Click-to-call user leg ended {"call_control_id":"v3:JMVu1TVVbEMeGOUqjUtUYcCr7EDpXvurXlFMlBnEnp3B1VGDN2EvfQ","action":"click_to_call_waiting","status":"completed","call_log_id":908,"hangup_cause":"normal_clearing"} 
[2026-05-05 01:01:51] production.INFO: Telnyx voice webhook received {"event_type":"call.initiated","call_control_id":"v3:c_Yd0kNTfsIIiQD4bcZS_lDKF8Sl4xWHw71qNV_9hh1s1vFzx7y4XA","direction":"incoming"} 
[2026-05-05 01:01:52] production.INFO: Incoming call - answering {"call_control_id":"v3:c_Yd0kNTfsIIiQD4bcZS_lDKF8Sl4xWHw71qNV_9hh1s1vFzx7y4XA","from":"+18472123894","to":"+12247354200","caller_user_id":null,"caller_name":"GRZEGORZ SZADY"} 
[2026-05-05 01:01:52] production.INFO: Call command sent: answer {"call_control_id":"v3:c_Yd0kNTfsIIiQD4bcZS_lDKF8Sl4xWHw71qNV_9hh1s1vFzx7y4XA","result":"ok"} 
[2026-05-05 01:01:53] production.INFO: Telnyx voice webhook received {"event_type":"call.answered","call_control_id":"v3:c_Yd0kNTfsIIiQD4bcZS_lDKF8Sl4xWHw71qNV_9hh1s1vFzx7y4XA","direction":null} 
[2026-05-05 01:01:53] production.INFO: Playing welcome TTS and dialing admins simultaneously {"call_control_id":"v3:c_Yd0kNTfsIIiQD4bcZS_lDKF8Sl4xWHw71qNV_9hh1s1vFzx7y4XA","tts":"Good evening! Thanks for calling GS Construction. One moment while we connect you to the GS Crew.","is_known_caller":false} 
[2026-05-05 01:01:53] production.INFO: Call command sent: speak {"call_control_id":"v3:c_Yd0kNTfsIIiQD4bcZS_lDKF8Sl4xWHw71qNV_9hh1s1vFzx7y4XA","result":"ok"} 
[2026-05-05 01:01:53] production.INFO: Telnyx voice webhook received {"event_type":"call.speak.started","call_control_id":"v3:c_Yd0kNTfsIIiQD4bcZS_lDKF8Sl4xWHw71qNV_9hh1s1vFzx7y4XA","direction":null} 
[2026-05-05 01:01:53] production.INFO: TTS speak started {"call_control_id":"v3:c_Yd0kNTfsIIiQD4bcZS_lDKF8Sl4xWHw71qNV_9hh1s1vFzx7y4XA"} 
[2026-05-05 01:01:53] production.INFO: Dialed admin {"admin_user_id":1,"admin_name":"Patryk Szady","phone":"+12249993880","admin_call_control_id":"v3:NeSFMf2Sinx7V1mM0iamAhPnkh75To4hRlLsnFYuaTTXIoDsAYEu2A"} 
[2026-05-05 01:01:53] production.INFO: Telnyx voice webhook received {"event_type":"call.initiated","call_control_id":"v3:NeSFMf2Sinx7V1mM0iamAhPnkh75To4hRlLsnFYuaTTXIoDsAYEu2A","direction":"outgoing"} 
[2026-05-05 01:01:53] production.INFO: Outbound call initiated {"call_control_id":"v3:NeSFMf2Sinx7V1mM0iamAhPnkh75To4hRlLsnFYuaTTXIoDsAYEu2A","to":"+12249993880"} 
[2026-05-05 01:01:54] production.DEBUG: Push notification delivered {"endpoint":"https://web.push.apple.com/QDkJcfxcMRPW4uLNUaYZ21nDUMJHCJ-cyja1FMQcNEv6qKbL-ec_s…","status":201} 
[2026-05-05 01:01:54] production.DEBUG: Push notification delivered {"endpoint":"https://fcm.googleapis.com/fcm/send/cYR-NIq4nms:APA91bEppjWa7ZIrYxviNuWljHyZ7qnu…","status":201} 
[2026-05-05 01:01:54] production.DEBUG: Push notification delivered {"endpoint":"https://wns2-by3p.notify.windows.com/w/?token=BQYAAACU%2bKDb9Gyej4KtbEbQJBisasbB…","status":201,"wns_status":"received","wns_msg_id":"1FE2DE7F4EA029F6","wns_debug":"BY3PEPF0001AB26","content_encoding":"aes128gcm","response_body":""} 
[2026-05-05 01:01:55] production.DEBUG: Push notification delivered {"endpoint":"https://web.push.apple.com/QDkJcfxcMRPW4uLNUaYZ21nDUMJHCJ-cyja1FMQcNEv6qKbL-ec_s…","status":201} 
[2026-05-05 01:01:55] production.DEBUG: Push notification delivered {"endpoint":"https://fcm.googleapis.com/fcm/send/cYR-NIq4nms:APA91bEppjWa7ZIrYxviNuWljHyZ7qnu…","status":201} 
[2026-05-05 01:01:55] production.DEBUG: Push notification delivered {"endpoint":"https://wns2-by3p.notify.windows.com/w/?token=BQYAAACU%2bKDb9Gyej4KtbEbQJBisasbB…","status":201,"wns_status":"received","wns_msg_id":"720A8C5A6B7D88A0","wns_debug":"BY3PEPF0000E9CE","content_encoding":"aes128gcm","response_body":""} 
[2026-05-05 01:01:58] production.INFO: Telnyx voice webhook received {"event_type":"call.answered","call_control_id":"v3:NeSFMf2Sinx7V1mM0iamAhPnkh75To4hRlLsnFYuaTTXIoDsAYEu2A","direction":null} 
[2026-05-05 01:01:58] production.INFO: Playing admin screening prompt {"admin_call_control_id":"v3:NeSFMf2Sinx7V1mM0iamAhPnkh75To4hRlLsnFYuaTTXIoDsAYEu2A","call_log_id":911,"admin_user_id":1,"is_late_answerer":false,"caller_label":"GRZEGORZ SZADY"} 
[2026-05-05 01:01:58] production.INFO: Call command sent: speak {"call_control_id":"v3:NeSFMf2Sinx7V1mM0iamAhPnkh75To4hRlLsnFYuaTTXIoDsAYEu2A","result":"ok"} 
[2026-05-05 01:01:59] production.INFO: Telnyx voice webhook received {"event_type":"call.speak.started","call_control_id":"v3:NeSFMf2Sinx7V1mM0iamAhPnkh75To4hRlLsnFYuaTTXIoDsAYEu2A","direction":null} 
[2026-05-05 01:01:59] production.INFO: TTS speak started {"call_control_id":"v3:NeSFMf2Sinx7V1mM0iamAhPnkh75To4hRlLsnFYuaTTXIoDsAYEu2A"} 
[2026-05-05 01:02:00] production.INFO: Telnyx voice webhook received {"event_type":"call.speak.ended","call_control_id":"v3:c_Yd0kNTfsIIiQD4bcZS_lDKF8Sl4xWHw71qNV_9hh1s1vFzx7y4XA","direction":null} 
[2026-05-05 01:02:00] production.INFO: handleCallSpeakEnded ENTRY {"call_control_id":"v3:c_Yd0kNTfsIIiQD4bcZS_lDKF8Sl4xWHw71qNV_9hh1s1vFzx7y4XA","action":"welcome_done","client_state":{"action":"welcome_done","call_log_id":911,"original_caller":"+18472123894"},"client_state_raw_present":true} 
[2026-05-05 01:02:00] production.INFO: TTS completed — no admin answered yet, playing ringback {"call_control_id":"v3:c_Yd0kNTfsIIiQD4bcZS_lDKF8Sl4xWHw71qNV_9hh1s1vFzx7y4XA","call_log_id":911} 
[2026-05-05 01:02:00] production.INFO: Call command sent: playback_start {"call_control_id":"v3:c_Yd0kNTfsIIiQD4bcZS_lDKF8Sl4xWHw71qNV_9hh1s1vFzx7y4XA","result":"ok"} 
[2026-05-05 01:02:00] production.INFO: Telnyx voice webhook received {"event_type":"call.playback.started","call_control_id":"v3:c_Yd0kNTfsIIiQD4bcZS_lDKF8Sl4xWHw71qNV_9hh1s1vFzx7y4XA","direction":null} 
[2026-05-05 01:02:00] production.INFO: Unhandled voice event {"event_type":"call.playback.started"} 
[2026-05-05 01:02:06] production.INFO: Telnyx voice webhook received {"event_type":"call.speak.ended","call_control_id":"v3:NeSFMf2Sinx7V1mM0iamAhPnkh75To4hRlLsnFYuaTTXIoDsAYEu2A","direction":null} 
[2026-05-05 01:02:06] production.INFO: handleCallSpeakEnded ENTRY {"call_control_id":"v3:NeSFMf2Sinx7V1mM0iamAhPnkh75To4hRlLsnFYuaTTXIoDsAYEu2A","action":"admin_screen_done","client_state":{"action":"admin_screen_done","call_log_id":911,"incoming_call_control_id":"v3:c_Yd0kNTfsIIiQD4bcZS_lDKF8Sl4xWHw71qNV_9hh1s1vFzx7y4XA","admin_user_id":1,"conference_id":null},"client_state_raw_present":true} 
[2026-05-05 01:02:06] production.INFO: First admin answered — bridging without prompt {"admin_call_control_id":"v3:NeSFMf2Sinx7V1mM0iamAhPnkh75To4hRlLsnFYuaTTXIoDsAYEu2A","incoming_call_control_id":"v3:c_Yd0kNTfsIIiQD4bcZS_lDKF8Sl4xWHw71qNV_9hh1s1vFzx7y4XA","call_log_id":911,"admin_user_id":1} 
[2026-05-05 01:02:06] production.INFO: Creating conference with caller as first participant {"call_log_id":911,"conference_name":"call_911_6f898add","incoming_call_control_id":"v3:c_Yd0kNTfsIIiQD4bcZS_lDKF8Sl4xWHw71qNV_9hh1s1vFzx7y4XA","admin_call_control_id":"v3:NeSFMf2Sinx7V1mM0iamAhPnkh75To4hRlLsnFYuaTTXIoDsAYEu2A","admin_user_id":1} 
[2026-05-05 01:02:06] production.INFO: Call command sent: playback_stop {"call_control_id":"v3:c_Yd0kNTfsIIiQD4bcZS_lDKF8Sl4xWHw71qNV_9hh1s1vFzx7y4XA","result":"ok"} 
[2026-05-05 01:02:06] production.INFO: Telnyx voice webhook received {"event_type":"call.playback.ended","call_control_id":"v3:c_Yd0kNTfsIIiQD4bcZS_lDKF8Sl4xWHw71qNV_9hh1s1vFzx7y4XA","direction":null} 
[2026-05-05 01:02:06] production.INFO: Call command sent: playback_stop {"call_control_id":"v3:NeSFMf2Sinx7V1mM0iamAhPnkh75To4hRlLsnFYuaTTXIoDsAYEu2A","result":"ok"} 
[2026-05-05 01:02:07] production.INFO: Call command sent: playback_start {"call_control_id":"v3:c_Yd0kNTfsIIiQD4bcZS_lDKF8Sl4xWHw71qNV_9hh1s1vFzx7y4XA","result":"ok"} 
[2026-05-05 01:02:07] production.INFO: Telnyx voice webhook received {"event_type":"call.playback.started","call_control_id":"v3:c_Yd0kNTfsIIiQD4bcZS_lDKF8Sl4xWHw71qNV_9hh1s1vFzx7y4XA","direction":null} 
[2026-05-05 01:02:07] production.INFO: Unhandled voice event {"event_type":"call.playback.started"} 
[2026-05-05 01:02:07] production.INFO: Conference created {"name":"call_911_6f898add","conference_id":"93e83069-7e47-479e-a01c-17645a56a44d","beneficiary_call_control_id":"v3:c_Yd0kNTfsIIiQD4bcZS_lDKF8Sl4xWHw71qNV_9hh1s1vFzx7y4XA"} 
[2026-05-05 01:02:07] production.INFO: Telnyx voice webhook received {"event_type":"call.playback.ended","call_control_id":"v3:c_Yd0kNTfsIIiQD4bcZS_lDKF8Sl4xWHw71qNV_9hh1s1vFzx7y4XA","direction":null} 
[2026-05-05 01:02:07] production.INFO: Telnyx voice webhook received {"event_type":"conference.floor.changed","call_control_id":"v3:c_Yd0kNTfsIIiQD4bcZS_lDKF8Sl4xWHw71qNV_9hh1s1vFzx7y4XA","direction":null} 
[2026-05-05 01:02:07] production.INFO: Unhandled voice event {"event_type":"conference.floor.changed"} 
[2026-05-05 01:02:07] production.INFO: Telnyx voice webhook received {"event_type":"conference.created","call_control_id":"v3:c_Yd0kNTfsIIiQD4bcZS_lDKF8Sl4xWHw71qNV_9hh1s1vFzx7y4XA","direction":null} 
[2026-05-05 01:02:07] production.INFO: Unhandled voice event {"event_type":"conference.created"} 
[2026-05-05 01:02:07] production.INFO: Telnyx voice webhook received {"event_type":"conference.participant.joined","call_control_id":"v3:c_Yd0kNTfsIIiQD4bcZS_lDKF8Sl4xWHw71qNV_9hh1s1vFzx7y4XA","direction":null} 
[2026-05-05 01:02:07] production.INFO: Unhandled voice event {"event_type":"conference.participant.joined"} 
[2026-05-05 01:02:07] production.INFO: Joined conference {"conference_id":"93e83069-7e47-479e-a01c-17645a56a44d","call_control_id":"v3:NeSFMf2Sinx7V1mM0iamAhPnkh75To4hRlLsnFYuaTTXIoDsAYEu2A"} 
[2026-05-05 01:02:08] production.INFO: Telnyx voice webhook received {"event_type":"conference.participant.joined","call_control_id":"v3:NeSFMf2Sinx7V1mM0iamAhPnkh75To4hRlLsnFYuaTTXIoDsAYEu2A","direction":null} 
[2026-05-05 01:02:08] production.INFO: Unhandled voice event {"event_type":"conference.participant.joined"} 
[2026-05-05 01:02:08] production.INFO: Telnyx voice webhook received {"event_type":"conference.floor.changed","call_control_id":"v3:NeSFMf2Sinx7V1mM0iamAhPnkh75To4hRlLsnFYuaTTXIoDsAYEu2A","direction":null} 
[2026-05-05 01:02:08] production.INFO: Unhandled voice event {"event_type":"conference.floor.changed"} 
[2026-05-05 01:02:11] production.INFO: Telnyx voice webhook received {"event_type":"call.hangup","call_control_id":"v3:c_Yd0kNTfsIIiQD4bcZS_lDKF8Sl4xWHw71qNV_9hh1s1vFzx7y4XA","direction":null} 
[2026-05-05 01:02:11] production.INFO: Call ended {"call_control_id":"v3:c_Yd0kNTfsIIiQD4bcZS_lDKF8Sl4xWHw71qNV_9hh1s1vFzx7y4XA","status":"completed","hangup_cause":"normal_clearing","duration":18.878669000000002} 
[2026-05-05 01:02:11] production.INFO: Telnyx voice webhook received {"event_type":"conference.participant.left","call_control_id":"v3:c_Yd0kNTfsIIiQD4bcZS_lDKF8Sl4xWHw71qNV_9hh1s1vFzx7y4XA","direction":null} 
[2026-05-05 01:02:11] production.INFO: Unhandled voice event {"event_type":"conference.participant.left"} 
[2026-05-05 01:02:15] production.INFO: Telnyx voice webhook received {"event_type":"call.hangup","call_control_id":"v3:NeSFMf2Sinx7V1mM0iamAhPnkh75To4hRlLsnFYuaTTXIoDsAYEu2A","direction":null} 
[2026-05-05 01:02:15] production.INFO: Telnyx voice webhook received {"event_type":"conference.participant.left","call_control_id":"v3:NeSFMf2Sinx7V1mM0iamAhPnkh75To4hRlLsnFYuaTTXIoDsAYEu2A","direction":null} 
[2026-05-05 01:02:15] production.INFO: Unhandled voice event {"event_type":"conference.participant.left"} 
[2026-05-05 01:02:15] production.INFO: Telnyx voice webhook received {"event_type":"conference.ended","call_control_id":"v3:NeSFMf2Sinx7V1mM0iamAhPnkh75To4hRlLsnFYuaTTXIoDsAYEu2A","direction":null} 
[2026-05-05 01:02:15] production.INFO: Unhandled voice event {"event_type":"conference.ended"} 
[2026-05-05 01:02:19] production.INFO: Telnyx voice webhook received {"event_type":"call.initiated","call_control_id":"v3:t08CudiWorScVprQWRyUkWs_typm6LOHyGEaTbEgBrKhT-HMAYb3vQ","direction":"incoming"} 
[2026-05-05 01:02:19] production.INFO: Incoming call - answering {"call_control_id":"v3:t08CudiWorScVprQWRyUkWs_typm6LOHyGEaTbEgBrKhT-HMAYb3vQ","from":"+18472123894","to":"+12247354200","caller_user_id":null,"caller_name":"GRZEGORZ SZADY"} 
[2026-05-05 01:02:20] production.INFO: Call command sent: answer {"call_control_id":"v3:t08CudiWorScVprQWRyUkWs_typm6LOHyGEaTbEgBrKhT-HMAYb3vQ","result":"ok"} 
[2026-05-05 01:02:20] production.INFO: Telnyx voice webhook received {"event_type":"call.answered","call_control_id":"v3:t08CudiWorScVprQWRyUkWs_typm6LOHyGEaTbEgBrKhT-HMAYb3vQ","direction":null} 
[2026-05-05 01:02:20] production.INFO: Playing welcome TTS and dialing admins simultaneously {"call_control_id":"v3:t08CudiWorScVprQWRyUkWs_typm6LOHyGEaTbEgBrKhT-HMAYb3vQ","tts":"Good evening! Thanks for calling GS Construction. One moment while we connect you to the GS Crew.","is_known_caller":false} 
[2026-05-05 01:02:20] production.INFO: Call command sent: speak {"call_control_id":"v3:t08CudiWorScVprQWRyUkWs_typm6LOHyGEaTbEgBrKhT-HMAYb3vQ","result":"ok"} 
[2026-05-05 01:02:20] production.INFO: Telnyx voice webhook received {"event_type":"call.speak.started","call_control_id":"v3:t08CudiWorScVprQWRyUkWs_typm6LOHyGEaTbEgBrKhT-HMAYb3vQ","direction":null} 
[2026-05-05 01:02:20] production.INFO: TTS speak started {"call_control_id":"v3:t08CudiWorScVprQWRyUkWs_typm6LOHyGEaTbEgBrKhT-HMAYb3vQ"} 
[2026-05-05 01:02:21] production.INFO: Dialed admin {"admin_user_id":1,"admin_name":"Patryk Szady","phone":"+12249993880","admin_call_control_id":"v3:LYUMXLEPv6AfAtRyxCHAV3kfIfGYhuMvoZk0WRX6xkK8mjbxYCluHQ"} 
[2026-05-05 01:02:21] production.INFO: Telnyx voice webhook received {"event_type":"call.initiated","call_control_id":"v3:LYUMXLEPv6AfAtRyxCHAV3kfIfGYhuMvoZk0WRX6xkK8mjbxYCluHQ","direction":"outgoing"} 
[2026-05-05 01:02:21] production.INFO: Outbound call initiated {"call_control_id":"v3:LYUMXLEPv6AfAtRyxCHAV3kfIfGYhuMvoZk0WRX6xkK8mjbxYCluHQ","to":"+12249993880"} 
[2026-05-05 01:02:21] production.DEBUG: Push notification delivered {"endpoint":"https://web.push.apple.com/QDkJcfxcMRPW4uLNUaYZ21nDUMJHCJ-cyja1FMQcNEv6qKbL-ec_s…","status":201} 
[2026-05-05 01:02:21] production.DEBUG: Push notification delivered {"endpoint":"https://fcm.googleapis.com/fcm/send/cYR-NIq4nms:APA91bEppjWa7ZIrYxviNuWljHyZ7qnu…","status":201} 
[2026-05-05 01:02:21] production.DEBUG: Push notification delivered {"endpoint":"https://wns2-by3p.notify.windows.com/w/?token=BQYAAACU%2bKDb9Gyej4KtbEbQJBisasbB…","status":201,"wns_status":"received","wns_msg_id":"3F09736961D79C07","wns_debug":"BY3PEPF00028D0F","content_encoding":"aes128gcm","response_body":""} 
[2026-05-05 01:02:22] production.DEBUG: Push notification delivered {"endpoint":"https://web.push.apple.com/QDkJcfxcMRPW4uLNUaYZ21nDUMJHCJ-cyja1FMQcNEv6qKbL-ec_s…","status":201} 
[2026-05-05 01:02:22] production.DEBUG: Push notification delivered {"endpoint":"https://fcm.googleapis.com/fcm/send/cYR-NIq4nms:APA91bEppjWa7ZIrYxviNuWljHyZ7qnu…","status":201} 
[2026-05-05 01:02:22] production.DEBUG: Push notification delivered {"endpoint":"https://wns2-by3p.notify.windows.com/w/?token=BQYAAACU%2bKDb9Gyej4KtbEbQJBisasbB…","status":201,"wns_status":"received","wns_msg_id":"3454FDDF35B20978","wns_debug":"BY3PEPF000197CA","content_encoding":"aes128gcm","response_body":""} 
[2026-05-05 01:02:27] production.INFO: Telnyx voice webhook received {"event_type":"call.speak.ended","call_control_id":"v3:t08CudiWorScVprQWRyUkWs_typm6LOHyGEaTbEgBrKhT-HMAYb3vQ","direction":null} 
[2026-05-05 01:02:27] production.INFO: handleCallSpeakEnded ENTRY {"call_control_id":"v3:t08CudiWorScVprQWRyUkWs_typm6LOHyGEaTbEgBrKhT-HMAYb3vQ","action":"welcome_done","client_state":{"action":"welcome_done","call_log_id":912,"original_caller":"+18472123894"},"client_state_raw_present":true} 
[2026-05-05 01:02:27] production.INFO: TTS completed — no admin answered yet, playing ringback {"call_control_id":"v3:t08CudiWorScVprQWRyUkWs_typm6LOHyGEaTbEgBrKhT-HMAYb3vQ","call_log_id":912} 
[2026-05-05 01:02:27] production.INFO: Call command sent: playback_start {"call_control_id":"v3:t08CudiWorScVprQWRyUkWs_typm6LOHyGEaTbEgBrKhT-HMAYb3vQ","result":"ok"} 
[2026-05-05 01:02:27] production.INFO: Telnyx voice webhook received {"event_type":"call.playback.started","call_control_id":"v3:t08CudiWorScVprQWRyUkWs_typm6LOHyGEaTbEgBrKhT-HMAYb3vQ","direction":null} 
[2026-05-05 01:02:27] production.INFO: Unhandled voice event {"event_type":"call.playback.started"} 
[2026-05-05 01:02:36] production.INFO: Telnyx voice webhook received {"event_type":"call.hangup","call_control_id":"v3:LYUMXLEPv6AfAtRyxCHAV3kfIfGYhuMvoZk0WRX6xkK8mjbxYCluHQ","direction":null} 
[2026-05-05 01:02:36] production.INFO: Admin ring leg hung up {"admin_call_control_id":"v3:LYUMXLEPv6AfAtRyxCHAV3kfIfGYhuMvoZk0WRX6xkK8mjbxYCluHQ","hangup_cause":"timeout","call_log_id":912,"incoming_call_control_id":"v3:t08CudiWorScVprQWRyUkWs_typm6LOHyGEaTbEgBrKhT-HMAYb3vQ"} 
[2026-05-05 01:02:36] production.INFO: Admin removed from pending list {"removed_id":"v3:LYUMXLEPv6AfAtRyxCHAV3kfIfGYhuMvoZk0WRX6xkK8mjbxYCluHQ","was_in_list":true,"remaining_count":0,"call_log_id":912} 
[2026-05-05 01:02:36] production.INFO: All admin legs failed — triggering voicemail {"incoming_call_control_id":"v3:t08CudiWorScVprQWRyUkWs_typm6LOHyGEaTbEgBrKhT-HMAYb3vQ","call_log_id":912} 
[2026-05-05 01:02:36] production.INFO: Playing voicemail IVR menu {"call_control_id":"v3:t08CudiWorScVprQWRyUkWs_typm6LOHyGEaTbEgBrKhT-HMAYb3vQ","call_log_id":912,"ivr_prompt":"GS Construction is not available right now. Press 2 to send a text on your behalf so the GS Crew knows to call you back ASAP. Stay on the line to leave a voicemail.","is_known_caller":false} 
[2026-05-05 01:02:36] production.INFO: Call command sent: gather_using_speak {"call_control_id":"v3:t08CudiWorScVprQWRyUkWs_typm6LOHyGEaTbEgBrKhT-HMAYb3vQ","result":"ok"} 
[2026-05-05 01:02:58] production.INFO: Telnyx voice webhook received {"event_type":"call.playback.ended","call_control_id":"v3:t08CudiWorScVprQWRyUkWs_typm6LOHyGEaTbEgBrKhT-HMAYb3vQ","direction":null} 
[2026-05-05 01:02:58] production.INFO: Playback ended (non-ringback) {"call_control_id":"v3:t08CudiWorScVprQWRyUkWs_typm6LOHyGEaTbEgBrKhT-HMAYb3vQ","action":"voicemail_ivr_menu"} 
[2026-05-05 01:02:58] production.INFO: Telnyx voice webhook received {"event_type":"call.speak.started","call_control_id":"v3:t08CudiWorScVprQWRyUkWs_typm6LOHyGEaTbEgBrKhT-HMAYb3vQ","direction":null} 
[2026-05-05 01:02:58] production.INFO: TTS speak started {"call_control_id":"v3:t08CudiWorScVprQWRyUkWs_typm6LOHyGEaTbEgBrKhT-HMAYb3vQ"} 
[2026-05-05 01:03:05] production.INFO: Telnyx voice webhook received {"event_type":"call.speak.ended","call_control_id":"v3:t08CudiWorScVprQWRyUkWs_typm6LOHyGEaTbEgBrKhT-HMAYb3vQ","direction":null} 
[2026-05-05 01:03:05] production.INFO: handleCallSpeakEnded ENTRY {"call_control_id":"v3:t08CudiWorScVprQWRyUkWs_typm6LOHyGEaTbEgBrKhT-HMAYb3vQ","action":"voicemail_ivr_menu","client_state":{"action":"voicemail_ivr_menu","call_log_id":912,"original_caller":"+18472123894","is_known_caller":false,"retry_count":0},"client_state_raw_present":true} 
[2026-05-05 01:03:07] production.INFO: Telnyx voice webhook received {"event_type":"call.gather.ended","call_control_id":"v3:t08CudiWorScVprQWRyUkWs_typm6LOHyGEaTbEgBrKhT-HMAYb3vQ","direction":null} 
[2026-05-05 01:03:07] production.INFO: IVR gather ended {"call_control_id":"v3:t08CudiWorScVprQWRyUkWs_typm6LOHyGEaTbEgBrKhT-HMAYb3vQ","digits":"","call_log_id":912} 
[2026-05-05 01:03:07] production.INFO: IVR: no digit pressed — retrying IVR menu (TTS may not have played) {"call_control_id":"v3:t08CudiWorScVprQWRyUkWs_typm6LOHyGEaTbEgBrKhT-HMAYb3vQ","retry_count":0,"call_log_id":912} 
[2026-05-05 01:03:07] production.INFO: Playing voicemail IVR menu {"call_control_id":"v3:t08CudiWorScVprQWRyUkWs_typm6LOHyGEaTbEgBrKhT-HMAYb3vQ","call_log_id":912,"ivr_prompt":"GS Construction is not available right now. Press 2 to send a text on your behalf so the GS Crew knows to call you back ASAP. Stay on the line to leave a voicemail.","is_known_caller":false} 
[2026-05-05 01:03:07] production.INFO: Call command sent: gather_using_speak {"call_control_id":"v3:t08CudiWorScVprQWRyUkWs_typm6LOHyGEaTbEgBrKhT-HMAYb3vQ","result":"ok"} 
[2026-05-05 01:03:08] production.INFO: Telnyx voice webhook received {"event_type":"call.speak.started","call_control_id":"v3:t08CudiWorScVprQWRyUkWs_typm6LOHyGEaTbEgBrKhT-HMAYb3vQ","direction":null} 
[2026-05-05 01:03:08] production.INFO: TTS speak started {"call_control_id":"v3:t08CudiWorScVprQWRyUkWs_typm6LOHyGEaTbEgBrKhT-HMAYb3vQ"} 
[2026-05-05 01:03:15] production.INFO: Telnyx voice webhook received {"event_type":"call.speak.ended","call_control_id":"v3:t08CudiWorScVprQWRyUkWs_typm6LOHyGEaTbEgBrKhT-HMAYb3vQ","direction":null} 
[2026-05-05 01:03:15] production.INFO: handleCallSpeakEnded ENTRY {"call_control_id":"v3:t08CudiWorScVprQWRyUkWs_typm6LOHyGEaTbEgBrKhT-HMAYb3vQ","action":"voicemail_ivr_menu","client_state":{"action":"voicemail_ivr_menu","call_log_id":912,"original_caller":"+18472123894","is_known_caller":false,"retry_count":1},"client_state_raw_present":true} 
[2026-05-05 01:03:17] production.INFO: Telnyx voice webhook received {"event_type":"call.gather.ended","call_control_id":"v3:t08CudiWorScVprQWRyUkWs_typm6LOHyGEaTbEgBrKhT-HMAYb3vQ","direction":null} 
[2026-05-05 01:03:17] production.INFO: IVR gather ended {"call_control_id":"v3:t08CudiWorScVprQWRyUkWs_typm6LOHyGEaTbEgBrKhT-HMAYb3vQ","digits":"","call_log_id":912} 
[2026-05-05 01:03:17] production.INFO: IVR: no digit pressed after retry — playing voicemail greeting {"call_control_id":"v3:t08CudiWorScVprQWRyUkWs_typm6LOHyGEaTbEgBrKhT-HMAYb3vQ","call_log_id":912} 
[2026-05-05 01:03:17] production.INFO: Call command sent: speak {"call_control_id":"v3:t08CudiWorScVprQWRyUkWs_typm6LOHyGEaTbEgBrKhT-HMAYb3vQ","result":"ok"} 
[2026-05-05 01:03:18] production.INFO: Telnyx voice webhook received {"event_type":"call.speak.started","call_control_id":"v3:t08CudiWorScVprQWRyUkWs_typm6LOHyGEaTbEgBrKhT-HMAYb3vQ","direction":null} 
[2026-05-05 01:03:18] production.INFO: TTS speak started {"call_control_id":"v3:t08CudiWorScVprQWRyUkWs_typm6LOHyGEaTbEgBrKhT-HMAYb3vQ"} 
[2026-05-05 01:03:26] production.INFO: Telnyx voice webhook received {"event_type":"call.speak.ended","call_control_id":"v3:t08CudiWorScVprQWRyUkWs_typm6LOHyGEaTbEgBrKhT-HMAYb3vQ","direction":null} 
[2026-05-05 01:03:26] production.INFO: handleCallSpeakEnded ENTRY {"call_control_id":"v3:t08CudiWorScVprQWRyUkWs_typm6LOHyGEaTbEgBrKhT-HMAYb3vQ","action":"voicemail_prompt_done","client_state":{"action":"voicemail_prompt_done","call_log_id":912},"client_state_raw_present":true} 
[2026-05-05 01:03:26] production.INFO: Voicemail prompt done — starting recording {"call_control_id":"v3:t08CudiWorScVprQWRyUkWs_typm6LOHyGEaTbEgBrKhT-HMAYb3vQ"} 
[2026-05-05 01:03:26] production.INFO: Call command sent: record_start {"call_control_id":"v3:t08CudiWorScVprQWRyUkWs_typm6LOHyGEaTbEgBrKhT-HMAYb3vQ","result":"ok"} 
[2026-05-05 01:03:26] production.INFO: Telnyx voice webhook received {"event_type":"call.hangup","call_control_id":"v3:t08CudiWorScVprQWRyUkWs_typm6LOHyGEaTbEgBrKhT-HMAYb3vQ","direction":null} 
[2026-05-05 01:03:26] production.INFO: Voicemail call ended {"call_control_id":"v3:t08CudiWorScVprQWRyUkWs_typm6LOHyGEaTbEgBrKhT-HMAYb3vQ","call_log_id":912} 
[2026-05-05 01:03:42] production.INFO: Telnyx voice webhook received {"event_type":"call.initiated","call_control_id":"v3:J29uuGC5pLX_kQ9hvkxSxhyYQ8TO0-yXh4CLNNzoH6yCn0ja--Zeug","direction":"incoming"} 
[2026-05-05 01:03:42] production.INFO: Incoming call - answering {"call_control_id":"v3:J29uuGC5pLX_kQ9hvkxSxhyYQ8TO0-yXh4CLNNzoH6yCn0ja--Zeug","from":"+18472123894","to":"+12247354200","caller_user_id":null,"caller_name":"GRZEGORZ SZADY"} 
[2026-05-05 01:03:42] production.INFO: Call command sent: answer {"call_control_id":"v3:J29uuGC5pLX_kQ9hvkxSxhyYQ8TO0-yXh4CLNNzoH6yCn0ja--Zeug","result":"ok"} 
[2026-05-05 01:03:42] production.INFO: Telnyx voice webhook received {"event_type":"call.answered","call_control_id":"v3:J29uuGC5pLX_kQ9hvkxSxhyYQ8TO0-yXh4CLNNzoH6yCn0ja--Zeug","direction":null} 
[2026-05-05 01:03:42] production.INFO: Playing welcome TTS and dialing admins simultaneously {"call_control_id":"v3:J29uuGC5pLX_kQ9hvkxSxhyYQ8TO0-yXh4CLNNzoH6yCn0ja--Zeug","tts":"Good evening! Thanks for calling GS Construction. One moment while we connect you to the GS Crew.","is_known_caller":false} 
[2026-05-05 01:03:42] production.INFO: Call command sent: speak {"call_control_id":"v3:J29uuGC5pLX_kQ9hvkxSxhyYQ8TO0-yXh4CLNNzoH6yCn0ja--Zeug","result":"ok"} 
[2026-05-05 01:03:43] production.INFO: Telnyx voice webhook received {"event_type":"call.speak.started","call_control_id":"v3:J29uuGC5pLX_kQ9hvkxSxhyYQ8TO0-yXh4CLNNzoH6yCn0ja--Zeug","direction":null} 
[2026-05-05 01:03:43] production.INFO: TTS speak started {"call_control_id":"v3:J29uuGC5pLX_kQ9hvkxSxhyYQ8TO0-yXh4CLNNzoH6yCn0ja--Zeug"} 
[2026-05-05 01:03:43] production.INFO: Dialed admin {"admin_user_id":1,"admin_name":"Patryk Szady","phone":"+12249993880","admin_call_control_id":"v3:yh7JF4mZnjlegpsHTPU2sAhR5bv8KRTOPmJrUZ4ieeGknFAkF0DOqQ"} 
[2026-05-05 01:03:43] production.INFO: Telnyx voice webhook received {"event_type":"call.initiated","call_control_id":"v3:yh7JF4mZnjlegpsHTPU2sAhR5bv8KRTOPmJrUZ4ieeGknFAkF0DOqQ","direction":"outgoing"} 
[2026-05-05 01:03:43] production.INFO: Outbound call initiated {"call_control_id":"v3:yh7JF4mZnjlegpsHTPU2sAhR5bv8KRTOPmJrUZ4ieeGknFAkF0DOqQ","to":"+12249993880"} 
[2026-05-05 01:03:43] production.DEBUG: Push notification delivered {"endpoint":"https://web.push.apple.com/QDkJcfxcMRPW4uLNUaYZ21nDUMJHCJ-cyja1FMQcNEv6qKbL-ec_s…","status":201} 
[2026-05-05 01:03:43] production.DEBUG: Push notification delivered {"endpoint":"https://fcm.googleapis.com/fcm/send/cYR-NIq4nms:APA91bEppjWa7ZIrYxviNuWljHyZ7qnu…","status":201} 
[2026-05-05 01:03:43] production.DEBUG: Push notification delivered {"endpoint":"https://wns2-by3p.notify.windows.com/w/?token=BQYAAACU%2bKDb9Gyej4KtbEbQJBisasbB…","status":201,"wns_status":"received","wns_msg_id":"6655DE724140C7B","wns_debug":"BY3PEPF0000E9AA","content_encoding":"aes128gcm","response_body":""} 
[2026-05-05 01:03:44] production.DEBUG: Push notification delivered {"endpoint":"https://web.push.apple.com/QDkJcfxcMRPW4uLNUaYZ21nDUMJHCJ-cyja1FMQcNEv6qKbL-ec_s…","status":201} 
[2026-05-05 01:03:44] production.DEBUG: Push notification delivered {"endpoint":"https://fcm.googleapis.com/fcm/send/cYR-NIq4nms:APA91bEppjWa7ZIrYxviNuWljHyZ7qnu…","status":201} 
[2026-05-05 01:03:44] production.DEBUG: Push notification delivered {"endpoint":"https://wns2-by3p.notify.windows.com/w/?token=BQYAAACU%2bKDb9Gyej4KtbEbQJBisasbB…","status":201,"wns_status":"received","wns_msg_id":"6ABCF23A07A858B9","wns_debug":"BY3PEPF0001959A","content_encoding":"aes128gcm","response_body":""} 
[2026-05-05 01:03:46] production.INFO: Telnyx voice webhook received {"event_type":"call.answered","call_control_id":"v3:yh7JF4mZnjlegpsHTPU2sAhR5bv8KRTOPmJrUZ4ieeGknFAkF0DOqQ","direction":null} 
[2026-05-05 01:03:46] production.INFO: Playing admin screening prompt {"admin_call_control_id":"v3:yh7JF4mZnjlegpsHTPU2sAhR5bv8KRTOPmJrUZ4ieeGknFAkF0DOqQ","call_log_id":913,"admin_user_id":1,"is_late_answerer":false,"caller_label":"GRZEGORZ SZADY"} 
[2026-05-05 01:03:46] production.INFO: Call command sent: speak {"call_control_id":"v3:yh7JF4mZnjlegpsHTPU2sAhR5bv8KRTOPmJrUZ4ieeGknFAkF0DOqQ","result":"ok"} 
[2026-05-05 01:03:47] production.INFO: Telnyx voice webhook received {"event_type":"call.speak.started","call_control_id":"v3:yh7JF4mZnjlegpsHTPU2sAhR5bv8KRTOPmJrUZ4ieeGknFAkF0DOqQ","direction":null} 
[2026-05-05 01:03:47] production.INFO: TTS speak started {"call_control_id":"v3:yh7JF4mZnjlegpsHTPU2sAhR5bv8KRTOPmJrUZ4ieeGknFAkF0DOqQ"} 
[2026-05-05 01:03:49] production.INFO: Telnyx voice webhook received {"event_type":"call.speak.ended","call_control_id":"v3:J29uuGC5pLX_kQ9hvkxSxhyYQ8TO0-yXh4CLNNzoH6yCn0ja--Zeug","direction":null} 
[2026-05-05 01:03:49] production.INFO: handleCallSpeakEnded ENTRY {"call_control_id":"v3:J29uuGC5pLX_kQ9hvkxSxhyYQ8TO0-yXh4CLNNzoH6yCn0ja--Zeug","action":"welcome_done","client_state":{"action":"welcome_done","call_log_id":913,"original_caller":"+18472123894"},"client_state_raw_present":true} 
[2026-05-05 01:03:49] production.INFO: TTS completed — no admin answered yet, playing ringback {"call_control_id":"v3:J29uuGC5pLX_kQ9hvkxSxhyYQ8TO0-yXh4CLNNzoH6yCn0ja--Zeug","call_log_id":913} 
[2026-05-05 01:03:49] production.INFO: Call command sent: playback_start {"call_control_id":"v3:J29uuGC5pLX_kQ9hvkxSxhyYQ8TO0-yXh4CLNNzoH6yCn0ja--Zeug","result":"ok"} 
[2026-05-05 01:03:50] production.INFO: Telnyx voice webhook received {"event_type":"call.playback.started","call_control_id":"v3:J29uuGC5pLX_kQ9hvkxSxhyYQ8TO0-yXh4CLNNzoH6yCn0ja--Zeug","direction":null} 
[2026-05-05 01:03:50] production.INFO: Unhandled voice event {"event_type":"call.playback.started"} 
[2026-05-05 01:03:53] production.INFO: Telnyx voice webhook received {"event_type":"call.speak.ended","call_control_id":"v3:yh7JF4mZnjlegpsHTPU2sAhR5bv8KRTOPmJrUZ4ieeGknFAkF0DOqQ","direction":null} 
[2026-05-05 01:03:53] production.INFO: handleCallSpeakEnded ENTRY {"call_control_id":"v3:yh7JF4mZnjlegpsHTPU2sAhR5bv8KRTOPmJrUZ4ieeGknFAkF0DOqQ","action":"admin_screen_done","client_state":{"action":"admin_screen_done","call_log_id":913,"incoming_call_control_id":"v3:J29uuGC5pLX_kQ9hvkxSxhyYQ8TO0-yXh4CLNNzoH6yCn0ja--Zeug","admin_user_id":1,"conference_id":null},"client_state_raw_present":true} 
[2026-05-05 01:03:53] production.INFO: First admin answered — bridging without prompt {"admin_call_control_id":"v3:yh7JF4mZnjlegpsHTPU2sAhR5bv8KRTOPmJrUZ4ieeGknFAkF0DOqQ","incoming_call_control_id":"v3:J29uuGC5pLX_kQ9hvkxSxhyYQ8TO0-yXh4CLNNzoH6yCn0ja--Zeug","call_log_id":913,"admin_user_id":1} 
[2026-05-05 01:03:53] production.INFO: Creating conference with caller as first participant {"call_log_id":913,"conference_name":"call_913_1167fdca","incoming_call_control_id":"v3:J29uuGC5pLX_kQ9hvkxSxhyYQ8TO0-yXh4CLNNzoH6yCn0ja--Zeug","admin_call_control_id":"v3:yh7JF4mZnjlegpsHTPU2sAhR5bv8KRTOPmJrUZ4ieeGknFAkF0DOqQ","admin_user_id":1} 
[2026-05-05 01:03:53] production.INFO: Telnyx voice webhook received {"event_type":"call.hangup","call_control_id":"v3:yh7JF4mZnjlegpsHTPU2sAhR5bv8KRTOPmJrUZ4ieeGknFAkF0DOqQ","direction":null} 
[2026-05-05 01:03:53] production.INFO: Call command sent: playback_stop {"call_control_id":"v3:J29uuGC5pLX_kQ9hvkxSxhyYQ8TO0-yXh4CLNNzoH6yCn0ja--Zeug","result":"ok"} 
[2026-05-05 01:03:54] production.INFO: Telnyx voice webhook received {"event_type":"call.playback.ended","call_control_id":"v3:J29uuGC5pLX_kQ9hvkxSxhyYQ8TO0-yXh4CLNNzoH6yCn0ja--Zeug","direction":null} 
[2026-05-05 01:03:54] production.ERROR: Call command failed: playback_stop {"call_control_id":"v3:yh7JF4mZnjlegpsHTPU2sAhR5bv8KRTOPmJrUZ4ieeGknFAkF0DOqQ","status":422,"error":{"errors":[{"code":"90018","title":"Call has already ended","detail":"This call is no longer active and can't receive commands."}]}} 
[2026-05-05 01:03:54] production.INFO: Call command sent: playback_start {"call_control_id":"v3:J29uuGC5pLX_kQ9hvkxSxhyYQ8TO0-yXh4CLNNzoH6yCn0ja--Zeug","result":"ok"} 
[2026-05-05 01:03:54] production.INFO: Telnyx voice webhook received {"event_type":"call.playback.started","call_control_id":"v3:J29uuGC5pLX_kQ9hvkxSxhyYQ8TO0-yXh4CLNNzoH6yCn0ja--Zeug","direction":null} 
[2026-05-05 01:03:54] production.INFO: Unhandled voice event {"event_type":"call.playback.started"} 
[2026-05-05 01:03:54] production.INFO: Conference created {"name":"call_913_1167fdca","conference_id":"bc1f33ee-8666-4bd8-a0ca-364f80cc74b5","beneficiary_call_control_id":"v3:J29uuGC5pLX_kQ9hvkxSxhyYQ8TO0-yXh4CLNNzoH6yCn0ja--Zeug"} 
[2026-05-05 01:03:54] production.INFO: Telnyx voice webhook received {"event_type":"call.playback.ended","call_control_id":"v3:J29uuGC5pLX_kQ9hvkxSxhyYQ8TO0-yXh4CLNNzoH6yCn0ja--Zeug","direction":null} 
[2026-05-05 01:03:54] production.INFO: Telnyx voice webhook received {"event_type":"conference.floor.changed","call_control_id":"v3:J29uuGC5pLX_kQ9hvkxSxhyYQ8TO0-yXh4CLNNzoH6yCn0ja--Zeug","direction":null} 
[2026-05-05 01:03:54] production.INFO: Unhandled voice event {"event_type":"conference.floor.changed"} 
[2026-05-05 01:03:54] production.ERROR: Conference join failed {"conference_id":"bc1f33ee-8666-4bd8-a0ca-364f80cc74b5","call_control_id":"v3:yh7JF4mZnjlegpsHTPU2sAhR5bv8KRTOPmJrUZ4ieeGknFAkF0DOqQ","status":422,"error":{"errors":[{"code":"90018","title":"Call has already ended","detail":"This call is no longer active and can't receive commands."}]}} 
[2026-05-05 01:03:54] production.ERROR: Failed to join admin to fresh conference {"admin_call_control_id":"v3:yh7JF4mZnjlegpsHTPU2sAhR5bv8KRTOPmJrUZ4ieeGknFAkF0DOqQ","conference_id":"bc1f33ee-8666-4bd8-a0ca-364f80cc74b5"} 
[2026-05-05 01:03:54] production.ERROR: Call command failed: hangup {"call_control_id":"v3:yh7JF4mZnjlegpsHTPU2sAhR5bv8KRTOPmJrUZ4ieeGknFAkF0DOqQ","status":422,"error":{"errors":[{"code":"90018","title":"Call has already ended","detail":"This call is no longer active and can't receive commands."}]}} 
[2026-05-05 01:03:54] production.INFO: Telnyx voice webhook received {"event_type":"conference.participant.joined","call_control_id":"v3:J29uuGC5pLX_kQ9hvkxSxhyYQ8TO0-yXh4CLNNzoH6yCn0ja--Zeug","direction":null} 
[2026-05-05 01:03:54] production.INFO: Unhandled voice event {"event_type":"conference.participant.joined"} 
[2026-05-05 01:03:54] production.INFO: Telnyx voice webhook received {"event_type":"conference.created","call_control_id":"v3:J29uuGC5pLX_kQ9hvkxSxhyYQ8TO0-yXh4CLNNzoH6yCn0ja--Zeug","direction":null} 
[2026-05-05 01:03:54] production.INFO: Unhandled voice event {"event_type":"conference.created"} 
[2026-05-05 01:04:08] production.INFO: Telnyx voice webhook received {"event_type":"call.hangup","call_control_id":"v3:J29uuGC5pLX_kQ9hvkxSxhyYQ8TO0-yXh4CLNNzoH6yCn0ja--Zeug","direction":null} 
[2026-05-05 01:04:08] production.INFO: Call ended {"call_control_id":"v3:J29uuGC5pLX_kQ9hvkxSxhyYQ8TO0-yXh4CLNNzoH6yCn0ja--Zeug","status":"completed","hangup_cause":"normal_clearing","duration":26.392902999999997} 
[2026-05-05 01:04:08] production.INFO: Telnyx voice webhook received {"event_type":"conference.participant.left","call_control_id":"v3:J29uuGC5pLX_kQ9hvkxSxhyYQ8TO0-yXh4CLNNzoH6yCn0ja--Zeug","direction":null} 
[2026-05-05 01:04:08] production.INFO: Unhandled voice event {"event_type":"conference.participant.left"} 
[2026-05-05 01:04:08] production.INFO: Telnyx voice webhook received {"event_type":"conference.ended","call_control_id":"v3:J29uuGC5pLX_kQ9hvkxSxhyYQ8TO0-yXh4CLNNzoH6yCn0ja--Zeug","direction":null} 
[2026-05-05 01:04:08] production.INFO: Unhandled voice event {"event_type":"conference.ended"} 
[2026-05-05 01:11:54] production.DEBUG: Push notification delivered {"endpoint":"https://web.push.apple.com/QJnqrnzJg9xule8bhPY8CE20AFCRYEqQblM8TaB0eTcRZ7HDySHVw…","status":201} 
[2026-05-05 01:11:54] production.DEBUG: Push notification delivered {"endpoint":"https://wns2-ch1p.notify.windows.com/w/?token=BQYAAAAQe2hvIFkElPQKFh5BKOEEEpIVqW…","status":201,"wns_status":"received","wns_msg_id":"6AAA0FB165CA0180","wns_debug":"CH1PEPF00006F76","content_encoding":"aes128gcm","response_body":""} 
[2026-05-05 01:11:57] production.INFO: Telnyx webhook received {"event_type":"message.sent","message_id":"40319df5-b10e-4fe7-b248-c311dfabd55e"} 
[2026-05-05 01:11:57] production.INFO: Message sent {"id":"40319df5-b10e-4fe7-b248-c311dfabd55e","to":"+13097815746","from":"+12247354200"} 
[2026-05-05 01:12:03] production.INFO: Telnyx webhook received {"event_type":"message.finalized","message_id":"40319df5-b10e-4fe7-b248-c311dfabd55e"} 
[2026-05-05 01:12:03] production.INFO: Message finalized {"id":"40319df5-b10e-4fe7-b248-c311dfabd55e","to":"+13097815746","status":"delivered"} 
[2026-05-05 01:19:46] production.DEBUG: Push notification delivered {"endpoint":"https://web.push.apple.com/QJnqrnzJg9xule8bhPY8CE20AFCRYEqQblM8TaB0eTcRZ7HDySHVw…","status":201} 
[2026-05-05 01:19:46] production.DEBUG: Push notification delivered {"endpoint":"https://wns2-ch1p.notify.windows.com/w/?token=BQYAAAAQe2hvIFkElPQKFh5BKOEEEpIVqW…","status":201,"wns_status":"received","wns_msg_id":"4FE17103561DD39C","wns_debug":"CH1PEPF00006F72","content_encoding":"aes128gcm","response_body":""} 
[2026-05-05 01:19:48] production.INFO: Telnyx webhook received {"event_type":"message.sent","message_id":"40319df5-b841-4041-ab4b-8e61e2455cc7"} 
[2026-05-05 01:19:48] production.INFO: Message sent {"id":"40319df5-b841-4041-ab4b-8e61e2455cc7","to":"+13097815746","from":"+12247354200"} 
[2026-05-05 01:19:56] production.INFO: Telnyx webhook received {"event_type":"message.finalized","message_id":"40319df5-b841-4041-ab4b-8e61e2455cc7"} 
[2026-05-05 01:19:56] production.INFO: Message finalized {"id":"40319df5-b841-4041-ab4b-8e61e2455cc7","to":"+13097815746","status":"delivered"} 
[2026-05-05 01:27:33] production.INFO: Telnyx webhook received {"event_type":"message.sent","message_id":"40319df5-bf57-4ac7-afab-41536eab484a"} 
[2026-05-05 01:27:33] production.INFO: Message sent {"id":"40319df5-bf57-4ac7-afab-41536eab484a","to":"+12245351018","from":"+12247354200"} 
[2026-05-05 01:27:36] production.INFO: Telnyx webhook received {"event_type":"message.finalized","message_id":"40319df5-bf57-4ac7-afab-41536eab484a"} 
[2026-05-05 01:27:36] production.INFO: Message finalized {"id":"40319df5-bf57-4ac7-afab-41536eab484a","to":"+12245351018","status":"delivered"} 
[2026-05-05 01:42:27] production.INFO: Telnyx voice webhook received {"event_type":"call.initiated","call_control_id":"v3:ZuiyUmWkVn_cSEVBRVSnlZD_1UXl-JR4J2Klr6Yl7GdTSaGC5-MUDw","direction":"incoming"} 
[2026-05-05 01:42:27] production.INFO: Incoming call - answering {"call_control_id":"v3:ZuiyUmWkVn_cSEVBRVSnlZD_1UXl-JR4J2Klr6Yl7GdTSaGC5-MUDw","from":"+18472123894","to":"+12247354200","caller_user_id":null,"caller_name":"GRZEGORZ SZADY"} 
[2026-05-05 01:42:28] production.INFO: Call command sent: answer {"call_control_id":"v3:ZuiyUmWkVn_cSEVBRVSnlZD_1UXl-JR4J2Klr6Yl7GdTSaGC5-MUDw","result":"ok"} 
[2026-05-05 01:42:28] production.INFO: Telnyx voice webhook received {"event_type":"call.answered","call_control_id":"v3:ZuiyUmWkVn_cSEVBRVSnlZD_1UXl-JR4J2Klr6Yl7GdTSaGC5-MUDw","direction":null} 
[2026-05-05 01:42:28] production.INFO: Playing welcome TTS and dialing admins simultaneously {"call_control_id":"v3:ZuiyUmWkVn_cSEVBRVSnlZD_1UXl-JR4J2Klr6Yl7GdTSaGC5-MUDw","tts":"Good evening! Thanks for calling GS Construction. One moment while we connect you to the GS Crew.","is_known_caller":false} 
[2026-05-05 01:42:28] production.INFO: Call command sent: speak {"call_control_id":"v3:ZuiyUmWkVn_cSEVBRVSnlZD_1UXl-JR4J2Klr6Yl7GdTSaGC5-MUDw","result":"ok"} 
[2026-05-05 01:42:28] production.DEBUG: Push notification delivered {"endpoint":"https://web.push.apple.com/QDkJcfxcMRPW4uLNUaYZ21nDUMJHCJ-cyja1FMQcNEv6qKbL-ec_s…","status":201} 
[2026-05-05 01:42:28] production.DEBUG: Push notification delivered {"endpoint":"https://fcm.googleapis.com/fcm/send/cYR-NIq4nms:APA91bEppjWa7ZIrYxviNuWljHyZ7qnu…","status":201} 
[2026-05-05 01:42:28] production.DEBUG: Push notification delivered {"endpoint":"https://wns2-by3p.notify.windows.com/w/?token=BQYAAACU%2bKDb9Gyej4KtbEbQJBisasbB…","status":201,"wns_status":"received","wns_msg_id":"3EE81137481A380D","wns_debug":"BY3PEPF0000E9CB","content_encoding":"aes128gcm","response_body":""} 
[2026-05-05 01:42:29] production.INFO: Dialed admin {"admin_user_id":1,"admin_name":"Patryk Szady","phone":"+12249993880","admin_call_control_id":"v3:4ojBdqYOOE0X2xR_u0_Kx-58aF59En7XH0i-naAFVHqmbR8PaDYxWg"} 
[2026-05-05 01:42:29] production.INFO: Telnyx voice webhook received {"event_type":"call.initiated","call_control_id":"v3:4ojBdqYOOE0X2xR_u0_Kx-58aF59En7XH0i-naAFVHqmbR8PaDYxWg","direction":"outgoing"} 
[2026-05-05 01:42:29] production.INFO: Outbound call initiated {"call_control_id":"v3:4ojBdqYOOE0X2xR_u0_Kx-58aF59En7XH0i-naAFVHqmbR8PaDYxWg","to":"+12249993880"} 
[2026-05-05 01:42:29] production.INFO: Telnyx voice webhook received {"event_type":"call.speak.started","call_control_id":"v3:ZuiyUmWkVn_cSEVBRVSnlZD_1UXl-JR4J2Klr6Yl7GdTSaGC5-MUDw","direction":null} 
[2026-05-05 01:42:29] production.INFO: TTS speak started {"call_control_id":"v3:ZuiyUmWkVn_cSEVBRVSnlZD_1UXl-JR4J2Klr6Yl7GdTSaGC5-MUDw"} 
[2026-05-05 01:42:29] production.DEBUG: Push notification delivered {"endpoint":"https://web.push.apple.com/QDkJcfxcMRPW4uLNUaYZ21nDUMJHCJ-cyja1FMQcNEv6qKbL-ec_s…","status":201} 
[2026-05-05 01:42:29] production.DEBUG: Push notification delivered {"endpoint":"https://fcm.googleapis.com/fcm/send/cYR-NIq4nms:APA91bEppjWa7ZIrYxviNuWljHyZ7qnu…","status":201} 
[2026-05-05 01:42:29] production.DEBUG: Push notification delivered {"endpoint":"https://wns2-by3p.notify.windows.com/w/?token=BQYAAACU%2bKDb9Gyej4KtbEbQJBisasbB…","status":201,"wns_status":"received","wns_msg_id":"D5028BA74A47E3C","wns_debug":"BY3PEPF000197D5","content_encoding":"aes128gcm","response_body":""} 
[2026-05-05 01:42:32] production.INFO: Telnyx voice webhook received {"event_type":"call.answered","call_control_id":"v3:4ojBdqYOOE0X2xR_u0_Kx-58aF59En7XH0i-naAFVHqmbR8PaDYxWg","direction":null} 
[2026-05-05 01:42:32] production.INFO: Playing admin screening prompt {"admin_call_control_id":"v3:4ojBdqYOOE0X2xR_u0_Kx-58aF59En7XH0i-naAFVHqmbR8PaDYxWg","call_log_id":914,"admin_user_id":1,"is_late_answerer":false,"caller_label":"GRZEGORZ SZADY"} 
[2026-05-05 01:42:32] production.INFO: Call command sent: speak {"call_control_id":"v3:4ojBdqYOOE0X2xR_u0_Kx-58aF59En7XH0i-naAFVHqmbR8PaDYxWg","result":"ok"} 
[2026-05-05 01:42:33] production.INFO: Telnyx voice webhook received {"event_type":"call.speak.started","call_control_id":"v3:4ojBdqYOOE0X2xR_u0_Kx-58aF59En7XH0i-naAFVHqmbR8PaDYxWg","direction":null} 
[2026-05-05 01:42:33] production.INFO: TTS speak started {"call_control_id":"v3:4ojBdqYOOE0X2xR_u0_Kx-58aF59En7XH0i-naAFVHqmbR8PaDYxWg"} 
[2026-05-05 01:42:35] production.INFO: Telnyx voice webhook received {"event_type":"call.speak.ended","call_control_id":"v3:ZuiyUmWkVn_cSEVBRVSnlZD_1UXl-JR4J2Klr6Yl7GdTSaGC5-MUDw","direction":null} 
[2026-05-05 01:42:35] production.INFO: handleCallSpeakEnded ENTRY {"call_control_id":"v3:ZuiyUmWkVn_cSEVBRVSnlZD_1UXl-JR4J2Klr6Yl7GdTSaGC5-MUDw","action":"welcome_done","client_state":{"action":"welcome_done","call_log_id":914,"original_caller":"+18472123894"},"client_state_raw_present":true} 
[2026-05-05 01:42:35] production.INFO: TTS completed — no admin answered yet, playing ringback {"call_control_id":"v3:ZuiyUmWkVn_cSEVBRVSnlZD_1UXl-JR4J2Klr6Yl7GdTSaGC5-MUDw","call_log_id":914} 
[2026-05-05 01:42:35] production.INFO: Call command sent: playback_start {"call_control_id":"v3:ZuiyUmWkVn_cSEVBRVSnlZD_1UXl-JR4J2Klr6Yl7GdTSaGC5-MUDw","result":"ok"} 
[2026-05-05 01:42:36] production.INFO: Telnyx voice webhook received {"event_type":"call.playback.started","call_control_id":"v3:ZuiyUmWkVn_cSEVBRVSnlZD_1UXl-JR4J2Klr6Yl7GdTSaGC5-MUDw","direction":null} 
[2026-05-05 01:42:36] production.INFO: Unhandled voice event {"event_type":"call.playback.started"} 
[2026-05-05 01:42:40] production.INFO: Telnyx voice webhook received {"event_type":"call.speak.ended","call_control_id":"v3:4ojBdqYOOE0X2xR_u0_Kx-58aF59En7XH0i-naAFVHqmbR8PaDYxWg","direction":null} 
[2026-05-05 01:42:40] production.INFO: handleCallSpeakEnded ENTRY {"call_control_id":"v3:4ojBdqYOOE0X2xR_u0_Kx-58aF59En7XH0i-naAFVHqmbR8PaDYxWg","action":"admin_screen_done","client_state":{"action":"admin_screen_done","call_log_id":914,"incoming_call_control_id":"v3:ZuiyUmWkVn_cSEVBRVSnlZD_1UXl-JR4J2Klr6Yl7GdTSaGC5-MUDw","admin_user_id":1,"conference_id":null},"client_state_raw_present":true} 
[2026-05-05 01:42:40] production.INFO: First admin answered — bridging without prompt {"admin_call_control_id":"v3:4ojBdqYOOE0X2xR_u0_Kx-58aF59En7XH0i-naAFVHqmbR8PaDYxWg","incoming_call_control_id":"v3:ZuiyUmWkVn_cSEVBRVSnlZD_1UXl-JR4J2Klr6Yl7GdTSaGC5-MUDw","call_log_id":914,"admin_user_id":1} 
[2026-05-05 01:42:40] production.INFO: Creating conference with caller as first participant {"call_log_id":914,"conference_name":"call_914_d6a5cffd","incoming_call_control_id":"v3:ZuiyUmWkVn_cSEVBRVSnlZD_1UXl-JR4J2Klr6Yl7GdTSaGC5-MUDw","admin_call_control_id":"v3:4ojBdqYOOE0X2xR_u0_Kx-58aF59En7XH0i-naAFVHqmbR8PaDYxWg","admin_user_id":1} 
[2026-05-05 01:42:40] production.INFO: Call command sent: playback_stop {"call_control_id":"v3:ZuiyUmWkVn_cSEVBRVSnlZD_1UXl-JR4J2Klr6Yl7GdTSaGC5-MUDw","result":"ok"} 
[2026-05-05 01:42:40] production.INFO: Telnyx voice webhook received {"event_type":"call.playback.ended","call_control_id":"v3:ZuiyUmWkVn_cSEVBRVSnlZD_1UXl-JR4J2Klr6Yl7GdTSaGC5-MUDw","direction":null} 
[2026-05-05 01:42:40] production.INFO: Call command sent: playback_stop {"call_control_id":"v3:4ojBdqYOOE0X2xR_u0_Kx-58aF59En7XH0i-naAFVHqmbR8PaDYxWg","result":"ok"} 
[2026-05-05 01:42:40] production.INFO: Call command sent: playback_start {"call_control_id":"v3:ZuiyUmWkVn_cSEVBRVSnlZD_1UXl-JR4J2Klr6Yl7GdTSaGC5-MUDw","result":"ok"} 
[2026-05-05 01:42:41] production.INFO: Telnyx voice webhook received {"event_type":"call.playback.started","call_control_id":"v3:ZuiyUmWkVn_cSEVBRVSnlZD_1UXl-JR4J2Klr6Yl7GdTSaGC5-MUDw","direction":null} 
[2026-05-05 01:42:41] production.INFO: Unhandled voice event {"event_type":"call.playback.started"} 
[2026-05-05 01:42:41] production.INFO: Conference created {"name":"call_914_d6a5cffd","conference_id":"e42addbd-3519-459f-a790-a8b487f04d79","beneficiary_call_control_id":"v3:ZuiyUmWkVn_cSEVBRVSnlZD_1UXl-JR4J2Klr6Yl7GdTSaGC5-MUDw"} 
[2026-05-05 01:42:41] production.INFO: Telnyx voice webhook received {"event_type":"call.playback.ended","call_control_id":"v3:ZuiyUmWkVn_cSEVBRVSnlZD_1UXl-JR4J2Klr6Yl7GdTSaGC5-MUDw","direction":null} 
[2026-05-05 01:42:41] production.INFO: Telnyx voice webhook received {"event_type":"conference.floor.changed","call_control_id":"v3:ZuiyUmWkVn_cSEVBRVSnlZD_1UXl-JR4J2Klr6Yl7GdTSaGC5-MUDw","direction":null} 
[2026-05-05 01:42:41] production.INFO: Unhandled voice event {"event_type":"conference.floor.changed"} 
[2026-05-05 01:42:41] production.INFO: Telnyx voice webhook received {"event_type":"conference.created","call_control_id":"v3:ZuiyUmWkVn_cSEVBRVSnlZD_1UXl-JR4J2Klr6Yl7GdTSaGC5-MUDw","direction":null} 
[2026-05-05 01:42:41] production.INFO: Unhandled voice event {"event_type":"conference.created"} 
[2026-05-05 01:42:41] production.INFO: Joined conference {"conference_id":"e42addbd-3519-459f-a790-a8b487f04d79","call_control_id":"v3:4ojBdqYOOE0X2xR_u0_Kx-58aF59En7XH0i-naAFVHqmbR8PaDYxWg"} 
[2026-05-05 01:42:41] production.INFO: Telnyx voice webhook received {"event_type":"conference.participant.joined","call_control_id":"v3:ZuiyUmWkVn_cSEVBRVSnlZD_1UXl-JR4J2Klr6Yl7GdTSaGC5-MUDw","direction":null} 
[2026-05-05 01:42:41] production.INFO: Unhandled voice event {"event_type":"conference.participant.joined"} 
[2026-05-05 01:42:41] production.INFO: Telnyx voice webhook received {"event_type":"conference.participant.joined","call_control_id":"v3:4ojBdqYOOE0X2xR_u0_Kx-58aF59En7XH0i-naAFVHqmbR8PaDYxWg","direction":null} 
[2026-05-05 01:42:41] production.INFO: Unhandled voice event {"event_type":"conference.participant.joined"} 
[2026-05-05 01:42:43] production.INFO: Telnyx voice webhook received {"event_type":"conference.floor.changed","call_control_id":"v3:4ojBdqYOOE0X2xR_u0_Kx-58aF59En7XH0i-naAFVHqmbR8PaDYxWg","direction":null} 
[2026-05-05 01:42:43] production.INFO: Unhandled voice event {"event_type":"conference.floor.changed"} 
[2026-05-05 01:42:44] production.INFO: Telnyx voice webhook received {"event_type":"conference.floor.changed","call_control_id":"v3:4ojBdqYOOE0X2xR_u0_Kx-58aF59En7XH0i-naAFVHqmbR8PaDYxWg","direction":null} 
[2026-05-05 01:42:44] production.INFO: Unhandled voice event {"event_type":"conference.floor.changed"} 
[2026-05-05 01:42:45] production.INFO: Telnyx voice webhook received {"event_type":"conference.floor.changed","call_control_id":"v3:4ojBdqYOOE0X2xR_u0_Kx-58aF59En7XH0i-naAFVHqmbR8PaDYxWg","direction":null} 
[2026-05-05 01:42:45] production.INFO: Unhandled voice event {"event_type":"conference.floor.changed"} 
[2026-05-05 01:42:46] production.INFO: Telnyx voice webhook received {"event_type":"call.hangup","call_control_id":"v3:ZuiyUmWkVn_cSEVBRVSnlZD_1UXl-JR4J2Klr6Yl7GdTSaGC5-MUDw","direction":null} 
[2026-05-05 01:42:46] production.INFO: Call ended {"call_control_id":"v3:ZuiyUmWkVn_cSEVBRVSnlZD_1UXl-JR4J2Klr6Yl7GdTSaGC5-MUDw","status":"completed","hangup_cause":"normal_clearing","duration":18.16596} 
[2026-05-05 01:42:46] production.INFO: Telnyx voice webhook received {"event_type":"conference.participant.left","call_control_id":"v3:ZuiyUmWkVn_cSEVBRVSnlZD_1UXl-JR4J2Klr6Yl7GdTSaGC5-MUDw","direction":null} 
[2026-05-05 01:42:46] production.INFO: Unhandled voice event {"event_type":"conference.participant.left"} 
[2026-05-05 01:42:48] production.INFO: Telnyx voice webhook received {"event_type":"call.hangup","call_control_id":"v3:4ojBdqYOOE0X2xR_u0_Kx-58aF59En7XH0i-naAFVHqmbR8PaDYxWg","direction":null} 
[2026-05-05 01:42:49] production.INFO: Telnyx voice webhook received {"event_type":"conference.ended","call_control_id":"v3:4ojBdqYOOE0X2xR_u0_Kx-58aF59En7XH0i-naAFVHqmbR8PaDYxWg","direction":null} 
[2026-05-05 01:42:49] production.INFO: Unhandled voice event {"event_type":"conference.ended"} 
[2026-05-05 01:42:49] production.INFO: Telnyx voice webhook received {"event_type":"conference.participant.left","call_control_id":"v3:4ojBdqYOOE0X2xR_u0_Kx-58aF59En7XH0i-naAFVHqmbR8PaDYxWg","direction":null} 
[2026-05-05 01:42:49] production.INFO: Unhandled voice event {"event_type":"conference.participant.left"} 
[2026-05-05 01:43:44] production.INFO: Telnyx voice webhook received {"event_type":"call.initiated","call_control_id":"v3:_xPTtIX13d19q9RezdamwB1x7gNaHW_YUZPcU88RVKrIz3HEtvLRuQ","direction":"incoming"} 
[2026-05-05 01:43:44] production.INFO: Incoming call - answering {"call_control_id":"v3:_xPTtIX13d19q9RezdamwB1x7gNaHW_YUZPcU88RVKrIz3HEtvLRuQ","from":"+18472123894","to":"+12247354200","caller_user_id":null,"caller_name":"GRZEGORZ SZADY"} 
[2026-05-05 01:43:45] production.INFO: Call command sent: answer {"call_control_id":"v3:_xPTtIX13d19q9RezdamwB1x7gNaHW_YUZPcU88RVKrIz3HEtvLRuQ","result":"ok"} 
[2026-05-05 01:43:45] production.INFO: Telnyx voice webhook received {"event_type":"call.answered","call_control_id":"v3:_xPTtIX13d19q9RezdamwB1x7gNaHW_YUZPcU88RVKrIz3HEtvLRuQ","direction":null} 
[2026-05-05 01:43:45] production.INFO: Playing welcome TTS and dialing admins simultaneously {"call_control_id":"v3:_xPTtIX13d19q9RezdamwB1x7gNaHW_YUZPcU88RVKrIz3HEtvLRuQ","tts":"Good evening! Thanks for calling GS Construction. One moment while we connect you to the GS Crew.","is_known_caller":false} 
[2026-05-05 01:43:45] production.INFO: Call command sent: speak {"call_control_id":"v3:_xPTtIX13d19q9RezdamwB1x7gNaHW_YUZPcU88RVKrIz3HEtvLRuQ","result":"ok"} 
[2026-05-05 01:43:45] production.DEBUG: Push notification delivered {"endpoint":"https://web.push.apple.com/QDkJcfxcMRPW4uLNUaYZ21nDUMJHCJ-cyja1FMQcNEv6qKbL-ec_s…","status":201} 
[2026-05-05 01:43:45] production.DEBUG: Push notification delivered {"endpoint":"https://fcm.googleapis.com/fcm/send/cYR-NIq4nms:APA91bEppjWa7ZIrYxviNuWljHyZ7qnu…","status":201} 
[2026-05-05 01:43:45] production.DEBUG: Push notification delivered {"endpoint":"https://wns2-by3p.notify.windows.com/w/?token=BQYAAACU%2bKDb9Gyej4KtbEbQJBisasbB…","status":201,"wns_status":"received","wns_msg_id":"32BA5E4162668813","wns_debug":"BY3PEPF000197D7","content_encoding":"aes128gcm","response_body":""} 
[2026-05-05 01:43:45] production.INFO: Telnyx voice webhook received {"event_type":"call.speak.started","call_control_id":"v3:_xPTtIX13d19q9RezdamwB1x7gNaHW_YUZPcU88RVKrIz3HEtvLRuQ","direction":null} 
[2026-05-05 01:43:45] production.INFO: TTS speak started {"call_control_id":"v3:_xPTtIX13d19q9RezdamwB1x7gNaHW_YUZPcU88RVKrIz3HEtvLRuQ"} 
[2026-05-05 01:43:46] production.INFO: Dialed admin {"admin_user_id":1,"admin_name":"Patryk Szady","phone":"+12249993880","admin_call_control_id":"v3:X26FIUhCPxkOxyoAvD2Hzy-KbKrRlEUi1kMRqrE1Tmdcs1Ouen4wSA"} 
[2026-05-05 01:43:46] production.INFO: Telnyx voice webhook received {"event_type":"call.initiated","call_control_id":"v3:X26FIUhCPxkOxyoAvD2Hzy-KbKrRlEUi1kMRqrE1Tmdcs1Ouen4wSA","direction":"outgoing"} 
[2026-05-05 01:43:46] production.INFO: Outbound call initiated {"call_control_id":"v3:X26FIUhCPxkOxyoAvD2Hzy-KbKrRlEUi1kMRqrE1Tmdcs1Ouen4wSA","to":"+12249993880"} 
[2026-05-05 01:43:46] production.DEBUG: Push notification delivered {"endpoint":"https://web.push.apple.com/QDkJcfxcMRPW4uLNUaYZ21nDUMJHCJ-cyja1FMQcNEv6qKbL-ec_s…","status":201} 
[2026-05-05 01:43:46] production.DEBUG: Push notification delivered {"endpoint":"https://fcm.googleapis.com/fcm/send/cYR-NIq4nms:APA91bEppjWa7ZIrYxviNuWljHyZ7qnu…","status":201} 
[2026-05-05 01:43:46] production.DEBUG: Push notification delivered {"endpoint":"https://wns2-by3p.notify.windows.com/w/?token=BQYAAACU%2bKDb9Gyej4KtbEbQJBisasbB…","status":201,"wns_status":"received","wns_msg_id":"FD5FAC6718CAEE9","wns_debug":"BY3PEPF0000E9BE","content_encoding":"aes128gcm","response_body":""} 
[2026-05-05 01:43:49] production.INFO: Telnyx voice webhook received {"event_type":"call.answered","call_control_id":"v3:X26FIUhCPxkOxyoAvD2Hzy-KbKrRlEUi1kMRqrE1Tmdcs1Ouen4wSA","direction":null} 
[2026-05-05 01:43:49] production.INFO: Playing admin screening prompt {"admin_call_control_id":"v3:X26FIUhCPxkOxyoAvD2Hzy-KbKrRlEUi1kMRqrE1Tmdcs1Ouen4wSA","call_log_id":915,"admin_user_id":1,"is_late_answerer":false,"caller_label":"GRZEGORZ SZADY"} 
[2026-05-05 01:43:50] production.INFO: Call command sent: speak {"call_control_id":"v3:X26FIUhCPxkOxyoAvD2Hzy-KbKrRlEUi1kMRqrE1Tmdcs1Ouen4wSA","result":"ok"} 
[2026-05-05 01:43:50] production.INFO: Telnyx voice webhook received {"event_type":"call.speak.started","call_control_id":"v3:X26FIUhCPxkOxyoAvD2Hzy-KbKrRlEUi1kMRqrE1Tmdcs1Ouen4wSA","direction":null} 
[2026-05-05 01:43:50] production.INFO: TTS speak started {"call_control_id":"v3:X26FIUhCPxkOxyoAvD2Hzy-KbKrRlEUi1kMRqrE1Tmdcs1Ouen4wSA"} 
[2026-05-05 01:43:52] production.INFO: Telnyx voice webhook received {"event_type":"call.speak.ended","call_control_id":"v3:_xPTtIX13d19q9RezdamwB1x7gNaHW_YUZPcU88RVKrIz3HEtvLRuQ","direction":null} 
[2026-05-05 01:43:52] production.INFO: handleCallSpeakEnded ENTRY {"call_control_id":"v3:_xPTtIX13d19q9RezdamwB1x7gNaHW_YUZPcU88RVKrIz3HEtvLRuQ","action":"welcome_done","client_state":{"action":"welcome_done","call_log_id":915,"original_caller":"+18472123894"},"client_state_raw_present":true} 
[2026-05-05 01:43:52] production.INFO: TTS completed — no admin answered yet, playing ringback {"call_control_id":"v3:_xPTtIX13d19q9RezdamwB1x7gNaHW_YUZPcU88RVKrIz3HEtvLRuQ","call_log_id":915} 
[2026-05-05 01:43:52] production.INFO: Call command sent: playback_start {"call_control_id":"v3:_xPTtIX13d19q9RezdamwB1x7gNaHW_YUZPcU88RVKrIz3HEtvLRuQ","result":"ok"} 
[2026-05-05 01:43:52] production.INFO: Telnyx voice webhook received {"event_type":"call.playback.started","call_control_id":"v3:_xPTtIX13d19q9RezdamwB1x7gNaHW_YUZPcU88RVKrIz3HEtvLRuQ","direction":null} 
[2026-05-05 01:43:52] production.INFO: Unhandled voice event {"event_type":"call.playback.started"} 
[2026-05-05 01:43:56] production.INFO: Telnyx voice webhook received {"event_type":"call.speak.ended","call_control_id":"v3:X26FIUhCPxkOxyoAvD2Hzy-KbKrRlEUi1kMRqrE1Tmdcs1Ouen4wSA","direction":null} 
[2026-05-05 01:43:56] production.INFO: handleCallSpeakEnded ENTRY {"call_control_id":"v3:X26FIUhCPxkOxyoAvD2Hzy-KbKrRlEUi1kMRqrE1Tmdcs1Ouen4wSA","action":"admin_screen_done","client_state":{"action":"admin_screen_done","call_log_id":915,"incoming_call_control_id":"v3:_xPTtIX13d19q9RezdamwB1x7gNaHW_YUZPcU88RVKrIz3HEtvLRuQ","admin_user_id":1,"conference_id":null},"client_state_raw_present":true} 
[2026-05-05 01:43:57] production.INFO: First admin answered — bridging without prompt {"admin_call_control_id":"v3:X26FIUhCPxkOxyoAvD2Hzy-KbKrRlEUi1kMRqrE1Tmdcs1Ouen4wSA","incoming_call_control_id":"v3:_xPTtIX13d19q9RezdamwB1x7gNaHW_YUZPcU88RVKrIz3HEtvLRuQ","call_log_id":915,"admin_user_id":1} 
[2026-05-05 01:43:57] production.INFO: Creating conference with caller as first participant {"call_log_id":915,"conference_name":"call_915_a1264b34","incoming_call_control_id":"v3:_xPTtIX13d19q9RezdamwB1x7gNaHW_YUZPcU88RVKrIz3HEtvLRuQ","admin_call_control_id":"v3:X26FIUhCPxkOxyoAvD2Hzy-KbKrRlEUi1kMRqrE1Tmdcs1Ouen4wSA","admin_user_id":1} 
[2026-05-05 01:43:57] production.INFO: Call command sent: playback_stop {"call_control_id":"v3:_xPTtIX13d19q9RezdamwB1x7gNaHW_YUZPcU88RVKrIz3HEtvLRuQ","result":"ok"} 
[2026-05-05 01:43:57] production.INFO: Telnyx voice webhook received {"event_type":"call.playback.ended","call_control_id":"v3:_xPTtIX13d19q9RezdamwB1x7gNaHW_YUZPcU88RVKrIz3HEtvLRuQ","direction":null} 
[2026-05-05 01:43:57] production.INFO: Call command sent: playback_stop {"call_control_id":"v3:X26FIUhCPxkOxyoAvD2Hzy-KbKrRlEUi1kMRqrE1Tmdcs1Ouen4wSA","result":"ok"} 
[2026-05-05 01:43:57] production.INFO: Call command sent: playback_start {"call_control_id":"v3:_xPTtIX13d19q9RezdamwB1x7gNaHW_YUZPcU88RVKrIz3HEtvLRuQ","result":"ok"} 
[2026-05-05 01:43:57] production.INFO: Telnyx voice webhook received {"event_type":"call.playback.ended","call_control_id":"v3:_xPTtIX13d19q9RezdamwB1x7gNaHW_YUZPcU88RVKrIz3HEtvLRuQ","direction":null} 
[2026-05-05 01:43:57] production.INFO: Call command sent: playback_start {"call_control_id":"v3:_xPTtIX13d19q9RezdamwB1x7gNaHW_YUZPcU88RVKrIz3HEtvLRuQ","result":"ok"} 
[2026-05-05 01:43:57] production.INFO: Conference created {"name":"call_915_a1264b34","conference_id":"38cef774-6ea8-4472-9df0-fca8b9e2f584","beneficiary_call_control_id":"v3:_xPTtIX13d19q9RezdamwB1x7gNaHW_YUZPcU88RVKrIz3HEtvLRuQ"} 
[2026-05-05 01:43:58] production.INFO: Telnyx voice webhook received {"event_type":"call.hangup","call_control_id":"v3:X26FIUhCPxkOxyoAvD2Hzy-KbKrRlEUi1kMRqrE1Tmdcs1Ouen4wSA","direction":null} 
[2026-05-05 01:43:58] production.ERROR: Conference join failed {"conference_id":"38cef774-6ea8-4472-9df0-fca8b9e2f584","call_control_id":"v3:X26FIUhCPxkOxyoAvD2Hzy-KbKrRlEUi1kMRqrE1Tmdcs1Ouen4wSA","status":422,"error":{"errors":[{"code":"90018","title":"Call has already ended","detail":"This call is no longer active and can't receive commands."}]}} 
[2026-05-05 01:43:58] production.ERROR: Failed to join admin to fresh conference {"admin_call_control_id":"v3:X26FIUhCPxkOxyoAvD2Hzy-KbKrRlEUi1kMRqrE1Tmdcs1Ouen4wSA","conference_id":"38cef774-6ea8-4472-9df0-fca8b9e2f584"} 
[2026-05-05 01:43:58] production.INFO: Telnyx voice webhook received {"event_type":"conference.floor.changed","call_control_id":"v3:_xPTtIX13d19q9RezdamwB1x7gNaHW_YUZPcU88RVKrIz3HEtvLRuQ","direction":null} 
[2026-05-05 01:43:58] production.INFO: Unhandled voice event {"event_type":"conference.floor.changed"} 
[2026-05-05 01:43:58] production.ERROR: Call command failed: hangup {"call_control_id":"v3:X26FIUhCPxkOxyoAvD2Hzy-KbKrRlEUi1kMRqrE1Tmdcs1Ouen4wSA","status":422,"error":{"errors":[{"code":"90018","title":"Call has already ended","detail":"This call is no longer active and can't receive commands."}]}} 
[2026-05-05 01:43:58] production.INFO: Telnyx voice webhook received {"event_type":"call.playback.started","call_control_id":"v3:_xPTtIX13d19q9RezdamwB1x7gNaHW_YUZPcU88RVKrIz3HEtvLRuQ","direction":null} 
[2026-05-05 01:43:58] production.INFO: Unhandled voice event {"event_type":"call.playback.started"} 
[2026-05-05 01:43:58] production.INFO: Telnyx voice webhook received {"event_type":"conference.created","call_control_id":"v3:_xPTtIX13d19q9RezdamwB1x7gNaHW_YUZPcU88RVKrIz3HEtvLRuQ","direction":null} 
[2026-05-05 01:43:58] production.INFO: Unhandled voice event {"event_type":"conference.created"} 
[2026-05-05 01:43:58] production.INFO: Telnyx voice webhook received {"event_type":"conference.participant.joined","call_control_id":"v3:_xPTtIX13d19q9RezdamwB1x7gNaHW_YUZPcU88RVKrIz3HEtvLRuQ","direction":null} 
[2026-05-05 01:43:58] production.INFO: Unhandled voice event {"event_type":"conference.participant.joined"} 
[2026-05-05 01:44:28] production.INFO: Telnyx voice webhook received {"event_type":"call.playback.ended","call_control_id":"v3:_xPTtIX13d19q9RezdamwB1x7gNaHW_YUZPcU88RVKrIz3HEtvLRuQ","direction":null} 
[2026-05-05 01:44:42] production.INFO: Telnyx voice webhook received {"event_type":"call.hangup","call_control_id":"v3:_xPTtIX13d19q9RezdamwB1x7gNaHW_YUZPcU88RVKrIz3HEtvLRuQ","direction":null} 
[2026-05-05 01:44:42] production.INFO: Call ended {"call_control_id":"v3:_xPTtIX13d19q9RezdamwB1x7gNaHW_YUZPcU88RVKrIz3HEtvLRuQ","status":"completed","hangup_cause":"normal_clearing","duration":57.387218999999995} 
[2026-05-05 01:44:42] production.INFO: Telnyx voice webhook received {"event_type":"conference.ended","call_control_id":"v3:_xPTtIX13d19q9RezdamwB1x7gNaHW_YUZPcU88RVKrIz3HEtvLRuQ","direction":null} 
[2026-05-05 01:44:42] production.INFO: Unhandled voice event {"event_type":"conference.ended"} 
[2026-05-05 01:44:42] production.INFO: Telnyx voice webhook received {"event_type":"conference.participant.left","call_control_id":"v3:_xPTtIX13d19q9RezdamwB1x7gNaHW_YUZPcU88RVKrIz3HEtvLRuQ","direction":null} 
[2026-05-05 01:44:42] production.INFO: Unhandled voice event {"event_type":"conference.participant.left"} 
[2026-05-05 01:44:44] production.INFO: Telnyx voice webhook received {"event_type":"call.initiated","call_control_id":"v3:FMiA1fgMPds9eQxLqK-CxzZdW8h335DuwSnFhzbWJvgps1hTzE0PCQ","direction":"incoming"} 
[2026-05-05 01:44:44] production.INFO: Incoming call - answering {"call_control_id":"v3:FMiA1fgMPds9eQxLqK-CxzZdW8h335DuwSnFhzbWJvgps1hTzE0PCQ","from":"+18472123894","to":"+12247354200","caller_user_id":null,"caller_name":"GRZEGORZ SZADY"} 
[2026-05-05 01:44:44] production.INFO: Call command sent: answer {"call_control_id":"v3:FMiA1fgMPds9eQxLqK-CxzZdW8h335DuwSnFhzbWJvgps1hTzE0PCQ","result":"ok"} 
[2026-05-05 01:44:44] production.INFO: Telnyx voice webhook received {"event_type":"call.answered","call_control_id":"v3:FMiA1fgMPds9eQxLqK-CxzZdW8h335DuwSnFhzbWJvgps1hTzE0PCQ","direction":null} 
[2026-05-05 01:44:44] production.INFO: Playing welcome TTS and dialing admins simultaneously {"call_control_id":"v3:FMiA1fgMPds9eQxLqK-CxzZdW8h335DuwSnFhzbWJvgps1hTzE0PCQ","tts":"Good evening! Thanks for calling GS Construction. One moment while we connect you to the GS Crew.","is_known_caller":false} 
[2026-05-05 01:44:45] production.INFO: Call command sent: speak {"call_control_id":"v3:FMiA1fgMPds9eQxLqK-CxzZdW8h335DuwSnFhzbWJvgps1hTzE0PCQ","result":"ok"} 
[2026-05-05 01:44:45] production.INFO: Telnyx voice webhook received {"event_type":"call.speak.started","call_control_id":"v3:FMiA1fgMPds9eQxLqK-CxzZdW8h335DuwSnFhzbWJvgps1hTzE0PCQ","direction":null} 
[2026-05-05 01:44:45] production.INFO: TTS speak started {"call_control_id":"v3:FMiA1fgMPds9eQxLqK-CxzZdW8h335DuwSnFhzbWJvgps1hTzE0PCQ"} 
[2026-05-05 01:44:45] production.INFO: Dialed admin {"admin_user_id":1,"admin_name":"Patryk Szady","phone":"+12249993880","admin_call_control_id":"v3:L69n7BMiM6IUcwdLLsczYbqj5UQe4s6tkGvdO9cseo4u3O8hrJvw8g"} 
[2026-05-05 01:44:45] production.INFO: Telnyx voice webhook received {"event_type":"call.initiated","call_control_id":"v3:L69n7BMiM6IUcwdLLsczYbqj5UQe4s6tkGvdO9cseo4u3O8hrJvw8g","direction":"outgoing"} 
[2026-05-05 01:44:45] production.INFO: Outbound call initiated {"call_control_id":"v3:L69n7BMiM6IUcwdLLsczYbqj5UQe4s6tkGvdO9cseo4u3O8hrJvw8g","to":"+12249993880"} 
[2026-05-05 01:44:45] production.DEBUG: Push notification delivered {"endpoint":"https://web.push.apple.com/QDkJcfxcMRPW4uLNUaYZ21nDUMJHCJ-cyja1FMQcNEv6qKbL-ec_s…","status":201} 
[2026-05-05 01:44:45] production.DEBUG: Push notification delivered {"endpoint":"https://fcm.googleapis.com/fcm/send/cYR-NIq4nms:APA91bEppjWa7ZIrYxviNuWljHyZ7qnu…","status":201} 
[2026-05-05 01:44:45] production.DEBUG: Push notification delivered {"endpoint":"https://wns2-by3p.notify.windows.com/w/?token=BQYAAACU%2bKDb9Gyej4KtbEbQJBisasbB…","status":201,"wns_status":"received","wns_msg_id":"6F2B6ACB313EB1FE","wns_debug":"BY3PEPF0001AB1D","content_encoding":"aes128gcm","response_body":""} 
[2026-05-05 01:44:46] production.DEBUG: Push notification delivered {"endpoint":"https://web.push.apple.com/QDkJcfxcMRPW4uLNUaYZ21nDUMJHCJ-cyja1FMQcNEv6qKbL-ec_s…","status":201} 
[2026-05-05 01:44:46] production.DEBUG: Push notification delivered {"endpoint":"https://fcm.googleapis.com/fcm/send/cYR-NIq4nms:APA91bEppjWa7ZIrYxviNuWljHyZ7qnu…","status":201} 
[2026-05-05 01:44:46] production.DEBUG: Push notification delivered {"endpoint":"https://wns2-by3p.notify.windows.com/w/?token=BQYAAACU%2bKDb9Gyej4KtbEbQJBisasbB…","status":201,"wns_status":"received","wns_msg_id":"1A3B6477616D017F","wns_debug":"BY3PEPF00028D1B","content_encoding":"aes128gcm","response_body":""} 
[2026-05-05 01:44:52] production.INFO: Telnyx voice webhook received {"event_type":"call.speak.ended","call_control_id":"v3:FMiA1fgMPds9eQxLqK-CxzZdW8h335DuwSnFhzbWJvgps1hTzE0PCQ","direction":null} 
[2026-05-05 01:44:52] production.INFO: handleCallSpeakEnded ENTRY {"call_control_id":"v3:FMiA1fgMPds9eQxLqK-CxzZdW8h335DuwSnFhzbWJvgps1hTzE0PCQ","action":"welcome_done","client_state":{"action":"welcome_done","call_log_id":916,"original_caller":"+18472123894"},"client_state_raw_present":true} 
[2026-05-05 01:44:52] production.INFO: TTS completed — no admin answered yet, playing ringback {"call_control_id":"v3:FMiA1fgMPds9eQxLqK-CxzZdW8h335DuwSnFhzbWJvgps1hTzE0PCQ","call_log_id":916} 
[2026-05-05 01:44:52] production.INFO: Call command sent: playback_start {"call_control_id":"v3:FMiA1fgMPds9eQxLqK-CxzZdW8h335DuwSnFhzbWJvgps1hTzE0PCQ","result":"ok"} 
[2026-05-05 01:44:52] production.INFO: Telnyx voice webhook received {"event_type":"call.playback.started","call_control_id":"v3:FMiA1fgMPds9eQxLqK-CxzZdW8h335DuwSnFhzbWJvgps1hTzE0PCQ","direction":null} 
[2026-05-05 01:44:52] production.INFO: Unhandled voice event {"event_type":"call.playback.started"} 
[2026-05-05 01:45:00] production.INFO: Telnyx voice webhook received {"event_type":"call.hangup","call_control_id":"v3:L69n7BMiM6IUcwdLLsczYbqj5UQe4s6tkGvdO9cseo4u3O8hrJvw8g","direction":null} 
[2026-05-05 01:45:00] production.INFO: Admin ring leg hung up {"admin_call_control_id":"v3:L69n7BMiM6IUcwdLLsczYbqj5UQe4s6tkGvdO9cseo4u3O8hrJvw8g","hangup_cause":"timeout","call_log_id":916,"incoming_call_control_id":"v3:FMiA1fgMPds9eQxLqK-CxzZdW8h335DuwSnFhzbWJvgps1hTzE0PCQ"} 
[2026-05-05 01:45:00] production.INFO: Admin removed from pending list {"removed_id":"v3:L69n7BMiM6IUcwdLLsczYbqj5UQe4s6tkGvdO9cseo4u3O8hrJvw8g","was_in_list":true,"remaining_count":0,"call_log_id":916} 
[2026-05-05 01:45:00] production.INFO: All admin legs failed — triggering voicemail {"incoming_call_control_id":"v3:FMiA1fgMPds9eQxLqK-CxzZdW8h335DuwSnFhzbWJvgps1hTzE0PCQ","call_log_id":916} 
[2026-05-05 01:45:00] production.INFO: Call command sent: playback_stop {"call_control_id":"v3:FMiA1fgMPds9eQxLqK-CxzZdW8h335DuwSnFhzbWJvgps1hTzE0PCQ","result":"ok"} 
[2026-05-05 01:45:00] production.INFO: Playing voicemail IVR menu {"call_control_id":"v3:FMiA1fgMPds9eQxLqK-CxzZdW8h335DuwSnFhzbWJvgps1hTzE0PCQ","call_log_id":916,"ivr_prompt":"GS Construction is not available right now. Press 2 to send a text on your behalf so the GS Crew knows to call you back ASAP. Stay on the line to leave a voicemail.","is_known_caller":false} 
[2026-05-05 01:45:01] production.INFO: Telnyx voice webhook received {"event_type":"call.playback.ended","call_control_id":"v3:FMiA1fgMPds9eQxLqK-CxzZdW8h335DuwSnFhzbWJvgps1hTzE0PCQ","direction":null} 
[2026-05-05 01:45:01] production.INFO: Call command sent: gather_using_speak {"call_control_id":"v3:FMiA1fgMPds9eQxLqK-CxzZdW8h335DuwSnFhzbWJvgps1hTzE0PCQ","result":"ok"} 
[2026-05-05 01:45:01] production.INFO: Telnyx voice webhook received {"event_type":"call.speak.started","call_control_id":"v3:FMiA1fgMPds9eQxLqK-CxzZdW8h335DuwSnFhzbWJvgps1hTzE0PCQ","direction":null} 
[2026-05-05 01:45:01] production.INFO: TTS speak started {"call_control_id":"v3:FMiA1fgMPds9eQxLqK-CxzZdW8h335DuwSnFhzbWJvgps1hTzE0PCQ"} 
[2026-05-05 01:45:08] production.INFO: Telnyx voice webhook received {"event_type":"call.speak.ended","call_control_id":"v3:FMiA1fgMPds9eQxLqK-CxzZdW8h335DuwSnFhzbWJvgps1hTzE0PCQ","direction":null} 
[2026-05-05 01:45:08] production.INFO: handleCallSpeakEnded ENTRY {"call_control_id":"v3:FMiA1fgMPds9eQxLqK-CxzZdW8h335DuwSnFhzbWJvgps1hTzE0PCQ","action":"voicemail_ivr_menu","client_state":{"action":"voicemail_ivr_menu","call_log_id":916,"original_caller":"+18472123894","is_known_caller":false,"retry_count":0},"client_state_raw_present":true} 
[2026-05-05 01:45:16] production.INFO: Telnyx voice webhook received {"event_type":"call.gather.ended","call_control_id":"v3:FMiA1fgMPds9eQxLqK-CxzZdW8h335DuwSnFhzbWJvgps1hTzE0PCQ","direction":null} 
[2026-05-05 01:45:16] production.INFO: IVR gather ended {"call_control_id":"v3:FMiA1fgMPds9eQxLqK-CxzZdW8h335DuwSnFhzbWJvgps1hTzE0PCQ","digits":"","call_log_id":916} 
[2026-05-05 01:45:16] production.INFO: IVR: no digit pressed — playing voicemail greeting {"call_control_id":"v3:FMiA1fgMPds9eQxLqK-CxzZdW8h335DuwSnFhzbWJvgps1hTzE0PCQ","call_log_id":916} 
[2026-05-05 01:45:16] production.INFO: Call command sent: speak {"call_control_id":"v3:FMiA1fgMPds9eQxLqK-CxzZdW8h335DuwSnFhzbWJvgps1hTzE0PCQ","result":"ok"} 
[2026-05-05 01:45:16] production.INFO: Telnyx voice webhook received {"event_type":"call.speak.started","call_control_id":"v3:FMiA1fgMPds9eQxLqK-CxzZdW8h335DuwSnFhzbWJvgps1hTzE0PCQ","direction":null} 
[2026-05-05 01:45:16] production.INFO: TTS speak started {"call_control_id":"v3:FMiA1fgMPds9eQxLqK-CxzZdW8h335DuwSnFhzbWJvgps1hTzE0PCQ"} 
[2026-05-05 01:45:20] production.INFO: Telnyx voice webhook received {"event_type":"call.speak.ended","call_control_id":"v3:FMiA1fgMPds9eQxLqK-CxzZdW8h335DuwSnFhzbWJvgps1hTzE0PCQ","direction":null} 
[2026-05-05 01:45:20] production.INFO: handleCallSpeakEnded ENTRY {"call_control_id":"v3:FMiA1fgMPds9eQxLqK-CxzZdW8h335DuwSnFhzbWJvgps1hTzE0PCQ","action":"voicemail_prompt_done","client_state":{"action":"voicemail_prompt_done","call_log_id":916},"client_state_raw_present":true} 
[2026-05-05 01:45:20] production.INFO: Voicemail prompt done — starting recording {"call_control_id":"v3:FMiA1fgMPds9eQxLqK-CxzZdW8h335DuwSnFhzbWJvgps1hTzE0PCQ"} 
[2026-05-05 01:45:21] production.INFO: Call command sent: record_start {"call_control_id":"v3:FMiA1fgMPds9eQxLqK-CxzZdW8h335DuwSnFhzbWJvgps1hTzE0PCQ","result":"ok"} 
[2026-05-05 01:45:26] production.INFO: Telnyx voice webhook received {"event_type":"call.initiated","call_control_id":"v3:ZhX8A0p7G84gn_FjPNiy_0UiOvCyuOfsY-4Oi0fhMgHfivCbhvbxVw","direction":"incoming"} 
[2026-05-05 01:45:27] production.INFO: Telnyx voice webhook received {"event_type":"call.hangup","call_control_id":"v3:ZhX8A0p7G84gn_FjPNiy_0UiOvCyuOfsY-4Oi0fhMgHfivCbhvbxVw","direction":null} 
[2026-05-05 01:45:27] production.INFO: Incoming call - answering {"call_control_id":"v3:ZhX8A0p7G84gn_FjPNiy_0UiOvCyuOfsY-4Oi0fhMgHfivCbhvbxVw","from":"+12249993880","to":"+12247354200","caller_user_id":1,"caller_name":"Patryk Szady"} 
[2026-05-05 01:45:27] production.ERROR: Call command failed: answer {"call_control_id":"v3:ZhX8A0p7G84gn_FjPNiy_0UiOvCyuOfsY-4Oi0fhMgHfivCbhvbxVw","status":422,"error":{"errors":[{"code":"90018","title":"Call has already ended","detail":"This call is no longer active and can't receive commands."}]}} 
[2026-05-05 01:45:28] production.INFO: Telnyx voice webhook received {"event_type":"call.hangup","call_control_id":"v3:FMiA1fgMPds9eQxLqK-CxzZdW8h335DuwSnFhzbWJvgps1hTzE0PCQ","direction":null} 
[2026-05-05 01:45:28] production.INFO: Voicemail call ended {"call_control_id":"v3:FMiA1fgMPds9eQxLqK-CxzZdW8h335DuwSnFhzbWJvgps1hTzE0PCQ","call_log_id":916} 
[2026-05-05 01:45:28] production.DEBUG: Push notification delivered {"endpoint":"https://web.push.apple.com/QDkJcfxcMRPW4uLNUaYZ21nDUMJHCJ-cyja1FMQcNEv6qKbL-ec_s…","status":201} 
[2026-05-05 01:45:28] production.DEBUG: Push notification delivered {"endpoint":"https://fcm.googleapis.com/fcm/send/cYR-NIq4nms:APA91bEppjWa7ZIrYxviNuWljHyZ7qnu…","status":201} 
[2026-05-05 01:45:28] production.DEBUG: Push notification delivered {"endpoint":"https://wns2-by3p.notify.windows.com/w/?token=BQYAAACU%2bKDb9Gyej4KtbEbQJBisasbB…","status":201,"wns_status":"received","wns_msg_id":"5BF4F8AF2CC505D0","wns_debug":"BY3PEPF000197D9","content_encoding":"aes128gcm","response_body":""} 
[2026-05-05 01:45:29] production.DEBUG: Push notification delivered {"endpoint":"https://web.push.apple.com/QDkJcfxcMRPW4uLNUaYZ21nDUMJHCJ-cyja1FMQcNEv6qKbL-ec_s…","status":201} 
[2026-05-05 01:45:29] production.DEBUG: Push notification delivered {"endpoint":"https://fcm.googleapis.com/fcm/send/cYR-NIq4nms:APA91bEppjWa7ZIrYxviNuWljHyZ7qnu…","status":201} 
[2026-05-05 01:45:29] production.DEBUG: Push notification delivered {"endpoint":"https://wns2-by3p.notify.windows.com/w/?token=BQYAAACU%2bKDb9Gyej4KtbEbQJBisasbB…","status":201,"wns_status":"received","wns_msg_id":"21510B043B3EF12","wns_debug":"BY3PEPF0000E9BD","content_encoding":"aes128gcm","response_body":""} 
[2026-05-05 01:45:29] production.INFO: Telnyx voice webhook received {"event_type":"call.recording.saved","call_control_id":"v3:FMiA1fgMPds9eQxLqK-CxzZdW8h335DuwSnFhzbWJvgps1hTzE0PCQ","direction":null} 
[2026-05-05 01:45:29] production.INFO: Call recording saved {"call_control_id":"v3:FMiA1fgMPds9eQxLqK-CxzZdW8h335DuwSnFhzbWJvgps1hTzE0PCQ","recording_urls":{"mp3":"https://s3.amazonaws.com/telephony-recorder-prod/49566db4-02e9-44ab-813f-f71a0c0b49d7/2026-05-05/fda27662-4823-11f1-bffb-02420aef3520-1777945521097829.mp3?X-Amz-Algorithm=AWS4-HMAC-SHA256&X-Amz-Credential=AKIASDC5E2MJDPKMH7UW%2F20260505%2Fus-east-1%2Fs3%2Faws4_request&X-Amz-Date=20260505T014529Z&X-Amz-Expires=600&X-Amz-SignedHeaders=host&X-Amz-Signature=6d41f82f2b5055b8e360c0bab871070acf4cd75632c0e26c74d72c442aba609c"},"is_voicemail":true} 
[2026-05-05 01:45:30] production.INFO: Call recording stored locally {"call_log_id":916,"path":"call-recordings/2026/05/780258a6-aa3a-40b9-aba4-d8976f8ec0bb.mp3"} 
[2026-05-05 01:45:36] production.INFO: Telnyx voice webhook received {"event_type":"call.initiated","call_control_id":"v3:SbYFGUdymE-lYquxDlfr2ev-zxr0FwOKgG1OFDYpc6BJEfxbjbaoiQ","direction":"outgoing"} 
[2026-05-05 01:45:36] production.INFO: Outbound call initiated {"call_control_id":"v3:SbYFGUdymE-lYquxDlfr2ev-zxr0FwOKgG1OFDYpc6BJEfxbjbaoiQ","to":"+12249993880"} 
[2026-05-05 01:45:36] production.INFO: Click-to-call initiated from Calls tab {"call_log_id":918,"user_phone":"+12249993880","target_phone":"+18472123894"} 
[2026-05-05 01:45:42] production.INFO: Telnyx voice webhook received {"event_type":"call.answered","call_control_id":"v3:SbYFGUdymE-lYquxDlfr2ev-zxr0FwOKgG1OFDYpc6BJEfxbjbaoiQ","direction":null} 
[2026-05-05 01:45:42] production.INFO: Click-to-call: user answered → playing ringback and dialing target {"call_control_id":"v3:SbYFGUdymE-lYquxDlfr2ev-zxr0FwOKgG1OFDYpc6BJEfxbjbaoiQ","target_phone":"+18472123894","call_log_id":918} 
[2026-05-05 01:45:42] production.INFO: Call command sent: playback_start {"call_control_id":"v3:SbYFGUdymE-lYquxDlfr2ev-zxr0FwOKgG1OFDYpc6BJEfxbjbaoiQ","result":"ok"} 
[2026-05-05 01:45:42] production.INFO: Telnyx voice webhook received {"event_type":"call.playback.started","call_control_id":"v3:SbYFGUdymE-lYquxDlfr2ev-zxr0FwOKgG1OFDYpc6BJEfxbjbaoiQ","direction":null} 
[2026-05-05 01:45:42] production.INFO: Unhandled voice event {"event_type":"call.playback.started"} 
[2026-05-05 01:45:43] production.INFO: Click-to-call: target dialed {"target_phone":"+18472123894","target_call_control_id":"v3:nhpky2qGCA47yvXF8LyEeAan2vkaYIV0YlUY4Poh-qnKWRV-JOyNww"} 
[2026-05-05 01:45:43] production.INFO: Telnyx voice webhook received {"event_type":"call.initiated","call_control_id":"v3:nhpky2qGCA47yvXF8LyEeAan2vkaYIV0YlUY4Poh-qnKWRV-JOyNww","direction":"outgoing"} 
[2026-05-05 01:45:43] production.INFO: Outbound call initiated {"call_control_id":"v3:nhpky2qGCA47yvXF8LyEeAan2vkaYIV0YlUY4Poh-qnKWRV-JOyNww","to":"+18472123894"} 
[2026-05-05 01:45:45] production.INFO: Telnyx voice webhook received {"event_type":"call.answered","call_control_id":"v3:nhpky2qGCA47yvXF8LyEeAan2vkaYIV0YlUY4Poh-qnKWRV-JOyNww","direction":null} 
[2026-05-05 01:45:45] production.INFO: Click-to-call: target answered — bridging immediately {"target_call_control_id":"v3:nhpky2qGCA47yvXF8LyEeAan2vkaYIV0YlUY4Poh-qnKWRV-JOyNww","user_call_control_id":"v3:SbYFGUdymE-lYquxDlfr2ev-zxr0FwOKgG1OFDYpc6BJEfxbjbaoiQ","call_log_id":918} 
[2026-05-05 01:45:46] production.INFO: Calls bridged successfully {"call_control_id_a":"v3:nhpky2qGCA47yvXF8LyEeAan2vkaYIV0YlUY4Poh-qnKWRV-JOyNww","call_control_id_b":"v3:SbYFGUdymE-lYquxDlfr2ev-zxr0FwOKgG1OFDYpc6BJEfxbjbaoiQ"} 
[2026-05-05 01:45:46] production.INFO: Telnyx voice webhook received {"event_type":"call.playback.ended","call_control_id":"v3:SbYFGUdymE-lYquxDlfr2ev-zxr0FwOKgG1OFDYpc6BJEfxbjbaoiQ","direction":null} 
[2026-05-05 01:45:46] production.INFO: Telnyx voice webhook received {"event_type":"call.bridged","call_control_id":"v3:nhpky2qGCA47yvXF8LyEeAan2vkaYIV0YlUY4Poh-qnKWRV-JOyNww","direction":null} 
[2026-05-05 01:45:46] production.INFO: Call bridged {"call_control_id":"v3:nhpky2qGCA47yvXF8LyEeAan2vkaYIV0YlUY4Poh-qnKWRV-JOyNww","call_session_id":"208aff96-4824-11f1-a8ec-02420aefe473"} 
[2026-05-05 01:45:46] production.INFO: Telnyx voice webhook received {"event_type":"call.bridged","call_control_id":"v3:SbYFGUdymE-lYquxDlfr2ev-zxr0FwOKgG1OFDYpc6BJEfxbjbaoiQ","direction":null} 
[2026-05-05 01:45:46] production.INFO: Call bridged {"call_control_id":"v3:SbYFGUdymE-lYquxDlfr2ev-zxr0FwOKgG1OFDYpc6BJEfxbjbaoiQ","call_session_id":"1ccdbeb6-4824-11f1-be47-02420aefe45a"} 
[2026-05-05 01:45:48] production.INFO: Telnyx voice webhook received {"event_type":"call.hangup","call_control_id":"v3:SbYFGUdymE-lYquxDlfr2ev-zxr0FwOKgG1OFDYpc6BJEfxbjbaoiQ","direction":null} 
[2026-05-05 01:45:48] production.INFO: Click-to-call user leg ended {"call_control_id":"v3:SbYFGUdymE-lYquxDlfr2ev-zxr0FwOKgG1OFDYpc6BJEfxbjbaoiQ","action":"click_to_call_waiting","status":"completed","call_log_id":918,"hangup_cause":"normal_clearing"} 
[2026-05-05 01:45:48] production.INFO: Telnyx voice webhook received {"event_type":"call.hangup","call_control_id":"v3:nhpky2qGCA47yvXF8LyEeAan2vkaYIV0YlUY4Poh-qnKWRV-JOyNww","direction":null} 
[2026-05-05 01:45:48] production.INFO: Click-to-call: target hung up after connected call {"call_control_id":"v3:nhpky2qGCA47yvXF8LyEeAan2vkaYIV0YlUY4Poh-qnKWRV-JOyNww","hangup_cause":"normal_clearing","call_log_id":918,"duration":6.889147} 
[2026-05-05 01:56:54] production.INFO: Telnyx webhook received {"event_type":"message.received","message_id":"32f48005-a6c7-4d46-bef9-c81dc162b05b"} 
[2026-05-05 01:56:54] production.INFO: Inbound SMS received {"id":"32f48005-a6c7-4d46-bef9-c81dc162b05b","from":"+12245351018","to":"+12247354200","all_to":["+12247354200","+18474204414"],"text":"Ty!","media_count":0,"type":"MMS"} 
[2026-05-05 01:56:55] production.DEBUG: Push notification delivered {"endpoint":"https://web.push.apple.com/QDkJcfxcMRPW4uLNUaYZ21nDUMJHCJ-cyja1FMQcNEv6qKbL-ec_s…","status":201} 
[2026-05-05 01:56:55] production.DEBUG: Push notification delivered {"endpoint":"https://fcm.googleapis.com/fcm/send/cYR-NIq4nms:APA91bEppjWa7ZIrYxviNuWljHyZ7qnu…","status":201} 
[2026-05-05 01:56:55] production.DEBUG: Push notification delivered {"endpoint":"https://wns2-by3p.notify.windows.com/w/?token=BQYAAACU%2bKDb9Gyej4KtbEbQJBisasbB…","status":201,"wns_status":"received","wns_msg_id":"7F5A7CBB7C422068","wns_debug":"BY3PEPF0000E98D","content_encoding":"aes128gcm","response_body":""} 
[2026-05-05 01:56:56] production.DEBUG: Push notification delivered {"endpoint":"https://wns2-ch1p.notify.windows.com/w/?token=BQYAAAAQe2hvIFkElPQKFh5BKOEEEpIVqW…","status":201,"wns_status":"received","wns_msg_id":"613E73082473A751","wns_debug":"CH1PEPF00006EEC","content_encoding":"aes128gcm","response_body":""} 
[2026-05-05 01:56:56] production.DEBUG: Push notification delivered {"endpoint":"https://web.push.apple.com/QJnqrnzJg9xule8bhPY8CE20AFCRYEqQblM8TaB0eTcRZ7HDySHVw…","status":201} 
[2026-05-05 02:13:06] production.INFO: Telnyx voice webhook received {"event_type":"call.initiated","call_control_id":"v3:FuTVE5MAaGwiCUmvOJBM7Pn0_cL-umJ4dlkxP9WY1cy8Rn6rypJr9g","direction":"incoming"} 
[2026-05-05 02:13:07] production.INFO: Incoming call - answering {"call_control_id":"v3:FuTVE5MAaGwiCUmvOJBM7Pn0_cL-umJ4dlkxP9WY1cy8Rn6rypJr9g","from":"+18472123894","to":"+12247354200","caller_user_id":null,"caller_name":"GRZEGORZ SZADY"} 
[2026-05-05 02:13:07] production.INFO: Call command sent: answer {"call_control_id":"v3:FuTVE5MAaGwiCUmvOJBM7Pn0_cL-umJ4dlkxP9WY1cy8Rn6rypJr9g","result":"ok"} 
[2026-05-05 02:13:07] production.INFO: Telnyx voice webhook received {"event_type":"call.answered","call_control_id":"v3:FuTVE5MAaGwiCUmvOJBM7Pn0_cL-umJ4dlkxP9WY1cy8Rn6rypJr9g","direction":null} 
[2026-05-05 02:13:07] production.INFO: Playing welcome TTS and dialing admins simultaneously {"call_control_id":"v3:FuTVE5MAaGwiCUmvOJBM7Pn0_cL-umJ4dlkxP9WY1cy8Rn6rypJr9g","tts":"<speak version=\"1.0\" xml:lang=\"en-US\">Good evening, thanks for calling GS Construction! One moment while we connect you to the GS Crew.<break time=\"400ms\"/></speak>","is_known_caller":false} 
[2026-05-05 02:13:07] production.INFO: Call command sent: speak {"call_control_id":"v3:FuTVE5MAaGwiCUmvOJBM7Pn0_cL-umJ4dlkxP9WY1cy8Rn6rypJr9g","result":"ok"} 
[2026-05-05 02:13:08] production.DEBUG: Push notification delivered {"endpoint":"https://web.push.apple.com/QDkJcfxcMRPW4uLNUaYZ21nDUMJHCJ-cyja1FMQcNEv6qKbL-ec_s…","status":201} 
[2026-05-05 02:13:08] production.DEBUG: Push notification delivered {"endpoint":"https://fcm.googleapis.com/fcm/send/cYR-NIq4nms:APA91bEppjWa7ZIrYxviNuWljHyZ7qnu…","status":201} 
[2026-05-05 02:13:08] production.DEBUG: Push notification delivered {"endpoint":"https://wns2-by3p.notify.windows.com/w/?token=BQYAAACU%2bKDb9Gyej4KtbEbQJBisasbB…","status":201,"wns_status":"received","wns_msg_id":"FFF26F95D97AC73","wns_debug":"BY3PEPF0001AB0F","content_encoding":"aes128gcm","response_body":""} 
[2026-05-05 02:13:08] production.INFO: Dialed admin {"admin_user_id":1,"admin_name":"Patryk Szady","phone":"+12249993880","admin_call_control_id":"v3:A64WF_AUVSD7vh_lMfj8ddxicdaDOT8X4y7w5sHTh5x1z0Oo9-Idkw"} 
[2026-05-05 02:13:08] production.INFO: Telnyx voice webhook received {"event_type":"call.initiated","call_control_id":"v3:A64WF_AUVSD7vh_lMfj8ddxicdaDOT8X4y7w5sHTh5x1z0Oo9-Idkw","direction":"outgoing"} 
[2026-05-05 02:13:08] production.INFO: Outbound call initiated {"call_control_id":"v3:A64WF_AUVSD7vh_lMfj8ddxicdaDOT8X4y7w5sHTh5x1z0Oo9-Idkw","to":"+12249993880"} 
[2026-05-05 02:13:08] production.DEBUG: Push notification delivered {"endpoint":"https://web.push.apple.com/QDkJcfxcMRPW4uLNUaYZ21nDUMJHCJ-cyja1FMQcNEv6qKbL-ec_s…","status":201} 
[2026-05-05 02:13:08] production.DEBUG: Push notification delivered {"endpoint":"https://fcm.googleapis.com/fcm/send/cYR-NIq4nms:APA91bEppjWa7ZIrYxviNuWljHyZ7qnu…","status":201} 
[2026-05-05 02:13:08] production.DEBUG: Push notification delivered {"endpoint":"https://wns2-by3p.notify.windows.com/w/?token=BQYAAACU%2bKDb9Gyej4KtbEbQJBisasbB…","status":201,"wns_status":"received","wns_msg_id":"4CDBD8B37D59B92C","wns_debug":"BY3PEPF0001959F","content_encoding":"aes128gcm","response_body":""} 
[2026-05-05 02:13:08] production.INFO: Telnyx voice webhook received {"event_type":"call.speak.started","call_control_id":"v3:FuTVE5MAaGwiCUmvOJBM7Pn0_cL-umJ4dlkxP9WY1cy8Rn6rypJr9g","direction":null} 
[2026-05-05 02:13:08] production.INFO: TTS speak started {"call_control_id":"v3:FuTVE5MAaGwiCUmvOJBM7Pn0_cL-umJ4dlkxP9WY1cy8Rn6rypJr9g"} 
[2026-05-05 02:13:11] production.INFO: Telnyx voice webhook received {"event_type":"call.answered","call_control_id":"v3:A64WF_AUVSD7vh_lMfj8ddxicdaDOT8X4y7w5sHTh5x1z0Oo9-Idkw","direction":null} 
[2026-05-05 02:13:11] production.INFO: Playing admin screening prompt {"admin_call_control_id":"v3:A64WF_AUVSD7vh_lMfj8ddxicdaDOT8X4y7w5sHTh5x1z0Oo9-Idkw","call_log_id":919,"admin_user_id":1,"is_late_answerer":false,"caller_label":"GRZEGORZ SZADY"} 
[2026-05-05 02:13:11] production.INFO: Call command sent: speak {"call_control_id":"v3:A64WF_AUVSD7vh_lMfj8ddxicdaDOT8X4y7w5sHTh5x1z0Oo9-Idkw","result":"ok"} 
[2026-05-05 02:13:12] production.INFO: Telnyx voice webhook received {"event_type":"call.speak.started","call_control_id":"v3:A64WF_AUVSD7vh_lMfj8ddxicdaDOT8X4y7w5sHTh5x1z0Oo9-Idkw","direction":null} 
[2026-05-05 02:13:12] production.INFO: TTS speak started {"call_control_id":"v3:A64WF_AUVSD7vh_lMfj8ddxicdaDOT8X4y7w5sHTh5x1z0Oo9-Idkw"} 
[2026-05-05 02:13:15] production.INFO: Telnyx voice webhook received {"event_type":"call.speak.ended","call_control_id":"v3:FuTVE5MAaGwiCUmvOJBM7Pn0_cL-umJ4dlkxP9WY1cy8Rn6rypJr9g","direction":null} 
[2026-05-05 02:13:15] production.INFO: handleCallSpeakEnded ENTRY {"call_control_id":"v3:FuTVE5MAaGwiCUmvOJBM7Pn0_cL-umJ4dlkxP9WY1cy8Rn6rypJr9g","action":"welcome_done","client_state":{"action":"welcome_done","call_log_id":919,"original_caller":"+18472123894"},"client_state_raw_present":true} 
[2026-05-05 02:13:15] production.INFO: TTS completed — no admin answered yet, playing ringback {"call_control_id":"v3:FuTVE5MAaGwiCUmvOJBM7Pn0_cL-umJ4dlkxP9WY1cy8Rn6rypJr9g","call_log_id":919} 
[2026-05-05 02:13:15] production.INFO: Call command sent: playback_start {"call_control_id":"v3:FuTVE5MAaGwiCUmvOJBM7Pn0_cL-umJ4dlkxP9WY1cy8Rn6rypJr9g","result":"ok"} 
[2026-05-05 02:13:16] production.INFO: Telnyx voice webhook received {"event_type":"call.playback.started","call_control_id":"v3:FuTVE5MAaGwiCUmvOJBM7Pn0_cL-umJ4dlkxP9WY1cy8Rn6rypJr9g","direction":null} 
[2026-05-05 02:13:16] production.INFO: Unhandled voice event {"event_type":"call.playback.started"} 
[2026-05-05 02:13:18] production.INFO: Telnyx voice webhook received {"event_type":"call.speak.ended","call_control_id":"v3:A64WF_AUVSD7vh_lMfj8ddxicdaDOT8X4y7w5sHTh5x1z0Oo9-Idkw","direction":null} 
[2026-05-05 02:13:18] production.INFO: handleCallSpeakEnded ENTRY {"call_control_id":"v3:A64WF_AUVSD7vh_lMfj8ddxicdaDOT8X4y7w5sHTh5x1z0Oo9-Idkw","action":"admin_screen_done","client_state":{"action":"admin_screen_done","call_log_id":919,"incoming_call_control_id":"v3:FuTVE5MAaGwiCUmvOJBM7Pn0_cL-umJ4dlkxP9WY1cy8Rn6rypJr9g","admin_user_id":1,"conference_id":null},"client_state_raw_present":true} 
[2026-05-05 02:13:18] production.INFO: First admin answered — bridging without prompt {"admin_call_control_id":"v3:A64WF_AUVSD7vh_lMfj8ddxicdaDOT8X4y7w5sHTh5x1z0Oo9-Idkw","incoming_call_control_id":"v3:FuTVE5MAaGwiCUmvOJBM7Pn0_cL-umJ4dlkxP9WY1cy8Rn6rypJr9g","call_log_id":919,"admin_user_id":1} 
[2026-05-05 02:13:18] production.INFO: Creating conference with caller as first participant {"call_log_id":919,"conference_name":"call_919_04a99d4e","incoming_call_control_id":"v3:FuTVE5MAaGwiCUmvOJBM7Pn0_cL-umJ4dlkxP9WY1cy8Rn6rypJr9g","admin_call_control_id":"v3:A64WF_AUVSD7vh_lMfj8ddxicdaDOT8X4y7w5sHTh5x1z0Oo9-Idkw","admin_user_id":1} 
[2026-05-05 02:13:18] production.INFO: Call command sent: playback_stop {"call_control_id":"v3:FuTVE5MAaGwiCUmvOJBM7Pn0_cL-umJ4dlkxP9WY1cy8Rn6rypJr9g","result":"ok"} 
[2026-05-05 02:13:18] production.INFO: Telnyx voice webhook received {"event_type":"call.playback.ended","call_control_id":"v3:FuTVE5MAaGwiCUmvOJBM7Pn0_cL-umJ4dlkxP9WY1cy8Rn6rypJr9g","direction":null} 
[2026-05-05 02:13:18] production.INFO: Call command sent: playback_start {"call_control_id":"v3:FuTVE5MAaGwiCUmvOJBM7Pn0_cL-umJ4dlkxP9WY1cy8Rn6rypJr9g","result":"ok"} 
[2026-05-05 02:13:18] production.INFO: Call command sent: playback_stop {"call_control_id":"v3:A64WF_AUVSD7vh_lMfj8ddxicdaDOT8X4y7w5sHTh5x1z0Oo9-Idkw","result":"ok"} 
[2026-05-05 02:13:19] production.INFO: Telnyx voice webhook received {"event_type":"call.playback.started","call_control_id":"v3:FuTVE5MAaGwiCUmvOJBM7Pn0_cL-umJ4dlkxP9WY1cy8Rn6rypJr9g","direction":null} 
[2026-05-05 02:13:19] production.INFO: Unhandled voice event {"event_type":"call.playback.started"} 
[2026-05-05 02:13:19] production.INFO: Conference created {"name":"call_919_04a99d4e","conference_id":"1ad988c4-8aa4-4f53-b872-8e4f49203862","beneficiary_call_control_id":"v3:FuTVE5MAaGwiCUmvOJBM7Pn0_cL-umJ4dlkxP9WY1cy8Rn6rypJr9g"} 
[2026-05-05 02:13:19] production.INFO: Telnyx voice webhook received {"event_type":"call.playback.ended","call_control_id":"v3:FuTVE5MAaGwiCUmvOJBM7Pn0_cL-umJ4dlkxP9WY1cy8Rn6rypJr9g","direction":null} 
[2026-05-05 02:13:19] production.INFO: Telnyx voice webhook received {"event_type":"conference.floor.changed","call_control_id":"v3:FuTVE5MAaGwiCUmvOJBM7Pn0_cL-umJ4dlkxP9WY1cy8Rn6rypJr9g","direction":null} 
[2026-05-05 02:13:19] production.INFO: Unhandled voice event {"event_type":"conference.floor.changed"} 
[2026-05-05 02:13:19] production.INFO: Joined conference {"conference_id":"1ad988c4-8aa4-4f53-b872-8e4f49203862","call_control_id":"v3:A64WF_AUVSD7vh_lMfj8ddxicdaDOT8X4y7w5sHTh5x1z0Oo9-Idkw"} 
[2026-05-05 02:13:19] production.INFO: Telnyx voice webhook received {"event_type":"conference.created","call_control_id":"v3:FuTVE5MAaGwiCUmvOJBM7Pn0_cL-umJ4dlkxP9WY1cy8Rn6rypJr9g","direction":null} 
[2026-05-05 02:13:19] production.INFO: Unhandled voice event {"event_type":"conference.created"} 
[2026-05-05 02:13:19] production.INFO: Telnyx voice webhook received {"event_type":"conference.participant.joined","call_control_id":"v3:FuTVE5MAaGwiCUmvOJBM7Pn0_cL-umJ4dlkxP9WY1cy8Rn6rypJr9g","direction":null} 
[2026-05-05 02:13:19] production.INFO: Unhandled voice event {"event_type":"conference.participant.joined"} 
[2026-05-05 02:13:20] production.INFO: Telnyx voice webhook received {"event_type":"conference.participant.joined","call_control_id":"v3:A64WF_AUVSD7vh_lMfj8ddxicdaDOT8X4y7w5sHTh5x1z0Oo9-Idkw","direction":null} 
[2026-05-05 02:13:20] production.INFO: Unhandled voice event {"event_type":"conference.participant.joined"} 
[2026-05-05 02:13:21] production.INFO: Telnyx voice webhook received {"event_type":"conference.floor.changed","call_control_id":"v3:A64WF_AUVSD7vh_lMfj8ddxicdaDOT8X4y7w5sHTh5x1z0Oo9-Idkw","direction":null} 
[2026-05-05 02:13:21] production.INFO: Unhandled voice event {"event_type":"conference.floor.changed"} 
[2026-05-05 02:13:22] production.INFO: Telnyx voice webhook received {"event_type":"call.hangup","call_control_id":"v3:FuTVE5MAaGwiCUmvOJBM7Pn0_cL-umJ4dlkxP9WY1cy8Rn6rypJr9g","direction":null} 
[2026-05-05 02:13:22] production.INFO: Call ended {"call_control_id":"v3:FuTVE5MAaGwiCUmvOJBM7Pn0_cL-umJ4dlkxP9WY1cy8Rn6rypJr9g","status":"completed","hangup_cause":"normal_clearing","duration":15.850062} 
[2026-05-05 02:13:22] production.INFO: Telnyx voice webhook received {"event_type":"conference.participant.left","call_control_id":"v3:FuTVE5MAaGwiCUmvOJBM7Pn0_cL-umJ4dlkxP9WY1cy8Rn6rypJr9g","direction":null} 
[2026-05-05 02:13:22] production.INFO: Unhandled voice event {"event_type":"conference.participant.left"} 
[2026-05-05 02:13:25] production.INFO: Telnyx voice webhook received {"event_type":"call.hangup","call_control_id":"v3:A64WF_AUVSD7vh_lMfj8ddxicdaDOT8X4y7w5sHTh5x1z0Oo9-Idkw","direction":null} 
[2026-05-05 02:13:26] production.INFO: Telnyx voice webhook received {"event_type":"conference.ended","call_control_id":"v3:A64WF_AUVSD7vh_lMfj8ddxicdaDOT8X4y7w5sHTh5x1z0Oo9-Idkw","direction":null} 
[2026-05-05 02:13:26] production.INFO: Unhandled voice event {"event_type":"conference.ended"} 
[2026-05-05 02:13:26] production.INFO: Telnyx voice webhook received {"event_type":"conference.participant.left","call_control_id":"v3:A64WF_AUVSD7vh_lMfj8ddxicdaDOT8X4y7w5sHTh5x1z0Oo9-Idkw","direction":null} 
[2026-05-05 02:13:26] production.INFO: Unhandled voice event {"event_type":"conference.participant.left"} 
[2026-05-05 02:13:27] production.INFO: Telnyx voice webhook received {"event_type":"call.initiated","call_control_id":"v3:EX2srY7gveqdgRjcigg_N4ao-vyWaKkUWwY-5PN6OFGOVe4ottXFhQ","direction":"incoming"} 
[2026-05-05 02:13:27] production.INFO: Incoming call - answering {"call_control_id":"v3:EX2srY7gveqdgRjcigg_N4ao-vyWaKkUWwY-5PN6OFGOVe4ottXFhQ","from":"+18472123894","to":"+12247354200","caller_user_id":null,"caller_name":"GRZEGORZ SZADY"} 
[2026-05-05 02:13:27] production.INFO: Call command sent: answer {"call_control_id":"v3:EX2srY7gveqdgRjcigg_N4ao-vyWaKkUWwY-5PN6OFGOVe4ottXFhQ","result":"ok"} 
[2026-05-05 02:13:28] production.INFO: Telnyx voice webhook received {"event_type":"call.answered","call_control_id":"v3:EX2srY7gveqdgRjcigg_N4ao-vyWaKkUWwY-5PN6OFGOVe4ottXFhQ","direction":null} 
[2026-05-05 02:13:28] production.INFO: Playing welcome TTS and dialing admins simultaneously {"call_control_id":"v3:EX2srY7gveqdgRjcigg_N4ao-vyWaKkUWwY-5PN6OFGOVe4ottXFhQ","tts":"<speak version=\"1.0\" xml:lang=\"en-US\">Good evening, thanks for calling GS Construction! One moment while we connect you to the GS Crew.<break time=\"400ms\"/></speak>","is_known_caller":false} 
[2026-05-05 02:13:28] production.INFO: Call command sent: speak {"call_control_id":"v3:EX2srY7gveqdgRjcigg_N4ao-vyWaKkUWwY-5PN6OFGOVe4ottXFhQ","result":"ok"} 
[2026-05-05 02:13:28] production.INFO: Dialed admin {"admin_user_id":1,"admin_name":"Patryk Szady","phone":"+12249993880","admin_call_control_id":"v3:sPfflI0eII-snyepFJlkxWIOdgMcumFuKcRoac8H3mJ2YdD10FyO0w"} 
[2026-05-05 02:13:28] production.INFO: Telnyx voice webhook received {"event_type":"call.initiated","call_control_id":"v3:sPfflI0eII-snyepFJlkxWIOdgMcumFuKcRoac8H3mJ2YdD10FyO0w","direction":"outgoing"} 
[2026-05-05 02:13:28] production.INFO: Outbound call initiated {"call_control_id":"v3:sPfflI0eII-snyepFJlkxWIOdgMcumFuKcRoac8H3mJ2YdD10FyO0w","to":"+12249993880"} 
[2026-05-05 02:13:29] production.INFO: Telnyx voice webhook received {"event_type":"call.speak.started","call_control_id":"v3:EX2srY7gveqdgRjcigg_N4ao-vyWaKkUWwY-5PN6OFGOVe4ottXFhQ","direction":null} 
[2026-05-05 02:13:29] production.INFO: TTS speak started {"call_control_id":"v3:EX2srY7gveqdgRjcigg_N4ao-vyWaKkUWwY-5PN6OFGOVe4ottXFhQ"} 
[2026-05-05 02:13:29] production.DEBUG: Push notification delivered {"endpoint":"https://web.push.apple.com/QDkJcfxcMRPW4uLNUaYZ21nDUMJHCJ-cyja1FMQcNEv6qKbL-ec_s…","status":201} 
[2026-05-05 02:13:29] production.DEBUG: Push notification delivered {"endpoint":"https://fcm.googleapis.com/fcm/send/cYR-NIq4nms:APA91bEppjWa7ZIrYxviNuWljHyZ7qnu…","status":201} 
[2026-05-05 02:13:29] production.DEBUG: Push notification delivered {"endpoint":"https://wns2-by3p.notify.windows.com/w/?token=BQYAAACU%2bKDb9Gyej4KtbEbQJBisasbB…","status":201,"wns_status":"received","wns_msg_id":"3F6E3A9F651EE517","wns_debug":"BY3PEPF0001AB0D","content_encoding":"aes128gcm","response_body":""} 
[2026-05-05 02:13:29] production.DEBUG: Push notification delivered {"endpoint":"https://web.push.apple.com/QDkJcfxcMRPW4uLNUaYZ21nDUMJHCJ-cyja1FMQcNEv6qKbL-ec_s…","status":201} 
[2026-05-05 02:13:29] production.DEBUG: Push notification delivered {"endpoint":"https://fcm.googleapis.com/fcm/send/cYR-NIq4nms:APA91bEppjWa7ZIrYxviNuWljHyZ7qnu…","status":201} 
[2026-05-05 02:13:29] production.DEBUG: Push notification delivered {"endpoint":"https://wns2-by3p.notify.windows.com/w/?token=BQYAAACU%2bKDb9Gyej4KtbEbQJBisasbB…","status":201,"wns_status":"received","wns_msg_id":"F3D6315757584E9","wns_debug":"BY3PEPF0000E996","content_encoding":"aes128gcm","response_body":""} 
[2026-05-05 02:13:31] production.INFO: Telnyx voice webhook received {"event_type":"call.answered","call_control_id":"v3:sPfflI0eII-snyepFJlkxWIOdgMcumFuKcRoac8H3mJ2YdD10FyO0w","direction":null} 
[2026-05-05 02:13:31] production.INFO: Playing admin screening prompt {"admin_call_control_id":"v3:sPfflI0eII-snyepFJlkxWIOdgMcumFuKcRoac8H3mJ2YdD10FyO0w","call_log_id":920,"admin_user_id":1,"is_late_answerer":false,"caller_label":"GRZEGORZ SZADY"} 
[2026-05-05 02:13:31] production.INFO: Call command sent: speak {"call_control_id":"v3:sPfflI0eII-snyepFJlkxWIOdgMcumFuKcRoac8H3mJ2YdD10FyO0w","result":"ok"} 
[2026-05-05 02:13:32] production.INFO: Telnyx voice webhook received {"event_type":"call.speak.started","call_control_id":"v3:sPfflI0eII-snyepFJlkxWIOdgMcumFuKcRoac8H3mJ2YdD10FyO0w","direction":null} 
[2026-05-05 02:13:32] production.INFO: TTS speak started {"call_control_id":"v3:sPfflI0eII-snyepFJlkxWIOdgMcumFuKcRoac8H3mJ2YdD10FyO0w"} 
[2026-05-05 02:13:36] production.INFO: Telnyx voice webhook received {"event_type":"call.speak.ended","call_control_id":"v3:EX2srY7gveqdgRjcigg_N4ao-vyWaKkUWwY-5PN6OFGOVe4ottXFhQ","direction":null} 
[2026-05-05 02:13:36] production.INFO: handleCallSpeakEnded ENTRY {"call_control_id":"v3:EX2srY7gveqdgRjcigg_N4ao-vyWaKkUWwY-5PN6OFGOVe4ottXFhQ","action":"welcome_done","client_state":{"action":"welcome_done","call_log_id":920,"original_caller":"+18472123894"},"client_state_raw_present":true} 
[2026-05-05 02:13:36] production.INFO: TTS completed — no admin answered yet, playing ringback {"call_control_id":"v3:EX2srY7gveqdgRjcigg_N4ao-vyWaKkUWwY-5PN6OFGOVe4ottXFhQ","call_log_id":920} 
[2026-05-05 02:13:36] production.INFO: Call command sent: playback_start {"call_control_id":"v3:EX2srY7gveqdgRjcigg_N4ao-vyWaKkUWwY-5PN6OFGOVe4ottXFhQ","result":"ok"} 
[2026-05-05 02:13:36] production.INFO: Telnyx voice webhook received {"event_type":"call.playback.started","call_control_id":"v3:EX2srY7gveqdgRjcigg_N4ao-vyWaKkUWwY-5PN6OFGOVe4ottXFhQ","direction":null} 
[2026-05-05 02:13:36] production.INFO: Unhandled voice event {"event_type":"call.playback.started"} 
[2026-05-05 02:13:37] production.INFO: Telnyx voice webhook received {"event_type":"call.hangup","call_control_id":"v3:sPfflI0eII-snyepFJlkxWIOdgMcumFuKcRoac8H3mJ2YdD10FyO0w","direction":null} 
[2026-05-05 02:13:37] production.INFO: Telnyx voice webhook received {"event_type":"call.speak.ended","call_control_id":"v3:sPfflI0eII-snyepFJlkxWIOdgMcumFuKcRoac8H3mJ2YdD10FyO0w","direction":null} 
[2026-05-05 02:13:37] production.INFO: handleCallSpeakEnded ENTRY {"call_control_id":"v3:sPfflI0eII-snyepFJlkxWIOdgMcumFuKcRoac8H3mJ2YdD10FyO0w","action":"admin_screen_done","client_state":{"action":"admin_screen_done","call_log_id":920,"incoming_call_control_id":"v3:EX2srY7gveqdgRjcigg_N4ao-vyWaKkUWwY-5PN6OFGOVe4ottXFhQ","admin_user_id":1,"conference_id":null},"client_state_raw_present":true} 
[2026-05-05 02:13:37] production.INFO: First admin answered — bridging without prompt {"admin_call_control_id":"v3:sPfflI0eII-snyepFJlkxWIOdgMcumFuKcRoac8H3mJ2YdD10FyO0w","incoming_call_control_id":"v3:EX2srY7gveqdgRjcigg_N4ao-vyWaKkUWwY-5PN6OFGOVe4ottXFhQ","call_log_id":920,"admin_user_id":1} 
[2026-05-05 02:13:37] production.INFO: Creating conference with caller as first participant {"call_log_id":920,"conference_name":"call_920_8c6fcdad","incoming_call_control_id":"v3:EX2srY7gveqdgRjcigg_N4ao-vyWaKkUWwY-5PN6OFGOVe4ottXFhQ","admin_call_control_id":"v3:sPfflI0eII-snyepFJlkxWIOdgMcumFuKcRoac8H3mJ2YdD10FyO0w","admin_user_id":1} 
[2026-05-05 02:13:37] production.INFO: Call command sent: playback_stop {"call_control_id":"v3:EX2srY7gveqdgRjcigg_N4ao-vyWaKkUWwY-5PN6OFGOVe4ottXFhQ","result":"ok"} 
[2026-05-05 02:13:37] production.ERROR: Call command failed: playback_stop {"call_control_id":"v3:sPfflI0eII-snyepFJlkxWIOdgMcumFuKcRoac8H3mJ2YdD10FyO0w","status":422,"error":{"errors":[{"code":"90018","title":"Call has already ended","detail":"This call is no longer active and can't receive commands."}]}} 
[2026-05-05 02:13:37] production.INFO: Telnyx voice webhook received {"event_type":"call.playback.ended","call_control_id":"v3:EX2srY7gveqdgRjcigg_N4ao-vyWaKkUWwY-5PN6OFGOVe4ottXFhQ","direction":null} 
[2026-05-05 02:13:37] production.INFO: Call command sent: playback_start {"call_control_id":"v3:EX2srY7gveqdgRjcigg_N4ao-vyWaKkUWwY-5PN6OFGOVe4ottXFhQ","result":"ok"} 
[2026-05-05 02:13:38] production.INFO: Telnyx voice webhook received {"event_type":"call.playback.started","call_control_id":"v3:EX2srY7gveqdgRjcigg_N4ao-vyWaKkUWwY-5PN6OFGOVe4ottXFhQ","direction":null} 
[2026-05-05 02:13:38] production.INFO: Unhandled voice event {"event_type":"call.playback.started"} 
[2026-05-05 02:13:38] production.INFO: Conference created {"name":"call_920_8c6fcdad","conference_id":"22bba25b-e600-46e1-ba46-cc7b22f082cf","beneficiary_call_control_id":"v3:EX2srY7gveqdgRjcigg_N4ao-vyWaKkUWwY-5PN6OFGOVe4ottXFhQ"} 
[2026-05-05 02:13:38] production.INFO: Telnyx voice webhook received {"event_type":"call.playback.ended","call_control_id":"v3:EX2srY7gveqdgRjcigg_N4ao-vyWaKkUWwY-5PN6OFGOVe4ottXFhQ","direction":null} 
[2026-05-05 02:13:38] production.ERROR: Conference join failed {"conference_id":"22bba25b-e600-46e1-ba46-cc7b22f082cf","call_control_id":"v3:sPfflI0eII-snyepFJlkxWIOdgMcumFuKcRoac8H3mJ2YdD10FyO0w","status":422,"error":{"errors":[{"code":"90018","title":"Call has already ended","detail":"This call is no longer active and can't receive commands."}]}} 
[2026-05-05 02:13:38] production.ERROR: Failed to join admin to fresh conference {"admin_call_control_id":"v3:sPfflI0eII-snyepFJlkxWIOdgMcumFuKcRoac8H3mJ2YdD10FyO0w","conference_id":"22bba25b-e600-46e1-ba46-cc7b22f082cf"} 
[2026-05-05 02:13:38] production.INFO: Telnyx voice webhook received {"event_type":"conference.floor.changed","call_control_id":"v3:EX2srY7gveqdgRjcigg_N4ao-vyWaKkUWwY-5PN6OFGOVe4ottXFhQ","direction":null} 
[2026-05-05 02:13:38] production.INFO: Unhandled voice event {"event_type":"conference.floor.changed"} 
[2026-05-05 02:13:38] production.ERROR: Call command failed: hangup {"call_control_id":"v3:sPfflI0eII-snyepFJlkxWIOdgMcumFuKcRoac8H3mJ2YdD10FyO0w","status":422,"error":{"errors":[{"code":"90018","title":"Call has already ended","detail":"This call is no longer active and can't receive commands."}]}} 
[2026-05-05 02:13:38] production.WARNING: Admin hung up before joining conference — no other admins ringing, triggering voicemail {"incoming_call_control_id":"v3:EX2srY7gveqdgRjcigg_N4ao-vyWaKkUWwY-5PN6OFGOVe4ottXFhQ","call_log_id":920} 
[2026-05-05 02:13:38] production.INFO: Telnyx voice webhook received {"event_type":"conference.created","call_control_id":"v3:EX2srY7gveqdgRjcigg_N4ao-vyWaKkUWwY-5PN6OFGOVe4ottXFhQ","direction":null} 
[2026-05-05 02:13:38] production.INFO: Unhandled voice event {"event_type":"conference.created"} 
[2026-05-05 02:13:38] production.INFO: Telnyx voice webhook received {"event_type":"conference.participant.joined","call_control_id":"v3:EX2srY7gveqdgRjcigg_N4ao-vyWaKkUWwY-5PN6OFGOVe4ottXFhQ","direction":null} 
[2026-05-05 02:13:38] production.INFO: Unhandled voice event {"event_type":"conference.participant.joined"} 
[2026-05-05 02:13:38] production.INFO: Call command sent: playback_stop {"call_control_id":"v3:EX2srY7gveqdgRjcigg_N4ao-vyWaKkUWwY-5PN6OFGOVe4ottXFhQ","result":"ok"} 
[2026-05-05 02:13:38] production.INFO: Playing voicemail IVR menu {"call_control_id":"v3:EX2srY7gveqdgRjcigg_N4ao-vyWaKkUWwY-5PN6OFGOVe4ottXFhQ","call_log_id":920,"ivr_prompt":"<speak version=\"1.0\" xml:lang=\"en-US\">GS Construction is not available right now. Press 2 to send a text on your behalf so the GS Crew knows to call you back ASAP or stay on the line to leave a voicemail.<break time=\"400ms\"/></speak>","is_known_caller":false} 
[2026-05-05 02:13:38] production.INFO: Call command sent: gather_using_speak {"call_control_id":"v3:EX2srY7gveqdgRjcigg_N4ao-vyWaKkUWwY-5PN6OFGOVe4ottXFhQ","result":"ok"} 
[2026-05-05 02:13:39] production.INFO: Telnyx voice webhook received {"event_type":"call.speak.started","call_control_id":"v3:EX2srY7gveqdgRjcigg_N4ao-vyWaKkUWwY-5PN6OFGOVe4ottXFhQ","direction":null} 
[2026-05-05 02:13:39] production.INFO: TTS speak started {"call_control_id":"v3:EX2srY7gveqdgRjcigg_N4ao-vyWaKkUWwY-5PN6OFGOVe4ottXFhQ"} 
[2026-05-05 02:13:51] production.INFO: Telnyx voice webhook received {"event_type":"call.speak.ended","call_control_id":"v3:EX2srY7gveqdgRjcigg_N4ao-vyWaKkUWwY-5PN6OFGOVe4ottXFhQ","direction":null} 
[2026-05-05 02:13:51] production.INFO: handleCallSpeakEnded ENTRY {"call_control_id":"v3:EX2srY7gveqdgRjcigg_N4ao-vyWaKkUWwY-5PN6OFGOVe4ottXFhQ","action":"voicemail_ivr_menu","client_state":{"action":"voicemail_ivr_menu","call_log_id":920,"original_caller":"+18472123894","is_known_caller":false,"retry_count":0},"client_state_raw_present":true} 
[2026-05-05 02:13:58] production.INFO: Telnyx voice webhook received {"event_type":"call.gather.ended","call_control_id":"v3:EX2srY7gveqdgRjcigg_N4ao-vyWaKkUWwY-5PN6OFGOVe4ottXFhQ","direction":null} 
[2026-05-05 02:13:58] production.INFO: IVR gather ended {"call_control_id":"v3:EX2srY7gveqdgRjcigg_N4ao-vyWaKkUWwY-5PN6OFGOVe4ottXFhQ","digits":"","call_log_id":920} 
[2026-05-05 02:13:58] production.INFO: IVR: no digit pressed — playing voicemail greeting {"call_control_id":"v3:EX2srY7gveqdgRjcigg_N4ao-vyWaKkUWwY-5PN6OFGOVe4ottXFhQ","call_log_id":920} 
[2026-05-05 02:13:58] production.INFO: Call command sent: speak {"call_control_id":"v3:EX2srY7gveqdgRjcigg_N4ao-vyWaKkUWwY-5PN6OFGOVe4ottXFhQ","result":"ok"} 
[2026-05-05 02:13:59] production.INFO: Telnyx voice webhook received {"event_type":"call.speak.started","call_control_id":"v3:EX2srY7gveqdgRjcigg_N4ao-vyWaKkUWwY-5PN6OFGOVe4ottXFhQ","direction":null} 
[2026-05-05 02:13:59] production.INFO: TTS speak started {"call_control_id":"v3:EX2srY7gveqdgRjcigg_N4ao-vyWaKkUWwY-5PN6OFGOVe4ottXFhQ"} 
[2026-05-05 02:14:03] production.INFO: Telnyx voice webhook received {"event_type":"call.speak.ended","call_control_id":"v3:EX2srY7gveqdgRjcigg_N4ao-vyWaKkUWwY-5PN6OFGOVe4ottXFhQ","direction":null} 
[2026-05-05 02:14:03] production.INFO: handleCallSpeakEnded ENTRY {"call_control_id":"v3:EX2srY7gveqdgRjcigg_N4ao-vyWaKkUWwY-5PN6OFGOVe4ottXFhQ","action":"voicemail_prompt_done","client_state":{"action":"voicemail_prompt_done","call_log_id":920},"client_state_raw_present":true} 
[2026-05-05 02:14:03] production.INFO: Voicemail prompt done — starting recording {"call_control_id":"v3:EX2srY7gveqdgRjcigg_N4ao-vyWaKkUWwY-5PN6OFGOVe4ottXFhQ"} 
[2026-05-05 02:14:04] production.INFO: Call command sent: record_start {"call_control_id":"v3:EX2srY7gveqdgRjcigg_N4ao-vyWaKkUWwY-5PN6OFGOVe4ottXFhQ","result":"ok"} 
[2026-05-05 02:14:04] production.INFO: Telnyx voice webhook received {"event_type":"call.hangup","call_control_id":"v3:EX2srY7gveqdgRjcigg_N4ao-vyWaKkUWwY-5PN6OFGOVe4ottXFhQ","direction":null} 
[2026-05-05 02:14:04] production.INFO: Voicemail call ended {"call_control_id":"v3:EX2srY7gveqdgRjcigg_N4ao-vyWaKkUWwY-5PN6OFGOVe4ottXFhQ","call_log_id":920} 
[2026-05-05 02:14:05] production.INFO: Telnyx voice webhook received {"event_type":"conference.participant.left","call_control_id":"v3:EX2srY7gveqdgRjcigg_N4ao-vyWaKkUWwY-5PN6OFGOVe4ottXFhQ","direction":null} 
[2026-05-05 02:14:05] production.INFO: Unhandled voice event {"event_type":"conference.participant.left"} 
[2026-05-05 02:14:05] production.INFO: Telnyx voice webhook received {"event_type":"conference.ended","call_control_id":"v3:EX2srY7gveqdgRjcigg_N4ao-vyWaKkUWwY-5PN6OFGOVe4ottXFhQ","direction":null} 
[2026-05-05 02:14:05] production.INFO: Unhandled voice event {"event_type":"conference.ended"} 
[2026-05-05 02:14:07] production.INFO: Telnyx voice webhook received {"event_type":"call.initiated","call_control_id":"v3:PSMlXZVeM75HuR7Ds4WU0wpoi7ZWA3AneUZ9rJgdVc73xTFoV8n4HA","direction":"incoming"} 
[2026-05-05 02:14:07] production.INFO: Incoming call - answering {"call_control_id":"v3:PSMlXZVeM75HuR7Ds4WU0wpoi7ZWA3AneUZ9rJgdVc73xTFoV8n4HA","from":"+18472123894","to":"+12247354200","caller_user_id":null,"caller_name":"GRZEGORZ SZADY"} 
[2026-05-05 02:14:08] production.INFO: Call command sent: answer {"call_control_id":"v3:PSMlXZVeM75HuR7Ds4WU0wpoi7ZWA3AneUZ9rJgdVc73xTFoV8n4HA","result":"ok"} 
[2026-05-05 02:14:08] production.INFO: Telnyx voice webhook received {"event_type":"call.answered","call_control_id":"v3:PSMlXZVeM75HuR7Ds4WU0wpoi7ZWA3AneUZ9rJgdVc73xTFoV8n4HA","direction":null} 
[2026-05-05 02:14:08] production.INFO: Playing welcome TTS and dialing admins simultaneously {"call_control_id":"v3:PSMlXZVeM75HuR7Ds4WU0wpoi7ZWA3AneUZ9rJgdVc73xTFoV8n4HA","tts":"<speak version=\"1.0\" xml:lang=\"en-US\">Good evening, thanks for calling GS Construction! One moment while we connect you to the GS Crew.<break time=\"400ms\"/></speak>","is_known_caller":false} 
[2026-05-05 02:14:08] production.INFO: Call command sent: speak {"call_control_id":"v3:PSMlXZVeM75HuR7Ds4WU0wpoi7ZWA3AneUZ9rJgdVc73xTFoV8n4HA","result":"ok"} 
[2026-05-05 02:14:08] production.INFO: Dialed admin {"admin_user_id":1,"admin_name":"Patryk Szady","phone":"+12249993880","admin_call_control_id":"v3:pz0AuOhMY-4_M3QrW09ZbLerKpAddG8p9M546CRC4TFWC_t-GmfQZQ"} 
[2026-05-05 02:14:08] production.INFO: Telnyx voice webhook received {"event_type":"call.initiated","call_control_id":"v3:pz0AuOhMY-4_M3QrW09ZbLerKpAddG8p9M546CRC4TFWC_t-GmfQZQ","direction":"outgoing"} 
[2026-05-05 02:14:08] production.INFO: Outbound call initiated {"call_control_id":"v3:pz0AuOhMY-4_M3QrW09ZbLerKpAddG8p9M546CRC4TFWC_t-GmfQZQ","to":"+12249993880"} 
[2026-05-05 02:14:09] production.INFO: Telnyx voice webhook received {"event_type":"call.speak.started","call_control_id":"v3:PSMlXZVeM75HuR7Ds4WU0wpoi7ZWA3AneUZ9rJgdVc73xTFoV8n4HA","direction":null} 
[2026-05-05 02:14:09] production.INFO: TTS speak started {"call_control_id":"v3:PSMlXZVeM75HuR7Ds4WU0wpoi7ZWA3AneUZ9rJgdVc73xTFoV8n4HA"} 
[2026-05-05 02:14:09] production.DEBUG: Push notification delivered {"endpoint":"https://web.push.apple.com/QDkJcfxcMRPW4uLNUaYZ21nDUMJHCJ-cyja1FMQcNEv6qKbL-ec_s…","status":201} 
[2026-05-05 02:14:09] production.DEBUG: Push notification delivered {"endpoint":"https://fcm.googleapis.com/fcm/send/cYR-NIq4nms:APA91bEppjWa7ZIrYxviNuWljHyZ7qnu…","status":201} 
[2026-05-05 02:14:09] production.DEBUG: Push notification delivered {"endpoint":"https://wns2-by3p.notify.windows.com/w/?token=BQYAAACU%2bKDb9Gyej4KtbEbQJBisasbB…","status":201,"wns_status":"received","wns_msg_id":"399C0848684220DB","wns_debug":"BY3PEPF0000E9BC","content_encoding":"aes128gcm","response_body":""} 
[2026-05-05 02:14:10] production.DEBUG: Push notification delivered {"endpoint":"https://web.push.apple.com/QDkJcfxcMRPW4uLNUaYZ21nDUMJHCJ-cyja1FMQcNEv6qKbL-ec_s…","status":201} 
[2026-05-05 02:14:10] production.DEBUG: Push notification delivered {"endpoint":"https://fcm.googleapis.com/fcm/send/cYR-NIq4nms:APA91bEppjWa7ZIrYxviNuWljHyZ7qnu…","status":201} 
[2026-05-05 02:14:10] production.DEBUG: Push notification delivered {"endpoint":"https://wns2-by3p.notify.windows.com/w/?token=BQYAAACU%2bKDb9Gyej4KtbEbQJBisasbB…","status":201,"wns_status":"received","wns_msg_id":"1134F38566A93515","wns_debug":"BY3PEPF0001AAEC","content_encoding":"aes128gcm","response_body":""} 
[2026-05-05 02:14:11] production.INFO: Telnyx voice webhook received {"event_type":"call.answered","call_control_id":"v3:pz0AuOhMY-4_M3QrW09ZbLerKpAddG8p9M546CRC4TFWC_t-GmfQZQ","direction":null} 
[2026-05-05 02:14:11] production.INFO: Playing admin screening prompt {"admin_call_control_id":"v3:pz0AuOhMY-4_M3QrW09ZbLerKpAddG8p9M546CRC4TFWC_t-GmfQZQ","call_log_id":921,"admin_user_id":1,"is_late_answerer":false,"caller_label":"GRZEGORZ SZADY"} 
[2026-05-05 02:14:11] production.INFO: Call command sent: speak {"call_control_id":"v3:pz0AuOhMY-4_M3QrW09ZbLerKpAddG8p9M546CRC4TFWC_t-GmfQZQ","result":"ok"} 
[2026-05-05 02:14:12] production.INFO: Telnyx voice webhook received {"event_type":"call.speak.started","call_control_id":"v3:pz0AuOhMY-4_M3QrW09ZbLerKpAddG8p9M546CRC4TFWC_t-GmfQZQ","direction":null} 
[2026-05-05 02:14:12] production.INFO: TTS speak started {"call_control_id":"v3:pz0AuOhMY-4_M3QrW09ZbLerKpAddG8p9M546CRC4TFWC_t-GmfQZQ"} 
[2026-05-05 02:14:15] production.INFO: Telnyx voice webhook received {"event_type":"call.speak.ended","call_control_id":"v3:PSMlXZVeM75HuR7Ds4WU0wpoi7ZWA3AneUZ9rJgdVc73xTFoV8n4HA","direction":null} 
[2026-05-05 02:14:15] production.INFO: handleCallSpeakEnded ENTRY {"call_control_id":"v3:PSMlXZVeM75HuR7Ds4WU0wpoi7ZWA3AneUZ9rJgdVc73xTFoV8n4HA","action":"welcome_done","client_state":{"action":"welcome_done","call_log_id":921,"original_caller":"+18472123894"},"client_state_raw_present":true} 
[2026-05-05 02:14:15] production.INFO: TTS completed — no admin answered yet, playing ringback {"call_control_id":"v3:PSMlXZVeM75HuR7Ds4WU0wpoi7ZWA3AneUZ9rJgdVc73xTFoV8n4HA","call_log_id":921} 
[2026-05-05 02:14:16] production.INFO: Call command sent: playback_start {"call_control_id":"v3:PSMlXZVeM75HuR7Ds4WU0wpoi7ZWA3AneUZ9rJgdVc73xTFoV8n4HA","result":"ok"} 
[2026-05-05 02:14:16] production.INFO: Telnyx voice webhook received {"event_type":"call.playback.started","call_control_id":"v3:PSMlXZVeM75HuR7Ds4WU0wpoi7ZWA3AneUZ9rJgdVc73xTFoV8n4HA","direction":null} 
[2026-05-05 02:14:16] production.INFO: Unhandled voice event {"event_type":"call.playback.started"} 
[2026-05-05 02:14:17] production.INFO: Telnyx voice webhook received {"event_type":"call.speak.ended","call_control_id":"v3:pz0AuOhMY-4_M3QrW09ZbLerKpAddG8p9M546CRC4TFWC_t-GmfQZQ","direction":null} 
[2026-05-05 02:14:17] production.INFO: handleCallSpeakEnded ENTRY {"call_control_id":"v3:pz0AuOhMY-4_M3QrW09ZbLerKpAddG8p9M546CRC4TFWC_t-GmfQZQ","action":"admin_screen_done","client_state":{"action":"admin_screen_done","call_log_id":921,"incoming_call_control_id":"v3:PSMlXZVeM75HuR7Ds4WU0wpoi7ZWA3AneUZ9rJgdVc73xTFoV8n4HA","admin_user_id":1,"conference_id":null},"client_state_raw_present":true} 
[2026-05-05 02:14:17] production.INFO: First admin answered — bridging without prompt {"admin_call_control_id":"v3:pz0AuOhMY-4_M3QrW09ZbLerKpAddG8p9M546CRC4TFWC_t-GmfQZQ","incoming_call_control_id":"v3:PSMlXZVeM75HuR7Ds4WU0wpoi7ZWA3AneUZ9rJgdVc73xTFoV8n4HA","call_log_id":921,"admin_user_id":1} 
[2026-05-05 02:14:17] production.INFO: Creating conference with caller as first participant {"call_log_id":921,"conference_name":"call_921_0f75d9cb","incoming_call_control_id":"v3:PSMlXZVeM75HuR7Ds4WU0wpoi7ZWA3AneUZ9rJgdVc73xTFoV8n4HA","admin_call_control_id":"v3:pz0AuOhMY-4_M3QrW09ZbLerKpAddG8p9M546CRC4TFWC_t-GmfQZQ","admin_user_id":1} 
[2026-05-05 02:14:18] production.INFO: Call command sent: playback_stop {"call_control_id":"v3:PSMlXZVeM75HuR7Ds4WU0wpoi7ZWA3AneUZ9rJgdVc73xTFoV8n4HA","result":"ok"} 
[2026-05-05 02:14:18] production.INFO: Telnyx voice webhook received {"event_type":"call.playback.ended","call_control_id":"v3:PSMlXZVeM75HuR7Ds4WU0wpoi7ZWA3AneUZ9rJgdVc73xTFoV8n4HA","direction":null} 
[2026-05-05 02:14:18] production.INFO: Call command sent: playback_start {"call_control_id":"v3:PSMlXZVeM75HuR7Ds4WU0wpoi7ZWA3AneUZ9rJgdVc73xTFoV8n4HA","result":"ok"} 
[2026-05-05 02:14:18] production.INFO: Call command sent: playback_stop {"call_control_id":"v3:pz0AuOhMY-4_M3QrW09ZbLerKpAddG8p9M546CRC4TFWC_t-GmfQZQ","result":"ok"} 
[2026-05-05 02:14:18] production.INFO: Telnyx voice webhook received {"event_type":"call.playback.started","call_control_id":"v3:PSMlXZVeM75HuR7Ds4WU0wpoi7ZWA3AneUZ9rJgdVc73xTFoV8n4HA","direction":null} 
[2026-05-05 02:14:18] production.INFO: Unhandled voice event {"event_type":"call.playback.started"} 
[2026-05-05 02:14:18] production.INFO: Conference created {"name":"call_921_0f75d9cb","conference_id":"960da724-a49e-4259-948d-3256f662c880","beneficiary_call_control_id":"v3:PSMlXZVeM75HuR7Ds4WU0wpoi7ZWA3AneUZ9rJgdVc73xTFoV8n4HA"} 
[2026-05-05 02:14:19] production.INFO: Telnyx voice webhook received {"event_type":"call.playback.ended","call_control_id":"v3:PSMlXZVeM75HuR7Ds4WU0wpoi7ZWA3AneUZ9rJgdVc73xTFoV8n4HA","direction":null} 
[2026-05-05 02:14:19] production.INFO: Telnyx voice webhook received {"event_type":"conference.floor.changed","call_control_id":"v3:PSMlXZVeM75HuR7Ds4WU0wpoi7ZWA3AneUZ9rJgdVc73xTFoV8n4HA","direction":null} 
[2026-05-05 02:14:19] production.INFO: Unhandled voice event {"event_type":"conference.floor.changed"} 
[2026-05-05 02:14:19] production.INFO: Telnyx voice webhook received {"event_type":"conference.participant.joined","call_control_id":"v3:PSMlXZVeM75HuR7Ds4WU0wpoi7ZWA3AneUZ9rJgdVc73xTFoV8n4HA","direction":null} 
[2026-05-05 02:14:19] production.INFO: Unhandled voice event {"event_type":"conference.participant.joined"} 
[2026-05-05 02:14:19] production.INFO: Telnyx voice webhook received {"event_type":"conference.created","call_control_id":"v3:PSMlXZVeM75HuR7Ds4WU0wpoi7ZWA3AneUZ9rJgdVc73xTFoV8n4HA","direction":null} 
[2026-05-05 02:14:19] production.INFO: Unhandled voice event {"event_type":"conference.created"} 
[2026-05-05 02:14:19] production.INFO: Joined conference {"conference_id":"960da724-a49e-4259-948d-3256f662c880","call_control_id":"v3:pz0AuOhMY-4_M3QrW09ZbLerKpAddG8p9M546CRC4TFWC_t-GmfQZQ"} 
[2026-05-05 02:14:19] production.INFO: Telnyx voice webhook received {"event_type":"conference.participant.joined","call_control_id":"v3:pz0AuOhMY-4_M3QrW09ZbLerKpAddG8p9M546CRC4TFWC_t-GmfQZQ","direction":null} 
[2026-05-05 02:14:19] production.INFO: Unhandled voice event {"event_type":"conference.participant.joined"} 
[2026-05-05 02:14:21] production.INFO: Telnyx voice webhook received {"event_type":"conference.floor.changed","call_control_id":"v3:pz0AuOhMY-4_M3QrW09ZbLerKpAddG8p9M546CRC4TFWC_t-GmfQZQ","direction":null} 
[2026-05-05 02:14:21] production.INFO: Unhandled voice event {"event_type":"conference.floor.changed"} 
[2026-05-05 02:14:21] production.INFO: Telnyx voice webhook received {"event_type":"call.hangup","call_control_id":"v3:PSMlXZVeM75HuR7Ds4WU0wpoi7ZWA3AneUZ9rJgdVc73xTFoV8n4HA","direction":null} 
[2026-05-05 02:14:21] production.INFO: Call ended {"call_control_id":"v3:PSMlXZVeM75HuR7Ds4WU0wpoi7ZWA3AneUZ9rJgdVc73xTFoV8n4HA","status":"completed","hangup_cause":"normal_clearing","duration":13.589466} 
[2026-05-05 02:14:21] production.INFO: Telnyx voice webhook received {"event_type":"conference.participant.left","call_control_id":"v3:PSMlXZVeM75HuR7Ds4WU0wpoi7ZWA3AneUZ9rJgdVc73xTFoV8n4HA","direction":null} 
[2026-05-05 02:14:21] production.INFO: Unhandled voice event {"event_type":"conference.participant.left"} 
[2026-05-05 02:14:23] production.INFO: Telnyx voice webhook received {"event_type":"call.initiated","call_control_id":"v3:uKUDE0UUHEllRC7mp0SDrMPq_Lo864fsIPcH8-EwbkUu1jH9hyD8Yw","direction":"incoming"} 
[2026-05-05 02:14:23] production.INFO: Incoming call - answering {"call_control_id":"v3:uKUDE0UUHEllRC7mp0SDrMPq_Lo864fsIPcH8-EwbkUu1jH9hyD8Yw","from":"+18472123894","to":"+12247354200","caller_user_id":null,"caller_name":"GRZEGORZ SZADY"} 
[2026-05-05 02:14:23] production.INFO: Call command sent: answer {"call_control_id":"v3:uKUDE0UUHEllRC7mp0SDrMPq_Lo864fsIPcH8-EwbkUu1jH9hyD8Yw","result":"ok"} 
[2026-05-05 02:14:23] production.INFO: Telnyx voice webhook received {"event_type":"call.answered","call_control_id":"v3:uKUDE0UUHEllRC7mp0SDrMPq_Lo864fsIPcH8-EwbkUu1jH9hyD8Yw","direction":null} 
[2026-05-05 02:14:23] production.INFO: Playing welcome TTS and dialing admins simultaneously {"call_control_id":"v3:uKUDE0UUHEllRC7mp0SDrMPq_Lo864fsIPcH8-EwbkUu1jH9hyD8Yw","tts":"<speak version=\"1.0\" xml:lang=\"en-US\">Good evening, thanks for calling GS Construction! One moment while we connect you to the GS Crew.<break time=\"400ms\"/></speak>","is_known_caller":false} 
[2026-05-05 02:14:23] production.INFO: Call command sent: speak {"call_control_id":"v3:uKUDE0UUHEllRC7mp0SDrMPq_Lo864fsIPcH8-EwbkUu1jH9hyD8Yw","result":"ok"} 
[2026-05-05 02:14:24] production.INFO: Dialed admin {"admin_user_id":1,"admin_name":"Patryk Szady","phone":"+12249993880","admin_call_control_id":"v3:h9b-K-5UebqFpmO9XnxhvA_YcalCL74xL2NHF3BYmXBoTMwtchfmMQ"} 
[2026-05-05 02:14:24] production.INFO: Telnyx voice webhook received {"event_type":"call.initiated","call_control_id":"v3:h9b-K-5UebqFpmO9XnxhvA_YcalCL74xL2NHF3BYmXBoTMwtchfmMQ","direction":"outgoing"} 
[2026-05-05 02:14:24] production.INFO: Outbound call initiated {"call_control_id":"v3:h9b-K-5UebqFpmO9XnxhvA_YcalCL74xL2NHF3BYmXBoTMwtchfmMQ","to":"+12249993880"} 
[2026-05-05 02:14:24] production.INFO: Telnyx voice webhook received {"event_type":"call.speak.started","call_control_id":"v3:uKUDE0UUHEllRC7mp0SDrMPq_Lo864fsIPcH8-EwbkUu1jH9hyD8Yw","direction":null} 
[2026-05-05 02:14:24] production.INFO: TTS speak started {"call_control_id":"v3:uKUDE0UUHEllRC7mp0SDrMPq_Lo864fsIPcH8-EwbkUu1jH9hyD8Yw"} 
[2026-05-05 02:14:25] production.DEBUG: Push notification delivered {"endpoint":"https://web.push.apple.com/QDkJcfxcMRPW4uLNUaYZ21nDUMJHCJ-cyja1FMQcNEv6qKbL-ec_s…","status":201} 
[2026-05-05 02:14:25] production.DEBUG: Push notification delivered {"endpoint":"https://fcm.googleapis.com/fcm/send/cYR-NIq4nms:APA91bEppjWa7ZIrYxviNuWljHyZ7qnu…","status":201} 
[2026-05-05 02:14:25] production.DEBUG: Push notification delivered {"endpoint":"https://wns2-by3p.notify.windows.com/w/?token=BQYAAACU%2bKDb9Gyej4KtbEbQJBisasbB…","status":201,"wns_status":"received","wns_msg_id":"154E9CCC7D843E1C","wns_debug":"BY3PEPF0001958F","content_encoding":"aes128gcm","response_body":""} 
[2026-05-05 02:14:26] production.DEBUG: Push notification delivered {"endpoint":"https://web.push.apple.com/QDkJcfxcMRPW4uLNUaYZ21nDUMJHCJ-cyja1FMQcNEv6qKbL-ec_s…","status":201} 
[2026-05-05 02:14:26] production.DEBUG: Push notification delivered {"endpoint":"https://fcm.googleapis.com/fcm/send/cYR-NIq4nms:APA91bEppjWa7ZIrYxviNuWljHyZ7qnu…","status":201} 
[2026-05-05 02:14:26] production.DEBUG: Push notification delivered {"endpoint":"https://wns2-by3p.notify.windows.com/w/?token=BQYAAACU%2bKDb9Gyej4KtbEbQJBisasbB…","status":201,"wns_status":"received","wns_msg_id":"3940895342D5C5D4","wns_debug":"BY3PEPF0000FF3B","content_encoding":"aes128gcm","response_body":""} 
[2026-05-05 02:14:26] production.INFO: Telnyx voice webhook received {"event_type":"call.hangup","call_control_id":"v3:pz0AuOhMY-4_M3QrW09ZbLerKpAddG8p9M546CRC4TFWC_t-GmfQZQ","direction":null} 
[2026-05-05 02:14:27] production.INFO: Telnyx voice webhook received {"event_type":"conference.ended","call_control_id":"v3:pz0AuOhMY-4_M3QrW09ZbLerKpAddG8p9M546CRC4TFWC_t-GmfQZQ","direction":null} 
[2026-05-05 02:14:27] production.INFO: Unhandled voice event {"event_type":"conference.ended"} 
[2026-05-05 02:14:27] production.INFO: Telnyx voice webhook received {"event_type":"conference.participant.left","call_control_id":"v3:pz0AuOhMY-4_M3QrW09ZbLerKpAddG8p9M546CRC4TFWC_t-GmfQZQ","direction":null} 
[2026-05-05 02:14:27] production.INFO: Unhandled voice event {"event_type":"conference.participant.left"} 
[2026-05-05 02:14:28] production.INFO: Telnyx voice webhook received {"event_type":"call.answered","call_control_id":"v3:h9b-K-5UebqFpmO9XnxhvA_YcalCL74xL2NHF3BYmXBoTMwtchfmMQ","direction":null} 
[2026-05-05 02:14:28] production.INFO: Playing admin screening prompt {"admin_call_control_id":"v3:h9b-K-5UebqFpmO9XnxhvA_YcalCL74xL2NHF3BYmXBoTMwtchfmMQ","call_log_id":922,"admin_user_id":1,"is_late_answerer":false,"caller_label":"GRZEGORZ SZADY"} 
[2026-05-05 02:14:28] production.INFO: Call command sent: speak {"call_control_id":"v3:h9b-K-5UebqFpmO9XnxhvA_YcalCL74xL2NHF3BYmXBoTMwtchfmMQ","result":"ok"} 
[2026-05-05 02:14:28] production.INFO: Telnyx voice webhook received {"event_type":"call.speak.started","call_control_id":"v3:h9b-K-5UebqFpmO9XnxhvA_YcalCL74xL2NHF3BYmXBoTMwtchfmMQ","direction":null} 
[2026-05-05 02:14:28] production.INFO: TTS speak started {"call_control_id":"v3:h9b-K-5UebqFpmO9XnxhvA_YcalCL74xL2NHF3BYmXBoTMwtchfmMQ"} 
[2026-05-05 02:14:31] production.INFO: Telnyx voice webhook received {"event_type":"call.speak.ended","call_control_id":"v3:uKUDE0UUHEllRC7mp0SDrMPq_Lo864fsIPcH8-EwbkUu1jH9hyD8Yw","direction":null} 
[2026-05-05 02:14:31] production.INFO: handleCallSpeakEnded ENTRY {"call_control_id":"v3:uKUDE0UUHEllRC7mp0SDrMPq_Lo864fsIPcH8-EwbkUu1jH9hyD8Yw","action":"welcome_done","client_state":{"action":"welcome_done","call_log_id":922,"original_caller":"+18472123894"},"client_state_raw_present":true} 
[2026-05-05 02:14:31] production.INFO: TTS completed — no admin answered yet, playing ringback {"call_control_id":"v3:uKUDE0UUHEllRC7mp0SDrMPq_Lo864fsIPcH8-EwbkUu1jH9hyD8Yw","call_log_id":922} 
[2026-05-05 02:14:31] production.INFO: Call command sent: playback_start {"call_control_id":"v3:uKUDE0UUHEllRC7mp0SDrMPq_Lo864fsIPcH8-EwbkUu1jH9hyD8Yw","result":"ok"} 
[2026-05-05 02:14:32] production.INFO: Telnyx voice webhook received {"event_type":"call.playback.started","call_control_id":"v3:uKUDE0UUHEllRC7mp0SDrMPq_Lo864fsIPcH8-EwbkUu1jH9hyD8Yw","direction":null} 
[2026-05-05 02:14:32] production.INFO: Unhandled voice event {"event_type":"call.playback.started"} 
[2026-05-05 02:14:35] production.INFO: Telnyx voice webhook received {"event_type":"call.speak.ended","call_control_id":"v3:h9b-K-5UebqFpmO9XnxhvA_YcalCL74xL2NHF3BYmXBoTMwtchfmMQ","direction":null} 
[2026-05-05 02:14:35] production.INFO: handleCallSpeakEnded ENTRY {"call_control_id":"v3:h9b-K-5UebqFpmO9XnxhvA_YcalCL74xL2NHF3BYmXBoTMwtchfmMQ","action":"admin_screen_done","client_state":{"action":"admin_screen_done","call_log_id":922,"incoming_call_control_id":"v3:uKUDE0UUHEllRC7mp0SDrMPq_Lo864fsIPcH8-EwbkUu1jH9hyD8Yw","admin_user_id":1,"conference_id":null},"client_state_raw_present":true} 
[2026-05-05 02:14:35] production.INFO: First admin answered — bridging without prompt {"admin_call_control_id":"v3:h9b-K-5UebqFpmO9XnxhvA_YcalCL74xL2NHF3BYmXBoTMwtchfmMQ","incoming_call_control_id":"v3:uKUDE0UUHEllRC7mp0SDrMPq_Lo864fsIPcH8-EwbkUu1jH9hyD8Yw","call_log_id":922,"admin_user_id":1} 
[2026-05-05 02:14:35] production.INFO: Creating conference with caller as first participant {"call_log_id":922,"conference_name":"call_922_9b79f745","incoming_call_control_id":"v3:uKUDE0UUHEllRC7mp0SDrMPq_Lo864fsIPcH8-EwbkUu1jH9hyD8Yw","admin_call_control_id":"v3:h9b-K-5UebqFpmO9XnxhvA_YcalCL74xL2NHF3BYmXBoTMwtchfmMQ","admin_user_id":1} 
[2026-05-05 02:14:35] production.INFO: Call command sent: playback_stop {"call_control_id":"v3:uKUDE0UUHEllRC7mp0SDrMPq_Lo864fsIPcH8-EwbkUu1jH9hyD8Yw","result":"ok"} 
[2026-05-05 02:14:35] production.INFO: Telnyx voice webhook received {"event_type":"call.playback.ended","call_control_id":"v3:uKUDE0UUHEllRC7mp0SDrMPq_Lo864fsIPcH8-EwbkUu1jH9hyD8Yw","direction":null} 
[2026-05-05 02:14:35] production.INFO: Call command sent: playback_stop {"call_control_id":"v3:h9b-K-5UebqFpmO9XnxhvA_YcalCL74xL2NHF3BYmXBoTMwtchfmMQ","result":"ok"} 
[2026-05-05 02:14:35] production.INFO: Call command sent: playback_start {"call_control_id":"v3:uKUDE0UUHEllRC7mp0SDrMPq_Lo864fsIPcH8-EwbkUu1jH9hyD8Yw","result":"ok"} 
[2026-05-05 02:14:35] production.INFO: Telnyx voice webhook received {"event_type":"call.playback.ended","call_control_id":"v3:uKUDE0UUHEllRC7mp0SDrMPq_Lo864fsIPcH8-EwbkUu1jH9hyD8Yw","direction":null} 
[2026-05-05 02:14:35] production.INFO: Call command sent: playback_start {"call_control_id":"v3:uKUDE0UUHEllRC7mp0SDrMPq_Lo864fsIPcH8-EwbkUu1jH9hyD8Yw","result":"ok"} 
[2026-05-05 02:14:35] production.INFO: Conference created {"name":"call_922_9b79f745","conference_id":"f2b3b918-1ef4-4c82-9258-bbe3d0792485","beneficiary_call_control_id":"v3:uKUDE0UUHEllRC7mp0SDrMPq_Lo864fsIPcH8-EwbkUu1jH9hyD8Yw"} 
[2026-05-05 02:14:35] production.INFO: Telnyx voice webhook received {"event_type":"call.playback.ended","call_control_id":"v3:uKUDE0UUHEllRC7mp0SDrMPq_Lo864fsIPcH8-EwbkUu1jH9hyD8Yw","direction":null} 
[2026-05-05 02:14:36] production.INFO: Telnyx voice webhook received {"event_type":"conference.floor.changed","call_control_id":"v3:uKUDE0UUHEllRC7mp0SDrMPq_Lo864fsIPcH8-EwbkUu1jH9hyD8Yw","direction":null} 
[2026-05-05 02:14:36] production.INFO: Unhandled voice event {"event_type":"conference.floor.changed"} 
[2026-05-05 02:14:36] production.INFO: Telnyx voice webhook received {"event_type":"conference.created","call_control_id":"v3:uKUDE0UUHEllRC7mp0SDrMPq_Lo864fsIPcH8-EwbkUu1jH9hyD8Yw","direction":null} 
[2026-05-05 02:14:36] production.INFO: Unhandled voice event {"event_type":"conference.created"} 
[2026-05-05 02:14:36] production.INFO: Joined conference {"conference_id":"f2b3b918-1ef4-4c82-9258-bbe3d0792485","call_control_id":"v3:h9b-K-5UebqFpmO9XnxhvA_YcalCL74xL2NHF3BYmXBoTMwtchfmMQ"} 
[2026-05-05 02:14:36] production.INFO: Telnyx voice webhook received {"event_type":"conference.participant.joined","call_control_id":"v3:uKUDE0UUHEllRC7mp0SDrMPq_Lo864fsIPcH8-EwbkUu1jH9hyD8Yw","direction":null} 
[2026-05-05 02:14:36] production.INFO: Unhandled voice event {"event_type":"conference.participant.joined"} 
[2026-05-05 02:14:36] production.INFO: Telnyx voice webhook received {"event_type":"conference.participant.joined","call_control_id":"v3:h9b-K-5UebqFpmO9XnxhvA_YcalCL74xL2NHF3BYmXBoTMwtchfmMQ","direction":null} 
[2026-05-05 02:14:36] production.INFO: Unhandled voice event {"event_type":"conference.participant.joined"} 
[2026-05-05 02:14:38] production.INFO: Telnyx voice webhook received {"event_type":"conference.floor.changed","call_control_id":"v3:h9b-K-5UebqFpmO9XnxhvA_YcalCL74xL2NHF3BYmXBoTMwtchfmMQ","direction":null} 
[2026-05-05 02:14:38] production.INFO: Unhandled voice event {"event_type":"conference.floor.changed"} 
[2026-05-05 02:14:39] production.INFO: Telnyx voice webhook received {"event_type":"call.hangup","call_control_id":"v3:h9b-K-5UebqFpmO9XnxhvA_YcalCL74xL2NHF3BYmXBoTMwtchfmMQ","direction":null} 
[2026-05-05 02:14:39] production.INFO: Telnyx voice webhook received {"event_type":"conference.floor.changed","call_control_id":"v3:uKUDE0UUHEllRC7mp0SDrMPq_Lo864fsIPcH8-EwbkUu1jH9hyD8Yw","direction":null} 
[2026-05-05 02:14:39] production.INFO: Unhandled voice event {"event_type":"conference.floor.changed"} 
[2026-05-05 02:14:39] production.INFO: Telnyx voice webhook received {"event_type":"conference.floor.changed","call_control_id":"v3:uKUDE0UUHEllRC7mp0SDrMPq_Lo864fsIPcH8-EwbkUu1jH9hyD8Yw","direction":null} 
[2026-05-05 02:14:39] production.INFO: Unhandled voice event {"event_type":"conference.floor.changed"} 
[2026-05-05 02:14:39] production.INFO: Telnyx voice webhook received {"event_type":"conference.participant.left","call_control_id":"v3:h9b-K-5UebqFpmO9XnxhvA_YcalCL74xL2NHF3BYmXBoTMwtchfmMQ","direction":null} 
[2026-05-05 02:14:39] production.INFO: Unhandled voice event {"event_type":"conference.participant.left"} 
[2026-05-05 02:14:39] production.INFO: Telnyx voice webhook received {"event_type":"call.hangup","call_control_id":"v3:uKUDE0UUHEllRC7mp0SDrMPq_Lo864fsIPcH8-EwbkUu1jH9hyD8Yw","direction":null} 
[2026-05-05 02:14:39] production.INFO: Call ended {"call_control_id":"v3:uKUDE0UUHEllRC7mp0SDrMPq_Lo864fsIPcH8-EwbkUu1jH9hyD8Yw","status":"completed","hangup_cause":"normal_clearing","duration":16.810848999999997} 
[2026-05-05 02:14:40] production.INFO: Telnyx voice webhook received {"event_type":"conference.ended","call_control_id":"v3:uKUDE0UUHEllRC7mp0SDrMPq_Lo864fsIPcH8-EwbkUu1jH9hyD8Yw","direction":null} 
[2026-05-05 02:14:40] production.INFO: Unhandled voice event {"event_type":"conference.ended"} 
[2026-05-05 02:14:40] production.INFO: Telnyx voice webhook received {"event_type":"conference.participant.left","call_control_id":"v3:uKUDE0UUHEllRC7mp0SDrMPq_Lo864fsIPcH8-EwbkUu1jH9hyD8Yw","direction":null} 
[2026-05-05 02:14:40] production.INFO: Unhandled voice event {"event_type":"conference.participant.left"} 
[2026-05-05 02:14:46] production.INFO: Click-to-call initiated from Calls tab {"call_log_id":923,"user_phone":"+12249993880","target_phone":"+18472123894"} 
[2026-05-05 02:14:46] production.INFO: Telnyx voice webhook received {"event_type":"call.initiated","call_control_id":"v3:F2A89vJJlrherlEk5xxCjUrtNpl_nA5pyjIPCPWIaM-dYNKWHc2woQ","direction":"outgoing"} 
[2026-05-05 02:14:46] production.INFO: Outbound call initiated {"call_control_id":"v3:F2A89vJJlrherlEk5xxCjUrtNpl_nA5pyjIPCPWIaM-dYNKWHc2woQ","to":"+12249993880"} 
[2026-05-05 02:14:48] production.INFO: Telnyx voice webhook received {"event_type":"call.answered","call_control_id":"v3:F2A89vJJlrherlEk5xxCjUrtNpl_nA5pyjIPCPWIaM-dYNKWHc2woQ","direction":null} 
[2026-05-05 02:14:48] production.INFO: Click-to-call: user answered → playing ringback and dialing target {"call_control_id":"v3:F2A89vJJlrherlEk5xxCjUrtNpl_nA5pyjIPCPWIaM-dYNKWHc2woQ","target_phone":"+18472123894","call_log_id":923} 
[2026-05-05 02:14:48] production.INFO: Call command sent: playback_start {"call_control_id":"v3:F2A89vJJlrherlEk5xxCjUrtNpl_nA5pyjIPCPWIaM-dYNKWHc2woQ","result":"ok"} 
[2026-05-05 02:14:49] production.INFO: Telnyx voice webhook received {"event_type":"call.playback.started","call_control_id":"v3:F2A89vJJlrherlEk5xxCjUrtNpl_nA5pyjIPCPWIaM-dYNKWHc2woQ","direction":null} 
[2026-05-05 02:14:49] production.INFO: Unhandled voice event {"event_type":"call.playback.started"} 
[2026-05-05 02:14:49] production.INFO: Click-to-call: target dialed {"target_phone":"+18472123894","target_call_control_id":"v3:xj5a2ZB2huMqocNwqiHZF-kbZvokqdJYbUlcN5ZMr_noFIk4tvG3iw"} 
[2026-05-05 02:14:49] production.INFO: Telnyx voice webhook received {"event_type":"call.initiated","call_control_id":"v3:xj5a2ZB2huMqocNwqiHZF-kbZvokqdJYbUlcN5ZMr_noFIk4tvG3iw","direction":"outgoing"} 
[2026-05-05 02:14:49] production.INFO: Outbound call initiated {"call_control_id":"v3:xj5a2ZB2huMqocNwqiHZF-kbZvokqdJYbUlcN5ZMr_noFIk4tvG3iw","to":"+18472123894"} 
[2026-05-05 02:14:51] production.INFO: Telnyx voice webhook received {"event_type":"call.answered","call_control_id":"v3:xj5a2ZB2huMqocNwqiHZF-kbZvokqdJYbUlcN5ZMr_noFIk4tvG3iw","direction":null} 
[2026-05-05 02:14:51] production.INFO: Click-to-call: target answered — bridging immediately {"target_call_control_id":"v3:xj5a2ZB2huMqocNwqiHZF-kbZvokqdJYbUlcN5ZMr_noFIk4tvG3iw","user_call_control_id":"v3:F2A89vJJlrherlEk5xxCjUrtNpl_nA5pyjIPCPWIaM-dYNKWHc2woQ","call_log_id":923} 
[2026-05-05 02:14:51] production.INFO: Telnyx voice webhook received {"event_type":"call.playback.ended","call_control_id":"v3:F2A89vJJlrherlEk5xxCjUrtNpl_nA5pyjIPCPWIaM-dYNKWHc2woQ","direction":null} 
[2026-05-05 02:14:52] production.INFO: Calls bridged successfully {"call_control_id_a":"v3:xj5a2ZB2huMqocNwqiHZF-kbZvokqdJYbUlcN5ZMr_noFIk4tvG3iw","call_control_id_b":"v3:F2A89vJJlrherlEk5xxCjUrtNpl_nA5pyjIPCPWIaM-dYNKWHc2woQ"} 
[2026-05-05 02:14:52] production.INFO: Telnyx voice webhook received {"event_type":"call.bridged","call_control_id":"v3:xj5a2ZB2huMqocNwqiHZF-kbZvokqdJYbUlcN5ZMr_noFIk4tvG3iw","direction":null} 
[2026-05-05 02:14:52] production.INFO: Call bridged {"call_control_id":"v3:xj5a2ZB2huMqocNwqiHZF-kbZvokqdJYbUlcN5ZMr_noFIk4tvG3iw","call_session_id":"316d69e4-4828-11f1-ab8a-02420aefe973"} 
[2026-05-05 02:14:52] production.INFO: Telnyx voice webhook received {"event_type":"call.bridged","call_control_id":"v3:F2A89vJJlrherlEk5xxCjUrtNpl_nA5pyjIPCPWIaM-dYNKWHc2woQ","direction":null} 
[2026-05-05 02:14:52] production.INFO: Call bridged {"call_control_id":"v3:F2A89vJJlrherlEk5xxCjUrtNpl_nA5pyjIPCPWIaM-dYNKWHc2woQ","call_session_id":"2fd86214-4828-11f1-a8a7-02420aefe073"} 
[2026-05-05 02:14:54] production.INFO: Telnyx voice webhook received {"event_type":"call.hangup","call_control_id":"v3:xj5a2ZB2huMqocNwqiHZF-kbZvokqdJYbUlcN5ZMr_noFIk4tvG3iw","direction":null} 
[2026-05-05 02:14:54] production.INFO: Click-to-call: target hung up after connected call {"call_control_id":"v3:xj5a2ZB2huMqocNwqiHZF-kbZvokqdJYbUlcN5ZMr_noFIk4tvG3iw","hangup_cause":"normal_clearing","call_log_id":923,"duration":6.696216000000001} 
[2026-05-05 02:14:54] production.INFO: Telnyx voice webhook received {"event_type":"call.hangup","call_control_id":"v3:F2A89vJJlrherlEk5xxCjUrtNpl_nA5pyjIPCPWIaM-dYNKWHc2woQ","direction":null} 
[2026-05-05 02:14:54] production.INFO: Click-to-call user leg ended {"call_control_id":"v3:F2A89vJJlrherlEk5xxCjUrtNpl_nA5pyjIPCPWIaM-dYNKWHc2woQ","action":"click_to_call_waiting","status":"completed","call_log_id":923,"hangup_cause":"normal_clearing"} 
[2026-05-05 02:15:38] production.INFO: Click-to-call initiated from Calls tab {"call_log_id":924,"user_phone":"+12249993880","target_phone":"+18472123894"} 
[2026-05-05 02:15:38] production.INFO: Telnyx voice webhook received {"event_type":"call.initiated","call_control_id":"v3:OSGbnuv9JBU4619Tuemkuh8oBX-mXkzA8D-UFj5oCvgNCLvtotuXmA","direction":"outgoing"} 
[2026-05-05 02:15:38] production.INFO: Outbound call initiated {"call_control_id":"v3:OSGbnuv9JBU4619Tuemkuh8oBX-mXkzA8D-UFj5oCvgNCLvtotuXmA","to":"+12249993880"} 
[2026-05-05 02:15:41] production.INFO: Telnyx voice webhook received {"event_type":"call.answered","call_control_id":"v3:OSGbnuv9JBU4619Tuemkuh8oBX-mXkzA8D-UFj5oCvgNCLvtotuXmA","direction":null} 
[2026-05-05 02:15:41] production.INFO: Click-to-call: user answered → playing ringback and dialing target {"call_control_id":"v3:OSGbnuv9JBU4619Tuemkuh8oBX-mXkzA8D-UFj5oCvgNCLvtotuXmA","target_phone":"+18472123894","call_log_id":924} 
[2026-05-05 02:15:41] production.INFO: Call command sent: playback_start {"call_control_id":"v3:OSGbnuv9JBU4619Tuemkuh8oBX-mXkzA8D-UFj5oCvgNCLvtotuXmA","result":"ok"} 
[2026-05-05 02:15:41] production.INFO: Telnyx voice webhook received {"event_type":"call.playback.started","call_control_id":"v3:OSGbnuv9JBU4619Tuemkuh8oBX-mXkzA8D-UFj5oCvgNCLvtotuXmA","direction":null} 
[2026-05-05 02:15:41] production.INFO: Unhandled voice event {"event_type":"call.playback.started"} 
[2026-05-05 02:15:41] production.INFO: Click-to-call: target dialed {"target_phone":"+18472123894","target_call_control_id":"v3:7wKgmrTNmlJKQo1y9oOE9HfBaxGT2WJLRhY6u3cAg19t8tX4RRBnPQ"} 
[2026-05-05 02:15:41] production.INFO: Telnyx voice webhook received {"event_type":"call.initiated","call_control_id":"v3:7wKgmrTNmlJKQo1y9oOE9HfBaxGT2WJLRhY6u3cAg19t8tX4RRBnPQ","direction":"outgoing"} 
[2026-05-05 02:15:41] production.INFO: Outbound call initiated {"call_control_id":"v3:7wKgmrTNmlJKQo1y9oOE9HfBaxGT2WJLRhY6u3cAg19t8tX4RRBnPQ","to":"+18472123894"} 
[2026-05-05 02:15:44] production.INFO: Telnyx voice webhook received {"event_type":"call.answered","call_control_id":"v3:7wKgmrTNmlJKQo1y9oOE9HfBaxGT2WJLRhY6u3cAg19t8tX4RRBnPQ","direction":null} 
[2026-05-05 02:15:44] production.INFO: Click-to-call: target answered — bridging immediately {"target_call_control_id":"v3:7wKgmrTNmlJKQo1y9oOE9HfBaxGT2WJLRhY6u3cAg19t8tX4RRBnPQ","user_call_control_id":"v3:OSGbnuv9JBU4619Tuemkuh8oBX-mXkzA8D-UFj5oCvgNCLvtotuXmA","call_log_id":924} 
[2026-05-05 02:15:45] production.INFO: Telnyx voice webhook received {"event_type":"call.playback.ended","call_control_id":"v3:OSGbnuv9JBU4619Tuemkuh8oBX-mXkzA8D-UFj5oCvgNCLvtotuXmA","direction":null} 
[2026-05-05 02:15:45] production.INFO: Calls bridged successfully {"call_control_id_a":"v3:7wKgmrTNmlJKQo1y9oOE9HfBaxGT2WJLRhY6u3cAg19t8tX4RRBnPQ","call_control_id_b":"v3:OSGbnuv9JBU4619Tuemkuh8oBX-mXkzA8D-UFj5oCvgNCLvtotuXmA"} 
[2026-05-05 02:15:45] production.INFO: Telnyx voice webhook received {"event_type":"call.bridged","call_control_id":"v3:OSGbnuv9JBU4619Tuemkuh8oBX-mXkzA8D-UFj5oCvgNCLvtotuXmA","direction":null} 
[2026-05-05 02:15:45] production.INFO: Call bridged {"call_control_id":"v3:OSGbnuv9JBU4619Tuemkuh8oBX-mXkzA8D-UFj5oCvgNCLvtotuXmA","call_session_id":"4ea2fe5c-4828-11f1-bddb-02420aefe3f3"} 
[2026-05-05 02:15:45] production.INFO: Telnyx voice webhook received {"event_type":"call.bridged","call_control_id":"v3:7wKgmrTNmlJKQo1y9oOE9HfBaxGT2WJLRhY6u3cAg19t8tX4RRBnPQ","direction":null} 
[2026-05-05 02:15:45] production.INFO: Call bridged {"call_control_id":"v3:7wKgmrTNmlJKQo1y9oOE9HfBaxGT2WJLRhY6u3cAg19t8tX4RRBnPQ","call_session_id":"50bc0576-4828-11f1-9121-02420aefe45a"} 
[2026-05-05 02:15:49] production.INFO: Telnyx voice webhook received {"event_type":"call.hangup","call_control_id":"v3:7wKgmrTNmlJKQo1y9oOE9HfBaxGT2WJLRhY6u3cAg19t8tX4RRBnPQ","direction":null} 
[2026-05-05 02:15:49] production.INFO: Telnyx voice webhook received {"event_type":"call.hangup","call_control_id":"v3:OSGbnuv9JBU4619Tuemkuh8oBX-mXkzA8D-UFj5oCvgNCLvtotuXmA","direction":null} 
[2026-05-05 02:15:49] production.INFO: Click-to-call: target hung up after connected call {"call_control_id":"v3:7wKgmrTNmlJKQo1y9oOE9HfBaxGT2WJLRhY6u3cAg19t8tX4RRBnPQ","hangup_cause":"normal_clearing","call_log_id":924,"duration":8.055895} 
[2026-05-05 02:15:49] production.INFO: Click-to-call user leg ended {"call_control_id":"v3:OSGbnuv9JBU4619Tuemkuh8oBX-mXkzA8D-UFj5oCvgNCLvtotuXmA","action":"click_to_call_waiting","status":"completed","call_log_id":924,"hangup_cause":"normal_clearing"} 
[2026-05-05 02:15:55] production.INFO: Telnyx voice webhook received {"event_type":"call.initiated","call_control_id":"v3:ashmzNKEMg2vJh6RTiYFZfJo_q3ZLNBjqwgbtfFFpQ3_00adhAz_0A","direction":"incoming"} 
[2026-05-05 02:15:55] production.INFO: Incoming call - answering {"call_control_id":"v3:ashmzNKEMg2vJh6RTiYFZfJo_q3ZLNBjqwgbtfFFpQ3_00adhAz_0A","from":"+18472123894","to":"+12247354200","caller_user_id":null,"caller_name":"GRZEGORZ SZADY"} 
[2026-05-05 02:15:55] production.INFO: Call command sent: answer {"call_control_id":"v3:ashmzNKEMg2vJh6RTiYFZfJo_q3ZLNBjqwgbtfFFpQ3_00adhAz_0A","result":"ok"} 
[2026-05-05 02:15:55] production.INFO: Telnyx voice webhook received {"event_type":"call.answered","call_control_id":"v3:ashmzNKEMg2vJh6RTiYFZfJo_q3ZLNBjqwgbtfFFpQ3_00adhAz_0A","direction":null} 
[2026-05-05 02:15:55] production.INFO: Playing welcome TTS and dialing admins simultaneously {"call_control_id":"v3:ashmzNKEMg2vJh6RTiYFZfJo_q3ZLNBjqwgbtfFFpQ3_00adhAz_0A","tts":"<speak version=\"1.0\" xml:lang=\"en-US\">Good evening, thanks for calling GS Construction! One moment while we connect you to the GS Crew.<break time=\"400ms\"/></speak>","is_known_caller":false} 
[2026-05-05 02:15:55] production.INFO: Call command sent: speak {"call_control_id":"v3:ashmzNKEMg2vJh6RTiYFZfJo_q3ZLNBjqwgbtfFFpQ3_00adhAz_0A","result":"ok"} 
[2026-05-05 02:15:56] production.INFO: Dialed admin {"admin_user_id":1,"admin_name":"Patryk Szady","phone":"+12249993880","admin_call_control_id":"v3:2PEPApyQxapOW0VuP9vSPZwP85iPW0P6IChe7poxfMmnijcWGatArw"} 
[2026-05-05 02:15:56] production.INFO: Telnyx voice webhook received {"event_type":"call.initiated","call_control_id":"v3:2PEPApyQxapOW0VuP9vSPZwP85iPW0P6IChe7poxfMmnijcWGatArw","direction":"outgoing"} 
[2026-05-05 02:15:56] production.INFO: Outbound call initiated {"call_control_id":"v3:2PEPApyQxapOW0VuP9vSPZwP85iPW0P6IChe7poxfMmnijcWGatArw","to":"+12249993880"} 
[2026-05-05 02:15:56] production.INFO: Telnyx voice webhook received {"event_type":"call.speak.started","call_control_id":"v3:ashmzNKEMg2vJh6RTiYFZfJo_q3ZLNBjqwgbtfFFpQ3_00adhAz_0A","direction":null} 
[2026-05-05 02:15:56] production.INFO: TTS speak started {"call_control_id":"v3:ashmzNKEMg2vJh6RTiYFZfJo_q3ZLNBjqwgbtfFFpQ3_00adhAz_0A"} 
[2026-05-05 02:15:56] production.DEBUG: Push notification delivered {"endpoint":"https://web.push.apple.com/QDkJcfxcMRPW4uLNUaYZ21nDUMJHCJ-cyja1FMQcNEv6qKbL-ec_s…","status":201} 
[2026-05-05 02:15:56] production.DEBUG: Push notification delivered {"endpoint":"https://fcm.googleapis.com/fcm/send/cYR-NIq4nms:APA91bEppjWa7ZIrYxviNuWljHyZ7qnu…","status":201} 
[2026-05-05 02:15:56] production.DEBUG: Push notification delivered {"endpoint":"https://wns2-by3p.notify.windows.com/w/?token=BQYAAACU%2bKDb9Gyej4KtbEbQJBisasbB…","status":201,"wns_status":"received","wns_msg_id":"423D9F8B0D3CFE9A","wns_debug":"BY3PEPF0000E983","content_encoding":"aes128gcm","response_body":""} 
[2026-05-05 02:15:56] production.DEBUG: Push notification delivered {"endpoint":"https://web.push.apple.com/QDkJcfxcMRPW4uLNUaYZ21nDUMJHCJ-cyja1FMQcNEv6qKbL-ec_s…","status":201} 
[2026-05-05 02:15:56] production.DEBUG: Push notification delivered {"endpoint":"https://fcm.googleapis.com/fcm/send/cYR-NIq4nms:APA91bEppjWa7ZIrYxviNuWljHyZ7qnu…","status":201} 
[2026-05-05 02:15:56] production.DEBUG: Push notification delivered {"endpoint":"https://wns2-by3p.notify.windows.com/w/?token=BQYAAACU%2bKDb9Gyej4KtbEbQJBisasbB…","status":201,"wns_status":"received","wns_msg_id":"6C5F569F146C8DF3","wns_debug":"BY3PEPF0000FF2D","content_encoding":"aes128gcm","response_body":""} 
[2026-05-05 02:16:03] production.INFO: Telnyx voice webhook received {"event_type":"call.speak.ended","call_control_id":"v3:ashmzNKEMg2vJh6RTiYFZfJo_q3ZLNBjqwgbtfFFpQ3_00adhAz_0A","direction":null} 
[2026-05-05 02:16:03] production.INFO: handleCallSpeakEnded ENTRY {"call_control_id":"v3:ashmzNKEMg2vJh6RTiYFZfJo_q3ZLNBjqwgbtfFFpQ3_00adhAz_0A","action":"welcome_done","client_state":{"action":"welcome_done","call_log_id":925,"original_caller":"+18472123894"},"client_state_raw_present":true} 
[2026-05-05 02:16:03] production.INFO: TTS completed — no admin answered yet, playing ringback {"call_control_id":"v3:ashmzNKEMg2vJh6RTiYFZfJo_q3ZLNBjqwgbtfFFpQ3_00adhAz_0A","call_log_id":925} 
[2026-05-05 02:16:03] production.INFO: Call command sent: playback_start {"call_control_id":"v3:ashmzNKEMg2vJh6RTiYFZfJo_q3ZLNBjqwgbtfFFpQ3_00adhAz_0A","result":"ok"} 
[2026-05-05 02:16:03] production.INFO: Telnyx voice webhook received {"event_type":"call.answered","call_control_id":"v3:2PEPApyQxapOW0VuP9vSPZwP85iPW0P6IChe7poxfMmnijcWGatArw","direction":null} 
[2026-05-05 02:16:03] production.INFO: Playing admin screening prompt {"admin_call_control_id":"v3:2PEPApyQxapOW0VuP9vSPZwP85iPW0P6IChe7poxfMmnijcWGatArw","call_log_id":925,"admin_user_id":1,"is_late_answerer":false,"caller_label":"GRZEGORZ SZADY"} 
[2026-05-05 02:16:03] production.INFO: Call command sent: speak {"call_control_id":"v3:2PEPApyQxapOW0VuP9vSPZwP85iPW0P6IChe7poxfMmnijcWGatArw","result":"ok"} 
[2026-05-05 02:16:03] production.INFO: Telnyx voice webhook received {"event_type":"call.playback.started","call_control_id":"v3:ashmzNKEMg2vJh6RTiYFZfJo_q3ZLNBjqwgbtfFFpQ3_00adhAz_0A","direction":null} 
[2026-05-05 02:16:03] production.INFO: Unhandled voice event {"event_type":"call.playback.started"} 
[2026-05-05 02:16:04] production.INFO: Telnyx voice webhook received {"event_type":"call.speak.started","call_control_id":"v3:2PEPApyQxapOW0VuP9vSPZwP85iPW0P6IChe7poxfMmnijcWGatArw","direction":null} 
[2026-05-05 02:16:04] production.INFO: TTS speak started {"call_control_id":"v3:2PEPApyQxapOW0VuP9vSPZwP85iPW0P6IChe7poxfMmnijcWGatArw"} 
[2026-05-05 02:16:10] production.INFO: Telnyx voice webhook received {"event_type":"call.speak.ended","call_control_id":"v3:2PEPApyQxapOW0VuP9vSPZwP85iPW0P6IChe7poxfMmnijcWGatArw","direction":null} 
[2026-05-05 02:16:10] production.INFO: handleCallSpeakEnded ENTRY {"call_control_id":"v3:2PEPApyQxapOW0VuP9vSPZwP85iPW0P6IChe7poxfMmnijcWGatArw","action":"admin_screen_done","client_state":{"action":"admin_screen_done","call_log_id":925,"incoming_call_control_id":"v3:ashmzNKEMg2vJh6RTiYFZfJo_q3ZLNBjqwgbtfFFpQ3_00adhAz_0A","admin_user_id":1,"conference_id":null},"client_state_raw_present":true} 
[2026-05-05 02:16:10] production.INFO: First admin answered — bridging without prompt {"admin_call_control_id":"v3:2PEPApyQxapOW0VuP9vSPZwP85iPW0P6IChe7poxfMmnijcWGatArw","incoming_call_control_id":"v3:ashmzNKEMg2vJh6RTiYFZfJo_q3ZLNBjqwgbtfFFpQ3_00adhAz_0A","call_log_id":925,"admin_user_id":1} 
[2026-05-05 02:16:10] production.INFO: Creating conference with caller as first participant {"call_log_id":925,"conference_name":"call_925_7c14b4c5","incoming_call_control_id":"v3:ashmzNKEMg2vJh6RTiYFZfJo_q3ZLNBjqwgbtfFFpQ3_00adhAz_0A","admin_call_control_id":"v3:2PEPApyQxapOW0VuP9vSPZwP85iPW0P6IChe7poxfMmnijcWGatArw","admin_user_id":1} 
[2026-05-05 02:16:10] production.INFO: Call command sent: playback_stop {"call_control_id":"v3:ashmzNKEMg2vJh6RTiYFZfJo_q3ZLNBjqwgbtfFFpQ3_00adhAz_0A","result":"ok"} 
[2026-05-05 02:16:11] production.INFO: Telnyx voice webhook received {"event_type":"call.playback.ended","call_control_id":"v3:ashmzNKEMg2vJh6RTiYFZfJo_q3ZLNBjqwgbtfFFpQ3_00adhAz_0A","direction":null} 
[2026-05-05 02:16:11] production.INFO: Call command sent: playback_stop {"call_control_id":"v3:2PEPApyQxapOW0VuP9vSPZwP85iPW0P6IChe7poxfMmnijcWGatArw","result":"ok"} 
[2026-05-05 02:16:11] production.INFO: Call command sent: playback_start {"call_control_id":"v3:ashmzNKEMg2vJh6RTiYFZfJo_q3ZLNBjqwgbtfFFpQ3_00adhAz_0A","result":"ok"} 
[2026-05-05 02:16:11] production.INFO: Telnyx voice webhook received {"event_type":"call.playback.ended","call_control_id":"v3:ashmzNKEMg2vJh6RTiYFZfJo_q3ZLNBjqwgbtfFFpQ3_00adhAz_0A","direction":null} 
[2026-05-05 02:16:11] production.INFO: Call command sent: playback_start {"call_control_id":"v3:ashmzNKEMg2vJh6RTiYFZfJo_q3ZLNBjqwgbtfFFpQ3_00adhAz_0A","result":"ok"} 
[2026-05-05 02:16:11] production.INFO: Conference created {"name":"call_925_7c14b4c5","conference_id":"c3f24cdc-44f5-47fb-bf64-b38407f1cd3f","beneficiary_call_control_id":"v3:ashmzNKEMg2vJh6RTiYFZfJo_q3ZLNBjqwgbtfFFpQ3_00adhAz_0A"} 
[2026-05-05 02:16:11] production.INFO: Telnyx voice webhook received {"event_type":"call.playback.started","call_control_id":"v3:ashmzNKEMg2vJh6RTiYFZfJo_q3ZLNBjqwgbtfFFpQ3_00adhAz_0A","direction":null} 
[2026-05-05 02:16:11] production.INFO: Unhandled voice event {"event_type":"call.playback.started"} 
[2026-05-05 02:16:11] production.INFO: Telnyx voice webhook received {"event_type":"call.playback.ended","call_control_id":"v3:ashmzNKEMg2vJh6RTiYFZfJo_q3ZLNBjqwgbtfFFpQ3_00adhAz_0A","direction":null} 
[2026-05-05 02:16:11] production.INFO: Telnyx voice webhook received {"event_type":"conference.floor.changed","call_control_id":"v3:ashmzNKEMg2vJh6RTiYFZfJo_q3ZLNBjqwgbtfFFpQ3_00adhAz_0A","direction":null} 
[2026-05-05 02:16:11] production.INFO: Unhandled voice event {"event_type":"conference.floor.changed"} 
[2026-05-05 02:16:12] production.INFO: Telnyx voice webhook received {"event_type":"conference.created","call_control_id":"v3:ashmzNKEMg2vJh6RTiYFZfJo_q3ZLNBjqwgbtfFFpQ3_00adhAz_0A","direction":null} 
[2026-05-05 02:16:12] production.INFO: Unhandled voice event {"event_type":"conference.created"} 
[2026-05-05 02:16:12] production.INFO: Telnyx voice webhook received {"event_type":"conference.participant.joined","call_control_id":"v3:ashmzNKEMg2vJh6RTiYFZfJo_q3ZLNBjqwgbtfFFpQ3_00adhAz_0A","direction":null} 
[2026-05-05 02:16:12] production.INFO: Unhandled voice event {"event_type":"conference.participant.joined"} 
[2026-05-05 02:16:12] production.INFO: Joined conference {"conference_id":"c3f24cdc-44f5-47fb-bf64-b38407f1cd3f","call_control_id":"v3:2PEPApyQxapOW0VuP9vSPZwP85iPW0P6IChe7poxfMmnijcWGatArw"} 
[2026-05-05 02:16:12] production.INFO: Telnyx voice webhook received {"event_type":"conference.participant.joined","call_control_id":"v3:2PEPApyQxapOW0VuP9vSPZwP85iPW0P6IChe7poxfMmnijcWGatArw","direction":null} 
[2026-05-05 02:16:12] production.INFO: Unhandled voice event {"event_type":"conference.participant.joined"} 
[2026-05-05 02:16:13] production.INFO: Telnyx voice webhook received {"event_type":"conference.floor.changed","call_control_id":"v3:2PEPApyQxapOW0VuP9vSPZwP85iPW0P6IChe7poxfMmnijcWGatArw","direction":null} 
[2026-05-05 02:16:13] production.INFO: Unhandled voice event {"event_type":"conference.floor.changed"} 
[2026-05-05 02:16:15] production.INFO: Telnyx voice webhook received {"event_type":"call.hangup","call_control_id":"v3:ashmzNKEMg2vJh6RTiYFZfJo_q3ZLNBjqwgbtfFFpQ3_00adhAz_0A","direction":null} 
[2026-05-05 02:16:15] production.INFO: Call ended {"call_control_id":"v3:ashmzNKEMg2vJh6RTiYFZfJo_q3ZLNBjqwgbtfFFpQ3_00adhAz_0A","status":"completed","hangup_cause":"normal_clearing","duration":20.288413000000002} 
[2026-05-05 02:16:15] production.INFO: Telnyx voice webhook received {"event_type":"conference.participant.left","call_control_id":"v3:ashmzNKEMg2vJh6RTiYFZfJo_q3ZLNBjqwgbtfFFpQ3_00adhAz_0A","direction":null} 
[2026-05-05 02:16:15] production.INFO: Unhandled voice event {"event_type":"conference.participant.left"} 
[2026-05-05 02:16:21] production.INFO: Telnyx voice webhook received {"event_type":"call.initiated","call_control_id":"v3:jJTeGP9-4VM1m-a2J7cvFW4S9s3gRQfK1NR9y8s_-sw5Rhukdz_Thg","direction":"incoming"} 
[2026-05-05 02:16:21] production.INFO: Incoming call - answering {"call_control_id":"v3:jJTeGP9-4VM1m-a2J7cvFW4S9s3gRQfK1NR9y8s_-sw5Rhukdz_Thg","from":"+18472123894","to":"+12247354200","caller_user_id":null,"caller_name":"GRZEGORZ SZADY"} 
[2026-05-05 02:16:21] production.INFO: Call command sent: answer {"call_control_id":"v3:jJTeGP9-4VM1m-a2J7cvFW4S9s3gRQfK1NR9y8s_-sw5Rhukdz_Thg","result":"ok"} 
[2026-05-05 02:16:21] production.INFO: Telnyx voice webhook received {"event_type":"call.answered","call_control_id":"v3:jJTeGP9-4VM1m-a2J7cvFW4S9s3gRQfK1NR9y8s_-sw5Rhukdz_Thg","direction":null} 
[2026-05-05 02:16:21] production.INFO: Playing welcome TTS and dialing admins simultaneously {"call_control_id":"v3:jJTeGP9-4VM1m-a2J7cvFW4S9s3gRQfK1NR9y8s_-sw5Rhukdz_Thg","tts":"<speak version=\"1.0\" xml:lang=\"en-US\">Good evening, thanks for calling GS Construction! One moment while we connect you to the GS Crew.<break time=\"400ms\"/></speak>","is_known_caller":false} 
[2026-05-05 02:16:22] production.INFO: Call command sent: speak {"call_control_id":"v3:jJTeGP9-4VM1m-a2J7cvFW4S9s3gRQfK1NR9y8s_-sw5Rhukdz_Thg","result":"ok"} 
[2026-05-05 02:16:22] production.INFO: Dialed admin {"admin_user_id":1,"admin_name":"Patryk Szady","phone":"+12249993880","admin_call_control_id":"v3:yyS_-M-Lspnxd1K2Df5mXaCXpywesQNv_hFJE-2DRYupMySxx8svKQ"} 
[2026-05-05 02:16:22] production.INFO: Telnyx voice webhook received {"event_type":"call.initiated","call_control_id":"v3:yyS_-M-Lspnxd1K2Df5mXaCXpywesQNv_hFJE-2DRYupMySxx8svKQ","direction":"outgoing"} 
[2026-05-05 02:16:22] production.INFO: Outbound call initiated {"call_control_id":"v3:yyS_-M-Lspnxd1K2Df5mXaCXpywesQNv_hFJE-2DRYupMySxx8svKQ","to":"+12249993880"} 
[2026-05-05 02:16:22] production.INFO: Telnyx voice webhook received {"event_type":"call.speak.started","call_control_id":"v3:jJTeGP9-4VM1m-a2J7cvFW4S9s3gRQfK1NR9y8s_-sw5Rhukdz_Thg","direction":null} 
[2026-05-05 02:16:22] production.INFO: TTS speak started {"call_control_id":"v3:jJTeGP9-4VM1m-a2J7cvFW4S9s3gRQfK1NR9y8s_-sw5Rhukdz_Thg"} 
[2026-05-05 02:16:23] production.DEBUG: Push notification delivered {"endpoint":"https://web.push.apple.com/QDkJcfxcMRPW4uLNUaYZ21nDUMJHCJ-cyja1FMQcNEv6qKbL-ec_s…","status":201} 
[2026-05-05 02:16:23] production.DEBUG: Push notification delivered {"endpoint":"https://fcm.googleapis.com/fcm/send/cYR-NIq4nms:APA91bEppjWa7ZIrYxviNuWljHyZ7qnu…","status":201} 
[2026-05-05 02:16:23] production.DEBUG: Push notification delivered {"endpoint":"https://wns2-by3p.notify.windows.com/w/?token=BQYAAACU%2bKDb9Gyej4KtbEbQJBisasbB…","status":201,"wns_status":"received","wns_msg_id":"2CB664BD77267B46","wns_debug":"BY3PEPF0000E9D2","content_encoding":"aes128gcm","response_body":""} 
[2026-05-05 02:16:24] production.DEBUG: Push notification delivered {"endpoint":"https://web.push.apple.com/QDkJcfxcMRPW4uLNUaYZ21nDUMJHCJ-cyja1FMQcNEv6qKbL-ec_s…","status":201} 
[2026-05-05 02:16:24] production.DEBUG: Push notification delivered {"endpoint":"https://fcm.googleapis.com/fcm/send/cYR-NIq4nms:APA91bEppjWa7ZIrYxviNuWljHyZ7qnu…","status":201} 
[2026-05-05 02:16:24] production.DEBUG: Push notification delivered {"endpoint":"https://wns2-by3p.notify.windows.com/w/?token=BQYAAACU%2bKDb9Gyej4KtbEbQJBisasbB…","status":201,"wns_status":"received","wns_msg_id":"5DE3DBA47F407C9B","wns_debug":"BY3PEPF0001958B","content_encoding":"aes128gcm","response_body":""} 
[2026-05-05 02:16:24] production.INFO: Telnyx voice webhook received {"event_type":"call.hold","call_control_id":"v3:2PEPApyQxapOW0VuP9vSPZwP85iPW0P6IChe7poxfMmnijcWGatArw","direction":null} 
[2026-05-05 02:16:24] production.INFO: Unhandled voice event {"event_type":"call.hold"} 
[2026-05-05 02:16:26] production.INFO: Telnyx voice webhook received {"event_type":"call.answered","call_control_id":"v3:yyS_-M-Lspnxd1K2Df5mXaCXpywesQNv_hFJE-2DRYupMySxx8svKQ","direction":null} 
[2026-05-05 02:16:26] production.INFO: Playing admin screening prompt {"admin_call_control_id":"v3:yyS_-M-Lspnxd1K2Df5mXaCXpywesQNv_hFJE-2DRYupMySxx8svKQ","call_log_id":926,"admin_user_id":1,"is_late_answerer":false,"caller_label":"GRZEGORZ SZADY"} 
[2026-05-05 02:16:26] production.INFO: Call command sent: speak {"call_control_id":"v3:yyS_-M-Lspnxd1K2Df5mXaCXpywesQNv_hFJE-2DRYupMySxx8svKQ","result":"ok"} 
[2026-05-05 02:16:26] production.INFO: Telnyx voice webhook received {"event_type":"call.speak.started","call_control_id":"v3:yyS_-M-Lspnxd1K2Df5mXaCXpywesQNv_hFJE-2DRYupMySxx8svKQ","direction":null} 
[2026-05-05 02:16:26] production.INFO: TTS speak started {"call_control_id":"v3:yyS_-M-Lspnxd1K2Df5mXaCXpywesQNv_hFJE-2DRYupMySxx8svKQ"} 
[2026-05-05 02:16:29] production.INFO: Telnyx voice webhook received {"event_type":"call.speak.ended","call_control_id":"v3:jJTeGP9-4VM1m-a2J7cvFW4S9s3gRQfK1NR9y8s_-sw5Rhukdz_Thg","direction":null} 
[2026-05-05 02:16:29] production.INFO: handleCallSpeakEnded ENTRY {"call_control_id":"v3:jJTeGP9-4VM1m-a2J7cvFW4S9s3gRQfK1NR9y8s_-sw5Rhukdz_Thg","action":"welcome_done","client_state":{"action":"welcome_done","call_log_id":926,"original_caller":"+18472123894"},"client_state_raw_present":true} 
[2026-05-05 02:16:29] production.INFO: TTS completed — no admin answered yet, playing ringback {"call_control_id":"v3:jJTeGP9-4VM1m-a2J7cvFW4S9s3gRQfK1NR9y8s_-sw5Rhukdz_Thg","call_log_id":926} 
[2026-05-05 02:16:29] production.INFO: Call command sent: playback_start {"call_control_id":"v3:jJTeGP9-4VM1m-a2J7cvFW4S9s3gRQfK1NR9y8s_-sw5Rhukdz_Thg","result":"ok"} 
[2026-05-05 02:16:30] production.INFO: Telnyx voice webhook received {"event_type":"call.playback.started","call_control_id":"v3:jJTeGP9-4VM1m-a2J7cvFW4S9s3gRQfK1NR9y8s_-sw5Rhukdz_Thg","direction":null} 
[2026-05-05 02:16:30] production.INFO: Unhandled voice event {"event_type":"call.playback.started"} 
[2026-05-05 02:16:31] production.INFO: Telnyx voice webhook received {"event_type":"call.speak.ended","call_control_id":"v3:yyS_-M-Lspnxd1K2Df5mXaCXpywesQNv_hFJE-2DRYupMySxx8svKQ","direction":null} 
[2026-05-05 02:16:31] production.INFO: handleCallSpeakEnded ENTRY {"call_control_id":"v3:yyS_-M-Lspnxd1K2Df5mXaCXpywesQNv_hFJE-2DRYupMySxx8svKQ","action":"admin_screen_done","client_state":{"action":"admin_screen_done","call_log_id":926,"incoming_call_control_id":"v3:jJTeGP9-4VM1m-a2J7cvFW4S9s3gRQfK1NR9y8s_-sw5Rhukdz_Thg","admin_user_id":1,"conference_id":null},"client_state_raw_present":true} 
[2026-05-05 02:16:31] production.INFO: First admin answered — bridging without prompt {"admin_call_control_id":"v3:yyS_-M-Lspnxd1K2Df5mXaCXpywesQNv_hFJE-2DRYupMySxx8svKQ","incoming_call_control_id":"v3:jJTeGP9-4VM1m-a2J7cvFW4S9s3gRQfK1NR9y8s_-sw5Rhukdz_Thg","call_log_id":926,"admin_user_id":1} 
[2026-05-05 02:16:31] production.INFO: Creating conference with caller as first participant {"call_log_id":926,"conference_name":"call_926_dc6ea035","incoming_call_control_id":"v3:jJTeGP9-4VM1m-a2J7cvFW4S9s3gRQfK1NR9y8s_-sw5Rhukdz_Thg","admin_call_control_id":"v3:yyS_-M-Lspnxd1K2Df5mXaCXpywesQNv_hFJE-2DRYupMySxx8svKQ","admin_user_id":1} 
[2026-05-05 02:16:31] production.INFO: Telnyx voice webhook received {"event_type":"call.hangup","call_control_id":"v3:yyS_-M-Lspnxd1K2Df5mXaCXpywesQNv_hFJE-2DRYupMySxx8svKQ","direction":null} 
[2026-05-05 02:16:31] production.INFO: Call command sent: playback_stop {"call_control_id":"v3:jJTeGP9-4VM1m-a2J7cvFW4S9s3gRQfK1NR9y8s_-sw5Rhukdz_Thg","result":"ok"} 
[2026-05-05 02:16:31] production.INFO: Telnyx voice webhook received {"event_type":"call.playback.ended","call_control_id":"v3:jJTeGP9-4VM1m-a2J7cvFW4S9s3gRQfK1NR9y8s_-sw5Rhukdz_Thg","direction":null} 
[2026-05-05 02:16:32] production.ERROR: Call command failed: playback_stop {"call_control_id":"v3:yyS_-M-Lspnxd1K2Df5mXaCXpywesQNv_hFJE-2DRYupMySxx8svKQ","status":422,"error":{"errors":[{"code":"90018","title":"Call has already ended","detail":"This call is no longer active and can't receive commands."}]}} 
[2026-05-05 02:16:32] production.INFO: Call command sent: playback_start {"call_control_id":"v3:jJTeGP9-4VM1m-a2J7cvFW4S9s3gRQfK1NR9y8s_-sw5Rhukdz_Thg","result":"ok"} 
[2026-05-05 02:16:32] production.INFO: Telnyx voice webhook received {"event_type":"call.playback.started","call_control_id":"v3:jJTeGP9-4VM1m-a2J7cvFW4S9s3gRQfK1NR9y8s_-sw5Rhukdz_Thg","direction":null} 
[2026-05-05 02:16:32] production.INFO: Unhandled voice event {"event_type":"call.playback.started"} 
[2026-05-05 02:16:32] production.INFO: Conference created {"name":"call_926_dc6ea035","conference_id":"67031e1f-67a8-4915-b085-d531352cc131","beneficiary_call_control_id":"v3:jJTeGP9-4VM1m-a2J7cvFW4S9s3gRQfK1NR9y8s_-sw5Rhukdz_Thg"} 
[2026-05-05 02:16:32] production.INFO: Telnyx voice webhook received {"event_type":"call.playback.ended","call_control_id":"v3:jJTeGP9-4VM1m-a2J7cvFW4S9s3gRQfK1NR9y8s_-sw5Rhukdz_Thg","direction":null} 
[2026-05-05 02:16:32] production.ERROR: Conference join failed {"conference_id":"67031e1f-67a8-4915-b085-d531352cc131","call_control_id":"v3:yyS_-M-Lspnxd1K2Df5mXaCXpywesQNv_hFJE-2DRYupMySxx8svKQ","status":422,"error":{"errors":[{"code":"90018","title":"Call has already ended","detail":"This call is no longer active and can't receive commands."}]}} 
[2026-05-05 02:16:32] production.ERROR: Failed to join admin to fresh conference {"admin_call_control_id":"v3:yyS_-M-Lspnxd1K2Df5mXaCXpywesQNv_hFJE-2DRYupMySxx8svKQ","conference_id":"67031e1f-67a8-4915-b085-d531352cc131"} 
[2026-05-05 02:16:32] production.INFO: Telnyx voice webhook received {"event_type":"conference.floor.changed","call_control_id":"v3:jJTeGP9-4VM1m-a2J7cvFW4S9s3gRQfK1NR9y8s_-sw5Rhukdz_Thg","direction":null} 
[2026-05-05 02:16:32] production.INFO: Unhandled voice event {"event_type":"conference.floor.changed"} 
[2026-05-05 02:16:32] production.ERROR: Call command failed: hangup {"call_control_id":"v3:yyS_-M-Lspnxd1K2Df5mXaCXpywesQNv_hFJE-2DRYupMySxx8svKQ","status":422,"error":{"errors":[{"code":"90018","title":"Call has already ended","detail":"This call is no longer active and can't receive commands."}]}} 
[2026-05-05 02:16:32] production.WARNING: Admin hung up before joining conference — no other admins ringing, triggering voicemail {"incoming_call_control_id":"v3:jJTeGP9-4VM1m-a2J7cvFW4S9s3gRQfK1NR9y8s_-sw5Rhukdz_Thg","call_log_id":926} 
[2026-05-05 02:16:32] production.INFO: Telnyx voice webhook received {"event_type":"call.unhold","call_control_id":"v3:2PEPApyQxapOW0VuP9vSPZwP85iPW0P6IChe7poxfMmnijcWGatArw","direction":null} 
[2026-05-05 02:16:32] production.INFO: Unhandled voice event {"event_type":"call.unhold"} 
[2026-05-05 02:16:32] production.INFO: Telnyx voice webhook received {"event_type":"conference.created","call_control_id":"v3:jJTeGP9-4VM1m-a2J7cvFW4S9s3gRQfK1NR9y8s_-sw5Rhukdz_Thg","direction":null} 
[2026-05-05 02:16:32] production.INFO: Unhandled voice event {"event_type":"conference.created"} 
[2026-05-05 02:16:33] production.INFO: Call command sent: playback_stop {"call_control_id":"v3:jJTeGP9-4VM1m-a2J7cvFW4S9s3gRQfK1NR9y8s_-sw5Rhukdz_Thg","result":"ok"} 
[2026-05-05 02:16:33] production.INFO: Playing voicemail IVR menu {"call_control_id":"v3:jJTeGP9-4VM1m-a2J7cvFW4S9s3gRQfK1NR9y8s_-sw5Rhukdz_Thg","call_log_id":926,"ivr_prompt":"<speak version=\"1.0\" xml:lang=\"en-US\">GS Construction is not available right now. Press 2 to send a text on your behalf so the GS Crew knows to call you back ASAP or stay on the line to leave a voicemail.<break time=\"400ms\"/></speak>","is_known_caller":false} 
[2026-05-05 02:16:33] production.INFO: Telnyx voice webhook received {"event_type":"call.hangup","call_control_id":"v3:2PEPApyQxapOW0VuP9vSPZwP85iPW0P6IChe7poxfMmnijcWGatArw","direction":null} 
[2026-05-05 02:16:33] production.INFO: Telnyx voice webhook received {"event_type":"conference.participant.joined","call_control_id":"v3:jJTeGP9-4VM1m-a2J7cvFW4S9s3gRQfK1NR9y8s_-sw5Rhukdz_Thg","direction":null} 
[2026-05-05 02:16:33] production.INFO: Unhandled voice event {"event_type":"conference.participant.joined"} 
[2026-05-05 02:16:33] production.INFO: Call command sent: gather_using_speak {"call_control_id":"v3:jJTeGP9-4VM1m-a2J7cvFW4S9s3gRQfK1NR9y8s_-sw5Rhukdz_Thg","result":"ok"} 
[2026-05-05 02:16:33] production.INFO: Telnyx voice webhook received {"event_type":"conference.ended","call_control_id":"v3:2PEPApyQxapOW0VuP9vSPZwP85iPW0P6IChe7poxfMmnijcWGatArw","direction":null} 
[2026-05-05 02:16:33] production.INFO: Unhandled voice event {"event_type":"conference.ended"} 
[2026-05-05 02:16:33] production.INFO: Telnyx voice webhook received {"event_type":"conference.participant.left","call_control_id":"v3:2PEPApyQxapOW0VuP9vSPZwP85iPW0P6IChe7poxfMmnijcWGatArw","direction":null} 
[2026-05-05 02:16:33] production.INFO: Unhandled voice event {"event_type":"conference.participant.left"} 
[2026-05-05 02:16:34] production.INFO: Telnyx voice webhook received {"event_type":"call.speak.started","call_control_id":"v3:jJTeGP9-4VM1m-a2J7cvFW4S9s3gRQfK1NR9y8s_-sw5Rhukdz_Thg","direction":null} 
[2026-05-05 02:16:34] production.INFO: TTS speak started {"call_control_id":"v3:jJTeGP9-4VM1m-a2J7cvFW4S9s3gRQfK1NR9y8s_-sw5Rhukdz_Thg"} 
[2026-05-05 02:16:43] production.INFO: Telnyx voice webhook received {"event_type":"call.dtmf.received","call_control_id":"v3:jJTeGP9-4VM1m-a2J7cvFW4S9s3gRQfK1NR9y8s_-sw5Rhukdz_Thg","direction":null} 
[2026-05-05 02:16:43] production.INFO: DTMF received {"call_control_id":"v3:jJTeGP9-4VM1m-a2J7cvFW4S9s3gRQfK1NR9y8s_-sw5Rhukdz_Thg","digit":"2"} 
[2026-05-05 02:16:43] production.INFO: Telnyx voice webhook received {"event_type":"call.speak.ended","call_control_id":"v3:jJTeGP9-4VM1m-a2J7cvFW4S9s3gRQfK1NR9y8s_-sw5Rhukdz_Thg","direction":null} 
[2026-05-05 02:16:43] production.INFO: handleCallSpeakEnded ENTRY {"call_control_id":"v3:jJTeGP9-4VM1m-a2J7cvFW4S9s3gRQfK1NR9y8s_-sw5Rhukdz_Thg","action":"voicemail_ivr_menu","client_state":{"action":"voicemail_ivr_menu","call_log_id":926,"original_caller":"+18472123894","is_known_caller":false,"retry_count":0},"client_state_raw_present":true} 
[2026-05-05 02:16:43] production.INFO: Telnyx voice webhook received {"event_type":"call.gather.ended","call_control_id":"v3:jJTeGP9-4VM1m-a2J7cvFW4S9s3gRQfK1NR9y8s_-sw5Rhukdz_Thg","direction":null} 
[2026-05-05 02:16:43] production.INFO: IVR gather ended {"call_control_id":"v3:jJTeGP9-4VM1m-a2J7cvFW4S9s3gRQfK1NR9y8s_-sw5Rhukdz_Thg","digits":"2","call_log_id":926} 
[2026-05-05 02:16:43] production.INFO: IVR: caller pressed 2 — sending SMS {"call_control_id":"v3:jJTeGP9-4VM1m-a2J7cvFW4S9s3gRQfK1NR9y8s_-sw5Rhukdz_Thg","caller_number":"+18472123894"} 
[2026-05-05 02:16:44] production.INFO: Callback SMS sent to caller {"caller_number":"+18472123894","from":"+12247354200"} 
[2026-05-05 02:16:44] production.INFO: Auto-created new thread for inbound message {"thread_id":226,"from":"+18472123894","to":"+12247354200","client_id":null} 
[2026-05-05 02:16:44] production.INFO: Callback message created in SMS system {"call_log_id":926,"caller_number":"+18472123894","thread_id":226,"message_id":41717} 
[2026-05-05 02:16:44] production.INFO: Call command sent: speak {"call_control_id":"v3:jJTeGP9-4VM1m-a2J7cvFW4S9s3gRQfK1NR9y8s_-sw5Rhukdz_Thg","result":"ok"} 
[2026-05-05 02:16:44] production.INFO: Telnyx webhook received {"event_type":"message.sent","message_id":"40319df5-ec67-48b1-9d59-128f0babb0b1"} 
[2026-05-05 02:16:44] production.INFO: Message sent {"id":"40319df5-ec67-48b1-9d59-128f0babb0b1","to":"+18472123894","from":"+12247354200"} 
[2026-05-05 02:16:45] production.INFO: Telnyx webhook received {"event_type":"message.finalized","message_id":"40319df5-ec67-48b1-9d59-128f0babb0b1"} 
[2026-05-05 02:16:45] production.INFO: Message finalized {"id":"40319df5-ec67-48b1-9d59-128f0babb0b1","to":"+18472123894","status":"delivered"} 
[2026-05-05 02:16:45] production.INFO: Telnyx voice webhook received {"event_type":"call.speak.started","call_control_id":"v3:jJTeGP9-4VM1m-a2J7cvFW4S9s3gRQfK1NR9y8s_-sw5Rhukdz_Thg","direction":null} 
[2026-05-05 02:16:45] production.INFO: TTS speak started {"call_control_id":"v3:jJTeGP9-4VM1m-a2J7cvFW4S9s3gRQfK1NR9y8s_-sw5Rhukdz_Thg"} 
[2026-05-05 02:16:45] production.DEBUG: Push notification delivered {"endpoint":"https://web.push.apple.com/QDkJcfxcMRPW4uLNUaYZ21nDUMJHCJ-cyja1FMQcNEv6qKbL-ec_s…","status":201} 
[2026-05-05 02:16:45] production.DEBUG: Push notification delivered {"endpoint":"https://fcm.googleapis.com/fcm/send/cYR-NIq4nms:APA91bEppjWa7ZIrYxviNuWljHyZ7qnu…","status":201} 
[2026-05-05 02:16:45] production.DEBUG: Push notification delivered {"endpoint":"https://wns2-by3p.notify.windows.com/w/?token=BQYAAACU%2bKDb9Gyej4KtbEbQJBisasbB…","status":201,"wns_status":"received","wns_msg_id":"2CF5C7F6A3E47F7","wns_debug":"BY3PEPF0000E9CD","content_encoding":"aes128gcm","response_body":""} 
[2026-05-05 02:16:46] production.DEBUG: Push notification delivered {"endpoint":"https://wns2-ch1p.notify.windows.com/w/?token=BQYAAAAQe2hvIFkElPQKFh5BKOEEEpIVqW…","status":201,"wns_status":"received","wns_msg_id":"34D00C036033AD7F","wns_debug":"CH1PEPF00006F55","content_encoding":"aes128gcm","response_body":""} 
[2026-05-05 02:16:46] production.DEBUG: Push notification delivered {"endpoint":"https://web.push.apple.com/QJnqrnzJg9xule8bhPY8CE20AFCRYEqQblM8TaB0eTcRZ7HDySHVw…","status":201} 
[2026-05-05 02:16:52] production.INFO: Telnyx voice webhook received {"event_type":"call.speak.ended","call_control_id":"v3:jJTeGP9-4VM1m-a2J7cvFW4S9s3gRQfK1NR9y8s_-sw5Rhukdz_Thg","direction":null} 
[2026-05-05 02:16:52] production.INFO: handleCallSpeakEnded ENTRY {"call_control_id":"v3:jJTeGP9-4VM1m-a2J7cvFW4S9s3gRQfK1NR9y8s_-sw5Rhukdz_Thg","action":"ivr_sms_confirmation","client_state":{"action":"ivr_sms_confirmation","call_log_id":926},"client_state_raw_present":true} 
[2026-05-05 02:16:52] production.INFO: IVR SMS confirmation done — hanging up {"call_control_id":"v3:jJTeGP9-4VM1m-a2J7cvFW4S9s3gRQfK1NR9y8s_-sw5Rhukdz_Thg","call_log_id":926} 
[2026-05-05 02:16:53] production.INFO: Call command sent: hangup {"call_control_id":"v3:jJTeGP9-4VM1m-a2J7cvFW4S9s3gRQfK1NR9y8s_-sw5Rhukdz_Thg","result":"ok"} 
[2026-05-05 02:16:53] production.INFO: Telnyx voice webhook received {"event_type":"call.hangup","call_control_id":"v3:jJTeGP9-4VM1m-a2J7cvFW4S9s3gRQfK1NR9y8s_-sw5Rhukdz_Thg","direction":null} 
[2026-05-05 02:16:53] production.INFO: Call ended {"call_control_id":"v3:jJTeGP9-4VM1m-a2J7cvFW4S9s3gRQfK1NR9y8s_-sw5Rhukdz_Thg","status":"missed","hangup_cause":"normal_clearing","duration":32.335782} 
[2026-05-05 02:16:53] production.INFO: Telnyx voice webhook received {"event_type":"conference.participant.left","call_control_id":"v3:jJTeGP9-4VM1m-a2J7cvFW4S9s3gRQfK1NR9y8s_-sw5Rhukdz_Thg","direction":null} 
[2026-05-05 02:16:53] production.INFO: Unhandled voice event {"event_type":"conference.participant.left"} 
[2026-05-05 02:16:53] production.INFO: Telnyx voice webhook received {"event_type":"conference.ended","call_control_id":"v3:jJTeGP9-4VM1m-a2J7cvFW4S9s3gRQfK1NR9y8s_-sw5Rhukdz_Thg","direction":null} 
[2026-05-05 02:16:53] production.INFO: Unhandled voice event {"event_type":"conference.ended"} 
[2026-05-05 02:16:59] production.INFO: Telnyx voice webhook received {"event_type":"call.initiated","call_control_id":"v3:aBXIpiuL6KszEcbJn6AKG2qDHK_Xxze5MN6A2zWUk0Lwb7HXFpEDRA","direction":"incoming"} 
[2026-05-05 02:16:59] production.INFO: Incoming call - answering {"call_control_id":"v3:aBXIpiuL6KszEcbJn6AKG2qDHK_Xxze5MN6A2zWUk0Lwb7HXFpEDRA","from":"+18472123894","to":"+12247354200","caller_user_id":null,"caller_name":"GRZEGORZ SZADY"} 
[2026-05-05 02:17:00] production.INFO: Call command sent: answer {"call_control_id":"v3:aBXIpiuL6KszEcbJn6AKG2qDHK_Xxze5MN6A2zWUk0Lwb7HXFpEDRA","result":"ok"} 
[2026-05-05 02:17:00] production.INFO: Telnyx voice webhook received {"event_type":"call.answered","call_control_id":"v3:aBXIpiuL6KszEcbJn6AKG2qDHK_Xxze5MN6A2zWUk0Lwb7HXFpEDRA","direction":null} 
[2026-05-05 02:17:00] production.INFO: Playing welcome TTS and dialing admins simultaneously {"call_control_id":"v3:aBXIpiuL6KszEcbJn6AKG2qDHK_Xxze5MN6A2zWUk0Lwb7HXFpEDRA","tts":"<speak version=\"1.0\" xml:lang=\"en-US\">Good evening, thanks for calling GS Construction! One moment while we connect you to the GS Crew.<break time=\"400ms\"/></speak>","is_known_caller":false} 
[2026-05-05 02:17:00] production.INFO: Call command sent: speak {"call_control_id":"v3:aBXIpiuL6KszEcbJn6AKG2qDHK_Xxze5MN6A2zWUk0Lwb7HXFpEDRA","result":"ok"} 
[2026-05-05 02:17:01] production.INFO: Dialed admin {"admin_user_id":1,"admin_name":"Patryk Szady","phone":"+12249993880","admin_call_control_id":"v3:2_zsj8mwBu1dQAVF94wptshLpKO7-dT_gZZE0QTrq7gy9mgReI12dQ"} 
[2026-05-05 02:17:01] production.INFO: Telnyx voice webhook received {"event_type":"call.initiated","call_control_id":"v3:2_zsj8mwBu1dQAVF94wptshLpKO7-dT_gZZE0QTrq7gy9mgReI12dQ","direction":"outgoing"} 
[2026-05-05 02:17:01] production.INFO: Outbound call initiated {"call_control_id":"v3:2_zsj8mwBu1dQAVF94wptshLpKO7-dT_gZZE0QTrq7gy9mgReI12dQ","to":"+12249993880"} 
[2026-05-05 02:17:01] production.INFO: Telnyx voice webhook received {"event_type":"call.speak.started","call_control_id":"v3:aBXIpiuL6KszEcbJn6AKG2qDHK_Xxze5MN6A2zWUk0Lwb7HXFpEDRA","direction":null} 
[2026-05-05 02:17:01] production.INFO: TTS speak started {"call_control_id":"v3:aBXIpiuL6KszEcbJn6AKG2qDHK_Xxze5MN6A2zWUk0Lwb7HXFpEDRA"} 
[2026-05-05 02:17:02] production.DEBUG: Push notification delivered {"endpoint":"https://web.push.apple.com/QDkJcfxcMRPW4uLNUaYZ21nDUMJHCJ-cyja1FMQcNEv6qKbL-ec_s…","status":201} 
[2026-05-05 02:17:02] production.DEBUG: Push notification delivered {"endpoint":"https://fcm.googleapis.com/fcm/send/cYR-NIq4nms:APA91bEppjWa7ZIrYxviNuWljHyZ7qnu…","status":201} 
[2026-05-05 02:17:02] production.DEBUG: Push notification delivered {"endpoint":"https://wns2-by3p.notify.windows.com/w/?token=BQYAAACU%2bKDb9Gyej4KtbEbQJBisasbB…","status":201,"wns_status":"received","wns_msg_id":"6CE9C5843FBF933E","wns_debug":"BY3PEPF000195AA","content_encoding":"aes128gcm","response_body":""} 
[2026-05-05 02:17:02] production.DEBUG: Push notification delivered {"endpoint":"https://web.push.apple.com/QDkJcfxcMRPW4uLNUaYZ21nDUMJHCJ-cyja1FMQcNEv6qKbL-ec_s…","status":201} 
[2026-05-05 02:17:02] production.DEBUG: Push notification delivered {"endpoint":"https://fcm.googleapis.com/fcm/send/cYR-NIq4nms:APA91bEppjWa7ZIrYxviNuWljHyZ7qnu…","status":201} 
[2026-05-05 02:17:02] production.DEBUG: Push notification delivered {"endpoint":"https://wns2-by3p.notify.windows.com/w/?token=BQYAAACU%2bKDb9Gyej4KtbEbQJBisasbB…","status":201,"wns_status":"received","wns_msg_id":"127B95531CEFF40F","wns_debug":"BY3PEPF000197CF","content_encoding":"aes128gcm","response_body":""} 
[2026-05-05 02:17:03] production.INFO: Telnyx voice webhook received {"event_type":"call.answered","call_control_id":"v3:2_zsj8mwBu1dQAVF94wptshLpKO7-dT_gZZE0QTrq7gy9mgReI12dQ","direction":null} 
[2026-05-05 02:17:03] production.INFO: Playing admin screening prompt {"admin_call_control_id":"v3:2_zsj8mwBu1dQAVF94wptshLpKO7-dT_gZZE0QTrq7gy9mgReI12dQ","call_log_id":927,"admin_user_id":1,"is_late_answerer":false,"caller_label":"GRZEGORZ SZADY"} 
[2026-05-05 02:17:04] production.INFO: Call command sent: speak {"call_control_id":"v3:2_zsj8mwBu1dQAVF94wptshLpKO7-dT_gZZE0QTrq7gy9mgReI12dQ","result":"ok"} 
[2026-05-05 02:17:04] production.INFO: Telnyx voice webhook received {"event_type":"call.speak.started","call_control_id":"v3:2_zsj8mwBu1dQAVF94wptshLpKO7-dT_gZZE0QTrq7gy9mgReI12dQ","direction":null} 
[2026-05-05 02:17:04] production.INFO: TTS speak started {"call_control_id":"v3:2_zsj8mwBu1dQAVF94wptshLpKO7-dT_gZZE0QTrq7gy9mgReI12dQ"} 
[2026-05-05 02:17:08] production.INFO: Telnyx voice webhook received {"event_type":"call.speak.ended","call_control_id":"v3:aBXIpiuL6KszEcbJn6AKG2qDHK_Xxze5MN6A2zWUk0Lwb7HXFpEDRA","direction":null} 
[2026-05-05 02:17:08] production.INFO: handleCallSpeakEnded ENTRY {"call_control_id":"v3:aBXIpiuL6KszEcbJn6AKG2qDHK_Xxze5MN6A2zWUk0Lwb7HXFpEDRA","action":"welcome_done","client_state":{"action":"welcome_done","call_log_id":927,"original_caller":"+18472123894"},"client_state_raw_present":true} 
[2026-05-05 02:17:08] production.INFO: TTS completed — no admin answered yet, playing ringback {"call_control_id":"v3:aBXIpiuL6KszEcbJn6AKG2qDHK_Xxze5MN6A2zWUk0Lwb7HXFpEDRA","call_log_id":927} 
[2026-05-05 02:17:09] production.INFO: Call command sent: playback_start {"call_control_id":"v3:aBXIpiuL6KszEcbJn6AKG2qDHK_Xxze5MN6A2zWUk0Lwb7HXFpEDRA","result":"ok"} 
[2026-05-05 02:17:09] production.INFO: Telnyx voice webhook received {"event_type":"call.playback.started","call_control_id":"v3:aBXIpiuL6KszEcbJn6AKG2qDHK_Xxze5MN6A2zWUk0Lwb7HXFpEDRA","direction":null} 
[2026-05-05 02:17:09] production.INFO: Unhandled voice event {"event_type":"call.playback.started"} 
[2026-05-05 02:17:10] production.INFO: Telnyx voice webhook received {"event_type":"call.speak.ended","call_control_id":"v3:2_zsj8mwBu1dQAVF94wptshLpKO7-dT_gZZE0QTrq7gy9mgReI12dQ","direction":null} 
[2026-05-05 02:17:10] production.INFO: handleCallSpeakEnded ENTRY {"call_control_id":"v3:2_zsj8mwBu1dQAVF94wptshLpKO7-dT_gZZE0QTrq7gy9mgReI12dQ","action":"admin_screen_done","client_state":{"action":"admin_screen_done","call_log_id":927,"incoming_call_control_id":"v3:aBXIpiuL6KszEcbJn6AKG2qDHK_Xxze5MN6A2zWUk0Lwb7HXFpEDRA","admin_user_id":1,"conference_id":null},"client_state_raw_present":true} 
[2026-05-05 02:17:10] production.INFO: First admin answered — bridging without prompt {"admin_call_control_id":"v3:2_zsj8mwBu1dQAVF94wptshLpKO7-dT_gZZE0QTrq7gy9mgReI12dQ","incoming_call_control_id":"v3:aBXIpiuL6KszEcbJn6AKG2qDHK_Xxze5MN6A2zWUk0Lwb7HXFpEDRA","call_log_id":927,"admin_user_id":1} 
[2026-05-05 02:17:10] production.INFO: Creating conference with caller as first participant {"call_log_id":927,"conference_name":"call_927_6af4670c","incoming_call_control_id":"v3:aBXIpiuL6KszEcbJn6AKG2qDHK_Xxze5MN6A2zWUk0Lwb7HXFpEDRA","admin_call_control_id":"v3:2_zsj8mwBu1dQAVF94wptshLpKO7-dT_gZZE0QTrq7gy9mgReI12dQ","admin_user_id":1} 
[2026-05-05 02:17:11] production.INFO: Call command sent: playback_stop {"call_control_id":"v3:aBXIpiuL6KszEcbJn6AKG2qDHK_Xxze5MN6A2zWUk0Lwb7HXFpEDRA","result":"ok"} 
[2026-05-05 02:17:11] production.INFO: Telnyx voice webhook received {"event_type":"call.playback.ended","call_control_id":"v3:aBXIpiuL6KszEcbJn6AKG2qDHK_Xxze5MN6A2zWUk0Lwb7HXFpEDRA","direction":null} 
[2026-05-05 02:17:11] production.INFO: Call command sent: playback_start {"call_control_id":"v3:aBXIpiuL6KszEcbJn6AKG2qDHK_Xxze5MN6A2zWUk0Lwb7HXFpEDRA","result":"ok"} 
[2026-05-05 02:17:11] production.INFO: Call command sent: playback_stop {"call_control_id":"v3:2_zsj8mwBu1dQAVF94wptshLpKO7-dT_gZZE0QTrq7gy9mgReI12dQ","result":"ok"} 
[2026-05-05 02:17:11] production.INFO: Telnyx voice webhook received {"event_type":"call.playback.started","call_control_id":"v3:aBXIpiuL6KszEcbJn6AKG2qDHK_Xxze5MN6A2zWUk0Lwb7HXFpEDRA","direction":null} 
[2026-05-05 02:17:11] production.INFO: Unhandled voice event {"event_type":"call.playback.started"} 
[2026-05-05 02:17:11] production.INFO: Conference created {"name":"call_927_6af4670c","conference_id":"72aab583-115e-477f-8ac5-69e1f003bb8a","beneficiary_call_control_id":"v3:aBXIpiuL6KszEcbJn6AKG2qDHK_Xxze5MN6A2zWUk0Lwb7HXFpEDRA"} 
[2026-05-05 02:17:12] production.INFO: Telnyx voice webhook received {"event_type":"call.playback.ended","call_control_id":"v3:aBXIpiuL6KszEcbJn6AKG2qDHK_Xxze5MN6A2zWUk0Lwb7HXFpEDRA","direction":null} 
[2026-05-05 02:17:12] production.INFO: Telnyx voice webhook received {"event_type":"conference.floor.changed","call_control_id":"v3:aBXIpiuL6KszEcbJn6AKG2qDHK_Xxze5MN6A2zWUk0Lwb7HXFpEDRA","direction":null} 
[2026-05-05 02:17:12] production.INFO: Unhandled voice event {"event_type":"conference.floor.changed"} 
[2026-05-05 02:17:12] production.INFO: Telnyx voice webhook received {"event_type":"call.hangup","call_control_id":"v3:2_zsj8mwBu1dQAVF94wptshLpKO7-dT_gZZE0QTrq7gy9mgReI12dQ","direction":null} 
[2026-05-05 02:17:12] production.INFO: Joined conference {"conference_id":"72aab583-115e-477f-8ac5-69e1f003bb8a","call_control_id":"v3:2_zsj8mwBu1dQAVF94wptshLpKO7-dT_gZZE0QTrq7gy9mgReI12dQ"} 
[2026-05-05 02:17:12] production.INFO: Telnyx voice webhook received {"event_type":"conference.created","call_control_id":"v3:aBXIpiuL6KszEcbJn6AKG2qDHK_Xxze5MN6A2zWUk0Lwb7HXFpEDRA","direction":null} 
[2026-05-05 02:17:12] production.INFO: Unhandled voice event {"event_type":"conference.created"} 
[2026-05-05 02:17:12] production.INFO: Telnyx voice webhook received {"event_type":"conference.participant.joined","call_control_id":"v3:aBXIpiuL6KszEcbJn6AKG2qDHK_Xxze5MN6A2zWUk0Lwb7HXFpEDRA","direction":null} 
[2026-05-05 02:17:12] production.INFO: Unhandled voice event {"event_type":"conference.participant.joined"} 
[2026-05-05 02:17:12] production.INFO: Telnyx voice webhook received {"event_type":"conference.participant.joined","call_control_id":"v3:2_zsj8mwBu1dQAVF94wptshLpKO7-dT_gZZE0QTrq7gy9mgReI12dQ","direction":null} 
[2026-05-05 02:17:12] production.INFO: Unhandled voice event {"event_type":"conference.participant.joined"} 
[2026-05-05 02:17:12] production.INFO: Telnyx voice webhook received {"event_type":"conference.participant.left","call_control_id":"v3:2_zsj8mwBu1dQAVF94wptshLpKO7-dT_gZZE0QTrq7gy9mgReI12dQ","direction":null} 
[2026-05-05 02:17:12] production.INFO: Unhandled voice event {"event_type":"conference.participant.left"} 
[2026-05-05 02:17:44] production.INFO: Telnyx voice webhook received {"event_type":"call.hangup","call_control_id":"v3:aBXIpiuL6KszEcbJn6AKG2qDHK_Xxze5MN6A2zWUk0Lwb7HXFpEDRA","direction":null} 
[2026-05-05 02:17:44] production.INFO: Call ended {"call_control_id":"v3:aBXIpiuL6KszEcbJn6AKG2qDHK_Xxze5MN6A2zWUk0Lwb7HXFpEDRA","status":"completed","hangup_cause":"normal_clearing","duration":44.3685} 
[2026-05-05 02:17:44] production.INFO: Telnyx voice webhook received {"event_type":"conference.ended","call_control_id":"v3:aBXIpiuL6KszEcbJn6AKG2qDHK_Xxze5MN6A2zWUk0Lwb7HXFpEDRA","direction":null} 
[2026-05-05 02:17:44] production.INFO: Unhandled voice event {"event_type":"conference.ended"} 
[2026-05-05 02:17:44] production.INFO: Telnyx voice webhook received {"event_type":"conference.participant.left","call_control_id":"v3:aBXIpiuL6KszEcbJn6AKG2qDHK_Xxze5MN6A2zWUk0Lwb7HXFpEDRA","direction":null} 
[2026-05-05 02:17:44] production.INFO: Unhandled voice event {"event_type":"conference.participant.left"} 
[2026-05-05 02:17:46] production.INFO: Telnyx voice webhook received {"event_type":"call.initiated","call_control_id":"v3:I9-Be_V1l8V0pBiL37CQD_Ix9pxLvpiXaeSyuHEzH4pQ7l0fzCqi2w","direction":"incoming"} 
[2026-05-05 02:17:46] production.INFO: Incoming call - answering {"call_control_id":"v3:I9-Be_V1l8V0pBiL37CQD_Ix9pxLvpiXaeSyuHEzH4pQ7l0fzCqi2w","from":"+18472123894","to":"+12247354200","caller_user_id":null,"caller_name":"GRZEGORZ SZADY"} 
[2026-05-05 02:17:46] production.INFO: Call command sent: answer {"call_control_id":"v3:I9-Be_V1l8V0pBiL37CQD_Ix9pxLvpiXaeSyuHEzH4pQ7l0fzCqi2w","result":"ok"} 
[2026-05-05 02:17:47] production.INFO: Telnyx voice webhook received {"event_type":"call.answered","call_control_id":"v3:I9-Be_V1l8V0pBiL37CQD_Ix9pxLvpiXaeSyuHEzH4pQ7l0fzCqi2w","direction":null} 
[2026-05-05 02:17:47] production.INFO: Playing welcome TTS and dialing admins simultaneously {"call_control_id":"v3:I9-Be_V1l8V0pBiL37CQD_Ix9pxLvpiXaeSyuHEzH4pQ7l0fzCqi2w","tts":"<speak version=\"1.0\" xml:lang=\"en-US\">Good evening, thanks for calling GS Construction! One moment while we connect you to the GS Crew.<break time=\"400ms\"/></speak>","is_known_caller":false} 
[2026-05-05 02:17:47] production.INFO: Call command sent: speak {"call_control_id":"v3:I9-Be_V1l8V0pBiL37CQD_Ix9pxLvpiXaeSyuHEzH4pQ7l0fzCqi2w","result":"ok"} 
[2026-05-05 02:17:47] production.DEBUG: Push notification delivered {"endpoint":"https://web.push.apple.com/QDkJcfxcMRPW4uLNUaYZ21nDUMJHCJ-cyja1FMQcNEv6qKbL-ec_s…","status":201} 
[2026-05-05 02:17:47] production.DEBUG: Push notification delivered {"endpoint":"https://fcm.googleapis.com/fcm/send/cYR-NIq4nms:APA91bEppjWa7ZIrYxviNuWljHyZ7qnu…","status":201} 
[2026-05-05 02:17:47] production.DEBUG: Push notification delivered {"endpoint":"https://wns2-by3p.notify.windows.com/w/?token=BQYAAACU%2bKDb9Gyej4KtbEbQJBisasbB…","status":201,"wns_status":"received","wns_msg_id":"B203A317C092F5","wns_debug":"BY3PEPF0000E96F","content_encoding":"aes128gcm","response_body":""} 
[2026-05-05 02:17:48] production.INFO: Dialed admin {"admin_user_id":1,"admin_name":"Patryk Szady","phone":"+12249993880","admin_call_control_id":"v3:UYNfeUHfAGuCTF0KvDobHh46csKO3XnPmhbviaXyVkUkB9Ad71nsbQ"} 
[2026-05-05 02:17:48] production.INFO: Telnyx voice webhook received {"event_type":"call.initiated","call_control_id":"v3:UYNfeUHfAGuCTF0KvDobHh46csKO3XnPmhbviaXyVkUkB9Ad71nsbQ","direction":"outgoing"} 
[2026-05-05 02:17:48] production.INFO: Outbound call initiated {"call_control_id":"v3:UYNfeUHfAGuCTF0KvDobHh46csKO3XnPmhbviaXyVkUkB9Ad71nsbQ","to":"+12249993880"} 
[2026-05-05 02:17:48] production.DEBUG: Push notification delivered {"endpoint":"https://web.push.apple.com/QDkJcfxcMRPW4uLNUaYZ21nDUMJHCJ-cyja1FMQcNEv6qKbL-ec_s…","status":201} 
[2026-05-05 02:17:48] production.DEBUG: Push notification delivered {"endpoint":"https://fcm.googleapis.com/fcm/send/cYR-NIq4nms:APA91bEppjWa7ZIrYxviNuWljHyZ7qnu…","status":201} 
[2026-05-05 02:17:48] production.DEBUG: Push notification delivered {"endpoint":"https://wns2-by3p.notify.windows.com/w/?token=BQYAAACU%2bKDb9Gyej4KtbEbQJBisasbB…","status":201,"wns_status":"received","wns_msg_id":"6D9D5F8E44AF44AC","wns_debug":"BY3PEPF0001AADE","content_encoding":"aes128gcm","response_body":""} 
[2026-05-05 02:17:48] production.INFO: Telnyx voice webhook received {"event_type":"call.speak.started","call_control_id":"v3:I9-Be_V1l8V0pBiL37CQD_Ix9pxLvpiXaeSyuHEzH4pQ7l0fzCqi2w","direction":null} 
[2026-05-05 02:17:48] production.INFO: TTS speak started {"call_control_id":"v3:I9-Be_V1l8V0pBiL37CQD_Ix9pxLvpiXaeSyuHEzH4pQ7l0fzCqi2w"} 
[2026-05-05 02:17:50] production.INFO: Telnyx voice webhook received {"event_type":"call.answered","call_control_id":"v3:UYNfeUHfAGuCTF0KvDobHh46csKO3XnPmhbviaXyVkUkB9Ad71nsbQ","direction":null} 
[2026-05-05 02:17:50] production.INFO: Playing admin screening prompt {"admin_call_control_id":"v3:UYNfeUHfAGuCTF0KvDobHh46csKO3XnPmhbviaXyVkUkB9Ad71nsbQ","call_log_id":928,"admin_user_id":1,"is_late_answerer":false,"caller_label":"GRZEGORZ SZADY"} 
[2026-05-05 02:17:50] production.INFO: Call command sent: speak {"call_control_id":"v3:UYNfeUHfAGuCTF0KvDobHh46csKO3XnPmhbviaXyVkUkB9Ad71nsbQ","result":"ok"} 
[2026-05-05 02:17:51] production.INFO: Telnyx voice webhook received {"event_type":"call.speak.started","call_control_id":"v3:UYNfeUHfAGuCTF0KvDobHh46csKO3XnPmhbviaXyVkUkB9Ad71nsbQ","direction":null} 
[2026-05-05 02:17:51] production.INFO: TTS speak started {"call_control_id":"v3:UYNfeUHfAGuCTF0KvDobHh46csKO3XnPmhbviaXyVkUkB9Ad71nsbQ"} 
[2026-05-05 02:17:55] production.INFO: Telnyx voice webhook received {"event_type":"call.speak.ended","call_control_id":"v3:I9-Be_V1l8V0pBiL37CQD_Ix9pxLvpiXaeSyuHEzH4pQ7l0fzCqi2w","direction":null} 
[2026-05-05 02:17:55] production.INFO: handleCallSpeakEnded ENTRY {"call_control_id":"v3:I9-Be_V1l8V0pBiL37CQD_Ix9pxLvpiXaeSyuHEzH4pQ7l0fzCqi2w","action":"welcome_done","client_state":{"action":"welcome_done","call_log_id":928,"original_caller":"+18472123894"},"client_state_raw_present":true} 
[2026-05-05 02:17:55] production.INFO: TTS completed — no admin answered yet, playing ringback {"call_control_id":"v3:I9-Be_V1l8V0pBiL37CQD_Ix9pxLvpiXaeSyuHEzH4pQ7l0fzCqi2w","call_log_id":928} 
[2026-05-05 02:17:55] production.INFO: Call command sent: playback_start {"call_control_id":"v3:I9-Be_V1l8V0pBiL37CQD_Ix9pxLvpiXaeSyuHEzH4pQ7l0fzCqi2w","result":"ok"} 
[2026-05-05 02:17:55] production.INFO: Telnyx voice webhook received {"event_type":"call.hangup","call_control_id":"v3:UYNfeUHfAGuCTF0KvDobHh46csKO3XnPmhbviaXyVkUkB9Ad71nsbQ","direction":null} 
[2026-05-05 02:17:55] production.INFO: Telnyx voice webhook received {"event_type":"call.speak.ended","call_control_id":"v3:UYNfeUHfAGuCTF0KvDobHh46csKO3XnPmhbviaXyVkUkB9Ad71nsbQ","direction":null} 
[2026-05-05 02:17:55] production.INFO: handleCallSpeakEnded ENTRY {"call_control_id":"v3:UYNfeUHfAGuCTF0KvDobHh46csKO3XnPmhbviaXyVkUkB9Ad71nsbQ","action":"admin_screen_done","client_state":{"action":"admin_screen_done","call_log_id":928,"incoming_call_control_id":"v3:I9-Be_V1l8V0pBiL37CQD_Ix9pxLvpiXaeSyuHEzH4pQ7l0fzCqi2w","admin_user_id":1,"conference_id":null},"client_state_raw_present":true} 
[2026-05-05 02:17:55] production.INFO: First admin answered — bridging without prompt {"admin_call_control_id":"v3:UYNfeUHfAGuCTF0KvDobHh46csKO3XnPmhbviaXyVkUkB9Ad71nsbQ","incoming_call_control_id":"v3:I9-Be_V1l8V0pBiL37CQD_Ix9pxLvpiXaeSyuHEzH4pQ7l0fzCqi2w","call_log_id":928,"admin_user_id":1} 
[2026-05-05 02:17:55] production.INFO: Creating conference with caller as first participant {"call_log_id":928,"conference_name":"call_928_a114c319","incoming_call_control_id":"v3:I9-Be_V1l8V0pBiL37CQD_Ix9pxLvpiXaeSyuHEzH4pQ7l0fzCqi2w","admin_call_control_id":"v3:UYNfeUHfAGuCTF0KvDobHh46csKO3XnPmhbviaXyVkUkB9Ad71nsbQ","admin_user_id":1} 
[2026-05-05 02:17:55] production.INFO: Telnyx voice webhook received {"event_type":"call.playback.started","call_control_id":"v3:I9-Be_V1l8V0pBiL37CQD_Ix9pxLvpiXaeSyuHEzH4pQ7l0fzCqi2w","direction":null} 
[2026-05-05 02:17:55] production.INFO: Unhandled voice event {"event_type":"call.playback.started"} 
[2026-05-05 02:17:55] production.INFO: Call command sent: playback_stop {"call_control_id":"v3:I9-Be_V1l8V0pBiL37CQD_Ix9pxLvpiXaeSyuHEzH4pQ7l0fzCqi2w","result":"ok"} 
[2026-05-05 02:17:55] production.INFO: Telnyx voice webhook received {"event_type":"call.playback.ended","call_control_id":"v3:I9-Be_V1l8V0pBiL37CQD_Ix9pxLvpiXaeSyuHEzH4pQ7l0fzCqi2w","direction":null} 
[2026-05-05 02:17:56] production.ERROR: Call command failed: playback_stop {"call_control_id":"v3:UYNfeUHfAGuCTF0KvDobHh46csKO3XnPmhbviaXyVkUkB9Ad71nsbQ","status":422,"error":{"errors":[{"code":"90018","title":"Call has already ended","detail":"This call is no longer active and can't receive commands."}]}} 
[2026-05-05 02:17:56] production.INFO: Call command sent: playback_start {"call_control_id":"v3:I9-Be_V1l8V0pBiL37CQD_Ix9pxLvpiXaeSyuHEzH4pQ7l0fzCqi2w","result":"ok"} 
[2026-05-05 02:17:56] production.INFO: Telnyx voice webhook received {"event_type":"call.playback.ended","call_control_id":"v3:I9-Be_V1l8V0pBiL37CQD_Ix9pxLvpiXaeSyuHEzH4pQ7l0fzCqi2w","direction":null} 
[2026-05-05 02:17:56] production.INFO: Call command sent: playback_start {"call_control_id":"v3:I9-Be_V1l8V0pBiL37CQD_Ix9pxLvpiXaeSyuHEzH4pQ7l0fzCqi2w","result":"ok"} 
[2026-05-05 02:17:56] production.INFO: Conference created {"name":"call_928_a114c319","conference_id":"0295b6bc-5ae9-4af7-bff1-08b2036da1f9","beneficiary_call_control_id":"v3:I9-Be_V1l8V0pBiL37CQD_Ix9pxLvpiXaeSyuHEzH4pQ7l0fzCqi2w"} 
[2026-05-05 02:17:56] production.INFO: Telnyx voice webhook received {"event_type":"conference.floor.changed","call_control_id":"v3:I9-Be_V1l8V0pBiL37CQD_Ix9pxLvpiXaeSyuHEzH4pQ7l0fzCqi2w","direction":null} 
[2026-05-05 02:17:56] production.INFO: Unhandled voice event {"event_type":"conference.floor.changed"} 
[2026-05-05 02:17:56] production.INFO: Telnyx voice webhook received {"event_type":"call.playback.started","call_control_id":"v3:I9-Be_V1l8V0pBiL37CQD_Ix9pxLvpiXaeSyuHEzH4pQ7l0fzCqi2w","direction":null} 
[2026-05-05 02:17:56] production.INFO: Unhandled voice event {"event_type":"call.playback.started"} 
[2026-05-05 02:17:56] production.INFO: Telnyx voice webhook received {"event_type":"call.playback.ended","call_control_id":"v3:I9-Be_V1l8V0pBiL37CQD_Ix9pxLvpiXaeSyuHEzH4pQ7l0fzCqi2w","direction":null} 
[2026-05-05 02:17:56] production.ERROR: Conference join failed {"conference_id":"0295b6bc-5ae9-4af7-bff1-08b2036da1f9","call_control_id":"v3:UYNfeUHfAGuCTF0KvDobHh46csKO3XnPmhbviaXyVkUkB9Ad71nsbQ","status":422,"error":{"errors":[{"code":"90018","title":"Call has already ended","detail":"This call is no longer active and can't receive commands."}]}} 
[2026-05-05 02:17:56] production.ERROR: Failed to join admin to fresh conference {"admin_call_control_id":"v3:UYNfeUHfAGuCTF0KvDobHh46csKO3XnPmhbviaXyVkUkB9Ad71nsbQ","conference_id":"0295b6bc-5ae9-4af7-bff1-08b2036da1f9"} 
[2026-05-05 02:17:56] production.ERROR: Call command failed: hangup {"call_control_id":"v3:UYNfeUHfAGuCTF0KvDobHh46csKO3XnPmhbviaXyVkUkB9Ad71nsbQ","status":422,"error":{"errors":[{"code":"90018","title":"Call has already ended","detail":"This call is no longer active and can't receive commands."}]}} 
[2026-05-05 02:17:56] production.WARNING: Admin hung up before joining conference — no other admins ringing, triggering voicemail {"incoming_call_control_id":"v3:I9-Be_V1l8V0pBiL37CQD_Ix9pxLvpiXaeSyuHEzH4pQ7l0fzCqi2w","call_log_id":928} 
[2026-05-05 02:17:57] production.INFO: Telnyx voice webhook received {"event_type":"conference.participant.joined","call_control_id":"v3:I9-Be_V1l8V0pBiL37CQD_Ix9pxLvpiXaeSyuHEzH4pQ7l0fzCqi2w","direction":null} 
[2026-05-05 02:17:57] production.INFO: Unhandled voice event {"event_type":"conference.participant.joined"} 
[2026-05-05 02:17:57] production.INFO: Telnyx voice webhook received {"event_type":"conference.created","call_control_id":"v3:I9-Be_V1l8V0pBiL37CQD_Ix9pxLvpiXaeSyuHEzH4pQ7l0fzCqi2w","direction":null} 
[2026-05-05 02:17:57] production.INFO: Unhandled voice event {"event_type":"conference.created"} 
[2026-05-05 02:17:57] production.INFO: Call command sent: playback_stop {"call_control_id":"v3:I9-Be_V1l8V0pBiL37CQD_Ix9pxLvpiXaeSyuHEzH4pQ7l0fzCqi2w","result":"ok"} 
[2026-05-05 02:17:57] production.INFO: Playing voicemail IVR menu {"call_control_id":"v3:I9-Be_V1l8V0pBiL37CQD_Ix9pxLvpiXaeSyuHEzH4pQ7l0fzCqi2w","call_log_id":928,"ivr_prompt":"<speak version=\"1.0\" xml:lang=\"en-US\">GS Construction is not available right now. Press 2 to send a text on your behalf so the GS Crew knows to call you back ASAP or stay on the line to leave a voicemail.<break time=\"400ms\"/></speak>","is_known_caller":false} 
[2026-05-05 02:17:57] production.INFO: Call command sent: gather_using_speak {"call_control_id":"v3:I9-Be_V1l8V0pBiL37CQD_Ix9pxLvpiXaeSyuHEzH4pQ7l0fzCqi2w","result":"ok"} 
[2026-05-05 02:17:58] production.INFO: Telnyx voice webhook received {"event_type":"call.speak.started","call_control_id":"v3:I9-Be_V1l8V0pBiL37CQD_Ix9pxLvpiXaeSyuHEzH4pQ7l0fzCqi2w","direction":null} 
[2026-05-05 02:17:58] production.INFO: TTS speak started {"call_control_id":"v3:I9-Be_V1l8V0pBiL37CQD_Ix9pxLvpiXaeSyuHEzH4pQ7l0fzCqi2w"} 
[2026-05-05 02:18:09] production.INFO: Telnyx voice webhook received {"event_type":"call.speak.ended","call_control_id":"v3:I9-Be_V1l8V0pBiL37CQD_Ix9pxLvpiXaeSyuHEzH4pQ7l0fzCqi2w","direction":null} 
[2026-05-05 02:18:09] production.INFO: handleCallSpeakEnded ENTRY {"call_control_id":"v3:I9-Be_V1l8V0pBiL37CQD_Ix9pxLvpiXaeSyuHEzH4pQ7l0fzCqi2w","action":"voicemail_ivr_menu","client_state":{"action":"voicemail_ivr_menu","call_log_id":928,"original_caller":"+18472123894","is_known_caller":false,"retry_count":0},"client_state_raw_present":true} 
[2026-05-05 02:18:16] production.INFO: Telnyx voice webhook received {"event_type":"call.gather.ended","call_control_id":"v3:I9-Be_V1l8V0pBiL37CQD_Ix9pxLvpiXaeSyuHEzH4pQ7l0fzCqi2w","direction":null} 
[2026-05-05 02:18:16] production.INFO: IVR gather ended {"call_control_id":"v3:I9-Be_V1l8V0pBiL37CQD_Ix9pxLvpiXaeSyuHEzH4pQ7l0fzCqi2w","digits":"","call_log_id":928} 
[2026-05-05 02:18:16] production.INFO: IVR: no digit pressed — playing voicemail greeting {"call_control_id":"v3:I9-Be_V1l8V0pBiL37CQD_Ix9pxLvpiXaeSyuHEzH4pQ7l0fzCqi2w","call_log_id":928} 
[2026-05-05 02:18:17] production.INFO: Call command sent: speak {"call_control_id":"v3:I9-Be_V1l8V0pBiL37CQD_Ix9pxLvpiXaeSyuHEzH4pQ7l0fzCqi2w","result":"ok"} 
[2026-05-05 02:18:18] production.INFO: Telnyx voice webhook received {"event_type":"call.speak.started","call_control_id":"v3:I9-Be_V1l8V0pBiL37CQD_Ix9pxLvpiXaeSyuHEzH4pQ7l0fzCqi2w","direction":null} 
[2026-05-05 02:18:18] production.INFO: TTS speak started {"call_control_id":"v3:I9-Be_V1l8V0pBiL37CQD_Ix9pxLvpiXaeSyuHEzH4pQ7l0fzCqi2w"} 
[2026-05-05 02:18:22] production.INFO: Telnyx voice webhook received {"event_type":"call.speak.ended","call_control_id":"v3:I9-Be_V1l8V0pBiL37CQD_Ix9pxLvpiXaeSyuHEzH4pQ7l0fzCqi2w","direction":null} 
[2026-05-05 02:18:22] production.INFO: handleCallSpeakEnded ENTRY {"call_control_id":"v3:I9-Be_V1l8V0pBiL37CQD_Ix9pxLvpiXaeSyuHEzH4pQ7l0fzCqi2w","action":"voicemail_prompt_done","client_state":{"action":"voicemail_prompt_done","call_log_id":928},"client_state_raw_present":true} 
[2026-05-05 02:18:22] production.INFO: Voicemail prompt done — starting recording {"call_control_id":"v3:I9-Be_V1l8V0pBiL37CQD_Ix9pxLvpiXaeSyuHEzH4pQ7l0fzCqi2w"} 
[2026-05-05 02:18:22] production.INFO: Call command sent: record_start {"call_control_id":"v3:I9-Be_V1l8V0pBiL37CQD_Ix9pxLvpiXaeSyuHEzH4pQ7l0fzCqi2w","result":"ok"} 
[2026-05-05 02:18:26] production.INFO: Telnyx voice webhook received {"event_type":"call.transcription","call_control_id":"v3:I9-Be_V1l8V0pBiL37CQD_Ix9pxLvpiXaeSyuHEzH4pQ7l0fzCqi2w","direction":null} 
[2026-05-05 02:18:26] production.INFO: Unhandled voice event {"event_type":"call.transcription"} 
[2026-05-05 02:18:26] production.INFO: Telnyx voice webhook received {"event_type":"call.transcription","call_control_id":"v3:I9-Be_V1l8V0pBiL37CQD_Ix9pxLvpiXaeSyuHEzH4pQ7l0fzCqi2w","direction":null} 
[2026-05-05 02:18:26] production.INFO: Unhandled voice event {"event_type":"call.transcription"} 
[2026-05-05 02:18:26] production.INFO: Telnyx voice webhook received {"event_type":"call.transcription","call_control_id":"v3:I9-Be_V1l8V0pBiL37CQD_Ix9pxLvpiXaeSyuHEzH4pQ7l0fzCqi2w","direction":null} 
[2026-05-05 02:18:26] production.INFO: Unhandled voice event {"event_type":"call.transcription"} 
[2026-05-05 02:18:27] production.INFO: Telnyx voice webhook received {"event_type":"call.transcription","call_control_id":"v3:I9-Be_V1l8V0pBiL37CQD_Ix9pxLvpiXaeSyuHEzH4pQ7l0fzCqi2w","direction":null} 
[2026-05-05 02:18:27] production.INFO: Unhandled voice event {"event_type":"call.transcription"} 
[2026-05-05 02:18:27] production.INFO: Telnyx voice webhook received {"event_type":"call.transcription","call_control_id":"v3:I9-Be_V1l8V0pBiL37CQD_Ix9pxLvpiXaeSyuHEzH4pQ7l0fzCqi2w","direction":null} 
[2026-05-05 02:18:27] production.INFO: Unhandled voice event {"event_type":"call.transcription"} 
[2026-05-05 02:18:28] production.INFO: Telnyx voice webhook received {"event_type":"call.transcription","call_control_id":"v3:I9-Be_V1l8V0pBiL37CQD_Ix9pxLvpiXaeSyuHEzH4pQ7l0fzCqi2w","direction":null} 
[2026-05-05 02:18:28] production.INFO: Unhandled voice event {"event_type":"call.transcription"} 
[2026-05-05 02:18:28] production.INFO: Telnyx voice webhook received {"event_type":"call.transcription","call_control_id":"v3:I9-Be_V1l8V0pBiL37CQD_Ix9pxLvpiXaeSyuHEzH4pQ7l0fzCqi2w","direction":null} 
[2026-05-05 02:18:28] production.INFO: Unhandled voice event {"event_type":"call.transcription"} 
[2026-05-05 02:18:28] production.INFO: Telnyx voice webhook received {"event_type":"call.transcription","call_control_id":"v3:I9-Be_V1l8V0pBiL37CQD_Ix9pxLvpiXaeSyuHEzH4pQ7l0fzCqi2w","direction":null} 
[2026-05-05 02:18:28] production.INFO: Unhandled voice event {"event_type":"call.transcription"} 
[2026-05-05 02:18:28] production.INFO: Telnyx voice webhook received {"event_type":"call.transcription","call_control_id":"v3:I9-Be_V1l8V0pBiL37CQD_Ix9pxLvpiXaeSyuHEzH4pQ7l0fzCqi2w","direction":null} 
[2026-05-05 02:18:28] production.INFO: Unhandled voice event {"event_type":"call.transcription"} 
[2026-05-05 02:18:29] production.INFO: Telnyx voice webhook received {"event_type":"call.transcription","call_control_id":"v3:I9-Be_V1l8V0pBiL37CQD_Ix9pxLvpiXaeSyuHEzH4pQ7l0fzCqi2w","direction":null} 
[2026-05-05 02:18:29] production.INFO: Unhandled voice event {"event_type":"call.transcription"} 
[2026-05-05 02:18:30] production.INFO: Telnyx voice webhook received {"event_type":"conference.participant.left","call_control_id":"v3:I9-Be_V1l8V0pBiL37CQD_Ix9pxLvpiXaeSyuHEzH4pQ7l0fzCqi2w","direction":null} 
[2026-05-05 02:18:30] production.INFO: Unhandled voice event {"event_type":"conference.participant.left"} 
[2026-05-05 02:18:30] production.INFO: Telnyx voice webhook received {"event_type":"conference.ended","call_control_id":"v3:I9-Be_V1l8V0pBiL37CQD_Ix9pxLvpiXaeSyuHEzH4pQ7l0fzCqi2w","direction":null} 
[2026-05-05 02:18:30] production.INFO: Unhandled voice event {"event_type":"conference.ended"} 
[2026-05-05 02:18:35] production.INFO: Telnyx voice webhook received {"event_type":"call.hangup","call_control_id":"v3:I9-Be_V1l8V0pBiL37CQD_Ix9pxLvpiXaeSyuHEzH4pQ7l0fzCqi2w","direction":null} 
[2026-05-05 02:18:35] production.INFO: Voicemail call ended {"call_control_id":"v3:I9-Be_V1l8V0pBiL37CQD_Ix9pxLvpiXaeSyuHEzH4pQ7l0fzCqi2w","call_log_id":928} 
[2026-05-05 02:18:37] production.INFO: Telnyx voice webhook received {"event_type":"call.recording.saved","call_control_id":"v3:I9-Be_V1l8V0pBiL37CQD_Ix9pxLvpiXaeSyuHEzH4pQ7l0fzCqi2w","direction":null} 
[2026-05-05 02:18:37] production.INFO: Call recording saved {"call_control_id":"v3:I9-Be_V1l8V0pBiL37CQD_Ix9pxLvpiXaeSyuHEzH4pQ7l0fzCqi2w","recording_urls":{"mp3":"https://s3.amazonaws.com/telephony-recorder-prod/49566db4-02e9-44ab-813f-f71a0c0b49d7/2026-05-05/9b14b29e-4828-11f1-b0e5-02420aef31a1-1777947502811755.mp3?X-Amz-Algorithm=AWS4-HMAC-SHA256&X-Amz-Credential=AKIASDC5E2MJDPKMH7UW%2F20260505%2Fus-east-1%2Fs3%2Faws4_request&X-Amz-Date=20260505T021836Z&X-Amz-Expires=600&X-Amz-SignedHeaders=host&X-Amz-Signature=df76018fda6b317d8f2224d1fdfc28d263195d62bbfd3ba7d742c6acce2b939a"},"is_voicemail":true} 
[2026-05-05 02:18:38] production.INFO: Call recording stored locally {"call_log_id":928,"path":"call-recordings/2026/05/565ec5cc-2aef-4b35-b10f-adb886a5e499.mp3"} 
[2026-05-05 02:19:54] production.INFO: Telnyx webhook received {"event_type":"message.received","message_id":"71c7c2d4-cb15-4ea6-8de2-a459afe6b650"} 
[2026-05-05 02:19:54] production.INFO: Inbound SMS received {"id":"71c7c2d4-cb15-4ea6-8de2-a459afe6b650","from":"+18472123894","to":"+12247354200","all_to":["+12247354200"],"text":"Test","media_count":0,"type":"SMS"} 
[2026-05-05 02:19:56] production.DEBUG: Push notification delivered {"endpoint":"https://web.push.apple.com/QDkJcfxcMRPW4uLNUaYZ21nDUMJHCJ-cyja1FMQcNEv6qKbL-ec_s…","status":201} 
[2026-05-05 02:19:56] production.DEBUG: Push notification delivered {"endpoint":"https://fcm.googleapis.com/fcm/send/cYR-NIq4nms:APA91bEppjWa7ZIrYxviNuWljHyZ7qnu…","status":201} 
[2026-05-05 02:19:56] production.DEBUG: Push notification delivered {"endpoint":"https://wns2-by3p.notify.windows.com/w/?token=BQYAAACU%2bKDb9Gyej4KtbEbQJBisasbB…","status":201,"wns_status":"received","wns_msg_id":"3B350FC04D14E648","wns_debug":"BY3PEPF000197E5","content_encoding":"aes128gcm","response_body":""} 
[2026-05-05 02:19:57] production.DEBUG: Push notification delivered {"endpoint":"https://wns2-ch1p.notify.windows.com/w/?token=BQYAAAAQe2hvIFkElPQKFh5BKOEEEpIVqW…","status":201,"wns_status":"received","wns_msg_id":"28AB39F05D7A38EB","wns_debug":"CH1PEPF00006E8A","content_encoding":"aes128gcm","response_body":""} 
[2026-05-05 02:19:57] production.DEBUG: Push notification delivered {"endpoint":"https://web.push.apple.com/QJnqrnzJg9xule8bhPY8CE20AFCRYEqQblM8TaB0eTcRZ7HDySHVw…","status":201} 
[2026-05-05 02:42:07] production.INFO: Telnyx voice webhook received {"event_type":"call.initiated","call_control_id":"v3:VPqif77LM_S4yy8-Uy1y3dXmCuTtxCd0aK5Dx89FGI0kOFc5EBDlDg","direction":"incoming"} 
[2026-05-05 02:42:08] production.INFO: Incoming call - answering {"call_control_id":"v3:VPqif77LM_S4yy8-Uy1y3dXmCuTtxCd0aK5Dx89FGI0kOFc5EBDlDg","from":"+18472123894","to":"+12247354200","caller_user_id":null,"caller_name":"GRZEGORZ SZADY"} 
[2026-05-05 02:42:08] production.INFO: Call command sent: answer {"call_control_id":"v3:VPqif77LM_S4yy8-Uy1y3dXmCuTtxCd0aK5Dx89FGI0kOFc5EBDlDg","result":"ok"} 
[2026-05-05 02:42:08] production.INFO: Telnyx voice webhook received {"event_type":"call.answered","call_control_id":"v3:VPqif77LM_S4yy8-Uy1y3dXmCuTtxCd0aK5Dx89FGI0kOFc5EBDlDg","direction":null} 
[2026-05-05 02:42:08] production.INFO: Playing welcome TTS and dialing admins simultaneously {"call_control_id":"v3:VPqif77LM_S4yy8-Uy1y3dXmCuTtxCd0aK5Dx89FGI0kOFc5EBDlDg","tts":"<speak version=\"1.0\" xml:lang=\"en-US\">Good evening, thanks for calling GS Construction! One moment while we connect you to the GS Crew.<break time=\"400ms\"/></speak>","is_known_caller":false} 
[2026-05-05 02:42:09] production.INFO: Call command sent: speak {"call_control_id":"v3:VPqif77LM_S4yy8-Uy1y3dXmCuTtxCd0aK5Dx89FGI0kOFc5EBDlDg","result":"ok"} 
[2026-05-05 02:42:09] production.DEBUG: Push notification delivered {"endpoint":"https://web.push.apple.com/QDkJcfxcMRPW4uLNUaYZ21nDUMJHCJ-cyja1FMQcNEv6qKbL-ec_s…","status":201} 
[2026-05-05 02:42:09] production.DEBUG: Push notification delivered {"endpoint":"https://fcm.googleapis.com/fcm/send/cYR-NIq4nms:APA91bEppjWa7ZIrYxviNuWljHyZ7qnu…","status":201} 
[2026-05-05 02:42:09] production.DEBUG: Push notification delivered {"endpoint":"https://wns2-by3p.notify.windows.com/w/?token=BQYAAACU%2bKDb9Gyej4KtbEbQJBisasbB…","status":201,"wns_status":"received","wns_msg_id":"46F224FF4E65172B","wns_debug":"BY3PEPF0000E98A","content_encoding":"aes128gcm","response_body":""} 
[2026-05-05 02:42:09] production.DEBUG: Push notification delivered {"endpoint":"https://web.push.apple.com/QDkJcfxcMRPW4uLNUaYZ21nDUMJHCJ-cyja1FMQcNEv6qKbL-ec_s…","status":201} 
[2026-05-05 02:42:09] production.DEBUG: Push notification delivered {"endpoint":"https://fcm.googleapis.com/fcm/send/cYR-NIq4nms:APA91bEppjWa7ZIrYxviNuWljHyZ7qnu…","status":201} 
[2026-05-05 02:42:09] production.DEBUG: Push notification delivered {"endpoint":"https://wns2-by3p.notify.windows.com/w/?token=BQYAAACU%2bKDb9Gyej4KtbEbQJBisasbB…","status":201,"wns_status":"received","wns_msg_id":"46D9BB721E3A3511","wns_debug":"BY3PEPF0000FF2C","content_encoding":"aes128gcm","response_body":""} 
[2026-05-05 02:42:09] production.INFO: Dialed admin {"admin_user_id":1,"admin_name":"Patryk Szady","phone":"+12249993880","admin_call_control_id":"v3:oTefHmS96zMgQWbUxzNaB-y8SR-l49CxFyWLuY6WZ1Xljs0h_uGfoA"} 
[2026-05-05 02:42:09] production.INFO: Telnyx voice webhook received {"event_type":"call.initiated","call_control_id":"v3:oTefHmS96zMgQWbUxzNaB-y8SR-l49CxFyWLuY6WZ1Xljs0h_uGfoA","direction":"outgoing"} 
[2026-05-05 02:42:09] production.INFO: Outbound call initiated {"call_control_id":"v3:oTefHmS96zMgQWbUxzNaB-y8SR-l49CxFyWLuY6WZ1Xljs0h_uGfoA","to":"+12249993880"} 
[2026-05-05 02:42:10] production.INFO: Telnyx voice webhook received {"event_type":"call.speak.started","call_control_id":"v3:VPqif77LM_S4yy8-Uy1y3dXmCuTtxCd0aK5Dx89FGI0kOFc5EBDlDg","direction":null} 
[2026-05-05 02:42:10] production.INFO: TTS speak started {"call_control_id":"v3:VPqif77LM_S4yy8-Uy1y3dXmCuTtxCd0aK5Dx89FGI0kOFc5EBDlDg"} 
[2026-05-05 02:42:13] production.INFO: Telnyx voice webhook received {"event_type":"call.answered","call_control_id":"v3:oTefHmS96zMgQWbUxzNaB-y8SR-l49CxFyWLuY6WZ1Xljs0h_uGfoA","direction":null} 
[2026-05-05 02:42:13] production.INFO: Playing admin screening prompt {"admin_call_control_id":"v3:oTefHmS96zMgQWbUxzNaB-y8SR-l49CxFyWLuY6WZ1Xljs0h_uGfoA","call_log_id":929,"admin_user_id":1,"is_late_answerer":false,"caller_label":"GRZEGORZ SZADY"} 
[2026-05-05 02:42:13] production.INFO: Call command sent: speak {"call_control_id":"v3:oTefHmS96zMgQWbUxzNaB-y8SR-l49CxFyWLuY6WZ1Xljs0h_uGfoA","result":"ok"} 
[2026-05-05 02:42:14] production.INFO: Telnyx voice webhook received {"event_type":"call.speak.started","call_control_id":"v3:oTefHmS96zMgQWbUxzNaB-y8SR-l49CxFyWLuY6WZ1Xljs0h_uGfoA","direction":null} 
[2026-05-05 02:42:14] production.INFO: TTS speak started {"call_control_id":"v3:oTefHmS96zMgQWbUxzNaB-y8SR-l49CxFyWLuY6WZ1Xljs0h_uGfoA"} 
[2026-05-05 02:42:17] production.INFO: Telnyx voice webhook received {"event_type":"call.speak.ended","call_control_id":"v3:VPqif77LM_S4yy8-Uy1y3dXmCuTtxCd0aK5Dx89FGI0kOFc5EBDlDg","direction":null} 
[2026-05-05 02:42:17] production.INFO: handleCallSpeakEnded ENTRY {"call_control_id":"v3:VPqif77LM_S4yy8-Uy1y3dXmCuTtxCd0aK5Dx89FGI0kOFc5EBDlDg","action":"welcome_done","client_state":{"action":"welcome_done","call_log_id":929,"original_caller":"+18472123894"},"client_state_raw_present":true} 
[2026-05-05 02:42:17] production.INFO: TTS completed — no admin answered yet, playing ringback {"call_control_id":"v3:VPqif77LM_S4yy8-Uy1y3dXmCuTtxCd0aK5Dx89FGI0kOFc5EBDlDg","call_log_id":929} 
[2026-05-05 02:42:17] production.INFO: Call command sent: playback_start {"call_control_id":"v3:VPqif77LM_S4yy8-Uy1y3dXmCuTtxCd0aK5Dx89FGI0kOFc5EBDlDg","result":"ok"} 
[2026-05-05 02:42:17] production.INFO: Telnyx voice webhook received {"event_type":"call.playback.started","call_control_id":"v3:VPqif77LM_S4yy8-Uy1y3dXmCuTtxCd0aK5Dx89FGI0kOFc5EBDlDg","direction":null} 
[2026-05-05 02:42:17] production.INFO: Unhandled voice event {"event_type":"call.playback.started"} 
[2026-05-05 02:42:20] production.INFO: Telnyx voice webhook received {"event_type":"call.speak.ended","call_control_id":"v3:oTefHmS96zMgQWbUxzNaB-y8SR-l49CxFyWLuY6WZ1Xljs0h_uGfoA","direction":null} 
[2026-05-05 02:42:20] production.INFO: handleCallSpeakEnded ENTRY {"call_control_id":"v3:oTefHmS96zMgQWbUxzNaB-y8SR-l49CxFyWLuY6WZ1Xljs0h_uGfoA","action":"admin_screen_done","client_state":{"action":"admin_screen_done","call_log_id":929,"incoming_call_control_id":"v3:VPqif77LM_S4yy8-Uy1y3dXmCuTtxCd0aK5Dx89FGI0kOFc5EBDlDg","admin_user_id":1,"conference_id":null},"client_state_raw_present":true} 
[2026-05-05 02:42:20] production.INFO: First admin answered — bridging without prompt {"admin_call_control_id":"v3:oTefHmS96zMgQWbUxzNaB-y8SR-l49CxFyWLuY6WZ1Xljs0h_uGfoA","incoming_call_control_id":"v3:VPqif77LM_S4yy8-Uy1y3dXmCuTtxCd0aK5Dx89FGI0kOFc5EBDlDg","call_log_id":929,"admin_user_id":1} 
[2026-05-05 02:42:20] production.INFO: Creating conference with caller as first participant {"call_log_id":929,"conference_name":"call_929_f639c0bf","incoming_call_control_id":"v3:VPqif77LM_S4yy8-Uy1y3dXmCuTtxCd0aK5Dx89FGI0kOFc5EBDlDg","admin_call_control_id":"v3:oTefHmS96zMgQWbUxzNaB-y8SR-l49CxFyWLuY6WZ1Xljs0h_uGfoA","admin_user_id":1} 
[2026-05-05 02:42:20] production.INFO: Call command sent: playback_stop {"call_control_id":"v3:VPqif77LM_S4yy8-Uy1y3dXmCuTtxCd0aK5Dx89FGI0kOFc5EBDlDg","result":"ok"} 
[2026-05-05 02:42:20] production.INFO: Telnyx voice webhook received {"event_type":"call.playback.ended","call_control_id":"v3:VPqif77LM_S4yy8-Uy1y3dXmCuTtxCd0aK5Dx89FGI0kOFc5EBDlDg","direction":null} 
[2026-05-05 02:42:20] production.INFO: Call command sent: playback_stop {"call_control_id":"v3:oTefHmS96zMgQWbUxzNaB-y8SR-l49CxFyWLuY6WZ1Xljs0h_uGfoA","result":"ok"} 
[2026-05-05 02:42:21] production.INFO: Call command sent: playback_start {"call_control_id":"v3:VPqif77LM_S4yy8-Uy1y3dXmCuTtxCd0aK5Dx89FGI0kOFc5EBDlDg","result":"ok"} 
[2026-05-05 02:42:21] production.INFO: Telnyx voice webhook received {"event_type":"call.playback.ended","call_control_id":"v3:VPqif77LM_S4yy8-Uy1y3dXmCuTtxCd0aK5Dx89FGI0kOFc5EBDlDg","direction":null} 
[2026-05-05 02:42:21] production.INFO: Call command sent: playback_start {"call_control_id":"v3:VPqif77LM_S4yy8-Uy1y3dXmCuTtxCd0aK5Dx89FGI0kOFc5EBDlDg","result":"ok"} 
[2026-05-05 02:42:21] production.INFO: Conference created {"name":"call_929_f639c0bf","conference_id":"21e24885-18d6-456d-a8f9-0a7e46709c76","beneficiary_call_control_id":"v3:VPqif77LM_S4yy8-Uy1y3dXmCuTtxCd0aK5Dx89FGI0kOFc5EBDlDg"} 
[2026-05-05 02:42:21] production.INFO: Telnyx voice webhook received {"event_type":"call.playback.ended","call_control_id":"v3:VPqif77LM_S4yy8-Uy1y3dXmCuTtxCd0aK5Dx89FGI0kOFc5EBDlDg","direction":null} 
[2026-05-05 02:42:21] production.INFO: Telnyx voice webhook received {"event_type":"conference.floor.changed","call_control_id":"v3:VPqif77LM_S4yy8-Uy1y3dXmCuTtxCd0aK5Dx89FGI0kOFc5EBDlDg","direction":null} 
[2026-05-05 02:42:21] production.INFO: Unhandled voice event {"event_type":"conference.floor.changed"} 
[2026-05-05 02:42:21] production.INFO: Joined conference {"conference_id":"21e24885-18d6-456d-a8f9-0a7e46709c76","call_control_id":"v3:oTefHmS96zMgQWbUxzNaB-y8SR-l49CxFyWLuY6WZ1Xljs0h_uGfoA"} 
[2026-05-05 02:42:21] production.INFO: Telnyx voice webhook received {"event_type":"conference.created","call_control_id":"v3:VPqif77LM_S4yy8-Uy1y3dXmCuTtxCd0aK5Dx89FGI0kOFc5EBDlDg","direction":null} 
[2026-05-05 02:42:21] production.INFO: Unhandled voice event {"event_type":"conference.created"} 
[2026-05-05 02:42:21] production.INFO: Telnyx voice webhook received {"event_type":"conference.participant.joined","call_control_id":"v3:VPqif77LM_S4yy8-Uy1y3dXmCuTtxCd0aK5Dx89FGI0kOFc5EBDlDg","direction":null} 
[2026-05-05 02:42:21] production.INFO: Unhandled voice event {"event_type":"conference.participant.joined"} 
[2026-05-05 02:42:22] production.INFO: Telnyx voice webhook received {"event_type":"conference.participant.joined","call_control_id":"v3:oTefHmS96zMgQWbUxzNaB-y8SR-l49CxFyWLuY6WZ1Xljs0h_uGfoA","direction":null} 
[2026-05-05 02:42:22] production.INFO: Unhandled voice event {"event_type":"conference.participant.joined"} 
[2026-05-05 02:42:22] production.INFO: Telnyx voice webhook received {"event_type":"conference.floor.changed","call_control_id":"v3:oTefHmS96zMgQWbUxzNaB-y8SR-l49CxFyWLuY6WZ1Xljs0h_uGfoA","direction":null} 
[2026-05-05 02:42:22] production.INFO: Unhandled voice event {"event_type":"conference.floor.changed"} 
[2026-05-05 02:42:22] production.INFO: Telnyx voice webhook received {"event_type":"conference.floor.changed","call_control_id":"v3:oTefHmS96zMgQWbUxzNaB-y8SR-l49CxFyWLuY6WZ1Xljs0h_uGfoA","direction":null} 
[2026-05-05 02:42:22] production.INFO: Unhandled voice event {"event_type":"conference.floor.changed"} 
[2026-05-05 02:42:25] production.INFO: Telnyx voice webhook received {"event_type":"conference.floor.changed","call_control_id":"v3:oTefHmS96zMgQWbUxzNaB-y8SR-l49CxFyWLuY6WZ1Xljs0h_uGfoA","direction":null} 
[2026-05-05 02:42:25] production.INFO: Unhandled voice event {"event_type":"conference.floor.changed"} 
[2026-05-05 02:42:26] production.INFO: Telnyx voice webhook received {"event_type":"call.hangup","call_control_id":"v3:VPqif77LM_S4yy8-Uy1y3dXmCuTtxCd0aK5Dx89FGI0kOFc5EBDlDg","direction":null} 
[2026-05-05 02:42:26] production.INFO: Call ended {"call_control_id":"v3:VPqif77LM_S4yy8-Uy1y3dXmCuTtxCd0aK5Dx89FGI0kOFc5EBDlDg","status":"completed","hangup_cause":"normal_clearing","duration":18.444578} 
[2026-05-05 02:42:26] production.INFO: Telnyx voice webhook received {"event_type":"conference.participant.left","call_control_id":"v3:VPqif77LM_S4yy8-Uy1y3dXmCuTtxCd0aK5Dx89FGI0kOFc5EBDlDg","direction":null} 
[2026-05-05 02:42:26] production.INFO: Unhandled voice event {"event_type":"conference.participant.left"} 
[2026-05-05 02:42:32] production.INFO: Telnyx voice webhook received {"event_type":"call.hangup","call_control_id":"v3:oTefHmS96zMgQWbUxzNaB-y8SR-l49CxFyWLuY6WZ1Xljs0h_uGfoA","direction":null} 
[2026-05-05 02:42:32] production.INFO: Telnyx voice webhook received {"event_type":"conference.ended","call_control_id":"v3:oTefHmS96zMgQWbUxzNaB-y8SR-l49CxFyWLuY6WZ1Xljs0h_uGfoA","direction":null} 
[2026-05-05 02:42:32] production.INFO: Unhandled voice event {"event_type":"conference.ended"} 
[2026-05-05 02:42:32] production.INFO: Telnyx voice webhook received {"event_type":"conference.participant.left","call_control_id":"v3:oTefHmS96zMgQWbUxzNaB-y8SR-l49CxFyWLuY6WZ1Xljs0h_uGfoA","direction":null} 
[2026-05-05 02:42:32] production.INFO: Unhandled voice event {"event_type":"conference.participant.left"} 
[2026-05-05 02:42:34] production.INFO: Telnyx voice webhook received {"event_type":"call.initiated","call_control_id":"v3:qaKWC7Ov82YtyYWV-1XxFwktKCJfWaY4mYskZ4XT6ipFlR6ynpHMmA","direction":"incoming"} 
[2026-05-05 02:42:34] production.INFO: Incoming call - answering {"call_control_id":"v3:qaKWC7Ov82YtyYWV-1XxFwktKCJfWaY4mYskZ4XT6ipFlR6ynpHMmA","from":"+18472123894","to":"+12247354200","caller_user_id":null,"caller_name":"GRZEGORZ SZADY"} 
[2026-05-05 02:42:34] production.INFO: Call command sent: answer {"call_control_id":"v3:qaKWC7Ov82YtyYWV-1XxFwktKCJfWaY4mYskZ4XT6ipFlR6ynpHMmA","result":"ok"} 
[2026-05-05 02:42:34] production.INFO: Telnyx voice webhook received {"event_type":"call.answered","call_control_id":"v3:qaKWC7Ov82YtyYWV-1XxFwktKCJfWaY4mYskZ4XT6ipFlR6ynpHMmA","direction":null} 
[2026-05-05 02:42:34] production.INFO: Playing welcome TTS and dialing admins simultaneously {"call_control_id":"v3:qaKWC7Ov82YtyYWV-1XxFwktKCJfWaY4mYskZ4XT6ipFlR6ynpHMmA","tts":"<speak version=\"1.0\" xml:lang=\"en-US\">Good evening, thanks for calling GS Construction! One moment while we connect you to the GS Crew.<break time=\"400ms\"/></speak>","is_known_caller":false} 
[2026-05-05 02:42:34] production.INFO: Call command sent: speak {"call_control_id":"v3:qaKWC7Ov82YtyYWV-1XxFwktKCJfWaY4mYskZ4XT6ipFlR6ynpHMmA","result":"ok"} 
[2026-05-05 02:42:35] production.INFO: Dialed admin {"admin_user_id":1,"admin_name":"Patryk Szady","phone":"+12249993880","admin_call_control_id":"v3:XsFOL5ayKv3Hwx9kt8KIDuEmLgpvQ346kGUAGpAq2iSrvktJel1HnA"} 
[2026-05-05 02:42:35] production.DEBUG: Push notification delivered {"endpoint":"https://web.push.apple.com/QDkJcfxcMRPW4uLNUaYZ21nDUMJHCJ-cyja1FMQcNEv6qKbL-ec_s…","status":201} 
[2026-05-05 02:42:35] production.DEBUG: Push notification delivered {"endpoint":"https://fcm.googleapis.com/fcm/send/cYR-NIq4nms:APA91bEppjWa7ZIrYxviNuWljHyZ7qnu…","status":201} 
[2026-05-05 02:42:35] production.DEBUG: Push notification delivered {"endpoint":"https://wns2-by3p.notify.windows.com/w/?token=BQYAAACU%2bKDb9Gyej4KtbEbQJBisasbB…","status":201,"wns_status":"received","wns_msg_id":"16F3FAA244EFD921","wns_debug":"BY3PEPF000197DC","content_encoding":"aes128gcm","response_body":""} 
[2026-05-05 02:42:35] production.INFO: Telnyx voice webhook received {"event_type":"call.initiated","call_control_id":"v3:XsFOL5ayKv3Hwx9kt8KIDuEmLgpvQ346kGUAGpAq2iSrvktJel1HnA","direction":"outgoing"} 
[2026-05-05 02:42:35] production.INFO: Outbound call initiated {"call_control_id":"v3:XsFOL5ayKv3Hwx9kt8KIDuEmLgpvQ346kGUAGpAq2iSrvktJel1HnA","to":"+12249993880"} 
[2026-05-05 02:42:35] production.INFO: Telnyx voice webhook received {"event_type":"call.speak.started","call_control_id":"v3:qaKWC7Ov82YtyYWV-1XxFwktKCJfWaY4mYskZ4XT6ipFlR6ynpHMmA","direction":null} 
[2026-05-05 02:42:35] production.INFO: TTS speak started {"call_control_id":"v3:qaKWC7Ov82YtyYWV-1XxFwktKCJfWaY4mYskZ4XT6ipFlR6ynpHMmA"} 
[2026-05-05 02:42:36] production.DEBUG: Push notification delivered {"endpoint":"https://web.push.apple.com/QDkJcfxcMRPW4uLNUaYZ21nDUMJHCJ-cyja1FMQcNEv6qKbL-ec_s…","status":201} 
[2026-05-05 02:42:36] production.DEBUG: Push notification delivered {"endpoint":"https://fcm.googleapis.com/fcm/send/cYR-NIq4nms:APA91bEppjWa7ZIrYxviNuWljHyZ7qnu…","status":201} 
[2026-05-05 02:42:36] production.DEBUG: Push notification delivered {"endpoint":"https://wns2-by3p.notify.windows.com/w/?token=BQYAAACU%2bKDb9Gyej4KtbEbQJBisasbB…","status":201,"wns_status":"received","wns_msg_id":"1148F2EB16FE1B1D","wns_debug":"BY3PEPF000197D1","content_encoding":"aes128gcm","response_body":""} 
[2026-05-05 02:42:37] production.INFO: Telnyx voice webhook received {"event_type":"call.answered","call_control_id":"v3:XsFOL5ayKv3Hwx9kt8KIDuEmLgpvQ346kGUAGpAq2iSrvktJel1HnA","direction":null} 
[2026-05-05 02:42:37] production.INFO: Playing admin screening prompt {"admin_call_control_id":"v3:XsFOL5ayKv3Hwx9kt8KIDuEmLgpvQ346kGUAGpAq2iSrvktJel1HnA","call_log_id":930,"admin_user_id":1,"is_late_answerer":false,"caller_label":"GRZEGORZ SZADY"} 
[2026-05-05 02:42:37] production.INFO: Call command sent: speak {"call_control_id":"v3:XsFOL5ayKv3Hwx9kt8KIDuEmLgpvQ346kGUAGpAq2iSrvktJel1HnA","result":"ok"} 
[2026-05-05 02:42:38] production.INFO: Telnyx voice webhook received {"event_type":"call.speak.started","call_control_id":"v3:XsFOL5ayKv3Hwx9kt8KIDuEmLgpvQ346kGUAGpAq2iSrvktJel1HnA","direction":null} 
[2026-05-05 02:42:38] production.INFO: TTS speak started {"call_control_id":"v3:XsFOL5ayKv3Hwx9kt8KIDuEmLgpvQ346kGUAGpAq2iSrvktJel1HnA"} 
[2026-05-05 02:42:42] production.INFO: Telnyx voice webhook received {"event_type":"call.speak.ended","call_control_id":"v3:qaKWC7Ov82YtyYWV-1XxFwktKCJfWaY4mYskZ4XT6ipFlR6ynpHMmA","direction":null} 
[2026-05-05 02:42:42] production.INFO: handleCallSpeakEnded ENTRY {"call_control_id":"v3:qaKWC7Ov82YtyYWV-1XxFwktKCJfWaY4mYskZ4XT6ipFlR6ynpHMmA","action":"welcome_done","client_state":{"action":"welcome_done","call_log_id":930,"original_caller":"+18472123894"},"client_state_raw_present":true} 
[2026-05-05 02:42:42] production.INFO: TTS completed — no admin answered yet, playing ringback {"call_control_id":"v3:qaKWC7Ov82YtyYWV-1XxFwktKCJfWaY4mYskZ4XT6ipFlR6ynpHMmA","call_log_id":930} 
[2026-05-05 02:42:42] production.INFO: Call command sent: playback_start {"call_control_id":"v3:qaKWC7Ov82YtyYWV-1XxFwktKCJfWaY4mYskZ4XT6ipFlR6ynpHMmA","result":"ok"} 
[2026-05-05 02:42:43] production.INFO: Telnyx voice webhook received {"event_type":"call.playback.started","call_control_id":"v3:qaKWC7Ov82YtyYWV-1XxFwktKCJfWaY4mYskZ4XT6ipFlR6ynpHMmA","direction":null} 
[2026-05-05 02:42:43] production.INFO: Unhandled voice event {"event_type":"call.playback.started"} 
[2026-05-05 02:42:44] production.INFO: Telnyx voice webhook received {"event_type":"call.speak.ended","call_control_id":"v3:XsFOL5ayKv3Hwx9kt8KIDuEmLgpvQ346kGUAGpAq2iSrvktJel1HnA","direction":null} 
[2026-05-05 02:42:44] production.INFO: handleCallSpeakEnded ENTRY {"call_control_id":"v3:XsFOL5ayKv3Hwx9kt8KIDuEmLgpvQ346kGUAGpAq2iSrvktJel1HnA","action":"admin_screen_done","client_state":{"action":"admin_screen_done","call_log_id":930,"incoming_call_control_id":"v3:qaKWC7Ov82YtyYWV-1XxFwktKCJfWaY4mYskZ4XT6ipFlR6ynpHMmA","admin_user_id":1,"conference_id":null},"client_state_raw_present":true} 
[2026-05-05 02:42:44] production.INFO: First admin answered — bridging without prompt {"admin_call_control_id":"v3:XsFOL5ayKv3Hwx9kt8KIDuEmLgpvQ346kGUAGpAq2iSrvktJel1HnA","incoming_call_control_id":"v3:qaKWC7Ov82YtyYWV-1XxFwktKCJfWaY4mYskZ4XT6ipFlR6ynpHMmA","call_log_id":930,"admin_user_id":1} 
[2026-05-05 02:42:44] production.INFO: Creating conference with caller as first participant {"call_log_id":930,"conference_name":"call_930_d8eb4dfd","incoming_call_control_id":"v3:qaKWC7Ov82YtyYWV-1XxFwktKCJfWaY4mYskZ4XT6ipFlR6ynpHMmA","admin_call_control_id":"v3:XsFOL5ayKv3Hwx9kt8KIDuEmLgpvQ346kGUAGpAq2iSrvktJel1HnA","admin_user_id":1} 
[2026-05-05 02:42:44] production.INFO: Call command sent: playback_stop {"call_control_id":"v3:qaKWC7Ov82YtyYWV-1XxFwktKCJfWaY4mYskZ4XT6ipFlR6ynpHMmA","result":"ok"} 
[2026-05-05 02:42:44] production.INFO: Telnyx voice webhook received {"event_type":"call.hangup","call_control_id":"v3:XsFOL5ayKv3Hwx9kt8KIDuEmLgpvQ346kGUAGpAq2iSrvktJel1HnA","direction":null} 
[2026-05-05 02:42:44] production.INFO: Telnyx voice webhook received {"event_type":"call.playback.ended","call_control_id":"v3:qaKWC7Ov82YtyYWV-1XxFwktKCJfWaY4mYskZ4XT6ipFlR6ynpHMmA","direction":null} 
[2026-05-05 02:42:44] production.ERROR: Call command failed: playback_stop {"call_control_id":"v3:XsFOL5ayKv3Hwx9kt8KIDuEmLgpvQ346kGUAGpAq2iSrvktJel1HnA","status":422,"error":{"errors":[{"code":"90018","title":"Call has already ended","detail":"This call is no longer active and can't receive commands."}]}} 
[2026-05-05 02:42:45] production.INFO: Call command sent: playback_start {"call_control_id":"v3:qaKWC7Ov82YtyYWV-1XxFwktKCJfWaY4mYskZ4XT6ipFlR6ynpHMmA","result":"ok"} 
[2026-05-05 02:42:45] production.INFO: Conference created {"name":"call_930_d8eb4dfd","conference_id":"784d5a5a-30a7-4878-b035-bd2e96eb2cba","beneficiary_call_control_id":"v3:qaKWC7Ov82YtyYWV-1XxFwktKCJfWaY4mYskZ4XT6ipFlR6ynpHMmA"} 
[2026-05-05 02:42:45] production.INFO: Telnyx voice webhook received {"event_type":"call.playback.started","call_control_id":"v3:qaKWC7Ov82YtyYWV-1XxFwktKCJfWaY4mYskZ4XT6ipFlR6ynpHMmA","direction":null} 
[2026-05-05 02:42:45] production.INFO: Unhandled voice event {"event_type":"call.playback.started"} 
[2026-05-05 02:42:45] production.ERROR: Conference join failed {"conference_id":"784d5a5a-30a7-4878-b035-bd2e96eb2cba","call_control_id":"v3:XsFOL5ayKv3Hwx9kt8KIDuEmLgpvQ346kGUAGpAq2iSrvktJel1HnA","status":422,"error":{"errors":[{"code":"90018","title":"Call has already ended","detail":"This call is no longer active and can't receive commands."}]}} 
[2026-05-05 02:42:45] production.ERROR: Failed to join admin to fresh conference {"admin_call_control_id":"v3:XsFOL5ayKv3Hwx9kt8KIDuEmLgpvQ346kGUAGpAq2iSrvktJel1HnA","conference_id":"784d5a5a-30a7-4878-b035-bd2e96eb2cba"} 
[2026-05-05 02:42:45] production.INFO: Telnyx voice webhook received {"event_type":"conference.floor.changed","call_control_id":"v3:qaKWC7Ov82YtyYWV-1XxFwktKCJfWaY4mYskZ4XT6ipFlR6ynpHMmA","direction":null} 
[2026-05-05 02:42:45] production.INFO: Unhandled voice event {"event_type":"conference.floor.changed"} 
[2026-05-05 02:42:45] production.INFO: Telnyx voice webhook received {"event_type":"call.playback.ended","call_control_id":"v3:qaKWC7Ov82YtyYWV-1XxFwktKCJfWaY4mYskZ4XT6ipFlR6ynpHMmA","direction":null} 
[2026-05-05 02:42:45] production.ERROR: Call command failed: hangup {"call_control_id":"v3:XsFOL5ayKv3Hwx9kt8KIDuEmLgpvQ346kGUAGpAq2iSrvktJel1HnA","status":422,"error":{"errors":[{"code":"90018","title":"Call has already ended","detail":"This call is no longer active and can't receive commands."}]}} 
[2026-05-05 02:42:45] production.WARNING: Admin hung up before joining conference — no other admins ringing, triggering voicemail {"incoming_call_control_id":"v3:qaKWC7Ov82YtyYWV-1XxFwktKCJfWaY4mYskZ4XT6ipFlR6ynpHMmA","call_log_id":930} 
[2026-05-05 02:42:45] production.INFO: Call command sent: playback_start {"call_control_id":"v3:qaKWC7Ov82YtyYWV-1XxFwktKCJfWaY4mYskZ4XT6ipFlR6ynpHMmA","result":"ok"} 
[2026-05-05 02:42:45] production.INFO: Telnyx voice webhook received {"event_type":"conference.participant.joined","call_control_id":"v3:qaKWC7Ov82YtyYWV-1XxFwktKCJfWaY4mYskZ4XT6ipFlR6ynpHMmA","direction":null} 
[2026-05-05 02:42:45] production.INFO: Unhandled voice event {"event_type":"conference.participant.joined"} 
[2026-05-05 02:42:45] production.INFO: Telnyx voice webhook received {"event_type":"conference.created","call_control_id":"v3:qaKWC7Ov82YtyYWV-1XxFwktKCJfWaY4mYskZ4XT6ipFlR6ynpHMmA","direction":null} 
[2026-05-05 02:42:45] production.INFO: Unhandled voice event {"event_type":"conference.created"} 
[2026-05-05 02:42:45] production.INFO: Telnyx voice webhook received {"event_type":"call.playback.ended","call_control_id":"v3:qaKWC7Ov82YtyYWV-1XxFwktKCJfWaY4mYskZ4XT6ipFlR6ynpHMmA","direction":null} 
[2026-05-05 02:42:45] production.INFO: Call command sent: playback_stop {"call_control_id":"v3:qaKWC7Ov82YtyYWV-1XxFwktKCJfWaY4mYskZ4XT6ipFlR6ynpHMmA","result":"ok"} 
[2026-05-05 02:42:45] production.INFO: Playing voicemail IVR menu {"call_control_id":"v3:qaKWC7Ov82YtyYWV-1XxFwktKCJfWaY4mYskZ4XT6ipFlR6ynpHMmA","call_log_id":930,"ivr_prompt":"<speak version=\"1.0\" xml:lang=\"en-US\">GS Construction is not available right now. Press 2 to send a text on your behalf so the GS Crew knows to call you back ASAP or stay on the line to leave a voicemail.<break time=\"400ms\"/></speak>","is_known_caller":false} 
[2026-05-05 02:42:46] production.INFO: Call command sent: gather_using_speak {"call_control_id":"v3:qaKWC7Ov82YtyYWV-1XxFwktKCJfWaY4mYskZ4XT6ipFlR6ynpHMmA","result":"ok"} 
[2026-05-05 02:42:46] production.INFO: Telnyx voice webhook received {"event_type":"call.speak.started","call_control_id":"v3:qaKWC7Ov82YtyYWV-1XxFwktKCJfWaY4mYskZ4XT6ipFlR6ynpHMmA","direction":null} 
[2026-05-05 02:42:46] production.INFO: TTS speak started {"call_control_id":"v3:qaKWC7Ov82YtyYWV-1XxFwktKCJfWaY4mYskZ4XT6ipFlR6ynpHMmA"} 
[2026-05-05 02:42:58] production.INFO: Telnyx voice webhook received {"event_type":"call.speak.ended","call_control_id":"v3:qaKWC7Ov82YtyYWV-1XxFwktKCJfWaY4mYskZ4XT6ipFlR6ynpHMmA","direction":null} 
[2026-05-05 02:42:58] production.INFO: handleCallSpeakEnded ENTRY {"call_control_id":"v3:qaKWC7Ov82YtyYWV-1XxFwktKCJfWaY4mYskZ4XT6ipFlR6ynpHMmA","action":"voicemail_ivr_menu","client_state":{"action":"voicemail_ivr_menu","call_log_id":930,"original_caller":"+18472123894","is_known_caller":false,"retry_count":0},"client_state_raw_present":true} 
[2026-05-05 02:43:00] production.INFO: Telnyx voice webhook received {"event_type":"call.gather.ended","call_control_id":"v3:qaKWC7Ov82YtyYWV-1XxFwktKCJfWaY4mYskZ4XT6ipFlR6ynpHMmA","direction":null} 
[2026-05-05 02:43:00] production.INFO: IVR gather ended {"call_control_id":"v3:qaKWC7Ov82YtyYWV-1XxFwktKCJfWaY4mYskZ4XT6ipFlR6ynpHMmA","digits":"","call_log_id":930} 
[2026-05-05 02:43:00] production.INFO: IVR: no digit pressed — playing voicemail greeting {"call_control_id":"v3:qaKWC7Ov82YtyYWV-1XxFwktKCJfWaY4mYskZ4XT6ipFlR6ynpHMmA","call_log_id":930} 
[2026-05-05 02:43:00] production.INFO: Call command sent: speak {"call_control_id":"v3:qaKWC7Ov82YtyYWV-1XxFwktKCJfWaY4mYskZ4XT6ipFlR6ynpHMmA","result":"ok"} 
[2026-05-05 02:43:01] production.INFO: Telnyx voice webhook received {"event_type":"call.speak.started","call_control_id":"v3:qaKWC7Ov82YtyYWV-1XxFwktKCJfWaY4mYskZ4XT6ipFlR6ynpHMmA","direction":null} 
[2026-05-05 02:43:01] production.INFO: TTS speak started {"call_control_id":"v3:qaKWC7Ov82YtyYWV-1XxFwktKCJfWaY4mYskZ4XT6ipFlR6ynpHMmA"} 
[2026-05-05 02:43:05] production.INFO: Telnyx voice webhook received {"event_type":"call.speak.ended","call_control_id":"v3:qaKWC7Ov82YtyYWV-1XxFwktKCJfWaY4mYskZ4XT6ipFlR6ynpHMmA","direction":null} 
[2026-05-05 02:43:05] production.INFO: handleCallSpeakEnded ENTRY {"call_control_id":"v3:qaKWC7Ov82YtyYWV-1XxFwktKCJfWaY4mYskZ4XT6ipFlR6ynpHMmA","action":"voicemail_prompt_done","client_state":{"action":"voicemail_prompt_done","call_log_id":930},"client_state_raw_present":true} 
[2026-05-05 02:43:05] production.INFO: Voicemail prompt done — starting recording {"call_control_id":"v3:qaKWC7Ov82YtyYWV-1XxFwktKCJfWaY4mYskZ4XT6ipFlR6ynpHMmA"} 
[2026-05-05 02:43:05] production.INFO: Call command sent: record_start {"call_control_id":"v3:qaKWC7Ov82YtyYWV-1XxFwktKCJfWaY4mYskZ4XT6ipFlR6ynpHMmA","result":"ok"} 
[2026-05-05 02:43:07] production.INFO: Telnyx voice webhook received {"event_type":"call.hangup","call_control_id":"v3:qaKWC7Ov82YtyYWV-1XxFwktKCJfWaY4mYskZ4XT6ipFlR6ynpHMmA","direction":null} 
[2026-05-05 02:43:07] production.INFO: Voicemail call ended {"call_control_id":"v3:qaKWC7Ov82YtyYWV-1XxFwktKCJfWaY4mYskZ4XT6ipFlR6ynpHMmA","call_log_id":930} 
[2026-05-05 02:43:07] production.INFO: Telnyx voice webhook received {"event_type":"conference.participant.left","call_control_id":"v3:qaKWC7Ov82YtyYWV-1XxFwktKCJfWaY4mYskZ4XT6ipFlR6ynpHMmA","direction":null} 
[2026-05-05 02:43:07] production.INFO: Unhandled voice event {"event_type":"conference.participant.left"} 
[2026-05-05 02:43:07] production.INFO: Telnyx voice webhook received {"event_type":"conference.ended","call_control_id":"v3:qaKWC7Ov82YtyYWV-1XxFwktKCJfWaY4mYskZ4XT6ipFlR6ynpHMmA","direction":null} 
[2026-05-05 02:43:07] production.INFO: Unhandled voice event {"event_type":"conference.ended"} 
[2026-05-05 02:43:10] production.INFO: Telnyx voice webhook received {"event_type":"call.initiated","call_control_id":"v3:3TQd9um3UuZmPnhXChRKEv00FqdoEz0yshkTL5v3DiWbiFXkrFYgyA","direction":"incoming"} 
[2026-05-05 02:43:10] production.INFO: Incoming call - answering {"call_control_id":"v3:3TQd9um3UuZmPnhXChRKEv00FqdoEz0yshkTL5v3DiWbiFXkrFYgyA","from":"+18472123894","to":"+12247354200","caller_user_id":null,"caller_name":"GRZEGORZ SZADY"} 
[2026-05-05 02:43:10] production.INFO: Call command sent: answer {"call_control_id":"v3:3TQd9um3UuZmPnhXChRKEv00FqdoEz0yshkTL5v3DiWbiFXkrFYgyA","result":"ok"} 
[2026-05-05 02:43:10] production.INFO: Telnyx voice webhook received {"event_type":"call.answered","call_control_id":"v3:3TQd9um3UuZmPnhXChRKEv00FqdoEz0yshkTL5v3DiWbiFXkrFYgyA","direction":null} 
[2026-05-05 02:43:10] production.INFO: Playing welcome TTS and dialing admins simultaneously {"call_control_id":"v3:3TQd9um3UuZmPnhXChRKEv00FqdoEz0yshkTL5v3DiWbiFXkrFYgyA","tts":"<speak version=\"1.0\" xml:lang=\"en-US\">Good evening, thanks for calling GS Construction! One moment while we connect you to the GS Crew.<break time=\"400ms\"/></speak>","is_known_caller":false} 
[2026-05-05 02:43:10] production.INFO: Call command sent: speak {"call_control_id":"v3:3TQd9um3UuZmPnhXChRKEv00FqdoEz0yshkTL5v3DiWbiFXkrFYgyA","result":"ok"} 
[2026-05-05 02:43:11] production.INFO: Dialed admin {"admin_user_id":1,"admin_name":"Patryk Szady","phone":"+12249993880","admin_call_control_id":"v3:k4cE4ZNecXHUUpRpiMjiC6Fspg_jUsSWUhcpMVqX64eFLhTFt9WeWA"} 
[2026-05-05 02:43:11] production.INFO: Telnyx voice webhook received {"event_type":"call.initiated","call_control_id":"v3:k4cE4ZNecXHUUpRpiMjiC6Fspg_jUsSWUhcpMVqX64eFLhTFt9WeWA","direction":"outgoing"} 
[2026-05-05 02:43:11] production.INFO: Outbound call initiated {"call_control_id":"v3:k4cE4ZNecXHUUpRpiMjiC6Fspg_jUsSWUhcpMVqX64eFLhTFt9WeWA","to":"+12249993880"} 
[2026-05-05 02:43:11] production.INFO: Telnyx voice webhook received {"event_type":"call.speak.started","call_control_id":"v3:3TQd9um3UuZmPnhXChRKEv00FqdoEz0yshkTL5v3DiWbiFXkrFYgyA","direction":null} 
[2026-05-05 02:43:11] production.INFO: TTS speak started {"call_control_id":"v3:3TQd9um3UuZmPnhXChRKEv00FqdoEz0yshkTL5v3DiWbiFXkrFYgyA"} 
[2026-05-05 02:43:11] production.DEBUG: Push notification delivered {"endpoint":"https://web.push.apple.com/QDkJcfxcMRPW4uLNUaYZ21nDUMJHCJ-cyja1FMQcNEv6qKbL-ec_s…","status":201} 
[2026-05-05 02:43:11] production.DEBUG: Push notification delivered {"endpoint":"https://fcm.googleapis.com/fcm/send/cYR-NIq4nms:APA91bEppjWa7ZIrYxviNuWljHyZ7qnu…","status":201} 
[2026-05-05 02:43:11] production.DEBUG: Push notification delivered {"endpoint":"https://wns2-by3p.notify.windows.com/w/?token=BQYAAACU%2bKDb9Gyej4KtbEbQJBisasbB…","status":201,"wns_status":"received","wns_msg_id":"477E12BD03DC11AB","wns_debug":"BY3PEPF000195AA","content_encoding":"aes128gcm","response_body":""} 
[2026-05-05 02:43:12] production.DEBUG: Push notification delivered {"endpoint":"https://web.push.apple.com/QDkJcfxcMRPW4uLNUaYZ21nDUMJHCJ-cyja1FMQcNEv6qKbL-ec_s…","status":201} 
[2026-05-05 02:43:12] production.DEBUG: Push notification delivered {"endpoint":"https://fcm.googleapis.com/fcm/send/cYR-NIq4nms:APA91bEppjWa7ZIrYxviNuWljHyZ7qnu…","status":201} 
[2026-05-05 02:43:12] production.DEBUG: Push notification delivered {"endpoint":"https://wns2-by3p.notify.windows.com/w/?token=BQYAAACU%2bKDb9Gyej4KtbEbQJBisasbB…","status":201,"wns_status":"received","wns_msg_id":"7ECC6B543DA12D8A","wns_debug":"BY3PEPF00028CE3","content_encoding":"aes128gcm","response_body":""} 
[2026-05-05 02:43:13] production.INFO: Telnyx voice webhook received {"event_type":"call.answered","call_control_id":"v3:k4cE4ZNecXHUUpRpiMjiC6Fspg_jUsSWUhcpMVqX64eFLhTFt9WeWA","direction":null} 
[2026-05-05 02:43:13] production.INFO: Playing admin screening prompt {"admin_call_control_id":"v3:k4cE4ZNecXHUUpRpiMjiC6Fspg_jUsSWUhcpMVqX64eFLhTFt9WeWA","call_log_id":931,"admin_user_id":1,"is_late_answerer":false,"caller_label":"GRZEGORZ SZADY"} 
[2026-05-05 02:43:13] production.INFO: Call command sent: speak {"call_control_id":"v3:k4cE4ZNecXHUUpRpiMjiC6Fspg_jUsSWUhcpMVqX64eFLhTFt9WeWA","result":"ok"} 
[2026-05-05 02:43:14] production.INFO: Telnyx voice webhook received {"event_type":"call.speak.started","call_control_id":"v3:k4cE4ZNecXHUUpRpiMjiC6Fspg_jUsSWUhcpMVqX64eFLhTFt9WeWA","direction":null} 
[2026-05-05 02:43:14] production.INFO: TTS speak started {"call_control_id":"v3:k4cE4ZNecXHUUpRpiMjiC6Fspg_jUsSWUhcpMVqX64eFLhTFt9WeWA"} 
[2026-05-05 02:43:18] production.INFO: Telnyx voice webhook received {"event_type":"call.speak.ended","call_control_id":"v3:3TQd9um3UuZmPnhXChRKEv00FqdoEz0yshkTL5v3DiWbiFXkrFYgyA","direction":null} 
[2026-05-05 02:43:18] production.INFO: handleCallSpeakEnded ENTRY {"call_control_id":"v3:3TQd9um3UuZmPnhXChRKEv00FqdoEz0yshkTL5v3DiWbiFXkrFYgyA","action":"welcome_done","client_state":{"action":"welcome_done","call_log_id":931,"original_caller":"+18472123894"},"client_state_raw_present":true} 
[2026-05-05 02:43:18] production.INFO: TTS completed — no admin answered yet, playing ringback {"call_control_id":"v3:3TQd9um3UuZmPnhXChRKEv00FqdoEz0yshkTL5v3DiWbiFXkrFYgyA","call_log_id":931} 
[2026-05-05 02:43:18] production.INFO: Call command sent: playback_start {"call_control_id":"v3:3TQd9um3UuZmPnhXChRKEv00FqdoEz0yshkTL5v3DiWbiFXkrFYgyA","result":"ok"} 
[2026-05-05 02:43:18] production.INFO: Telnyx voice webhook received {"event_type":"call.playback.started","call_control_id":"v3:3TQd9um3UuZmPnhXChRKEv00FqdoEz0yshkTL5v3DiWbiFXkrFYgyA","direction":null} 
[2026-05-05 02:43:18] production.INFO: Unhandled voice event {"event_type":"call.playback.started"} 
[2026-05-05 02:43:19] production.INFO: Telnyx voice webhook received {"event_type":"call.hangup","call_control_id":"v3:k4cE4ZNecXHUUpRpiMjiC6Fspg_jUsSWUhcpMVqX64eFLhTFt9WeWA","direction":null} 
[2026-05-05 02:43:19] production.INFO: Telnyx voice webhook received {"event_type":"call.speak.ended","call_control_id":"v3:k4cE4ZNecXHUUpRpiMjiC6Fspg_jUsSWUhcpMVqX64eFLhTFt9WeWA","direction":null} 
[2026-05-05 02:43:19] production.INFO: handleCallSpeakEnded ENTRY {"call_control_id":"v3:k4cE4ZNecXHUUpRpiMjiC6Fspg_jUsSWUhcpMVqX64eFLhTFt9WeWA","action":"admin_screen_done","client_state":{"action":"admin_screen_done","call_log_id":931,"incoming_call_control_id":"v3:3TQd9um3UuZmPnhXChRKEv00FqdoEz0yshkTL5v3DiWbiFXkrFYgyA","admin_user_id":1,"conference_id":null},"client_state_raw_present":true} 
[2026-05-05 02:43:19] production.INFO: First admin answered — bridging without prompt {"admin_call_control_id":"v3:k4cE4ZNecXHUUpRpiMjiC6Fspg_jUsSWUhcpMVqX64eFLhTFt9WeWA","incoming_call_control_id":"v3:3TQd9um3UuZmPnhXChRKEv00FqdoEz0yshkTL5v3DiWbiFXkrFYgyA","call_log_id":931,"admin_user_id":1} 
[2026-05-05 02:43:19] production.INFO: Creating conference with caller as first participant {"call_log_id":931,"conference_name":"call_931_a6112352","incoming_call_control_id":"v3:3TQd9um3UuZmPnhXChRKEv00FqdoEz0yshkTL5v3DiWbiFXkrFYgyA","admin_call_control_id":"v3:k4cE4ZNecXHUUpRpiMjiC6Fspg_jUsSWUhcpMVqX64eFLhTFt9WeWA","admin_user_id":1} 
[2026-05-05 02:43:19] production.INFO: Call command sent: playback_stop {"call_control_id":"v3:3TQd9um3UuZmPnhXChRKEv00FqdoEz0yshkTL5v3DiWbiFXkrFYgyA","result":"ok"} 
[2026-05-05 02:43:19] production.INFO: Telnyx voice webhook received {"event_type":"call.playback.ended","call_control_id":"v3:3TQd9um3UuZmPnhXChRKEv00FqdoEz0yshkTL5v3DiWbiFXkrFYgyA","direction":null} 
[2026-05-05 02:43:19] production.ERROR: Call command failed: playback_stop {"call_control_id":"v3:k4cE4ZNecXHUUpRpiMjiC6Fspg_jUsSWUhcpMVqX64eFLhTFt9WeWA","status":422,"error":{"errors":[{"code":"90018","title":"Call has already ended","detail":"This call is no longer active and can't receive commands."}]}} 
[2026-05-05 02:43:19] production.INFO: Call command sent: playback_start {"call_control_id":"v3:3TQd9um3UuZmPnhXChRKEv00FqdoEz0yshkTL5v3DiWbiFXkrFYgyA","result":"ok"} 
[2026-05-05 02:43:19] production.INFO: Telnyx voice webhook received {"event_type":"call.playback.started","call_control_id":"v3:3TQd9um3UuZmPnhXChRKEv00FqdoEz0yshkTL5v3DiWbiFXkrFYgyA","direction":null} 
[2026-05-05 02:43:19] production.INFO: Unhandled voice event {"event_type":"call.playback.started"} 
[2026-05-05 02:43:20] production.INFO: Conference created {"name":"call_931_a6112352","conference_id":"630c76ee-fbd7-4ba6-a3f4-95edfe4fd0f8","beneficiary_call_control_id":"v3:3TQd9um3UuZmPnhXChRKEv00FqdoEz0yshkTL5v3DiWbiFXkrFYgyA"} 
[2026-05-05 02:43:20] production.INFO: Telnyx voice webhook received {"event_type":"call.playback.ended","call_control_id":"v3:3TQd9um3UuZmPnhXChRKEv00FqdoEz0yshkTL5v3DiWbiFXkrFYgyA","direction":null} 
[2026-05-05 02:43:20] production.ERROR: Conference join failed {"conference_id":"630c76ee-fbd7-4ba6-a3f4-95edfe4fd0f8","call_control_id":"v3:k4cE4ZNecXHUUpRpiMjiC6Fspg_jUsSWUhcpMVqX64eFLhTFt9WeWA","status":422,"error":{"errors":[{"code":"90018","title":"Call has already ended","detail":"This call is no longer active and can't receive commands."}]}} 
[2026-05-05 02:43:20] production.ERROR: Failed to join admin to fresh conference {"admin_call_control_id":"v3:k4cE4ZNecXHUUpRpiMjiC6Fspg_jUsSWUhcpMVqX64eFLhTFt9WeWA","conference_id":"630c76ee-fbd7-4ba6-a3f4-95edfe4fd0f8"} 
[2026-05-05 02:43:20] production.INFO: Telnyx voice webhook received {"event_type":"conference.floor.changed","call_control_id":"v3:3TQd9um3UuZmPnhXChRKEv00FqdoEz0yshkTL5v3DiWbiFXkrFYgyA","direction":null} 
[2026-05-05 02:43:20] production.INFO: Unhandled voice event {"event_type":"conference.floor.changed"} 
[2026-05-05 02:43:20] production.ERROR: Call command failed: hangup {"call_control_id":"v3:k4cE4ZNecXHUUpRpiMjiC6Fspg_jUsSWUhcpMVqX64eFLhTFt9WeWA","status":422,"error":{"errors":[{"code":"90018","title":"Call has already ended","detail":"This call is no longer active and can't receive commands."}]}} 
[2026-05-05 02:43:20] production.WARNING: Admin hung up before joining conference — no other admins ringing, triggering voicemail {"incoming_call_control_id":"v3:3TQd9um3UuZmPnhXChRKEv00FqdoEz0yshkTL5v3DiWbiFXkrFYgyA","call_log_id":931} 
[2026-05-05 02:43:20] production.INFO: Telnyx voice webhook received {"event_type":"conference.participant.joined","call_control_id":"v3:3TQd9um3UuZmPnhXChRKEv00FqdoEz0yshkTL5v3DiWbiFXkrFYgyA","direction":null} 
[2026-05-05 02:43:20] production.INFO: Unhandled voice event {"event_type":"conference.participant.joined"} 
[2026-05-05 02:43:20] production.INFO: Call command sent: playback_stop {"call_control_id":"v3:3TQd9um3UuZmPnhXChRKEv00FqdoEz0yshkTL5v3DiWbiFXkrFYgyA","result":"ok"} 
[2026-05-05 02:43:20] production.INFO: Playing voicemail IVR menu {"call_control_id":"v3:3TQd9um3UuZmPnhXChRKEv00FqdoEz0yshkTL5v3DiWbiFXkrFYgyA","call_log_id":931,"ivr_prompt":"<speak version=\"1.0\" xml:lang=\"en-US\">GS Construction is not available right now. Press 2 to send a text on your behalf so the GS Crew knows to call you back ASAP or stay on the line to leave a voicemail.<break time=\"400ms\"/></speak>","is_known_caller":false} 
[2026-05-05 02:43:20] production.INFO: Telnyx voice webhook received {"event_type":"conference.created","call_control_id":"v3:3TQd9um3UuZmPnhXChRKEv00FqdoEz0yshkTL5v3DiWbiFXkrFYgyA","direction":null} 
[2026-05-05 02:43:20] production.INFO: Unhandled voice event {"event_type":"conference.created"} 
[2026-05-05 02:43:20] production.INFO: Call command sent: gather_using_speak {"call_control_id":"v3:3TQd9um3UuZmPnhXChRKEv00FqdoEz0yshkTL5v3DiWbiFXkrFYgyA","result":"ok"} 
[2026-05-05 02:43:21] production.INFO: Telnyx voice webhook received {"event_type":"call.speak.started","call_control_id":"v3:3TQd9um3UuZmPnhXChRKEv00FqdoEz0yshkTL5v3DiWbiFXkrFYgyA","direction":null} 
[2026-05-05 02:43:21] production.INFO: TTS speak started {"call_control_id":"v3:3TQd9um3UuZmPnhXChRKEv00FqdoEz0yshkTL5v3DiWbiFXkrFYgyA"} 
[2026-05-05 02:43:32] production.INFO: Telnyx voice webhook received {"event_type":"call.speak.ended","call_control_id":"v3:3TQd9um3UuZmPnhXChRKEv00FqdoEz0yshkTL5v3DiWbiFXkrFYgyA","direction":null} 
[2026-05-05 02:43:32] production.INFO: handleCallSpeakEnded ENTRY {"call_control_id":"v3:3TQd9um3UuZmPnhXChRKEv00FqdoEz0yshkTL5v3DiWbiFXkrFYgyA","action":"voicemail_ivr_menu","client_state":{"action":"voicemail_ivr_menu","call_log_id":931,"original_caller":"+18472123894","is_known_caller":false,"retry_count":0},"client_state_raw_present":true} 
[2026-05-05 02:43:34] production.INFO: Telnyx voice webhook received {"event_type":"call.gather.ended","call_control_id":"v3:3TQd9um3UuZmPnhXChRKEv00FqdoEz0yshkTL5v3DiWbiFXkrFYgyA","direction":null} 
[2026-05-05 02:43:34] production.INFO: IVR gather ended {"call_control_id":"v3:3TQd9um3UuZmPnhXChRKEv00FqdoEz0yshkTL5v3DiWbiFXkrFYgyA","digits":"","call_log_id":931} 
[2026-05-05 02:43:34] production.INFO: IVR: no digit pressed — playing voicemail greeting {"call_control_id":"v3:3TQd9um3UuZmPnhXChRKEv00FqdoEz0yshkTL5v3DiWbiFXkrFYgyA","call_log_id":931} 
[2026-05-05 02:43:35] production.INFO: Call command sent: speak {"call_control_id":"v3:3TQd9um3UuZmPnhXChRKEv00FqdoEz0yshkTL5v3DiWbiFXkrFYgyA","result":"ok"} 
[2026-05-05 02:43:35] production.INFO: Telnyx voice webhook received {"event_type":"call.speak.started","call_control_id":"v3:3TQd9um3UuZmPnhXChRKEv00FqdoEz0yshkTL5v3DiWbiFXkrFYgyA","direction":null} 
[2026-05-05 02:43:35] production.INFO: TTS speak started {"call_control_id":"v3:3TQd9um3UuZmPnhXChRKEv00FqdoEz0yshkTL5v3DiWbiFXkrFYgyA"} 
[2026-05-05 02:43:39] production.INFO: Telnyx voice webhook received {"event_type":"call.speak.ended","call_control_id":"v3:3TQd9um3UuZmPnhXChRKEv00FqdoEz0yshkTL5v3DiWbiFXkrFYgyA","direction":null} 
[2026-05-05 02:43:39] production.INFO: handleCallSpeakEnded ENTRY {"call_control_id":"v3:3TQd9um3UuZmPnhXChRKEv00FqdoEz0yshkTL5v3DiWbiFXkrFYgyA","action":"voicemail_prompt_done","client_state":{"action":"voicemail_prompt_done","call_log_id":931},"client_state_raw_present":true} 
[2026-05-05 02:43:39] production.INFO: Voicemail prompt done — starting recording {"call_control_id":"v3:3TQd9um3UuZmPnhXChRKEv00FqdoEz0yshkTL5v3DiWbiFXkrFYgyA"} 
[2026-05-05 02:43:39] production.INFO: Call command sent: record_start {"call_control_id":"v3:3TQd9um3UuZmPnhXChRKEv00FqdoEz0yshkTL5v3DiWbiFXkrFYgyA","result":"ok"} 
[2026-05-05 02:43:42] production.INFO: Telnyx voice webhook received {"event_type":"conference.ended","call_control_id":"v3:3TQd9um3UuZmPnhXChRKEv00FqdoEz0yshkTL5v3DiWbiFXkrFYgyA","direction":null} 
[2026-05-05 02:43:42] production.INFO: Unhandled voice event {"event_type":"conference.ended"} 
[2026-05-05 02:43:42] production.INFO: Telnyx voice webhook received {"event_type":"conference.participant.left","call_control_id":"v3:3TQd9um3UuZmPnhXChRKEv00FqdoEz0yshkTL5v3DiWbiFXkrFYgyA","direction":null} 
[2026-05-05 02:43:42] production.INFO: Unhandled voice event {"event_type":"conference.participant.left"} 
[2026-05-05 02:43:47] production.INFO: Telnyx voice webhook received {"event_type":"call.hangup","call_control_id":"v3:3TQd9um3UuZmPnhXChRKEv00FqdoEz0yshkTL5v3DiWbiFXkrFYgyA","direction":null} 
[2026-05-05 02:43:47] production.INFO: Voicemail call ended {"call_control_id":"v3:3TQd9um3UuZmPnhXChRKEv00FqdoEz0yshkTL5v3DiWbiFXkrFYgyA","call_log_id":931} 
[2026-05-05 02:43:48] production.INFO: Telnyx voice webhook received {"event_type":"call.recording.saved","call_control_id":"v3:3TQd9um3UuZmPnhXChRKEv00FqdoEz0yshkTL5v3DiWbiFXkrFYgyA","direction":null} 
[2026-05-05 02:43:48] production.INFO: Call recording saved {"call_control_id":"v3:3TQd9um3UuZmPnhXChRKEv00FqdoEz0yshkTL5v3DiWbiFXkrFYgyA","recording_urls":{"mp3":"https://s3.amazonaws.com/telephony-recorder-prod/49566db4-02e9-44ab-813f-f71a0c0b49d7/2026-05-05/272dae40-482c-11f1-bd3e-02420aefe017-1777949019263594.mp3?X-Amz-Algorithm=AWS4-HMAC-SHA256&X-Amz-Credential=AKIASDC5E2MJDPKMH7UW%2F20260505%2Fus-east-1%2Fs3%2Faws4_request&X-Amz-Date=20260505T024347Z&X-Amz-Expires=600&X-Amz-SignedHeaders=host&X-Amz-Signature=b58989599945b8d5ed75f71c054cc571f827a78c6275b7ecee11fe520581fe2c"},"is_voicemail":true} 
[2026-05-05 02:43:48] production.INFO: Call recording stored locally {"call_log_id":931,"path":"call-recordings/2026/05/1de6018e-6643-4916-8af0-ee6e7e2fed5c.mp3"} 
[2026-05-05 02:43:48] production.INFO: Telnyx voice webhook received {"event_type":"call.initiated","call_control_id":"v3:JSY7ZLumyxWKCfMR8wqp59RhacQ6uXL_Cf6v-lOqCneGFbm9zG8X_g","direction":"incoming"} 
[2026-05-05 02:43:48] production.INFO: Incoming call - answering {"call_control_id":"v3:JSY7ZLumyxWKCfMR8wqp59RhacQ6uXL_Cf6v-lOqCneGFbm9zG8X_g","from":"+18472123894","to":"+12247354200","caller_user_id":null,"caller_name":"GRZEGORZ SZADY"} 
[2026-05-05 02:43:48] production.DEBUG: Push notification delivered {"endpoint":"https://web.push.apple.com/QDkJcfxcMRPW4uLNUaYZ21nDUMJHCJ-cyja1FMQcNEv6qKbL-ec_s…","status":201} 
[2026-05-05 02:43:48] production.DEBUG: Push notification delivered {"endpoint":"https://fcm.googleapis.com/fcm/send/cYR-NIq4nms:APA91bEppjWa7ZIrYxviNuWljHyZ7qnu…","status":201} 
[2026-05-05 02:43:48] production.DEBUG: Push notification delivered {"endpoint":"https://wns2-by3p.notify.windows.com/w/?token=BQYAAACU%2bKDb9Gyej4KtbEbQJBisasbB…","status":201,"wns_status":"received","wns_msg_id":"273E88837776F644","wns_debug":"BY3PEPF00028D0D","content_encoding":"aes128gcm","response_body":""} 
[2026-05-05 02:43:48] production.INFO: Call command sent: answer {"call_control_id":"v3:JSY7ZLumyxWKCfMR8wqp59RhacQ6uXL_Cf6v-lOqCneGFbm9zG8X_g","result":"ok"} 
[2026-05-05 02:43:48] production.INFO: Telnyx voice webhook received {"event_type":"call.answered","call_control_id":"v3:JSY7ZLumyxWKCfMR8wqp59RhacQ6uXL_Cf6v-lOqCneGFbm9zG8X_g","direction":null} 
[2026-05-05 02:43:48] production.INFO: Playing welcome TTS and dialing admins simultaneously {"call_control_id":"v3:JSY7ZLumyxWKCfMR8wqp59RhacQ6uXL_Cf6v-lOqCneGFbm9zG8X_g","tts":"<speak version=\"1.0\" xml:lang=\"en-US\">Good evening, thanks for calling GS Construction! One moment while we connect you to the GS Crew.<break time=\"400ms\"/></speak>","is_known_caller":false} 
[2026-05-05 02:43:49] production.INFO: Call command sent: speak {"call_control_id":"v3:JSY7ZLumyxWKCfMR8wqp59RhacQ6uXL_Cf6v-lOqCneGFbm9zG8X_g","result":"ok"} 
[2026-05-05 02:43:49] production.DEBUG: Push notification delivered {"endpoint":"https://web.push.apple.com/QDkJcfxcMRPW4uLNUaYZ21nDUMJHCJ-cyja1FMQcNEv6qKbL-ec_s…","status":201} 
[2026-05-05 02:43:49] production.DEBUG: Push notification delivered {"endpoint":"https://fcm.googleapis.com/fcm/send/cYR-NIq4nms:APA91bEppjWa7ZIrYxviNuWljHyZ7qnu…","status":201} 
[2026-05-05 02:43:49] production.DEBUG: Push notification delivered {"endpoint":"https://wns2-by3p.notify.windows.com/w/?token=BQYAAACU%2bKDb9Gyej4KtbEbQJBisasbB…","status":201,"wns_status":"received","wns_msg_id":"51E67B715A94F558","wns_debug":"BY3PEPF000197D9","content_encoding":"aes128gcm","response_body":""} 
[2026-05-05 02:43:49] production.INFO: Dialed admin {"admin_user_id":1,"admin_name":"Patryk Szady","phone":"+12249993880","admin_call_control_id":"v3:ftZV25QTqzv7mXP4mxQoq6RdopoG4lE-b6zNNhC01gTB0LILe1DQww"} 
[2026-05-05 02:43:49] production.DEBUG: Push notification delivered {"endpoint":"https://web.push.apple.com/QDkJcfxcMRPW4uLNUaYZ21nDUMJHCJ-cyja1FMQcNEv6qKbL-ec_s…","status":201} 
[2026-05-05 02:43:49] production.DEBUG: Push notification delivered {"endpoint":"https://fcm.googleapis.com/fcm/send/cYR-NIq4nms:APA91bEppjWa7ZIrYxviNuWljHyZ7qnu…","status":201} 
[2026-05-05 02:43:49] production.DEBUG: Push notification delivered {"endpoint":"https://wns2-by3p.notify.windows.com/w/?token=BQYAAACU%2bKDb9Gyej4KtbEbQJBisasbB…","status":201,"wns_status":"received","wns_msg_id":"3AAADC8403328338","wns_debug":"BY3PEPF0000FF2C","content_encoding":"aes128gcm","response_body":""} 
[2026-05-05 02:43:49] production.INFO: Telnyx voice webhook received {"event_type":"call.initiated","call_control_id":"v3:ftZV25QTqzv7mXP4mxQoq6RdopoG4lE-b6zNNhC01gTB0LILe1DQww","direction":"outgoing"} 
[2026-05-05 02:43:49] production.INFO: Outbound call initiated {"call_control_id":"v3:ftZV25QTqzv7mXP4mxQoq6RdopoG4lE-b6zNNhC01gTB0LILe1DQww","to":"+12249993880"} 
[2026-05-05 02:43:49] production.INFO: Telnyx voice webhook received {"event_type":"call.speak.started","call_control_id":"v3:JSY7ZLumyxWKCfMR8wqp59RhacQ6uXL_Cf6v-lOqCneGFbm9zG8X_g","direction":null} 
[2026-05-05 02:43:49] production.INFO: TTS speak started {"call_control_id":"v3:JSY7ZLumyxWKCfMR8wqp59RhacQ6uXL_Cf6v-lOqCneGFbm9zG8X_g"} 
[2026-05-05 02:43:54] production.INFO: Telnyx voice webhook received {"event_type":"call.answered","call_control_id":"v3:ftZV25QTqzv7mXP4mxQoq6RdopoG4lE-b6zNNhC01gTB0LILe1DQww","direction":null} 
[2026-05-05 02:43:54] production.INFO: Playing admin screening prompt {"admin_call_control_id":"v3:ftZV25QTqzv7mXP4mxQoq6RdopoG4lE-b6zNNhC01gTB0LILe1DQww","call_log_id":932,"admin_user_id":1,"is_late_answerer":false,"caller_label":"GRZEGORZ SZADY"} 
[2026-05-05 02:43:54] production.INFO: Call command sent: speak {"call_control_id":"v3:ftZV25QTqzv7mXP4mxQoq6RdopoG4lE-b6zNNhC01gTB0LILe1DQww","result":"ok"} 
[2026-05-05 02:43:55] production.INFO: Telnyx voice webhook received {"event_type":"call.speak.started","call_control_id":"v3:ftZV25QTqzv7mXP4mxQoq6RdopoG4lE-b6zNNhC01gTB0LILe1DQww","direction":null} 
[2026-05-05 02:43:55] production.INFO: TTS speak started {"call_control_id":"v3:ftZV25QTqzv7mXP4mxQoq6RdopoG4lE-b6zNNhC01gTB0LILe1DQww"} 
[2026-05-05 02:43:57] production.INFO: Telnyx voice webhook received {"event_type":"call.speak.ended","call_control_id":"v3:JSY7ZLumyxWKCfMR8wqp59RhacQ6uXL_Cf6v-lOqCneGFbm9zG8X_g","direction":null} 
[2026-05-05 02:43:57] production.INFO: handleCallSpeakEnded ENTRY {"call_control_id":"v3:JSY7ZLumyxWKCfMR8wqp59RhacQ6uXL_Cf6v-lOqCneGFbm9zG8X_g","action":"welcome_done","client_state":{"action":"welcome_done","call_log_id":932,"original_caller":"+18472123894"},"client_state_raw_present":true} 
[2026-05-05 02:43:57] production.INFO: TTS completed — no admin answered yet, playing ringback {"call_control_id":"v3:JSY7ZLumyxWKCfMR8wqp59RhacQ6uXL_Cf6v-lOqCneGFbm9zG8X_g","call_log_id":932} 
[2026-05-05 02:43:57] production.INFO: Call command sent: playback_start {"call_control_id":"v3:JSY7ZLumyxWKCfMR8wqp59RhacQ6uXL_Cf6v-lOqCneGFbm9zG8X_g","result":"ok"} 
[2026-05-05 02:43:57] production.INFO: Telnyx voice webhook received {"event_type":"call.playback.started","call_control_id":"v3:JSY7ZLumyxWKCfMR8wqp59RhacQ6uXL_Cf6v-lOqCneGFbm9zG8X_g","direction":null} 
[2026-05-05 02:43:57] production.INFO: Unhandled voice event {"event_type":"call.playback.started"} 
[2026-05-05 02:44:01] production.INFO: Telnyx voice webhook received {"event_type":"call.speak.ended","call_control_id":"v3:ftZV25QTqzv7mXP4mxQoq6RdopoG4lE-b6zNNhC01gTB0LILe1DQww","direction":null} 
[2026-05-05 02:44:01] production.INFO: handleCallSpeakEnded ENTRY {"call_control_id":"v3:ftZV25QTqzv7mXP4mxQoq6RdopoG4lE-b6zNNhC01gTB0LILe1DQww","action":"admin_screen_done","client_state":{"action":"admin_screen_done","call_log_id":932,"incoming_call_control_id":"v3:JSY7ZLumyxWKCfMR8wqp59RhacQ6uXL_Cf6v-lOqCneGFbm9zG8X_g","admin_user_id":1,"conference_id":null},"client_state_raw_present":true} 
[2026-05-05 02:44:01] production.INFO: First admin answered — bridging without prompt {"admin_call_control_id":"v3:ftZV25QTqzv7mXP4mxQoq6RdopoG4lE-b6zNNhC01gTB0LILe1DQww","incoming_call_control_id":"v3:JSY7ZLumyxWKCfMR8wqp59RhacQ6uXL_Cf6v-lOqCneGFbm9zG8X_g","call_log_id":932,"admin_user_id":1} 
[2026-05-05 02:44:01] production.INFO: Creating conference with caller as first participant {"call_log_id":932,"conference_name":"call_932_35b14801","incoming_call_control_id":"v3:JSY7ZLumyxWKCfMR8wqp59RhacQ6uXL_Cf6v-lOqCneGFbm9zG8X_g","admin_call_control_id":"v3:ftZV25QTqzv7mXP4mxQoq6RdopoG4lE-b6zNNhC01gTB0LILe1DQww","admin_user_id":1} 
[2026-05-05 02:44:01] production.INFO: Call command sent: playback_stop {"call_control_id":"v3:JSY7ZLumyxWKCfMR8wqp59RhacQ6uXL_Cf6v-lOqCneGFbm9zG8X_g","result":"ok"} 
[2026-05-05 02:44:02] production.INFO: Telnyx voice webhook received {"event_type":"call.playback.ended","call_control_id":"v3:JSY7ZLumyxWKCfMR8wqp59RhacQ6uXL_Cf6v-lOqCneGFbm9zG8X_g","direction":null} 
[2026-05-05 02:44:02] production.INFO: Call command sent: playback_stop {"call_control_id":"v3:ftZV25QTqzv7mXP4mxQoq6RdopoG4lE-b6zNNhC01gTB0LILe1DQww","result":"ok"} 
[2026-05-05 02:44:02] production.INFO: Call command sent: playback_start {"call_control_id":"v3:JSY7ZLumyxWKCfMR8wqp59RhacQ6uXL_Cf6v-lOqCneGFbm9zG8X_g","result":"ok"} 
[2026-05-05 02:44:02] production.INFO: Telnyx voice webhook received {"event_type":"call.playback.started","call_control_id":"v3:JSY7ZLumyxWKCfMR8wqp59RhacQ6uXL_Cf6v-lOqCneGFbm9zG8X_g","direction":null} 
[2026-05-05 02:44:02] production.INFO: Unhandled voice event {"event_type":"call.playback.started"} 
[2026-05-05 02:44:02] production.INFO: Conference created {"name":"call_932_35b14801","conference_id":"543a8518-3221-469a-9642-25ec2bb41676","beneficiary_call_control_id":"v3:JSY7ZLumyxWKCfMR8wqp59RhacQ6uXL_Cf6v-lOqCneGFbm9zG8X_g"} 
[2026-05-05 02:44:02] production.INFO: Telnyx voice webhook received {"event_type":"call.playback.ended","call_control_id":"v3:JSY7ZLumyxWKCfMR8wqp59RhacQ6uXL_Cf6v-lOqCneGFbm9zG8X_g","direction":null} 
[2026-05-05 02:44:02] production.INFO: Telnyx voice webhook received {"event_type":"conference.floor.changed","call_control_id":"v3:JSY7ZLumyxWKCfMR8wqp59RhacQ6uXL_Cf6v-lOqCneGFbm9zG8X_g","direction":null} 
[2026-05-05 02:44:02] production.INFO: Unhandled voice event {"event_type":"conference.floor.changed"} 
[2026-05-05 02:44:03] production.INFO: Telnyx voice webhook received {"event_type":"conference.created","call_control_id":"v3:JSY7ZLumyxWKCfMR8wqp59RhacQ6uXL_Cf6v-lOqCneGFbm9zG8X_g","direction":null} 
[2026-05-05 02:44:03] production.INFO: Unhandled voice event {"event_type":"conference.created"} 
[2026-05-05 02:44:03] production.INFO: Telnyx voice webhook received {"event_type":"conference.participant.joined","call_control_id":"v3:JSY7ZLumyxWKCfMR8wqp59RhacQ6uXL_Cf6v-lOqCneGFbm9zG8X_g","direction":null} 
[2026-05-05 02:44:03] production.INFO: Unhandled voice event {"event_type":"conference.participant.joined"} 
[2026-05-05 02:44:03] production.INFO: Joined conference {"conference_id":"543a8518-3221-469a-9642-25ec2bb41676","call_control_id":"v3:ftZV25QTqzv7mXP4mxQoq6RdopoG4lE-b6zNNhC01gTB0LILe1DQww"} 
[2026-05-05 02:44:03] production.INFO: Telnyx voice webhook received {"event_type":"conference.participant.joined","call_control_id":"v3:ftZV25QTqzv7mXP4mxQoq6RdopoG4lE-b6zNNhC01gTB0LILe1DQww","direction":null} 
[2026-05-05 02:44:03] production.INFO: Unhandled voice event {"event_type":"conference.participant.joined"} 
[2026-05-05 02:44:03] production.INFO: Telnyx voice webhook received {"event_type":"conference.floor.changed","call_control_id":"v3:ftZV25QTqzv7mXP4mxQoq6RdopoG4lE-b6zNNhC01gTB0LILe1DQww","direction":null} 
[2026-05-05 02:44:03] production.INFO: Unhandled voice event {"event_type":"conference.floor.changed"} 
[2026-05-05 02:44:07] production.INFO: Telnyx voice webhook received {"event_type":"conference.floor.changed","call_control_id":"v3:JSY7ZLumyxWKCfMR8wqp59RhacQ6uXL_Cf6v-lOqCneGFbm9zG8X_g","direction":null} 
[2026-05-05 02:44:07] production.INFO: Unhandled voice event {"event_type":"conference.floor.changed"} 
[2026-05-05 02:44:07] production.INFO: Telnyx voice webhook received {"event_type":"conference.floor.changed","call_control_id":"v3:JSY7ZLumyxWKCfMR8wqp59RhacQ6uXL_Cf6v-lOqCneGFbm9zG8X_g","direction":null} 
[2026-05-05 02:44:07] production.INFO: Unhandled voice event {"event_type":"conference.floor.changed"} 
[2026-05-05 02:44:07] production.INFO: Telnyx voice webhook received {"event_type":"conference.participant.left","call_control_id":"v3:ftZV25QTqzv7mXP4mxQoq6RdopoG4lE-b6zNNhC01gTB0LILe1DQww","direction":null} 
[2026-05-05 02:44:07] production.INFO: Unhandled voice event {"event_type":"conference.participant.left"} 
[2026-05-05 02:44:07] production.INFO: Telnyx voice webhook received {"event_type":"call.hangup","call_control_id":"v3:ftZV25QTqzv7mXP4mxQoq6RdopoG4lE-b6zNNhC01gTB0LILe1DQww","direction":null} 
[2026-05-05 02:44:08] production.INFO: Telnyx voice webhook received {"event_type":"call.hangup","call_control_id":"v3:JSY7ZLumyxWKCfMR8wqp59RhacQ6uXL_Cf6v-lOqCneGFbm9zG8X_g","direction":null} 
[2026-05-05 02:44:08] production.INFO: Call ended {"call_control_id":"v3:JSY7ZLumyxWKCfMR8wqp59RhacQ6uXL_Cf6v-lOqCneGFbm9zG8X_g","status":"completed","hangup_cause":"normal_clearing","duration":20.586171} 
[2026-05-05 02:44:09] production.INFO: Telnyx voice webhook received {"event_type":"conference.participant.left","call_control_id":"v3:JSY7ZLumyxWKCfMR8wqp59RhacQ6uXL_Cf6v-lOqCneGFbm9zG8X_g","direction":null} 
[2026-05-05 02:44:09] production.INFO: Unhandled voice event {"event_type":"conference.participant.left"} 
[2026-05-05 02:44:09] production.INFO: Telnyx voice webhook received {"event_type":"conference.ended","call_control_id":"v3:JSY7ZLumyxWKCfMR8wqp59RhacQ6uXL_Cf6v-lOqCneGFbm9zG8X_g","direction":null} 
[2026-05-05 02:44:09] production.INFO: Unhandled voice event {"event_type":"conference.ended"} 
[2026-05-05 02:44:32] production.INFO: Click-to-call initiated from Calls tab {"call_log_id":933,"user_phone":"+12249993880","target_phone":"+18472123894"} 
[2026-05-05 02:44:32] production.INFO: Telnyx voice webhook received {"event_type":"call.initiated","call_control_id":"v3:lQtqltwnaafLH9x-8GeLz-7nPLYSgx_bhMotndQoUZ25eTaicMn1TA","direction":"outgoing"} 
[2026-05-05 02:44:32] production.INFO: Outbound call initiated {"call_control_id":"v3:lQtqltwnaafLH9x-8GeLz-7nPLYSgx_bhMotndQoUZ25eTaicMn1TA","to":"+12249993880"} 
[2026-05-05 02:44:35] production.INFO: Telnyx voice webhook received {"event_type":"call.answered","call_control_id":"v3:lQtqltwnaafLH9x-8GeLz-7nPLYSgx_bhMotndQoUZ25eTaicMn1TA","direction":null} 
[2026-05-05 02:44:35] production.INFO: Click-to-call: user answered → playing ringback and dialing target {"call_control_id":"v3:lQtqltwnaafLH9x-8GeLz-7nPLYSgx_bhMotndQoUZ25eTaicMn1TA","target_phone":"+18472123894","call_log_id":933} 
[2026-05-05 02:44:35] production.INFO: Call command sent: playback_start {"call_control_id":"v3:lQtqltwnaafLH9x-8GeLz-7nPLYSgx_bhMotndQoUZ25eTaicMn1TA","result":"ok"} 
[2026-05-05 02:44:35] production.INFO: Telnyx voice webhook received {"event_type":"call.playback.started","call_control_id":"v3:lQtqltwnaafLH9x-8GeLz-7nPLYSgx_bhMotndQoUZ25eTaicMn1TA","direction":null} 
[2026-05-05 02:44:35] production.INFO: Unhandled voice event {"event_type":"call.playback.started"} 
[2026-05-05 02:44:35] production.INFO: Click-to-call: target dialed {"target_phone":"+18472123894","target_call_control_id":"v3:DOp0JYx17Yybq8nNyC1J8sWQg8j9PC-7QkCpTgnzhdN6r26TV_kKvg"} 
[2026-05-05 02:44:36] production.INFO: Telnyx voice webhook received {"event_type":"call.initiated","call_control_id":"v3:DOp0JYx17Yybq8nNyC1J8sWQg8j9PC-7QkCpTgnzhdN6r26TV_kKvg","direction":"outgoing"} 
[2026-05-05 02:44:36] production.INFO: Outbound call initiated {"call_control_id":"v3:DOp0JYx17Yybq8nNyC1J8sWQg8j9PC-7QkCpTgnzhdN6r26TV_kKvg","to":"+18472123894"} 
[2026-05-05 02:44:38] production.INFO: Telnyx voice webhook received {"event_type":"call.answered","call_control_id":"v3:DOp0JYx17Yybq8nNyC1J8sWQg8j9PC-7QkCpTgnzhdN6r26TV_kKvg","direction":null} 
[2026-05-05 02:44:38] production.INFO: Click-to-call: target answered — bridging immediately {"target_call_control_id":"v3:DOp0JYx17Yybq8nNyC1J8sWQg8j9PC-7QkCpTgnzhdN6r26TV_kKvg","user_call_control_id":"v3:lQtqltwnaafLH9x-8GeLz-7nPLYSgx_bhMotndQoUZ25eTaicMn1TA","call_log_id":933} 
[2026-05-05 02:44:38] production.INFO: Telnyx voice webhook received {"event_type":"call.playback.ended","call_control_id":"v3:lQtqltwnaafLH9x-8GeLz-7nPLYSgx_bhMotndQoUZ25eTaicMn1TA","direction":null} 
[2026-05-05 02:44:38] production.INFO: Calls bridged successfully {"call_control_id_a":"v3:DOp0JYx17Yybq8nNyC1J8sWQg8j9PC-7QkCpTgnzhdN6r26TV_kKvg","call_control_id_b":"v3:lQtqltwnaafLH9x-8GeLz-7nPLYSgx_bhMotndQoUZ25eTaicMn1TA"} 
[2026-05-05 02:44:39] production.INFO: Telnyx voice webhook received {"event_type":"call.bridged","call_control_id":"v3:lQtqltwnaafLH9x-8GeLz-7nPLYSgx_bhMotndQoUZ25eTaicMn1TA","direction":null} 
[2026-05-05 02:44:39] production.INFO: Call bridged {"call_control_id":"v3:lQtqltwnaafLH9x-8GeLz-7nPLYSgx_bhMotndQoUZ25eTaicMn1TA","call_session_id":"58782ad4-482c-11f1-a4d9-02420aefe993"} 
[2026-05-05 02:44:39] production.INFO: Telnyx voice webhook received {"event_type":"call.bridged","call_control_id":"v3:DOp0JYx17Yybq8nNyC1J8sWQg8j9PC-7QkCpTgnzhdN6r26TV_kKvg","direction":null} 
[2026-05-05 02:44:39] production.INFO: Call bridged {"call_control_id":"v3:DOp0JYx17Yybq8nNyC1J8sWQg8j9PC-7QkCpTgnzhdN6r26TV_kKvg","call_session_id":"5a5e1930-482c-11f1-87c6-02420aefe017"} 
[2026-05-05 02:44:41] production.INFO: Telnyx voice webhook received {"event_type":"call.machine.premium.detection.ended","call_control_id":"v3:DOp0JYx17Yybq8nNyC1J8sWQg8j9PC-7QkCpTgnzhdN6r26TV_kKvg","direction":null} 
[2026-05-05 02:44:41] production.INFO: AMD ended {"call_control_id":"v3:DOp0JYx17Yybq8nNyC1J8sWQg8j9PC-7QkCpTgnzhdN6r26TV_kKvg","result":"human_residence","action":"click_to_call_target_ring"} 
[2026-05-05 02:44:43] production.INFO: Telnyx voice webhook received {"event_type":"call.hangup","call_control_id":"v3:lQtqltwnaafLH9x-8GeLz-7nPLYSgx_bhMotndQoUZ25eTaicMn1TA","direction":null} 
[2026-05-05 02:44:43] production.INFO: Click-to-call user leg ended {"call_control_id":"v3:lQtqltwnaafLH9x-8GeLz-7nPLYSgx_bhMotndQoUZ25eTaicMn1TA","action":"click_to_call_waiting","status":"completed","call_log_id":933,"hangup_cause":"normal_clearing"} 
[2026-05-05 02:44:43] production.INFO: Telnyx voice webhook received {"event_type":"call.hangup","call_control_id":"v3:DOp0JYx17Yybq8nNyC1J8sWQg8j9PC-7QkCpTgnzhdN6r26TV_kKvg","direction":null} 
[2026-05-05 02:44:43] production.INFO: Click-to-call: target hung up after connected call {"call_control_id":"v3:DOp0JYx17Yybq8nNyC1J8sWQg8j9PC-7QkCpTgnzhdN6r26TV_kKvg","hangup_cause":"normal_clearing","call_log_id":933,"duration":8.479762000000001} 
[2026-05-05 02:45:22] production.INFO: Telnyx voice webhook received {"event_type":"call.initiated","call_control_id":"v3:YOUy09areV7YnLMStgR47axjXg0Z31L_j7EjLPhuzncDyEBoJCL7sw","direction":"incoming"} 
[2026-05-05 02:45:22] production.INFO: Incoming call - answering {"call_control_id":"v3:YOUy09areV7YnLMStgR47axjXg0Z31L_j7EjLPhuzncDyEBoJCL7sw","from":"+18472123894","to":"+12247354200","caller_user_id":null,"caller_name":"GRZEGORZ SZADY"} 
[2026-05-05 02:45:22] production.INFO: Call command sent: answer {"call_control_id":"v3:YOUy09areV7YnLMStgR47axjXg0Z31L_j7EjLPhuzncDyEBoJCL7sw","result":"ok"} 
[2026-05-05 02:45:22] production.INFO: Telnyx voice webhook received {"event_type":"call.answered","call_control_id":"v3:YOUy09areV7YnLMStgR47axjXg0Z31L_j7EjLPhuzncDyEBoJCL7sw","direction":null} 
[2026-05-05 02:45:22] production.INFO: Playing welcome TTS and dialing admins simultaneously {"call_control_id":"v3:YOUy09areV7YnLMStgR47axjXg0Z31L_j7EjLPhuzncDyEBoJCL7sw","tts":"<speak version=\"1.0\" xml:lang=\"en-US\">Good evening, thanks for calling GS Construction! One moment while we connect you to the GS Crew.<break time=\"400ms\"/></speak>","is_known_caller":false} 
[2026-05-05 02:45:23] production.INFO: Call command sent: speak {"call_control_id":"v3:YOUy09areV7YnLMStgR47axjXg0Z31L_j7EjLPhuzncDyEBoJCL7sw","result":"ok"} 
[2026-05-05 02:45:23] production.INFO: Telnyx voice webhook received {"event_type":"call.initiated","call_control_id":"v3:b7Vng1woKTPygXV-vkb0jTgWuxRKFGl20fk6PUsZL4XNBPOifqc80A","direction":"outgoing"} 
[2026-05-05 02:45:23] production.INFO: Outbound call initiated {"call_control_id":"v3:b7Vng1woKTPygXV-vkb0jTgWuxRKFGl20fk6PUsZL4XNBPOifqc80A","to":"+12249993880"} 
[2026-05-05 02:45:23] production.INFO: Dialed admin {"admin_user_id":1,"admin_name":"Patryk Szady","phone":"+12249993880","admin_call_control_id":"v3:b7Vng1woKTPygXV-vkb0jTgWuxRKFGl20fk6PUsZL4XNBPOifqc80A"} 
[2026-05-05 02:45:23] production.DEBUG: Push notification delivered {"endpoint":"https://web.push.apple.com/QDkJcfxcMRPW4uLNUaYZ21nDUMJHCJ-cyja1FMQcNEv6qKbL-ec_s…","status":201} 
[2026-05-05 02:45:23] production.DEBUG: Push notification delivered {"endpoint":"https://fcm.googleapis.com/fcm/send/cYR-NIq4nms:APA91bEppjWa7ZIrYxviNuWljHyZ7qnu…","status":201} 
[2026-05-05 02:45:23] production.DEBUG: Push notification delivered {"endpoint":"https://wns2-by3p.notify.windows.com/w/?token=BQYAAACU%2bKDb9Gyej4KtbEbQJBisasbB…","status":201,"wns_status":"received","wns_msg_id":"6DE3483B2662A728","wns_debug":"BY3PEPF0001AB26","content_encoding":"aes128gcm","response_body":""} 
[2026-05-05 02:45:23] production.INFO: Telnyx voice webhook received {"event_type":"call.speak.started","call_control_id":"v3:YOUy09areV7YnLMStgR47axjXg0Z31L_j7EjLPhuzncDyEBoJCL7sw","direction":null} 
[2026-05-05 02:45:23] production.INFO: TTS speak started {"call_control_id":"v3:YOUy09areV7YnLMStgR47axjXg0Z31L_j7EjLPhuzncDyEBoJCL7sw"} 
[2026-05-05 02:45:24] production.DEBUG: Push notification delivered {"endpoint":"https://web.push.apple.com/QDkJcfxcMRPW4uLNUaYZ21nDUMJHCJ-cyja1FMQcNEv6qKbL-ec_s…","status":201} 
[2026-05-05 02:45:24] production.DEBUG: Push notification delivered {"endpoint":"https://fcm.googleapis.com/fcm/send/cYR-NIq4nms:APA91bEppjWa7ZIrYxviNuWljHyZ7qnu…","status":201} 
[2026-05-05 02:45:24] production.DEBUG: Push notification delivered {"endpoint":"https://wns2-by3p.notify.windows.com/w/?token=BQYAAACU%2bKDb9Gyej4KtbEbQJBisasbB…","status":201,"wns_status":"received","wns_msg_id":"D48FC2657FB0D4E","wns_debug":"BY3PEPF00028D14","content_encoding":"aes128gcm","response_body":""} 
[2026-05-05 02:45:27] production.INFO: Telnyx voice webhook received {"event_type":"call.answered","call_control_id":"v3:b7Vng1woKTPygXV-vkb0jTgWuxRKFGl20fk6PUsZL4XNBPOifqc80A","direction":null} 
[2026-05-05 02:45:27] production.INFO: Playing admin screening prompt {"admin_call_control_id":"v3:b7Vng1woKTPygXV-vkb0jTgWuxRKFGl20fk6PUsZL4XNBPOifqc80A","call_log_id":934,"admin_user_id":1,"is_late_answerer":false,"caller_label":"GRZEGORZ SZADY"} 
[2026-05-05 02:45:27] production.INFO: Call command sent: speak {"call_control_id":"v3:b7Vng1woKTPygXV-vkb0jTgWuxRKFGl20fk6PUsZL4XNBPOifqc80A","result":"ok"} 
[2026-05-05 02:45:28] production.INFO: Telnyx voice webhook received {"event_type":"call.speak.started","call_control_id":"v3:b7Vng1woKTPygXV-vkb0jTgWuxRKFGl20fk6PUsZL4XNBPOifqc80A","direction":null} 
[2026-05-05 02:45:28] production.INFO: TTS speak started {"call_control_id":"v3:b7Vng1woKTPygXV-vkb0jTgWuxRKFGl20fk6PUsZL4XNBPOifqc80A"} 
[2026-05-05 02:45:30] production.INFO: Telnyx voice webhook received {"event_type":"call.speak.ended","call_control_id":"v3:YOUy09areV7YnLMStgR47axjXg0Z31L_j7EjLPhuzncDyEBoJCL7sw","direction":null} 
[2026-05-05 02:45:30] production.INFO: handleCallSpeakEnded ENTRY {"call_control_id":"v3:YOUy09areV7YnLMStgR47axjXg0Z31L_j7EjLPhuzncDyEBoJCL7sw","action":"welcome_done","client_state":{"action":"welcome_done","call_log_id":934,"original_caller":"+18472123894"},"client_state_raw_present":true} 
[2026-05-05 02:45:30] production.INFO: TTS completed — no admin answered yet, playing ringback {"call_control_id":"v3:YOUy09areV7YnLMStgR47axjXg0Z31L_j7EjLPhuzncDyEBoJCL7sw","call_log_id":934} 
[2026-05-05 02:45:30] production.INFO: Call command sent: playback_start {"call_control_id":"v3:YOUy09areV7YnLMStgR47axjXg0Z31L_j7EjLPhuzncDyEBoJCL7sw","result":"ok"} 
[2026-05-05 02:45:31] production.INFO: Telnyx voice webhook received {"event_type":"call.playback.started","call_control_id":"v3:YOUy09areV7YnLMStgR47axjXg0Z31L_j7EjLPhuzncDyEBoJCL7sw","direction":null} 
[2026-05-05 02:45:31] production.INFO: Unhandled voice event {"event_type":"call.playback.started"} 
[2026-05-05 02:45:34] production.INFO: Telnyx voice webhook received {"event_type":"call.speak.ended","call_control_id":"v3:b7Vng1woKTPygXV-vkb0jTgWuxRKFGl20fk6PUsZL4XNBPOifqc80A","direction":null} 
[2026-05-05 02:45:34] production.INFO: handleCallSpeakEnded ENTRY {"call_control_id":"v3:b7Vng1woKTPygXV-vkb0jTgWuxRKFGl20fk6PUsZL4XNBPOifqc80A","action":"admin_screen_done","client_state":{"action":"admin_screen_done","call_log_id":934,"incoming_call_control_id":"v3:YOUy09areV7YnLMStgR47axjXg0Z31L_j7EjLPhuzncDyEBoJCL7sw","admin_user_id":1,"conference_id":null},"client_state_raw_present":true} 
[2026-05-05 02:45:34] production.INFO: First admin answered — bridging without prompt {"admin_call_control_id":"v3:b7Vng1woKTPygXV-vkb0jTgWuxRKFGl20fk6PUsZL4XNBPOifqc80A","incoming_call_control_id":"v3:YOUy09areV7YnLMStgR47axjXg0Z31L_j7EjLPhuzncDyEBoJCL7sw","call_log_id":934,"admin_user_id":1} 
[2026-05-05 02:45:34] production.INFO: Creating conference with caller as first participant {"call_log_id":934,"conference_name":"call_934_14914c91","incoming_call_control_id":"v3:YOUy09areV7YnLMStgR47axjXg0Z31L_j7EjLPhuzncDyEBoJCL7sw","admin_call_control_id":"v3:b7Vng1woKTPygXV-vkb0jTgWuxRKFGl20fk6PUsZL4XNBPOifqc80A","admin_user_id":1} 
[2026-05-05 02:45:34] production.INFO: Call command sent: playback_stop {"call_control_id":"v3:YOUy09areV7YnLMStgR47axjXg0Z31L_j7EjLPhuzncDyEBoJCL7sw","result":"ok"} 
[2026-05-05 02:45:34] production.INFO: Telnyx voice webhook received {"event_type":"call.playback.ended","call_control_id":"v3:YOUy09areV7YnLMStgR47axjXg0Z31L_j7EjLPhuzncDyEBoJCL7sw","direction":null} 
[2026-05-05 02:45:34] production.INFO: Call command sent: playback_stop {"call_control_id":"v3:b7Vng1woKTPygXV-vkb0jTgWuxRKFGl20fk6PUsZL4XNBPOifqc80A","result":"ok"} 
[2026-05-05 02:45:34] production.INFO: Call command sent: playback_start {"call_control_id":"v3:YOUy09areV7YnLMStgR47axjXg0Z31L_j7EjLPhuzncDyEBoJCL7sw","result":"ok"} 
[2026-05-05 02:45:35] production.INFO: Telnyx voice webhook received {"event_type":"call.playback.ended","call_control_id":"v3:YOUy09areV7YnLMStgR47axjXg0Z31L_j7EjLPhuzncDyEBoJCL7sw","direction":null} 
[2026-05-05 02:45:35] production.INFO: Call command sent: playback_start {"call_control_id":"v3:YOUy09areV7YnLMStgR47axjXg0Z31L_j7EjLPhuzncDyEBoJCL7sw","result":"ok"} 
[2026-05-05 02:45:35] production.INFO: Conference created {"name":"call_934_14914c91","conference_id":"a0740d17-10a4-4a89-bef5-7a80549582eb","beneficiary_call_control_id":"v3:YOUy09areV7YnLMStgR47axjXg0Z31L_j7EjLPhuzncDyEBoJCL7sw"} 
[2026-05-05 02:45:35] production.INFO: Telnyx voice webhook received {"event_type":"conference.floor.changed","call_control_id":"v3:YOUy09areV7YnLMStgR47axjXg0Z31L_j7EjLPhuzncDyEBoJCL7sw","direction":null} 
[2026-05-05 02:45:35] production.INFO: Unhandled voice event {"event_type":"conference.floor.changed"} 
[2026-05-05 02:45:35] production.INFO: Telnyx voice webhook received {"event_type":"call.hangup","call_control_id":"v3:b7Vng1woKTPygXV-vkb0jTgWuxRKFGl20fk6PUsZL4XNBPOifqc80A","direction":null} 
[2026-05-05 02:45:35] production.INFO: Telnyx voice webhook received {"event_type":"call.playback.started","call_control_id":"v3:YOUy09areV7YnLMStgR47axjXg0Z31L_j7EjLPhuzncDyEBoJCL7sw","direction":null} 
[2026-05-05 02:45:35] production.INFO: Unhandled voice event {"event_type":"call.playback.started"} 
[2026-05-05 02:45:35] production.INFO: Telnyx voice webhook received {"event_type":"conference.created","call_control_id":"v3:YOUy09areV7YnLMStgR47axjXg0Z31L_j7EjLPhuzncDyEBoJCL7sw","direction":null} 
[2026-05-05 02:45:35] production.INFO: Unhandled voice event {"event_type":"conference.created"} 
[2026-05-05 02:45:35] production.INFO: Joined conference {"conference_id":"a0740d17-10a4-4a89-bef5-7a80549582eb","call_control_id":"v3:b7Vng1woKTPygXV-vkb0jTgWuxRKFGl20fk6PUsZL4XNBPOifqc80A"} 
[2026-05-05 02:45:35] production.INFO: Telnyx voice webhook received {"event_type":"conference.participant.joined","call_control_id":"v3:YOUy09areV7YnLMStgR47axjXg0Z31L_j7EjLPhuzncDyEBoJCL7sw","direction":null} 
[2026-05-05 02:45:35] production.INFO: Unhandled voice event {"event_type":"conference.participant.joined"} 
[2026-05-05 02:45:36] production.INFO: Telnyx voice webhook received {"event_type":"conference.participant.left","call_control_id":"v3:b7Vng1woKTPygXV-vkb0jTgWuxRKFGl20fk6PUsZL4XNBPOifqc80A","direction":null} 
[2026-05-05 02:45:36] production.INFO: Unhandled voice event {"event_type":"conference.participant.left"} 
[2026-05-05 02:45:36] production.INFO: Telnyx voice webhook received {"event_type":"conference.participant.joined","call_control_id":"v3:b7Vng1woKTPygXV-vkb0jTgWuxRKFGl20fk6PUsZL4XNBPOifqc80A","direction":null} 
[2026-05-05 02:45:36] production.INFO: Unhandled voice event {"event_type":"conference.participant.joined"} 
[2026-05-05 02:46:05] production.INFO: Telnyx voice webhook received {"event_type":"call.playback.ended","call_control_id":"v3:YOUy09areV7YnLMStgR47axjXg0Z31L_j7EjLPhuzncDyEBoJCL7sw","direction":null} 
[2026-05-05 02:46:16] production.INFO: Telnyx voice webhook received {"event_type":"call.hangup","call_control_id":"v3:YOUy09areV7YnLMStgR47axjXg0Z31L_j7EjLPhuzncDyEBoJCL7sw","direction":null} 
[2026-05-05 02:46:16] production.INFO: Call ended {"call_control_id":"v3:YOUy09areV7YnLMStgR47axjXg0Z31L_j7EjLPhuzncDyEBoJCL7sw","status":"completed","hangup_cause":"normal_clearing","duration":54.392415} 
[2026-05-05 02:46:16] production.INFO: Telnyx voice webhook received {"event_type":"conference.ended","call_control_id":"v3:YOUy09areV7YnLMStgR47axjXg0Z31L_j7EjLPhuzncDyEBoJCL7sw","direction":null} 
[2026-05-05 02:46:16] production.INFO: Unhandled voice event {"event_type":"conference.ended"} 
[2026-05-05 02:46:17] production.INFO: Telnyx voice webhook received {"event_type":"conference.participant.left","call_control_id":"v3:YOUy09areV7YnLMStgR47axjXg0Z31L_j7EjLPhuzncDyEBoJCL7sw","direction":null} 
[2026-05-05 02:46:17] production.INFO: Unhandled voice event {"event_type":"conference.participant.left"} 
[2026-05-05 02:46:52] production.INFO: Telnyx voice webhook received {"event_type":"call.initiated","call_control_id":"v3:4kHWB2-eR03luYHBVtC98O4CNRz9xcVrPHtXbOm6f37F0BbFMoXDPg","direction":"incoming"} 
[2026-05-05 02:46:52] production.INFO: Incoming call - answering {"call_control_id":"v3:4kHWB2-eR03luYHBVtC98O4CNRz9xcVrPHtXbOm6f37F0BbFMoXDPg","from":"+18472123894","to":"+18474304439","caller_user_id":null,"caller_name":"GRZEGORZ SZADY"} 
[2026-05-05 02:46:53] production.INFO: Call command sent: answer {"call_control_id":"v3:4kHWB2-eR03luYHBVtC98O4CNRz9xcVrPHtXbOm6f37F0BbFMoXDPg","result":"ok"} 
[2026-05-05 02:46:53] production.INFO: Telnyx voice webhook received {"event_type":"call.answered","call_control_id":"v3:4kHWB2-eR03luYHBVtC98O4CNRz9xcVrPHtXbOm6f37F0BbFMoXDPg","direction":null} 
[2026-05-05 02:46:53] production.INFO: Playing welcome TTS and dialing admins simultaneously {"call_control_id":"v3:4kHWB2-eR03luYHBVtC98O4CNRz9xcVrPHtXbOm6f37F0BbFMoXDPg","tts":"<speak version=\"1.0\" xml:lang=\"en-US\">Good evening, thanks for calling GS Construction! One moment while we connect you to the GS Crew.<break time=\"400ms\"/></speak>","is_known_caller":false} 
[2026-05-05 02:46:53] production.INFO: Call command sent: speak {"call_control_id":"v3:4kHWB2-eR03luYHBVtC98O4CNRz9xcVrPHtXbOm6f37F0BbFMoXDPg","result":"ok"} 
[2026-05-05 02:46:54] production.INFO: Dialed admin {"admin_user_id":1,"admin_name":"Patryk Szady","phone":"+12249993880","admin_call_control_id":"v3:KnE1h8N3DC6rzd3-zG0-7hBCVNBxFyNdJZM2rJwPxiiXyeqM2_1n6w"} 
[2026-05-05 02:46:54] production.INFO: Telnyx voice webhook received {"event_type":"call.initiated","call_control_id":"v3:KnE1h8N3DC6rzd3-zG0-7hBCVNBxFyNdJZM2rJwPxiiXyeqM2_1n6w","direction":"outgoing"} 
[2026-05-05 02:46:54] production.INFO: Outbound call initiated {"call_control_id":"v3:KnE1h8N3DC6rzd3-zG0-7hBCVNBxFyNdJZM2rJwPxiiXyeqM2_1n6w","to":"+12249993880"} 
[2026-05-05 02:46:54] production.INFO: Telnyx voice webhook received {"event_type":"call.speak.started","call_control_id":"v3:4kHWB2-eR03luYHBVtC98O4CNRz9xcVrPHtXbOm6f37F0BbFMoXDPg","direction":null} 
[2026-05-05 02:46:54] production.INFO: TTS speak started {"call_control_id":"v3:4kHWB2-eR03luYHBVtC98O4CNRz9xcVrPHtXbOm6f37F0BbFMoXDPg"} 
[2026-05-05 02:46:54] production.DEBUG: Push notification delivered {"endpoint":"https://web.push.apple.com/QDkJcfxcMRPW4uLNUaYZ21nDUMJHCJ-cyja1FMQcNEv6qKbL-ec_s…","status":201} 
[2026-05-05 02:46:54] production.DEBUG: Push notification delivered {"endpoint":"https://fcm.googleapis.com/fcm/send/cYR-NIq4nms:APA91bEppjWa7ZIrYxviNuWljHyZ7qnu…","status":201} 
[2026-05-05 02:46:54] production.DEBUG: Push notification delivered {"endpoint":"https://wns2-by3p.notify.windows.com/w/?token=BQYAAACU%2bKDb9Gyej4KtbEbQJBisasbB…","status":201,"wns_status":"received","wns_msg_id":"70E5FD523FA6F718","wns_debug":"BY3PEPF0000E9A4","content_encoding":"aes128gcm","response_body":""} 
[2026-05-05 02:46:55] production.DEBUG: Push notification delivered {"endpoint":"https://web.push.apple.com/QDkJcfxcMRPW4uLNUaYZ21nDUMJHCJ-cyja1FMQcNEv6qKbL-ec_s…","status":201} 
[2026-05-05 02:46:55] production.DEBUG: Push notification delivered {"endpoint":"https://fcm.googleapis.com/fcm/send/cYR-NIq4nms:APA91bEppjWa7ZIrYxviNuWljHyZ7qnu…","status":201} 
[2026-05-05 02:46:55] production.DEBUG: Push notification delivered {"endpoint":"https://wns2-by3p.notify.windows.com/w/?token=BQYAAACU%2bKDb9Gyej4KtbEbQJBisasbB…","status":201,"wns_status":"received","wns_msg_id":"764C8C2B339F86A7","wns_debug":"BY3PEPF0000E9FE","content_encoding":"aes128gcm","response_body":""} 
[2026-05-05 02:47:01] production.INFO: Telnyx voice webhook received {"event_type":"call.speak.ended","call_control_id":"v3:4kHWB2-eR03luYHBVtC98O4CNRz9xcVrPHtXbOm6f37F0BbFMoXDPg","direction":null} 
[2026-05-05 02:47:01] production.INFO: handleCallSpeakEnded ENTRY {"call_control_id":"v3:4kHWB2-eR03luYHBVtC98O4CNRz9xcVrPHtXbOm6f37F0BbFMoXDPg","action":"welcome_done","client_state":{"action":"welcome_done","call_log_id":935,"original_caller":"+18472123894"},"client_state_raw_present":true} 
[2026-05-05 02:47:01] production.INFO: TTS completed — no admin answered yet, playing ringback {"call_control_id":"v3:4kHWB2-eR03luYHBVtC98O4CNRz9xcVrPHtXbOm6f37F0BbFMoXDPg","call_log_id":935} 
[2026-05-05 02:47:01] production.INFO: Call command sent: playback_start {"call_control_id":"v3:4kHWB2-eR03luYHBVtC98O4CNRz9xcVrPHtXbOm6f37F0BbFMoXDPg","result":"ok"} 
[2026-05-05 02:47:02] production.INFO: Telnyx voice webhook received {"event_type":"call.playback.started","call_control_id":"v3:4kHWB2-eR03luYHBVtC98O4CNRz9xcVrPHtXbOm6f37F0BbFMoXDPg","direction":null} 
[2026-05-05 02:47:02] production.INFO: Unhandled voice event {"event_type":"call.playback.started"} 
[2026-05-05 02:47:02] production.INFO: Telnyx voice webhook received {"event_type":"call.answered","call_control_id":"v3:KnE1h8N3DC6rzd3-zG0-7hBCVNBxFyNdJZM2rJwPxiiXyeqM2_1n6w","direction":null} 
[2026-05-05 02:47:02] production.INFO: Playing admin screening prompt {"admin_call_control_id":"v3:KnE1h8N3DC6rzd3-zG0-7hBCVNBxFyNdJZM2rJwPxiiXyeqM2_1n6w","call_log_id":935,"admin_user_id":1,"is_late_answerer":false,"caller_label":"GRZEGORZ SZADY"} 
[2026-05-05 02:47:03] production.INFO: Call command sent: speak {"call_control_id":"v3:KnE1h8N3DC6rzd3-zG0-7hBCVNBxFyNdJZM2rJwPxiiXyeqM2_1n6w","result":"ok"} 
[2026-05-05 02:47:03] production.INFO: Telnyx voice webhook received {"event_type":"call.speak.started","call_control_id":"v3:KnE1h8N3DC6rzd3-zG0-7hBCVNBxFyNdJZM2rJwPxiiXyeqM2_1n6w","direction":null} 
[2026-05-05 02:47:03] production.INFO: TTS speak started {"call_control_id":"v3:KnE1h8N3DC6rzd3-zG0-7hBCVNBxFyNdJZM2rJwPxiiXyeqM2_1n6w"} 
[2026-05-05 02:47:10] production.INFO: Telnyx voice webhook received {"event_type":"call.speak.ended","call_control_id":"v3:KnE1h8N3DC6rzd3-zG0-7hBCVNBxFyNdJZM2rJwPxiiXyeqM2_1n6w","direction":null} 
[2026-05-05 02:47:10] production.INFO: handleCallSpeakEnded ENTRY {"call_control_id":"v3:KnE1h8N3DC6rzd3-zG0-7hBCVNBxFyNdJZM2rJwPxiiXyeqM2_1n6w","action":"admin_screen_done","client_state":{"action":"admin_screen_done","call_log_id":935,"incoming_call_control_id":"v3:4kHWB2-eR03luYHBVtC98O4CNRz9xcVrPHtXbOm6f37F0BbFMoXDPg","admin_user_id":1,"conference_id":null},"client_state_raw_present":true} 
[2026-05-05 02:47:10] production.INFO: First admin answered — bridging without prompt {"admin_call_control_id":"v3:KnE1h8N3DC6rzd3-zG0-7hBCVNBxFyNdJZM2rJwPxiiXyeqM2_1n6w","incoming_call_control_id":"v3:4kHWB2-eR03luYHBVtC98O4CNRz9xcVrPHtXbOm6f37F0BbFMoXDPg","call_log_id":935,"admin_user_id":1} 
[2026-05-05 02:47:10] production.INFO: Creating conference with caller as first participant {"call_log_id":935,"conference_name":"call_935_a8f2b5cf","incoming_call_control_id":"v3:4kHWB2-eR03luYHBVtC98O4CNRz9xcVrPHtXbOm6f37F0BbFMoXDPg","admin_call_control_id":"v3:KnE1h8N3DC6rzd3-zG0-7hBCVNBxFyNdJZM2rJwPxiiXyeqM2_1n6w","admin_user_id":1} 
[2026-05-05 02:47:10] production.INFO: Call command sent: playback_stop {"call_control_id":"v3:4kHWB2-eR03luYHBVtC98O4CNRz9xcVrPHtXbOm6f37F0BbFMoXDPg","result":"ok"} 
[2026-05-05 02:47:10] production.INFO: Telnyx voice webhook received {"event_type":"call.playback.ended","call_control_id":"v3:4kHWB2-eR03luYHBVtC98O4CNRz9xcVrPHtXbOm6f37F0BbFMoXDPg","direction":null} 
[2026-05-05 02:47:10] production.INFO: Call command sent: playback_stop {"call_control_id":"v3:KnE1h8N3DC6rzd3-zG0-7hBCVNBxFyNdJZM2rJwPxiiXyeqM2_1n6w","result":"ok"} 
[2026-05-05 02:47:10] production.INFO: Call command sent: playback_start {"call_control_id":"v3:4kHWB2-eR03luYHBVtC98O4CNRz9xcVrPHtXbOm6f37F0BbFMoXDPg","result":"ok"} 
[2026-05-05 02:47:10] production.INFO: Telnyx voice webhook received {"event_type":"call.playback.ended","call_control_id":"v3:4kHWB2-eR03luYHBVtC98O4CNRz9xcVrPHtXbOm6f37F0BbFMoXDPg","direction":null} 
[2026-05-05 02:47:10] production.INFO: Call command sent: playback_start {"call_control_id":"v3:4kHWB2-eR03luYHBVtC98O4CNRz9xcVrPHtXbOm6f37F0BbFMoXDPg","result":"ok"} 
[2026-05-05 02:47:10] production.INFO: Conference created {"name":"call_935_a8f2b5cf","conference_id":"4e7ae8d6-13e0-44f6-8a2b-50b7872b66e7","beneficiary_call_control_id":"v3:4kHWB2-eR03luYHBVtC98O4CNRz9xcVrPHtXbOm6f37F0BbFMoXDPg"} 
[2026-05-05 02:47:11] production.INFO: Telnyx voice webhook received {"event_type":"conference.floor.changed","call_control_id":"v3:4kHWB2-eR03luYHBVtC98O4CNRz9xcVrPHtXbOm6f37F0BbFMoXDPg","direction":null} 
[2026-05-05 02:47:11] production.INFO: Unhandled voice event {"event_type":"conference.floor.changed"} 
[2026-05-05 02:47:11] production.INFO: Telnyx voice webhook received {"event_type":"conference.created","call_control_id":"v3:4kHWB2-eR03luYHBVtC98O4CNRz9xcVrPHtXbOm6f37F0BbFMoXDPg","direction":null} 
[2026-05-05 02:47:11] production.INFO: Unhandled voice event {"event_type":"conference.created"} 
[2026-05-05 02:47:11] production.INFO: Telnyx voice webhook received {"event_type":"conference.participant.joined","call_control_id":"v3:4kHWB2-eR03luYHBVtC98O4CNRz9xcVrPHtXbOm6f37F0BbFMoXDPg","direction":null} 
[2026-05-05 02:47:11] production.INFO: Unhandled voice event {"event_type":"conference.participant.joined"} 
[2026-05-05 02:47:11] production.INFO: Joined conference {"conference_id":"4e7ae8d6-13e0-44f6-8a2b-50b7872b66e7","call_control_id":"v3:KnE1h8N3DC6rzd3-zG0-7hBCVNBxFyNdJZM2rJwPxiiXyeqM2_1n6w"} 
[2026-05-05 02:47:11] production.INFO: Telnyx voice webhook received {"event_type":"call.playback.started","call_control_id":"v3:4kHWB2-eR03luYHBVtC98O4CNRz9xcVrPHtXbOm6f37F0BbFMoXDPg","direction":null} 
[2026-05-05 02:47:11] production.INFO: Unhandled voice event {"event_type":"call.playback.started"} 
[2026-05-05 02:47:11] production.INFO: Telnyx voice webhook received {"event_type":"conference.participant.joined","call_control_id":"v3:KnE1h8N3DC6rzd3-zG0-7hBCVNBxFyNdJZM2rJwPxiiXyeqM2_1n6w","direction":null} 
[2026-05-05 02:47:11] production.INFO: Unhandled voice event {"event_type":"conference.participant.joined"} 
[2026-05-05 02:47:11] production.INFO: Telnyx voice webhook received {"event_type":"conference.floor.changed","call_control_id":"v3:KnE1h8N3DC6rzd3-zG0-7hBCVNBxFyNdJZM2rJwPxiiXyeqM2_1n6w","direction":null} 
[2026-05-05 02:47:11] production.INFO: Unhandled voice event {"event_type":"conference.floor.changed"} 
[2026-05-05 02:47:12] production.INFO: Telnyx voice webhook received {"event_type":"call.hangup","call_control_id":"v3:KnE1h8N3DC6rzd3-zG0-7hBCVNBxFyNdJZM2rJwPxiiXyeqM2_1n6w","direction":null} 
[2026-05-05 02:47:12] production.INFO: Telnyx voice webhook received {"event_type":"conference.floor.changed","call_control_id":"v3:4kHWB2-eR03luYHBVtC98O4CNRz9xcVrPHtXbOm6f37F0BbFMoXDPg","direction":null} 
[2026-05-05 02:47:12] production.INFO: Unhandled voice event {"event_type":"conference.floor.changed"} 
[2026-05-05 02:47:12] production.INFO: Telnyx voice webhook received {"event_type":"conference.participant.left","call_control_id":"v3:KnE1h8N3DC6rzd3-zG0-7hBCVNBxFyNdJZM2rJwPxiiXyeqM2_1n6w","direction":null} 
[2026-05-05 02:47:12] production.INFO: Unhandled voice event {"event_type":"conference.participant.left"} 
[2026-05-05 02:47:12] production.INFO: Telnyx voice webhook received {"event_type":"conference.floor.changed","call_control_id":"v3:4kHWB2-eR03luYHBVtC98O4CNRz9xcVrPHtXbOm6f37F0BbFMoXDPg","direction":null} 
[2026-05-05 02:47:12] production.INFO: Unhandled voice event {"event_type":"conference.floor.changed"} 
[2026-05-05 02:47:41] production.INFO: Telnyx voice webhook received {"event_type":"call.playback.ended","call_control_id":"v3:4kHWB2-eR03luYHBVtC98O4CNRz9xcVrPHtXbOm6f37F0BbFMoXDPg","direction":null} 
[2026-05-05 02:47:46] production.INFO: Telnyx voice webhook received {"event_type":"call.hangup","call_control_id":"v3:4kHWB2-eR03luYHBVtC98O4CNRz9xcVrPHtXbOm6f37F0BbFMoXDPg","direction":null} 
[2026-05-05 02:47:46] production.INFO: Call ended {"call_control_id":"v3:4kHWB2-eR03luYHBVtC98O4CNRz9xcVrPHtXbOm6f37F0BbFMoXDPg","status":"completed","hangup_cause":"normal_clearing","duration":53.057216999999994} 
[2026-05-05 02:47:46] production.INFO: Telnyx voice webhook received {"event_type":"conference.ended","call_control_id":"v3:4kHWB2-eR03luYHBVtC98O4CNRz9xcVrPHtXbOm6f37F0BbFMoXDPg","direction":null} 
[2026-05-05 02:47:46] production.INFO: Unhandled voice event {"event_type":"conference.ended"} 
[2026-05-05 02:47:46] production.INFO: Telnyx voice webhook received {"event_type":"conference.participant.left","call_control_id":"v3:4kHWB2-eR03luYHBVtC98O4CNRz9xcVrPHtXbOm6f37F0BbFMoXDPg","direction":null} 
[2026-05-05 02:47:46] production.INFO: Unhandled voice event {"event_type":"conference.participant.left"} 
[2026-05-05 04:09:33] production.INFO: Telnyx voice webhook received {"event_type":"call.initiated","call_control_id":"v3:ABaz5vmmY5ewmYIS2CWW9i9rCGAYf8J-SEUzBILFzqC6I_-AWFkzww","direction":"incoming"} 
[2026-05-05 04:09:33] production.INFO: Incoming call - answering {"call_control_id":"v3:ABaz5vmmY5ewmYIS2CWW9i9rCGAYf8J-SEUzBILFzqC6I_-AWFkzww","from":"+18472123894","to":"+12247354200","caller_user_id":null,"caller_name":"GRZEGORZ SZADY"} 
[2026-05-05 04:09:34] production.INFO: Call command sent: answer {"call_control_id":"v3:ABaz5vmmY5ewmYIS2CWW9i9rCGAYf8J-SEUzBILFzqC6I_-AWFkzww","result":"ok"} 
[2026-05-05 04:09:34] production.INFO: Telnyx voice webhook received {"event_type":"call.answered","call_control_id":"v3:ABaz5vmmY5ewmYIS2CWW9i9rCGAYf8J-SEUzBILFzqC6I_-AWFkzww","direction":null} 
[2026-05-05 04:09:34] production.INFO: Inbound call outside business hours — routing to voicemail {"call_control_id":"v3:ABaz5vmmY5ewmYIS2CWW9i9rCGAYf8J-SEUzBILFzqC6I_-AWFkzww","call_log_id":936,"business_hours":{"start":"07:00","end":"18:00","days":[1,2,3,4,5]},"vendor_timezone":"America/Chicago"} 
[2026-05-05 04:09:34] production.INFO: Call command sent: playback_stop {"call_control_id":"v3:ABaz5vmmY5ewmYIS2CWW9i9rCGAYf8J-SEUzBILFzqC6I_-AWFkzww","result":"ok"} 
[2026-05-05 04:09:34] production.INFO: Playing voicemail IVR menu {"call_control_id":"v3:ABaz5vmmY5ewmYIS2CWW9i9rCGAYf8J-SEUzBILFzqC6I_-AWFkzww","call_log_id":936,"ivr_prompt":"<speak version=\"1.0\" xml:lang=\"en-US\"><break time=\"400ms\"/><prosody rate=\"+15%\">GS Construction is not available right now. Press 2 to send a text on your behalf so the GS Crew knows to call you back ASAP. Or stay on the line to leave a voicemail.</prosody><break time=\"400ms\"/></speak>","is_known_caller":false} 
[2026-05-05 04:09:34] production.INFO: Call command sent: gather_using_speak {"call_control_id":"v3:ABaz5vmmY5ewmYIS2CWW9i9rCGAYf8J-SEUzBILFzqC6I_-AWFkzww","result":"ok"} 
[2026-05-05 04:09:34] production.DEBUG: Push notification delivered {"endpoint":"https://web.push.apple.com/QDkJcfxcMRPW4uLNUaYZ21nDUMJHCJ-cyja1FMQcNEv6qKbL-ec_s…","status":201} 
[2026-05-05 04:09:34] production.DEBUG: Push notification delivered {"endpoint":"https://fcm.googleapis.com/fcm/send/cYR-NIq4nms:APA91bEppjWa7ZIrYxviNuWljHyZ7qnu…","status":201} 
[2026-05-05 04:09:34] production.DEBUG: Push notification delivered {"endpoint":"https://wns2-by3p.notify.windows.com/w/?token=BQYAAACU%2bKDb9Gyej4KtbEbQJBisasbB…","status":201,"wns_status":"received","wns_msg_id":"333777B7120DBC41","wns_debug":"BY3PEPF0001AAFA","content_encoding":"aes128gcm","response_body":""} 
[2026-05-05 04:09:35] production.DEBUG: Push notification delivered {"endpoint":"https://web.push.apple.com/QDkJcfxcMRPW4uLNUaYZ21nDUMJHCJ-cyja1FMQcNEv6qKbL-ec_s…","status":201} 
[2026-05-05 04:09:35] production.DEBUG: Push notification delivered {"endpoint":"https://fcm.googleapis.com/fcm/send/cYR-NIq4nms:APA91bEppjWa7ZIrYxviNuWljHyZ7qnu…","status":201} 
[2026-05-05 04:09:35] production.DEBUG: Push notification delivered {"endpoint":"https://wns2-by3p.notify.windows.com/w/?token=BQYAAACU%2bKDb9Gyej4KtbEbQJBisasbB…","status":201,"wns_status":"received","wns_msg_id":"3969A68E2DADC14C","wns_debug":"BY3PEPF00028D18","content_encoding":"aes128gcm","response_body":""} 
[2026-05-05 04:09:35] production.INFO: Telnyx voice webhook received {"event_type":"call.speak.started","call_control_id":"v3:ABaz5vmmY5ewmYIS2CWW9i9rCGAYf8J-SEUzBILFzqC6I_-AWFkzww","direction":null} 
[2026-05-05 04:09:35] production.INFO: TTS speak started {"call_control_id":"v3:ABaz5vmmY5ewmYIS2CWW9i9rCGAYf8J-SEUzBILFzqC6I_-AWFkzww"} 
[2026-05-05 04:09:46] production.INFO: Telnyx voice webhook received {"event_type":"call.speak.ended","call_control_id":"v3:ABaz5vmmY5ewmYIS2CWW9i9rCGAYf8J-SEUzBILFzqC6I_-AWFkzww","direction":null} 
[2026-05-05 04:09:46] production.INFO: handleCallSpeakEnded ENTRY {"call_control_id":"v3:ABaz5vmmY5ewmYIS2CWW9i9rCGAYf8J-SEUzBILFzqC6I_-AWFkzww","action":"voicemail_ivr_menu","client_state":{"action":"voicemail_ivr_menu","call_log_id":936,"original_caller":"+18472123894","is_known_caller":false,"retry_count":0},"client_state_raw_present":true} 
[2026-05-05 04:09:47] production.INFO: Telnyx voice webhook received {"event_type":"call.dtmf.received","call_control_id":"v3:ABaz5vmmY5ewmYIS2CWW9i9rCGAYf8J-SEUzBILFzqC6I_-AWFkzww","direction":null} 
[2026-05-05 04:09:47] production.INFO: DTMF received {"call_control_id":"v3:ABaz5vmmY5ewmYIS2CWW9i9rCGAYf8J-SEUzBILFzqC6I_-AWFkzww","digit":"2"} 
[2026-05-05 04:09:47] production.INFO: Telnyx voice webhook received {"event_type":"call.gather.ended","call_control_id":"v3:ABaz5vmmY5ewmYIS2CWW9i9rCGAYf8J-SEUzBILFzqC6I_-AWFkzww","direction":null} 
[2026-05-05 04:09:47] production.INFO: IVR gather ended {"call_control_id":"v3:ABaz5vmmY5ewmYIS2CWW9i9rCGAYf8J-SEUzBILFzqC6I_-AWFkzww","digits":"2","call_log_id":936} 
[2026-05-05 04:09:47] production.INFO: IVR: caller pressed 2 — sending SMS {"call_control_id":"v3:ABaz5vmmY5ewmYIS2CWW9i9rCGAYf8J-SEUzBILFzqC6I_-AWFkzww","caller_number":"+18472123894"} 
[2026-05-05 04:09:47] production.INFO: Callback SMS sent to caller {"caller_number":"+18472123894","from":"+12247354200"} 
[2026-05-05 04:09:47] production.INFO: Callback message created in SMS system {"call_log_id":936,"caller_number":"+18472123894","thread_id":226,"message_id":41719} 
[2026-05-05 04:09:47] production.INFO: Telnyx webhook received {"event_type":"message.sent","message_id":"40319df6-53e8-40d8-92d2-0555ebbd86e1"} 
[2026-05-05 04:09:47] production.INFO: Message sent {"id":"40319df6-53e8-40d8-92d2-0555ebbd86e1","to":"+18472123894","from":"+12247354200"} 
[2026-05-05 04:09:47] production.INFO: Call command sent: speak {"call_control_id":"v3:ABaz5vmmY5ewmYIS2CWW9i9rCGAYf8J-SEUzBILFzqC6I_-AWFkzww","result":"ok"} 
[2026-05-05 04:09:47] production.INFO: Telnyx webhook received {"event_type":"message.finalized","message_id":"40319df6-53e8-40d8-92d2-0555ebbd86e1"} 
[2026-05-05 04:09:47] production.INFO: Message finalized {"id":"40319df6-53e8-40d8-92d2-0555ebbd86e1","to":"+18472123894","status":"delivered"} 
[2026-05-05 04:09:48] production.INFO: Telnyx voice webhook received {"event_type":"call.speak.started","call_control_id":"v3:ABaz5vmmY5ewmYIS2CWW9i9rCGAYf8J-SEUzBILFzqC6I_-AWFkzww","direction":null} 
[2026-05-05 04:09:48] production.INFO: TTS speak started {"call_control_id":"v3:ABaz5vmmY5ewmYIS2CWW9i9rCGAYf8J-SEUzBILFzqC6I_-AWFkzww"} 
[2026-05-05 04:09:49] production.DEBUG: Push notification delivered {"endpoint":"https://web.push.apple.com/QDkJcfxcMRPW4uLNUaYZ21nDUMJHCJ-cyja1FMQcNEv6qKbL-ec_s…","status":201} 
[2026-05-05 04:09:49] production.DEBUG: Push notification delivered {"endpoint":"https://fcm.googleapis.com/fcm/send/cYR-NIq4nms:APA91bEppjWa7ZIrYxviNuWljHyZ7qnu…","status":201} 
[2026-05-05 04:09:49] production.DEBUG: Push notification delivered {"endpoint":"https://wns2-by3p.notify.windows.com/w/?token=BQYAAACU%2bKDb9Gyej4KtbEbQJBisasbB…","status":201,"wns_status":"received","wns_msg_id":"3291F48B6F95FA02","wns_debug":"BY3PEPF00028D10","content_encoding":"aes128gcm","response_body":""} 
[2026-05-05 04:09:49] production.DEBUG: Push notification delivered {"endpoint":"https://wns2-ch1p.notify.windows.com/w/?token=BQYAAAAQe2hvIFkElPQKFh5BKOEEEpIVqW…","status":201,"wns_status":"received","wns_msg_id":"58C6F0741F92779D","wns_debug":"CH1PEPF00006E97","content_encoding":"aes128gcm","response_body":""} 
[2026-05-05 04:09:50] production.DEBUG: Push notification delivered {"endpoint":"https://web.push.apple.com/QJnqrnzJg9xule8bhPY8CE20AFCRYEqQblM8TaB0eTcRZ7HDySHVw…","status":201} 
[2026-05-05 04:09:56] production.INFO: Telnyx voice webhook received {"event_type":"call.speak.ended","call_control_id":"v3:ABaz5vmmY5ewmYIS2CWW9i9rCGAYf8J-SEUzBILFzqC6I_-AWFkzww","direction":null} 
[2026-05-05 04:09:56] production.INFO: handleCallSpeakEnded ENTRY {"call_control_id":"v3:ABaz5vmmY5ewmYIS2CWW9i9rCGAYf8J-SEUzBILFzqC6I_-AWFkzww","action":"ivr_sms_confirmation","client_state":{"action":"ivr_sms_confirmation","call_log_id":936},"client_state_raw_present":true} 
[2026-05-05 04:09:56] production.INFO: IVR SMS confirmation done — hanging up {"call_control_id":"v3:ABaz5vmmY5ewmYIS2CWW9i9rCGAYf8J-SEUzBILFzqC6I_-AWFkzww","call_log_id":936} 
[2026-05-05 04:09:56] production.INFO: Call command sent: hangup {"call_control_id":"v3:ABaz5vmmY5ewmYIS2CWW9i9rCGAYf8J-SEUzBILFzqC6I_-AWFkzww","result":"ok"} 
[2026-05-05 04:09:57] production.INFO: Telnyx voice webhook received {"event_type":"call.hangup","call_control_id":"v3:ABaz5vmmY5ewmYIS2CWW9i9rCGAYf8J-SEUzBILFzqC6I_-AWFkzww","direction":null} 
[2026-05-05 04:09:57] production.INFO: Call ended {"call_control_id":"v3:ABaz5vmmY5ewmYIS2CWW9i9rCGAYf8J-SEUzBILFzqC6I_-AWFkzww","status":"missed","hangup_cause":"normal_clearing","duration":23.171265} 
[2026-05-05 04:44:58] production.INFO: Telnyx webhook received {"event_type":"message.received","message_id":"b3e5a5c4-846d-45d5-bf22-672199c460ae"} 
[2026-05-05 04:44:58] production.INFO: Inbound SMS received {"id":"b3e5a5c4-846d-45d5-bf22-672199c460ae","from":"+18472123894","to":"+12247354200","all_to":["+12247354200"],"text":"Test","media_count":0,"type":"SMS"} 
[2026-05-05 04:44:58] production.INFO: Sent opt-in consent prompt to inbound sender {"thread_id":226,"from":"+18472123894"} 
[2026-05-05 04:45:11] production.DEBUG: Push notification delivered {"endpoint":"https://web.push.apple.com/QDkJcfxcMRPW4uLNUaYZ21nDUMJHCJ-cyja1FMQcNEv6qKbL-ec_s…","status":201} 
[2026-05-05 04:45:11] production.DEBUG: Push notification delivered {"endpoint":"https://fcm.googleapis.com/fcm/send/cYR-NIq4nms:APA91bEppjWa7ZIrYxviNuWljHyZ7qnu…","status":201} 
[2026-05-05 04:45:11] production.DEBUG: Push notification delivered {"endpoint":"https://wns2-by3p.notify.windows.com/w/?token=BQYAAACU%2bKDb9Gyej4KtbEbQJBisasbB…","status":201,"wns_status":"received","wns_msg_id":"52270E2409A5AC98","wns_debug":"BY3PEPF0001958F","content_encoding":"aes128gcm","response_body":""} 
[2026-05-05 04:45:11] production.INFO: Telnyx webhook received {"event_type":"message.sent","message_id":"40319df6-744e-41be-ab27-afec3293e99e"} 
[2026-05-05 04:45:11] production.INFO: Message sent {"id":"40319df6-744e-41be-ab27-afec3293e99e","to":"+18472123894","from":"+12247354200"} 
[2026-05-05 04:45:11] production.INFO: Telnyx webhook received {"event_type":"message.finalized","message_id":"40319df6-744e-41be-ab27-afec3293e99e"} 
[2026-05-05 04:45:11] production.INFO: Message finalized {"id":"40319df6-744e-41be-ab27-afec3293e99e","to":"+18472123894","status":"delivered"} 
[2026-05-05 04:45:11] production.DEBUG: Push notification delivered {"endpoint":"https://wns2-ch1p.notify.windows.com/w/?token=BQYAAAAQe2hvIFkElPQKFh5BKOEEEpIVqW…","status":201,"wns_status":"received","wns_msg_id":"3EB9D1614CC450A6","wns_debug":"CH1PEPF00006F1F","content_encoding":"aes128gcm","response_body":""} 
[2026-05-05 04:45:11] production.DEBUG: Push notification delivered {"endpoint":"https://web.push.apple.com/QJnqrnzJg9xule8bhPY8CE20AFCRYEqQblM8TaB0eTcRZ7HDySHVw…","status":201} 
[2026-05-05 04:45:26] production.INFO: Telnyx webhook received {"event_type":"message.received","message_id":"c4fbb425-10c0-4983-aa99-365077084754"} 
[2026-05-05 04:45:26] production.INFO: Inbound SMS received {"id":"c4fbb425-10c0-4983-aa99-365077084754","from":"+18472123894","to":"+12247354200","all_to":["+12247354200"],"text":"STAR","media_count":0,"type":"SMS"} 
[2026-05-05 04:45:28] production.DEBUG: Push notification delivered {"endpoint":"https://web.push.apple.com/QDkJcfxcMRPW4uLNUaYZ21nDUMJHCJ-cyja1FMQcNEv6qKbL-ec_s…","status":201} 
[2026-05-05 04:45:28] production.DEBUG: Push notification delivered {"endpoint":"https://fcm.googleapis.com/fcm/send/cYR-NIq4nms:APA91bEppjWa7ZIrYxviNuWljHyZ7qnu…","status":201} 
[2026-05-05 04:45:28] production.DEBUG: Push notification delivered {"endpoint":"https://wns2-by3p.notify.windows.com/w/?token=BQYAAACU%2bKDb9Gyej4KtbEbQJBisasbB…","status":201,"wns_status":"received","wns_msg_id":"29E6121E5685A752","wns_debug":"BY3PEPF0001AB22","content_encoding":"aes128gcm","response_body":""} 
[2026-05-05 04:45:28] production.DEBUG: Push notification delivered {"endpoint":"https://wns2-ch1p.notify.windows.com/w/?token=BQYAAAAQe2hvIFkElPQKFh5BKOEEEpIVqW…","status":201,"wns_status":"received","wns_msg_id":"5294432234618C2C","wns_debug":"CH1PEPF00006F7F","content_encoding":"aes128gcm","response_body":""} 
[2026-05-05 04:45:29] production.DEBUG: Push notification delivered {"endpoint":"https://web.push.apple.com/QJnqrnzJg9xule8bhPY8CE20AFCRYEqQblM8TaB0eTcRZ7HDySHVw…","status":201} 
[2026-05-05 04:45:51] production.INFO: Telnyx webhook received {"event_type":"message.received","message_id":"cb3e2fd4-baf0-4af4-bc2b-713510920ac8"} 
[2026-05-05 04:45:51] production.INFO: Inbound SMS received {"id":"cb3e2fd4-baf0-4af4-bc2b-713510920ac8","from":"+18472123894","to":"+12247354200","all_to":["+12247354200"],"text":"START","media_count":0,"type":"SMS"} 
[2026-05-05 04:45:51] production.INFO: Inbound compliance keyword received (provider/carrier may auto-respond) {"keyword":"START","from":"+18472123894","to":"+12247354200"} 
[2026-05-05 04:45:51] production.INFO: Inbound START processed {"thread_id":226,"from":"+18472123894","welcome_sent":true} 
[2026-05-05 04:45:52] production.INFO: Telnyx webhook received {"event_type":"message.sent","message_id":"40319df6-74f1-426a-a9db-a777b77fee45"} 
[2026-05-05 04:45:52] production.INFO: Message sent {"id":"40319df6-74f1-426a-a9db-a777b77fee45","to":"+18472123894","from":"+12247354200"} 
[2026-05-05 04:45:53] production.DEBUG: Push notification delivered {"endpoint":"https://web.push.apple.com/QDkJcfxcMRPW4uLNUaYZ21nDUMJHCJ-cyja1FMQcNEv6qKbL-ec_s…","status":201} 
[2026-05-05 04:45:53] production.DEBUG: Push notification delivered {"endpoint":"https://fcm.googleapis.com/fcm/send/cYR-NIq4nms:APA91bEppjWa7ZIrYxviNuWljHyZ7qnu…","status":201} 
[2026-05-05 04:45:53] production.DEBUG: Push notification delivered {"endpoint":"https://wns2-by3p.notify.windows.com/w/?token=BQYAAACU%2bKDb9Gyej4KtbEbQJBisasbB…","status":201,"wns_status":"received","wns_msg_id":"585781DC5AA3E6FE","wns_debug":"BY3PEPF000195A2","content_encoding":"aes128gcm","response_body":""} 
[2026-05-05 04:45:53] production.INFO: Telnyx webhook received {"event_type":"message.finalized","message_id":"40319df6-74f1-426a-a9db-a777b77fee45"} 
[2026-05-05 04:45:53] production.INFO: Message finalized {"id":"40319df6-74f1-426a-a9db-a777b77fee45","to":"+18472123894","status":"delivered"} 
[2026-05-05 04:45:53] production.DEBUG: Push notification delivered {"endpoint":"https://wns2-ch1p.notify.windows.com/w/?token=BQYAAAAQe2hvIFkElPQKFh5BKOEEEpIVqW…","status":201,"wns_status":"received","wns_msg_id":"CFB21FC2983BC81","wns_debug":"CH1PEPF00006F2E","content_encoding":"aes128gcm","response_body":""} 
[2026-05-05 04:45:53] production.DEBUG: Push notification delivered {"endpoint":"https://web.push.apple.com/QJnqrnzJg9xule8bhPY8CE20AFCRYEqQblM8TaB0eTcRZ7HDySHVw…","status":201} 
[2026-05-05 12:10:45] production.DEBUG: Push notification delivered {"endpoint":"https://web.push.apple.com/QDkJcfxcMRPW4uLNUaYZ21nDUMJHCJ-cyja1FMQcNEv6qKbL-ec_s…","status":201} 
[2026-05-05 12:10:45] production.DEBUG: Push notification delivered {"endpoint":"https://fcm.googleapis.com/fcm/send/cYR-NIq4nms:APA91bEppjWa7ZIrYxviNuWljHyZ7qnu…","status":201} 
[2026-05-05 12:10:45] production.DEBUG: Push notification delivered {"endpoint":"https://wns2-by3p.notify.windows.com/w/?token=BQYAAACU%2bKDb9Gyej4KtbEbQJBisasbB…","status":201,"wns_status":"received","wns_msg_id":"273D5A8D5C2E87B3","wns_debug":"BY3PEPF0001AB3C","content_encoding":"aes128gcm","response_body":""} 
[2026-05-05 12:10:45] production.DEBUG: Push notification delivered {"endpoint":"https://wns2-ch1p.notify.windows.com/w/?token=BQYAAAAQe2hvIFkElPQKFh5BKOEEEpIVqW…","status":201,"wns_status":"received","wns_msg_id":"2151445E56E01F7B","wns_debug":"CH1PEPF00006F1A","content_encoding":"aes128gcm","response_body":""} 
[2026-05-05 12:10:46] production.INFO: Telnyx webhook received {"event_type":"message.sent","message_id":"40319df8-0c3c-420f-b8c6-bc02e301b947"} 
[2026-05-05 12:10:46] production.INFO: Message sent {"id":"40319df8-0c3c-420f-b8c6-bc02e301b947","to":"+13097815746","from":"+12247354200"} 
[2026-05-05 12:10:54] production.INFO: Telnyx webhook received {"event_type":"message.finalized","message_id":"40319df8-0c3c-420f-b8c6-bc02e301b947"} 
[2026-05-05 12:10:54] production.INFO: Message finalized {"id":"40319df8-0c3c-420f-b8c6-bc02e301b947","to":"+13097815746","status":"delivered"} 
[2026-05-05 12:25:14] production.INFO: Telnyx webhook received {"event_type":"message.received","message_id":"d93d454c-8234-4b25-982f-cf145ef4ce4d"} 
[2026-05-05 12:25:14] production.INFO: Inbound SMS received {"id":"d93d454c-8234-4b25-982f-cf145ef4ce4d","from":"+13097815746","to":"+12247354200","all_to":["+12247354200","+13097813031"],"text":"We'll probably not be home at noon but he can let himself in. The garage combo is still 1201. Since he said he doesn't speak English you might want to explain to him how it works. I tried last night to explain how to lock up thru the garage but I wasn't sure he understood. The only word I know in Polish is vodka. Thanks Greg. 
Dick","media_count":0,"type":"MMS"} 
[2026-05-05 12:25:16] production.DEBUG: Push notification delivered {"endpoint":"https://web.push.apple.com/QDkJcfxcMRPW4uLNUaYZ21nDUMJHCJ-cyja1FMQcNEv6qKbL-ec_s…","status":201} 
[2026-05-05 12:25:16] production.DEBUG: Push notification delivered {"endpoint":"https://fcm.googleapis.com/fcm/send/cYR-NIq4nms:APA91bEppjWa7ZIrYxviNuWljHyZ7qnu…","status":201} 
[2026-05-05 12:25:16] production.DEBUG: Push notification delivered {"endpoint":"https://wns2-by3p.notify.windows.com/w/?token=BQYAAACU%2bKDb9Gyej4KtbEbQJBisasbB…","status":201,"wns_status":"received","wns_msg_id":"317A7B90069852CA","wns_debug":"BY3PEPF00028CD9","content_encoding":"aes128gcm","response_body":""} 
[2026-05-05 12:25:16] production.DEBUG: Push notification delivered {"endpoint":"https://wns2-ch1p.notify.windows.com/w/?token=BQYAAAAQe2hvIFkElPQKFh5BKOEEEpIVqW…","status":201,"wns_status":"received","wns_msg_id":"48F282602C9455C5","wns_debug":"CH1PEPF00006E47","content_encoding":"aes128gcm","response_body":""} 
[2026-05-05 12:25:16] production.DEBUG: Push notification delivered {"endpoint":"https://web.push.apple.com/QJnqrnzJg9xule8bhPY8CE20AFCRYEqQblM8TaB0eTcRZ7HDySHVw…","status":201} 
[2026-05-05 12:27:38] production.DEBUG: Push notification delivered {"endpoint":"https://web.push.apple.com/QDkJcfxcMRPW4uLNUaYZ21nDUMJHCJ-cyja1FMQcNEv6qKbL-ec_s…","status":201} 
[2026-05-05 12:27:38] production.DEBUG: Push notification delivered {"endpoint":"https://fcm.googleapis.com/fcm/send/cYR-NIq4nms:APA91bEppjWa7ZIrYxviNuWljHyZ7qnu…","status":201} 
[2026-05-05 12:27:38] production.DEBUG: Push notification delivered {"endpoint":"https://wns2-by3p.notify.windows.com/w/?token=BQYAAACU%2bKDb9Gyej4KtbEbQJBisasbB…","status":201,"wns_status":"received","wns_msg_id":"395A57881827695D","wns_debug":"BY3PEPF000195AB","content_encoding":"aes128gcm","response_body":""} 
[2026-05-05 12:27:38] production.DEBUG: Push notification delivered {"endpoint":"https://wns2-ch1p.notify.windows.com/w/?token=BQYAAAAQe2hvIFkElPQKFh5BKOEEEpIVqW…","status":201,"wns_status":"received","wns_msg_id":"591CD3554C6B8A6B","wns_debug":"CH1PEPF00006EDD","content_encoding":"aes128gcm","response_body":""} 
[2026-05-05 12:27:40] production.INFO: Telnyx webhook received {"event_type":"message.sent","message_id":"40319df8-1bb2-4a26-a41d-bf525c3a2ca7"} 
[2026-05-05 12:27:40] production.INFO: Message sent {"id":"40319df8-1bb2-4a26-a41d-bf525c3a2ca7","to":"+13097815746","from":"+12247354200"} 
[2026-05-05 12:27:47] production.INFO: Telnyx webhook received {"event_type":"message.finalized","message_id":"40319df8-1bb2-4a26-a41d-bf525c3a2ca7"} 
[2026-05-05 12:27:47] production.INFO: Message finalized {"id":"40319df8-1bb2-4a26-a41d-bf525c3a2ca7","to":"+13097815746","status":"delivered"} 
[2026-05-05 12:29:19] production.INFO: Telnyx webhook received {"event_type":"message.received","message_id":"cc2402be-e85a-4e3f-9f0e-f3ca8a213d72"} 
[2026-05-05 12:29:19] production.INFO: Inbound SMS received {"id":"cc2402be-e85a-4e3f-9f0e-f3ca8a213d72","from":"+13097815746","to":"+12247354200","all_to":["+12247354200","+13097813031"],"text":"Must be a good man.","media_count":0,"type":"MMS"} 
[2026-05-05 12:29:21] production.DEBUG: Push notification delivered {"endpoint":"https://web.push.apple.com/QDkJcfxcMRPW4uLNUaYZ21nDUMJHCJ-cyja1FMQcNEv6qKbL-ec_s…","status":201} 
[2026-05-05 12:29:21] production.DEBUG: Push notification delivered {"endpoint":"https://fcm.googleapis.com/fcm/send/cYR-NIq4nms:APA91bEppjWa7ZIrYxviNuWljHyZ7qnu…","status":201} 
[2026-05-05 12:29:21] production.DEBUG: Push notification delivered {"endpoint":"https://wns2-by3p.notify.windows.com/w/?token=BQYAAACU%2bKDb9Gyej4KtbEbQJBisasbB…","status":201,"wns_status":"received","wns_msg_id":"4F6BA9925A37B4B","wns_debug":"BY3PEPF0000E999","content_encoding":"aes128gcm","response_body":""} 
[2026-05-05 12:29:21] production.DEBUG: Push notification delivered {"endpoint":"https://wns2-ch1p.notify.windows.com/w/?token=BQYAAAAQe2hvIFkElPQKFh5BKOEEEpIVqW…","status":201,"wns_status":"received","wns_msg_id":"AC8E3EC63A73825","wns_debug":"CH1PEPF00006F30","content_encoding":"aes128gcm","response_body":""} 
[2026-05-05 12:29:21] production.DEBUG: Push notification delivered {"endpoint":"https://web.push.apple.com/QJnqrnzJg9xule8bhPY8CE20AFCRYEqQblM8TaB0eTcRZ7HDySHVw…","status":201} 
[2026-05-05 13:27:02] production.INFO: Click-to-call initiated {"call_log_id":937,"user_phone":"+12249993880","target_phone":"+12245351018","call_control_id":"v3:kFQp6I9rT2kD6pXHS4AzsIEoZ61SU5lohSwCXKwi73gNHO9PCvYZOg"} 
[2026-05-05 13:27:02] production.INFO: Telnyx voice webhook received {"event_type":"call.initiated","call_control_id":"v3:kFQp6I9rT2kD6pXHS4AzsIEoZ61SU5lohSwCXKwi73gNHO9PCvYZOg","direction":"outgoing"} 
[2026-05-05 13:27:02] production.INFO: Outbound call initiated {"call_control_id":"v3:kFQp6I9rT2kD6pXHS4AzsIEoZ61SU5lohSwCXKwi73gNHO9PCvYZOg","to":"+12249993880"} 
[2026-05-05 13:27:04] production.INFO: Telnyx voice webhook received {"event_type":"call.answered","call_control_id":"v3:kFQp6I9rT2kD6pXHS4AzsIEoZ61SU5lohSwCXKwi73gNHO9PCvYZOg","direction":null} 
[2026-05-05 13:27:04] production.INFO: Click-to-call: user answered → playing ringback and dialing target {"call_control_id":"v3:kFQp6I9rT2kD6pXHS4AzsIEoZ61SU5lohSwCXKwi73gNHO9PCvYZOg","target_phone":"+12245351018","call_log_id":937} 
[2026-05-05 13:27:04] production.INFO: Call command sent: playback_start {"call_control_id":"v3:kFQp6I9rT2kD6pXHS4AzsIEoZ61SU5lohSwCXKwi73gNHO9PCvYZOg","result":"ok"} 
[2026-05-05 13:27:05] production.INFO: Click-to-call: target dialed {"target_phone":"+12245351018","target_call_control_id":"v3:Z-GCmpAhvD3qfkAW848VsFHjb9_7F4Zy2sfVdbDmV0d89znt3NKsEg"} 
[2026-05-05 13:27:05] production.INFO: Telnyx voice webhook received {"event_type":"call.initiated","call_control_id":"v3:Z-GCmpAhvD3qfkAW848VsFHjb9_7F4Zy2sfVdbDmV0d89znt3NKsEg","direction":"outgoing"} 
[2026-05-05 13:27:05] production.INFO: Outbound call initiated {"call_control_id":"v3:Z-GCmpAhvD3qfkAW848VsFHjb9_7F4Zy2sfVdbDmV0d89znt3NKsEg","to":"+12245351018"} 
[2026-05-05 13:27:05] production.INFO: Telnyx voice webhook received {"event_type":"call.playback.started","call_control_id":"v3:kFQp6I9rT2kD6pXHS4AzsIEoZ61SU5lohSwCXKwi73gNHO9PCvYZOg","direction":null} 
[2026-05-05 13:27:05] production.INFO: Unhandled voice event {"event_type":"call.playback.started"} 
[2026-05-05 13:27:21] production.INFO: Telnyx voice webhook received {"event_type":"call.answered","call_control_id":"v3:Z-GCmpAhvD3qfkAW848VsFHjb9_7F4Zy2sfVdbDmV0d89znt3NKsEg","direction":null} 
[2026-05-05 13:27:21] production.INFO: Click-to-call: target answered — bridging immediately {"target_call_control_id":"v3:Z-GCmpAhvD3qfkAW848VsFHjb9_7F4Zy2sfVdbDmV0d89znt3NKsEg","user_call_control_id":"v3:kFQp6I9rT2kD6pXHS4AzsIEoZ61SU5lohSwCXKwi73gNHO9PCvYZOg","call_log_id":937} 
[2026-05-05 13:27:21] production.INFO: Calls bridged successfully {"call_control_id_a":"v3:Z-GCmpAhvD3qfkAW848VsFHjb9_7F4Zy2sfVdbDmV0d89znt3NKsEg","call_control_id_b":"v3:kFQp6I9rT2kD6pXHS4AzsIEoZ61SU5lohSwCXKwi73gNHO9PCvYZOg"} 
[2026-05-05 13:27:21] production.INFO: Telnyx voice webhook received {"event_type":"call.playback.ended","call_control_id":"v3:kFQp6I9rT2kD6pXHS4AzsIEoZ61SU5lohSwCXKwi73gNHO9PCvYZOg","direction":null} 
[2026-05-05 13:27:22] production.INFO: Telnyx voice webhook received {"event_type":"call.bridged","call_control_id":"v3:Z-GCmpAhvD3qfkAW848VsFHjb9_7F4Zy2sfVdbDmV0d89znt3NKsEg","direction":null} 
[2026-05-05 13:27:22] production.INFO: Call bridged {"call_control_id":"v3:Z-GCmpAhvD3qfkAW848VsFHjb9_7F4Zy2sfVdbDmV0d89znt3NKsEg","call_session_id":"1b7c518c-4886-11f1-ba4a-02420aefe576"} 
[2026-05-05 13:27:22] production.INFO: Telnyx voice webhook received {"event_type":"call.bridged","call_control_id":"v3:kFQp6I9rT2kD6pXHS4AzsIEoZ61SU5lohSwCXKwi73gNHO9PCvYZOg","direction":null} 
[2026-05-05 13:27:22] production.INFO: Call bridged {"call_control_id":"v3:kFQp6I9rT2kD6pXHS4AzsIEoZ61SU5lohSwCXKwi73gNHO9PCvYZOg","call_session_id":"19e9fa54-4886-11f1-837e-02420aefe993"} 
[2026-05-05 13:27:25] production.INFO: Telnyx voice webhook received {"event_type":"call.machine.premium.detection.ended","call_control_id":"v3:Z-GCmpAhvD3qfkAW848VsFHjb9_7F4Zy2sfVdbDmV0d89znt3NKsEg","direction":null} 
[2026-05-05 13:27:25] production.INFO: AMD ended {"call_control_id":"v3:Z-GCmpAhvD3qfkAW848VsFHjb9_7F4Zy2sfVdbDmV0d89znt3NKsEg","result":"human_residence","action":"click_to_call_target_ring"} 
[2026-05-05 13:28:19] production.INFO: Telnyx voice webhook received {"event_type":"call.hangup","call_control_id":"v3:kFQp6I9rT2kD6pXHS4AzsIEoZ61SU5lohSwCXKwi73gNHO9PCvYZOg","direction":null} 
[2026-05-05 13:28:19] production.INFO: Click-to-call user leg ended {"call_control_id":"v3:kFQp6I9rT2kD6pXHS4AzsIEoZ61SU5lohSwCXKwi73gNHO9PCvYZOg","action":"click_to_call_waiting","status":"completed","call_log_id":937,"hangup_cause":"normal_clearing"} 
[2026-05-05 13:28:19] production.INFO: Telnyx voice webhook received {"event_type":"call.hangup","call_control_id":"v3:Z-GCmpAhvD3qfkAW848VsFHjb9_7F4Zy2sfVdbDmV0d89znt3NKsEg","direction":null} 
[2026-05-05 13:28:19] production.INFO: Click-to-call: target hung up after connected call {"call_control_id":"v3:Z-GCmpAhvD3qfkAW848VsFHjb9_7F4Zy2sfVdbDmV0d89znt3NKsEg","hangup_cause":"normal_clearing","call_log_id":937,"duration":75.30038400000001} 
[2026-05-05 13:34:00] production.DEBUG: Push notification delivered {"endpoint":"https://web.push.apple.com/QJnqrnzJg9xule8bhPY8CE20AFCRYEqQblM8TaB0eTcRZ7HDySHVw…","status":201} 
[2026-05-05 13:34:00] production.DEBUG: Push notification delivered {"endpoint":"https://wns2-ch1p.notify.windows.com/w/?token=BQYAAAAQe2hvIFkElPQKFh5BKOEEEpIVqW…","status":201,"wns_status":"received","wns_msg_id":"3C2133D970B32BFB","wns_debug":"CH1PEPF00006E95","content_encoding":"aes128gcm","response_body":""} 
[2026-05-05 13:34:03] production.INFO: Telnyx webhook received {"event_type":"message.sent","message_id":"40319df8-5877-47be-9ac6-302f00a0ddf7"} 
[2026-05-05 13:34:03] production.INFO: Message sent {"id":"40319df8-5877-47be-9ac6-302f00a0ddf7","to":"+12245351018","from":"+12247354200"} 
[2026-05-05 13:34:08] production.INFO: Telnyx webhook received {"event_type":"message.finalized","message_id":"40319df8-5877-47be-9ac6-302f00a0ddf7"} 
[2026-05-05 13:34:08] production.INFO: Message finalized {"id":"40319df8-5877-47be-9ac6-302f00a0ddf7","to":"+12245351018","status":"delivered"} 
[2026-05-05 13:37:01] production.INFO: Telnyx webhook received {"event_type":"message.received","message_id":"eb276c23-077a-49b3-a2fe-d35c97c4e5ae"} 
[2026-05-05 13:37:01] production.INFO: Inbound SMS received {"id":"eb276c23-077a-49b3-a2fe-d35c97c4e5ae","from":"+18474204414","to":"+12247354200","all_to":["+12247354200","+12245351018"],"text":"No worries","media_count":0,"type":"MMS"} 
[2026-05-05 13:37:04] production.DEBUG: Push notification delivered {"endpoint":"https://web.push.apple.com/QDkJcfxcMRPW4uLNUaYZ21nDUMJHCJ-cyja1FMQcNEv6qKbL-ec_s…","status":201} 
[2026-05-05 13:37:04] production.DEBUG: Push notification delivered {"endpoint":"https://fcm.googleapis.com/fcm/send/cYR-NIq4nms:APA91bEppjWa7ZIrYxviNuWljHyZ7qnu…","status":201} 
[2026-05-05 13:37:04] production.DEBUG: Push notification delivered {"endpoint":"https://wns2-by3p.notify.windows.com/w/?token=BQYAAACU%2bKDb9Gyej4KtbEbQJBisasbB…","status":201,"wns_status":"received","wns_msg_id":"5E4FE14C1D27FCEA","wns_debug":"BY3PEPF000197E6","content_encoding":"aes128gcm","response_body":""} 
[2026-05-05 13:37:04] production.DEBUG: Push notification delivered {"endpoint":"https://wns2-ch1p.notify.windows.com/w/?token=BQYAAAAQe2hvIFkElPQKFh5BKOEEEpIVqW…","status":201,"wns_status":"received","wns_msg_id":"992D261438A3B85","wns_debug":"CH1PEPF00006F2C","content_encoding":"aes128gcm","response_body":""} 
[2026-05-05 13:37:04] production.DEBUG: Push notification delivered {"endpoint":"https://web.push.apple.com/QJnqrnzJg9xule8bhPY8CE20AFCRYEqQblM8TaB0eTcRZ7HDySHVw…","status":201} 
[2026-05-05 13:40:49] production.INFO: Telnyx webhook received {"event_type":"message.received","message_id":"12487a93-a99f-444e-a206-0dcec77ecd28"} 
[2026-05-05 13:40:49] production.INFO: Inbound SMS received {"id":"12487a93-a99f-444e-a206-0dcec77ecd28","from":"+12245351018","to":"+12247354200","all_to":["+12247354200","+18474204414"],"text":"P- do what you have to do 😁","media_count":0,"type":"MMS"} 
[2026-05-05 13:40:51] production.DEBUG: Push notification delivered {"endpoint":"https://web.push.apple.com/QDkJcfxcMRPW4uLNUaYZ21nDUMJHCJ-cyja1FMQcNEv6qKbL-ec_s…","status":201} 
[2026-05-05 13:40:51] production.DEBUG: Push notification delivered {"endpoint":"https://fcm.googleapis.com/fcm/send/cYR-NIq4nms:APA91bEppjWa7ZIrYxviNuWljHyZ7qnu…","status":201} 
[2026-05-05 13:40:51] production.DEBUG: Push notification delivered {"endpoint":"https://wns2-by3p.notify.windows.com/w/?token=BQYAAACU%2bKDb9Gyej4KtbEbQJBisasbB…","status":201,"wns_status":"received","wns_msg_id":"68709CDF3F505280","wns_debug":"BY3PEPF0001AB2C","content_encoding":"aes128gcm","response_body":""} 
[2026-05-05 13:40:52] production.DEBUG: Push notification delivered {"endpoint":"https://wns2-ch1p.notify.windows.com/w/?token=BQYAAAAQe2hvIFkElPQKFh5BKOEEEpIVqW…","status":201,"wns_status":"received","wns_msg_id":"4AFB35C1297FC838","wns_debug":"CH1PEPF00006E81","content_encoding":"aes128gcm","response_body":""} 
[2026-05-05 13:40:52] production.DEBUG: Push notification delivered {"endpoint":"https://web.push.apple.com/QJnqrnzJg9xule8bhPY8CE20AFCRYEqQblM8TaB0eTcRZ7HDySHVw…","status":201} 
[2026-05-05 13:46:37] production.DEBUG: Push notification delivered {"endpoint":"https://web.push.apple.com/QJnqrnzJg9xule8bhPY8CE20AFCRYEqQblM8TaB0eTcRZ7HDySHVw…","status":201} 
[2026-05-05 13:46:37] production.DEBUG: Push notification delivered {"endpoint":"https://wns2-ch1p.notify.windows.com/w/?token=BQYAAAAQe2hvIFkElPQKFh5BKOEEEpIVqW…","status":201,"wns_status":"received","wns_msg_id":"1C423AD432C43C87","wns_debug":"CH1PEPF00006ED8","content_encoding":"aes128gcm","response_body":""} 
[2026-05-05 13:46:40] production.INFO: Telnyx webhook received {"event_type":"message.sent","message_id":"40319df8-6405-471d-abfa-4b7a1e28bf7a"} 
[2026-05-05 13:46:40] production.INFO: Message sent {"id":"40319df8-6405-471d-abfa-4b7a1e28bf7a","to":"+12245351018","from":"+12247354200"} 
[2026-05-05 13:46:48] production.INFO: Telnyx webhook received {"event_type":"message.finalized","message_id":"40319df8-6405-471d-abfa-4b7a1e28bf7a"} 
[2026-05-05 13:46:48] production.INFO: Message finalized {"id":"40319df8-6405-471d-abfa-4b7a1e28bf7a","to":"+12245351018","status":"delivered"} 
[2026-05-05 13:52:35] production.INFO: Telnyx voice webhook received {"event_type":"call.initiated","call_control_id":"v3:g6T1EJr_oWx5LM_oEZJAjyHUOOE3BPKna_jcUW-Y-XoNrzSh_QJZuw","direction":"incoming"} 
[2026-05-05 13:52:35] production.INFO: Incoming call - answering {"call_control_id":"v3:g6T1EJr_oWx5LM_oEZJAjyHUOOE3BPKna_jcUW-Y-XoNrzSh_QJZuw","from":"+17732513666","to":"+12247354200","caller_user_id":409,"caller_name":"Mark Brodson"} 
[2026-05-05 13:52:36] production.INFO: Call command sent: answer {"call_control_id":"v3:g6T1EJr_oWx5LM_oEZJAjyHUOOE3BPKna_jcUW-Y-XoNrzSh_QJZuw","result":"ok"} 
[2026-05-05 13:52:36] production.INFO: Telnyx voice webhook received {"event_type":"call.answered","call_control_id":"v3:g6T1EJr_oWx5LM_oEZJAjyHUOOE3BPKna_jcUW-Y-XoNrzSh_QJZuw","direction":null} 
[2026-05-05 13:52:36] production.INFO: Playing welcome TTS and dialing admins simultaneously {"call_control_id":"v3:g6T1EJr_oWx5LM_oEZJAjyHUOOE3BPKna_jcUW-Y-XoNrzSh_QJZuw","tts":"<speak version=\"1.0\" xml:lang=\"en-US\"><break time=\"400ms\"/><prosody rate=\"+15%\">Good morning Mark! One moment while we connect you to the GS Crew.</prosody><break time=\"400ms\"/></speak>","is_known_caller":true} 
[2026-05-05 13:52:36] production.INFO: Call command sent: speak {"call_control_id":"v3:g6T1EJr_oWx5LM_oEZJAjyHUOOE3BPKna_jcUW-Y-XoNrzSh_QJZuw","result":"ok"} 
[2026-05-05 13:52:37] production.INFO: Dialed admin {"admin_user_id":1,"admin_name":"Patryk Szady","phone":"+12249993880","admin_call_control_id":"v3:0aeAF29bzUJPXj9InicquB8HUsVXA1TAQ2s6uYx-3OuIT8vhYy2vCw"} 
[2026-05-05 13:52:37] production.INFO: Telnyx voice webhook received {"event_type":"call.speak.started","call_control_id":"v3:g6T1EJr_oWx5LM_oEZJAjyHUOOE3BPKna_jcUW-Y-XoNrzSh_QJZuw","direction":null} 
[2026-05-05 13:52:37] production.INFO: TTS speak started {"call_control_id":"v3:g6T1EJr_oWx5LM_oEZJAjyHUOOE3BPKna_jcUW-Y-XoNrzSh_QJZuw"} 
[2026-05-05 13:52:37] production.INFO: Telnyx voice webhook received {"event_type":"call.initiated","call_control_id":"v3:0aeAF29bzUJPXj9InicquB8HUsVXA1TAQ2s6uYx-3OuIT8vhYy2vCw","direction":"outgoing"} 
[2026-05-05 13:52:37] production.INFO: Outbound call initiated {"call_control_id":"v3:0aeAF29bzUJPXj9InicquB8HUsVXA1TAQ2s6uYx-3OuIT8vhYy2vCw","to":"+12249993880"} 
[2026-05-05 13:52:38] production.DEBUG: Push notification delivered {"endpoint":"https://web.push.apple.com/QDkJcfxcMRPW4uLNUaYZ21nDUMJHCJ-cyja1FMQcNEv6qKbL-ec_s…","status":201} 
[2026-05-05 13:52:38] production.DEBUG: Push notification delivered {"endpoint":"https://fcm.googleapis.com/fcm/send/cYR-NIq4nms:APA91bEppjWa7ZIrYxviNuWljHyZ7qnu…","status":201} 
[2026-05-05 13:52:38] production.DEBUG: Push notification delivered {"endpoint":"https://wns2-by3p.notify.windows.com/w/?token=BQYAAACU%2bKDb9Gyej4KtbEbQJBisasbB…","status":201,"wns_status":"received","wns_msg_id":"1E23EE593F2E7577","wns_debug":"BY3PEPF00028D06","content_encoding":"aes128gcm","response_body":""} 
[2026-05-05 13:52:38] production.DEBUG: Push notification delivered {"endpoint":"https://web.push.apple.com/QDkJcfxcMRPW4uLNUaYZ21nDUMJHCJ-cyja1FMQcNEv6qKbL-ec_s…","status":201} 
[2026-05-05 13:52:38] production.DEBUG: Push notification delivered {"endpoint":"https://fcm.googleapis.com/fcm/send/cYR-NIq4nms:APA91bEppjWa7ZIrYxviNuWljHyZ7qnu…","status":201} 
[2026-05-05 13:52:38] production.DEBUG: Push notification delivered {"endpoint":"https://wns2-by3p.notify.windows.com/w/?token=BQYAAACU%2bKDb9Gyej4KtbEbQJBisasbB…","status":201,"wns_status":"received","wns_msg_id":"5E44D5B0170DD170","wns_debug":"BY3PEPF0000E997","content_encoding":"aes128gcm","response_body":""} 
[2026-05-05 13:52:41] production.INFO: Telnyx voice webhook received {"event_type":"call.speak.ended","call_control_id":"v3:g6T1EJr_oWx5LM_oEZJAjyHUOOE3BPKna_jcUW-Y-XoNrzSh_QJZuw","direction":null} 
[2026-05-05 13:52:41] production.INFO: handleCallSpeakEnded ENTRY {"call_control_id":"v3:g6T1EJr_oWx5LM_oEZJAjyHUOOE3BPKna_jcUW-Y-XoNrzSh_QJZuw","action":"welcome_done","client_state":{"action":"welcome_done","call_log_id":938,"original_caller":"+17732513666"},"client_state_raw_present":true} 
[2026-05-05 13:52:41] production.INFO: TTS completed — no admin answered yet, playing ringback {"call_control_id":"v3:g6T1EJr_oWx5LM_oEZJAjyHUOOE3BPKna_jcUW-Y-XoNrzSh_QJZuw","call_log_id":938} 
[2026-05-05 13:52:42] production.INFO: Call command sent: playback_start {"call_control_id":"v3:g6T1EJr_oWx5LM_oEZJAjyHUOOE3BPKna_jcUW-Y-XoNrzSh_QJZuw","result":"ok"} 
[2026-05-05 13:52:42] production.INFO: Telnyx voice webhook received {"event_type":"call.answered","call_control_id":"v3:0aeAF29bzUJPXj9InicquB8HUsVXA1TAQ2s6uYx-3OuIT8vhYy2vCw","direction":null} 
[2026-05-05 13:52:42] production.INFO: Playing admin screening prompt {"admin_call_control_id":"v3:0aeAF29bzUJPXj9InicquB8HUsVXA1TAQ2s6uYx-3OuIT8vhYy2vCw","call_log_id":938,"admin_user_id":1,"is_late_answerer":false,"caller_label":"Mark Brodson"} 
[2026-05-05 13:52:42] production.INFO: Call command sent: speak {"call_control_id":"v3:0aeAF29bzUJPXj9InicquB8HUsVXA1TAQ2s6uYx-3OuIT8vhYy2vCw","result":"ok"} 
[2026-05-05 13:52:42] production.INFO: Telnyx voice webhook received {"event_type":"call.playback.started","call_control_id":"v3:g6T1EJr_oWx5LM_oEZJAjyHUOOE3BPKna_jcUW-Y-XoNrzSh_QJZuw","direction":null} 
[2026-05-05 13:52:42] production.INFO: Unhandled voice event {"event_type":"call.playback.started"} 
[2026-05-05 13:52:43] production.INFO: Telnyx voice webhook received {"event_type":"call.speak.started","call_control_id":"v3:0aeAF29bzUJPXj9InicquB8HUsVXA1TAQ2s6uYx-3OuIT8vhYy2vCw","direction":null} 
[2026-05-05 13:52:43] production.INFO: TTS speak started {"call_control_id":"v3:0aeAF29bzUJPXj9InicquB8HUsVXA1TAQ2s6uYx-3OuIT8vhYy2vCw"} 
[2026-05-05 13:52:48] production.INFO: Telnyx voice webhook received {"event_type":"call.speak.ended","call_control_id":"v3:0aeAF29bzUJPXj9InicquB8HUsVXA1TAQ2s6uYx-3OuIT8vhYy2vCw","direction":null} 
[2026-05-05 13:52:48] production.INFO: handleCallSpeakEnded ENTRY {"call_control_id":"v3:0aeAF29bzUJPXj9InicquB8HUsVXA1TAQ2s6uYx-3OuIT8vhYy2vCw","action":"admin_screen_done","client_state":{"action":"admin_screen_done","call_log_id":938,"incoming_call_control_id":"v3:g6T1EJr_oWx5LM_oEZJAjyHUOOE3BPKna_jcUW-Y-XoNrzSh_QJZuw","admin_user_id":1,"conference_id":null},"client_state_raw_present":true} 
[2026-05-05 13:52:48] production.INFO: First admin answered — bridging without prompt {"admin_call_control_id":"v3:0aeAF29bzUJPXj9InicquB8HUsVXA1TAQ2s6uYx-3OuIT8vhYy2vCw","incoming_call_control_id":"v3:g6T1EJr_oWx5LM_oEZJAjyHUOOE3BPKna_jcUW-Y-XoNrzSh_QJZuw","call_log_id":938,"admin_user_id":1} 
[2026-05-05 13:52:48] production.INFO: Creating conference with caller as first participant {"call_log_id":938,"conference_name":"call_938_f849e3f6","incoming_call_control_id":"v3:g6T1EJr_oWx5LM_oEZJAjyHUOOE3BPKna_jcUW-Y-XoNrzSh_QJZuw","admin_call_control_id":"v3:0aeAF29bzUJPXj9InicquB8HUsVXA1TAQ2s6uYx-3OuIT8vhYy2vCw","admin_user_id":1} 
[2026-05-05 13:52:48] production.INFO: Call command sent: playback_stop {"call_control_id":"v3:g6T1EJr_oWx5LM_oEZJAjyHUOOE3BPKna_jcUW-Y-XoNrzSh_QJZuw","result":"ok"} 
[2026-05-05 13:52:48] production.INFO: Telnyx voice webhook received {"event_type":"call.playback.ended","call_control_id":"v3:g6T1EJr_oWx5LM_oEZJAjyHUOOE3BPKna_jcUW-Y-XoNrzSh_QJZuw","direction":null} 
[2026-05-05 13:52:48] production.INFO: Call command sent: playback_stop {"call_control_id":"v3:0aeAF29bzUJPXj9InicquB8HUsVXA1TAQ2s6uYx-3OuIT8vhYy2vCw","result":"ok"} 
[2026-05-05 13:52:48] production.INFO: Call command sent: playback_start {"call_control_id":"v3:g6T1EJr_oWx5LM_oEZJAjyHUOOE3BPKna_jcUW-Y-XoNrzSh_QJZuw","result":"ok"} 
[2026-05-05 13:52:49] production.INFO: Telnyx voice webhook received {"event_type":"call.playback.started","call_control_id":"v3:g6T1EJr_oWx5LM_oEZJAjyHUOOE3BPKna_jcUW-Y-XoNrzSh_QJZuw","direction":null} 
[2026-05-05 13:52:49] production.INFO: Unhandled voice event {"event_type":"call.playback.started"} 
[2026-05-05 13:52:49] production.INFO: Conference created {"name":"call_938_f849e3f6","conference_id":"5370e3cd-fa31-4366-8216-0bc185cc219c","beneficiary_call_control_id":"v3:g6T1EJr_oWx5LM_oEZJAjyHUOOE3BPKna_jcUW-Y-XoNrzSh_QJZuw"} 
[2026-05-05 13:52:49] production.INFO: Telnyx voice webhook received {"event_type":"call.playback.ended","call_control_id":"v3:g6T1EJr_oWx5LM_oEZJAjyHUOOE3BPKna_jcUW-Y-XoNrzSh_QJZuw","direction":null} 
[2026-05-05 13:52:49] production.INFO: Telnyx voice webhook received {"event_type":"conference.floor.changed","call_control_id":"v3:g6T1EJr_oWx5LM_oEZJAjyHUOOE3BPKna_jcUW-Y-XoNrzSh_QJZuw","direction":null} 
[2026-05-05 13:52:49] production.INFO: Unhandled voice event {"event_type":"conference.floor.changed"} 
[2026-05-05 13:52:49] production.INFO: Joined conference {"conference_id":"5370e3cd-fa31-4366-8216-0bc185cc219c","call_control_id":"v3:0aeAF29bzUJPXj9InicquB8HUsVXA1TAQ2s6uYx-3OuIT8vhYy2vCw"} 
[2026-05-05 13:52:49] production.INFO: Telnyx voice webhook received {"event_type":"conference.created","call_control_id":"v3:g6T1EJr_oWx5LM_oEZJAjyHUOOE3BPKna_jcUW-Y-XoNrzSh_QJZuw","direction":null} 
[2026-05-05 13:52:49] production.INFO: Unhandled voice event {"event_type":"conference.created"} 
[2026-05-05 13:52:49] production.INFO: Telnyx voice webhook received {"event_type":"conference.participant.joined","call_control_id":"v3:g6T1EJr_oWx5LM_oEZJAjyHUOOE3BPKna_jcUW-Y-XoNrzSh_QJZuw","direction":null} 
[2026-05-05 13:52:49] production.INFO: Unhandled voice event {"event_type":"conference.participant.joined"} 
[2026-05-05 13:52:49] production.INFO: Telnyx voice webhook received {"event_type":"conference.participant.joined","call_control_id":"v3:0aeAF29bzUJPXj9InicquB8HUsVXA1TAQ2s6uYx-3OuIT8vhYy2vCw","direction":null} 
[2026-05-05 13:52:49] production.INFO: Unhandled voice event {"event_type":"conference.participant.joined"} 
[2026-05-05 13:52:50] production.INFO: Telnyx voice webhook received {"event_type":"conference.floor.changed","call_control_id":"v3:0aeAF29bzUJPXj9InicquB8HUsVXA1TAQ2s6uYx-3OuIT8vhYy2vCw","direction":null} 
[2026-05-05 13:52:50] production.INFO: Unhandled voice event {"event_type":"conference.floor.changed"} 
[2026-05-05 13:52:52] production.INFO: Telnyx voice webhook received {"event_type":"conference.floor.changed","call_control_id":"v3:0aeAF29bzUJPXj9InicquB8HUsVXA1TAQ2s6uYx-3OuIT8vhYy2vCw","direction":null} 
[2026-05-05 13:52:52] production.INFO: Unhandled voice event {"event_type":"conference.floor.changed"} 
[2026-05-05 13:52:53] production.INFO: Telnyx voice webhook received {"event_type":"conference.floor.changed","call_control_id":"v3:0aeAF29bzUJPXj9InicquB8HUsVXA1TAQ2s6uYx-3OuIT8vhYy2vCw","direction":null} 
[2026-05-05 13:52:53] production.INFO: Unhandled voice event {"event_type":"conference.floor.changed"} 
[2026-05-05 13:52:55] production.INFO: Telnyx voice webhook received {"event_type":"conference.floor.changed","call_control_id":"v3:0aeAF29bzUJPXj9InicquB8HUsVXA1TAQ2s6uYx-3OuIT8vhYy2vCw","direction":null} 
[2026-05-05 13:52:55] production.INFO: Unhandled voice event {"event_type":"conference.floor.changed"} 
[2026-05-05 13:52:58] production.INFO: Telnyx voice webhook received {"event_type":"conference.floor.changed","call_control_id":"v3:0aeAF29bzUJPXj9InicquB8HUsVXA1TAQ2s6uYx-3OuIT8vhYy2vCw","direction":null} 
[2026-05-05 13:52:58] production.INFO: Unhandled voice event {"event_type":"conference.floor.changed"} 
[2026-05-05 13:53:02] production.INFO: Telnyx voice webhook received {"event_type":"conference.floor.changed","call_control_id":"v3:0aeAF29bzUJPXj9InicquB8HUsVXA1TAQ2s6uYx-3OuIT8vhYy2vCw","direction":null} 
[2026-05-05 13:53:02] production.INFO: Unhandled voice event {"event_type":"conference.floor.changed"} 
[2026-05-05 13:53:02] production.INFO: Telnyx voice webhook received {"event_type":"conference.floor.changed","call_control_id":"v3:0aeAF29bzUJPXj9InicquB8HUsVXA1TAQ2s6uYx-3OuIT8vhYy2vCw","direction":null} 
[2026-05-05 13:53:02] production.INFO: Unhandled voice event {"event_type":"conference.floor.changed"} 
[2026-05-05 13:53:04] production.INFO: Telnyx voice webhook received {"event_type":"conference.floor.changed","call_control_id":"v3:0aeAF29bzUJPXj9InicquB8HUsVXA1TAQ2s6uYx-3OuIT8vhYy2vCw","direction":null} 
[2026-05-05 13:53:04] production.INFO: Unhandled voice event {"event_type":"conference.floor.changed"} 
[2026-05-05 13:53:37] production.INFO: Telnyx voice webhook received {"event_type":"conference.floor.changed","call_control_id":"v3:0aeAF29bzUJPXj9InicquB8HUsVXA1TAQ2s6uYx-3OuIT8vhYy2vCw","direction":null} 
[2026-05-05 13:53:37] production.INFO: Unhandled voice event {"event_type":"conference.floor.changed"} 
[2026-05-05 13:54:00] production.INFO: Telnyx voice webhook received {"event_type":"conference.floor.changed","call_control_id":"v3:0aeAF29bzUJPXj9InicquB8HUsVXA1TAQ2s6uYx-3OuIT8vhYy2vCw","direction":null} 
[2026-05-05 13:54:00] production.INFO: Unhandled voice event {"event_type":"conference.floor.changed"} 
[2026-05-05 13:54:00] production.INFO: Telnyx voice webhook received {"event_type":"conference.floor.changed","call_control_id":"v3:0aeAF29bzUJPXj9InicquB8HUsVXA1TAQ2s6uYx-3OuIT8vhYy2vCw","direction":null} 
[2026-05-05 13:54:00] production.INFO: Unhandled voice event {"event_type":"conference.floor.changed"} 
[2026-05-05 13:54:02] production.INFO: Telnyx voice webhook received {"event_type":"conference.floor.changed","call_control_id":"v3:0aeAF29bzUJPXj9InicquB8HUsVXA1TAQ2s6uYx-3OuIT8vhYy2vCw","direction":null} 
[2026-05-05 13:54:02] production.INFO: Unhandled voice event {"event_type":"conference.floor.changed"} 
[2026-05-05 13:54:03] production.INFO: Telnyx voice webhook received {"event_type":"conference.floor.changed","call_control_id":"v3:0aeAF29bzUJPXj9InicquB8HUsVXA1TAQ2s6uYx-3OuIT8vhYy2vCw","direction":null} 
[2026-05-05 13:54:03] production.INFO: Unhandled voice event {"event_type":"conference.floor.changed"} 
[2026-05-05 13:54:16] production.INFO: Telnyx voice webhook received {"event_type":"conference.floor.changed","call_control_id":"v3:0aeAF29bzUJPXj9InicquB8HUsVXA1TAQ2s6uYx-3OuIT8vhYy2vCw","direction":null} 
[2026-05-05 13:54:16] production.INFO: Unhandled voice event {"event_type":"conference.floor.changed"} 
[2026-05-05 13:54:30] production.INFO: Telnyx voice webhook received {"event_type":"conference.floor.changed","call_control_id":"v3:0aeAF29bzUJPXj9InicquB8HUsVXA1TAQ2s6uYx-3OuIT8vhYy2vCw","direction":null} 
[2026-05-05 13:54:30] production.INFO: Unhandled voice event {"event_type":"conference.floor.changed"} 
[2026-05-05 13:54:30] production.INFO: Telnyx voice webhook received {"event_type":"conference.floor.changed","call_control_id":"v3:0aeAF29bzUJPXj9InicquB8HUsVXA1TAQ2s6uYx-3OuIT8vhYy2vCw","direction":null} 
[2026-05-05 13:54:30] production.INFO: Unhandled voice event {"event_type":"conference.floor.changed"} 
[2026-05-05 13:54:38] production.INFO: Telnyx voice webhook received {"event_type":"conference.floor.changed","call_control_id":"v3:0aeAF29bzUJPXj9InicquB8HUsVXA1TAQ2s6uYx-3OuIT8vhYy2vCw","direction":null} 
[2026-05-05 13:54:38] production.INFO: Unhandled voice event {"event_type":"conference.floor.changed"} 
[2026-05-05 13:54:39] production.INFO: Telnyx voice webhook received {"event_type":"conference.floor.changed","call_control_id":"v3:0aeAF29bzUJPXj9InicquB8HUsVXA1TAQ2s6uYx-3OuIT8vhYy2vCw","direction":null} 
[2026-05-05 13:54:39] production.INFO: Unhandled voice event {"event_type":"conference.floor.changed"} 
[2026-05-05 13:54:49] production.INFO: Telnyx voice webhook received {"event_type":"conference.floor.changed","call_control_id":"v3:0aeAF29bzUJPXj9InicquB8HUsVXA1TAQ2s6uYx-3OuIT8vhYy2vCw","direction":null} 
[2026-05-05 13:54:49] production.INFO: Unhandled voice event {"event_type":"conference.floor.changed"} 
[2026-05-05 13:54:50] production.INFO: Telnyx voice webhook received {"event_type":"conference.floor.changed","call_control_id":"v3:0aeAF29bzUJPXj9InicquB8HUsVXA1TAQ2s6uYx-3OuIT8vhYy2vCw","direction":null} 
[2026-05-05 13:54:50] production.INFO: Unhandled voice event {"event_type":"conference.floor.changed"} 
[2026-05-05 13:54:50] production.INFO: Telnyx webhook received {"event_type":"message.received","message_id":"f9f368b6-87d2-4e09-b0e6-805d20ac84dd"} 
[2026-05-05 13:54:50] production.INFO: Inbound SMS received {"id":"f9f368b6-87d2-4e09-b0e6-805d20ac84dd","from":"+18474204414","to":"+12247354200","all_to":["+12247354200","+12245351018"],"text":"Liked “Thanks for accommodating! Broken car, missing pieces, early inspectors. 2nd cup of coffee. Just another Tuesday am.
-PS”","media_count":0,"type":"MMS"} 
[2026-05-05 13:54:51] production.DEBUG: Push notification delivered {"endpoint":"https://web.push.apple.com/QDkJcfxcMRPW4uLNUaYZ21nDUMJHCJ-cyja1FMQcNEv6qKbL-ec_s…","status":201} 
[2026-05-05 13:54:51] production.DEBUG: Push notification delivered {"endpoint":"https://fcm.googleapis.com/fcm/send/cYR-NIq4nms:APA91bEppjWa7ZIrYxviNuWljHyZ7qnu…","status":201} 
[2026-05-05 13:54:51] production.DEBUG: Push notification delivered {"endpoint":"https://wns2-by3p.notify.windows.com/w/?token=BQYAAACU%2bKDb9Gyej4KtbEbQJBisasbB…","status":201,"wns_status":"received","wns_msg_id":"18D5D03F56FEC37A","wns_debug":"BY3PEPF0001AB0F","content_encoding":"aes128gcm","response_body":""} 
[2026-05-05 13:54:51] production.DEBUG: Push notification delivered {"endpoint":"https://wns2-ch1p.notify.windows.com/w/?token=BQYAAAAQe2hvIFkElPQKFh5BKOEEEpIVqW…","status":201,"wns_status":"received","wns_msg_id":"6AC7A5CD20ACDC63","wns_debug":"CH1PEPF00006F4E","content_encoding":"aes128gcm","response_body":""} 
[2026-05-05 13:54:52] production.DEBUG: Push notification delivered {"endpoint":"https://web.push.apple.com/QJnqrnzJg9xule8bhPY8CE20AFCRYEqQblM8TaB0eTcRZ7HDySHVw…","status":201} 
[2026-05-05 13:54:53] production.INFO: Telnyx voice webhook received {"event_type":"conference.floor.changed","call_control_id":"v3:0aeAF29bzUJPXj9InicquB8HUsVXA1TAQ2s6uYx-3OuIT8vhYy2vCw","direction":null} 
[2026-05-05 13:54:53] production.INFO: Unhandled voice event {"event_type":"conference.floor.changed"} 
[2026-05-05 13:54:59] production.INFO: Telnyx voice webhook received {"event_type":"conference.floor.changed","call_control_id":"v3:0aeAF29bzUJPXj9InicquB8HUsVXA1TAQ2s6uYx-3OuIT8vhYy2vCw","direction":null} 
[2026-05-05 13:54:59] production.INFO: Unhandled voice event {"event_type":"conference.floor.changed"} 
[2026-05-05 13:54:59] production.INFO: Telnyx voice webhook received {"event_type":"conference.floor.changed","call_control_id":"v3:0aeAF29bzUJPXj9InicquB8HUsVXA1TAQ2s6uYx-3OuIT8vhYy2vCw","direction":null} 
[2026-05-05 13:54:59] production.INFO: Unhandled voice event {"event_type":"conference.floor.changed"} 
[2026-05-05 13:55:08] production.INFO: Telnyx voice webhook received {"event_type":"conference.floor.changed","call_control_id":"v3:0aeAF29bzUJPXj9InicquB8HUsVXA1TAQ2s6uYx-3OuIT8vhYy2vCw","direction":null} 
[2026-05-05 13:55:08] production.INFO: Unhandled voice event {"event_type":"conference.floor.changed"} 
[2026-05-05 13:55:17] production.INFO: Telnyx voice webhook received {"event_type":"conference.floor.changed","call_control_id":"v3:0aeAF29bzUJPXj9InicquB8HUsVXA1TAQ2s6uYx-3OuIT8vhYy2vCw","direction":null} 
[2026-05-05 13:55:17] production.INFO: Unhandled voice event {"event_type":"conference.floor.changed"} 
[2026-05-05 13:55:18] production.INFO: Telnyx voice webhook received {"event_type":"conference.floor.changed","call_control_id":"v3:0aeAF29bzUJPXj9InicquB8HUsVXA1TAQ2s6uYx-3OuIT8vhYy2vCw","direction":null} 
[2026-05-05 13:55:18] production.INFO: Unhandled voice event {"event_type":"conference.floor.changed"} 
[2026-05-05 13:55:19] production.INFO: Telnyx voice webhook received {"event_type":"conference.floor.changed","call_control_id":"v3:0aeAF29bzUJPXj9InicquB8HUsVXA1TAQ2s6uYx-3OuIT8vhYy2vCw","direction":null} 
[2026-05-05 13:55:19] production.INFO: Unhandled voice event {"event_type":"conference.floor.changed"} 
[2026-05-05 13:55:20] production.INFO: Telnyx voice webhook received {"event_type":"conference.floor.changed","call_control_id":"v3:0aeAF29bzUJPXj9InicquB8HUsVXA1TAQ2s6uYx-3OuIT8vhYy2vCw","direction":null} 
[2026-05-05 13:55:20] production.INFO: Unhandled voice event {"event_type":"conference.floor.changed"} 
[2026-05-05 13:55:23] production.INFO: Telnyx voice webhook received {"event_type":"conference.floor.changed","call_control_id":"v3:0aeAF29bzUJPXj9InicquB8HUsVXA1TAQ2s6uYx-3OuIT8vhYy2vCw","direction":null} 
[2026-05-05 13:55:23] production.INFO: Unhandled voice event {"event_type":"conference.floor.changed"} 
[2026-05-05 13:55:27] production.INFO: Telnyx voice webhook received {"event_type":"conference.floor.changed","call_control_id":"v3:0aeAF29bzUJPXj9InicquB8HUsVXA1TAQ2s6uYx-3OuIT8vhYy2vCw","direction":null} 
[2026-05-05 13:55:27] production.INFO: Unhandled voice event {"event_type":"conference.floor.changed"} 
[2026-05-05 13:55:47] production.INFO: Telnyx voice webhook received {"event_type":"conference.floor.changed","call_control_id":"v3:0aeAF29bzUJPXj9InicquB8HUsVXA1TAQ2s6uYx-3OuIT8vhYy2vCw","direction":null} 
[2026-05-05 13:55:47] production.INFO: Unhandled voice event {"event_type":"conference.floor.changed"} 
[2026-05-05 13:55:48] production.INFO: Telnyx voice webhook received {"event_type":"conference.floor.changed","call_control_id":"v3:0aeAF29bzUJPXj9InicquB8HUsVXA1TAQ2s6uYx-3OuIT8vhYy2vCw","direction":null} 
[2026-05-05 13:55:48] production.INFO: Unhandled voice event {"event_type":"conference.floor.changed"} 
[2026-05-05 13:56:07] production.INFO: Telnyx voice webhook received {"event_type":"conference.floor.changed","call_control_id":"v3:0aeAF29bzUJPXj9InicquB8HUsVXA1TAQ2s6uYx-3OuIT8vhYy2vCw","direction":null} 
[2026-05-05 13:56:07] production.INFO: Unhandled voice event {"event_type":"conference.floor.changed"} 
[2026-05-05 13:56:19] production.INFO: Telnyx voice webhook received {"event_type":"conference.floor.changed","call_control_id":"v3:0aeAF29bzUJPXj9InicquB8HUsVXA1TAQ2s6uYx-3OuIT8vhYy2vCw","direction":null} 
[2026-05-05 13:56:19] production.INFO: Unhandled voice event {"event_type":"conference.floor.changed"} 
[2026-05-05 13:56:23] production.INFO: Telnyx voice webhook received {"event_type":"conference.floor.changed","call_control_id":"v3:0aeAF29bzUJPXj9InicquB8HUsVXA1TAQ2s6uYx-3OuIT8vhYy2vCw","direction":null} 
[2026-05-05 13:56:23] production.INFO: Unhandled voice event {"event_type":"conference.floor.changed"} 
[2026-05-05 13:56:25] production.INFO: Telnyx voice webhook received {"event_type":"conference.floor.changed","call_control_id":"v3:0aeAF29bzUJPXj9InicquB8HUsVXA1TAQ2s6uYx-3OuIT8vhYy2vCw","direction":null} 
[2026-05-05 13:56:25] production.INFO: Unhandled voice event {"event_type":"conference.floor.changed"} 
[2026-05-05 13:56:40] production.INFO: Telnyx voice webhook received {"event_type":"conference.floor.changed","call_control_id":"v3:0aeAF29bzUJPXj9InicquB8HUsVXA1TAQ2s6uYx-3OuIT8vhYy2vCw","direction":null} 
[2026-05-05 13:56:40] production.INFO: Unhandled voice event {"event_type":"conference.floor.changed"} 
[2026-05-05 13:56:44] production.INFO: Telnyx voice webhook received {"event_type":"conference.floor.changed","call_control_id":"v3:0aeAF29bzUJPXj9InicquB8HUsVXA1TAQ2s6uYx-3OuIT8vhYy2vCw","direction":null} 
[2026-05-05 13:56:44] production.INFO: Unhandled voice event {"event_type":"conference.floor.changed"} 
[2026-05-05 13:57:22] production.INFO: Telnyx voice webhook received {"event_type":"conference.floor.changed","call_control_id":"v3:0aeAF29bzUJPXj9InicquB8HUsVXA1TAQ2s6uYx-3OuIT8vhYy2vCw","direction":null} 
[2026-05-05 13:57:22] production.INFO: Unhandled voice event {"event_type":"conference.floor.changed"} 
[2026-05-05 13:57:24] production.INFO: Telnyx voice webhook received {"event_type":"conference.floor.changed","call_control_id":"v3:0aeAF29bzUJPXj9InicquB8HUsVXA1TAQ2s6uYx-3OuIT8vhYy2vCw","direction":null} 
[2026-05-05 13:57:24] production.INFO: Unhandled voice event {"event_type":"conference.floor.changed"} 
[2026-05-05 13:57:24] production.INFO: Telnyx voice webhook received {"event_type":"conference.floor.changed","call_control_id":"v3:0aeAF29bzUJPXj9InicquB8HUsVXA1TAQ2s6uYx-3OuIT8vhYy2vCw","direction":null} 
[2026-05-05 13:57:24] production.INFO: Unhandled voice event {"event_type":"conference.floor.changed"} 
[2026-05-05 13:57:26] production.INFO: Telnyx voice webhook received {"event_type":"conference.floor.changed","call_control_id":"v3:0aeAF29bzUJPXj9InicquB8HUsVXA1TAQ2s6uYx-3OuIT8vhYy2vCw","direction":null} 
[2026-05-05 13:57:26] production.INFO: Unhandled voice event {"event_type":"conference.floor.changed"} 
[2026-05-05 13:57:26] production.INFO: Telnyx voice webhook received {"event_type":"conference.floor.changed","call_control_id":"v3:0aeAF29bzUJPXj9InicquB8HUsVXA1TAQ2s6uYx-3OuIT8vhYy2vCw","direction":null} 
[2026-05-05 13:57:26] production.INFO: Unhandled voice event {"event_type":"conference.floor.changed"} 
[2026-05-05 13:57:27] production.INFO: Telnyx voice webhook received {"event_type":"conference.floor.changed","call_control_id":"v3:0aeAF29bzUJPXj9InicquB8HUsVXA1TAQ2s6uYx-3OuIT8vhYy2vCw","direction":null} 
[2026-05-05 13:57:27] production.INFO: Unhandled voice event {"event_type":"conference.floor.changed"} 
[2026-05-05 13:57:27] production.INFO: Telnyx voice webhook received {"event_type":"conference.floor.changed","call_control_id":"v3:0aeAF29bzUJPXj9InicquB8HUsVXA1TAQ2s6uYx-3OuIT8vhYy2vCw","direction":null} 
[2026-05-05 13:57:27] production.INFO: Unhandled voice event {"event_type":"conference.floor.changed"} 
[2026-05-05 13:57:27] production.INFO: Telnyx voice webhook received {"event_type":"conference.floor.changed","call_control_id":"v3:0aeAF29bzUJPXj9InicquB8HUsVXA1TAQ2s6uYx-3OuIT8vhYy2vCw","direction":null} 
[2026-05-05 13:57:27] production.INFO: Unhandled voice event {"event_type":"conference.floor.changed"} 
[2026-05-05 13:57:29] production.INFO: Telnyx voice webhook received {"event_type":"conference.floor.changed","call_control_id":"v3:0aeAF29bzUJPXj9InicquB8HUsVXA1TAQ2s6uYx-3OuIT8vhYy2vCw","direction":null} 
[2026-05-05 13:57:29] production.INFO: Unhandled voice event {"event_type":"conference.floor.changed"} 
[2026-05-05 13:57:29] production.INFO: Telnyx voice webhook received {"event_type":"conference.floor.changed","call_control_id":"v3:0aeAF29bzUJPXj9InicquB8HUsVXA1TAQ2s6uYx-3OuIT8vhYy2vCw","direction":null} 
[2026-05-05 13:57:29] production.INFO: Unhandled voice event {"event_type":"conference.floor.changed"} 
[2026-05-05 13:57:47] production.INFO: Telnyx voice webhook received {"event_type":"conference.floor.changed","call_control_id":"v3:0aeAF29bzUJPXj9InicquB8HUsVXA1TAQ2s6uYx-3OuIT8vhYy2vCw","direction":null} 
[2026-05-05 13:57:47] production.INFO: Unhandled voice event {"event_type":"conference.floor.changed"} 
[2026-05-05 13:57:49] production.INFO: Telnyx voice webhook received {"event_type":"conference.floor.changed","call_control_id":"v3:0aeAF29bzUJPXj9InicquB8HUsVXA1TAQ2s6uYx-3OuIT8vhYy2vCw","direction":null} 
[2026-05-05 13:57:49] production.INFO: Unhandled voice event {"event_type":"conference.floor.changed"} 
[2026-05-05 13:57:50] production.INFO: Telnyx voice webhook received {"event_type":"conference.floor.changed","call_control_id":"v3:0aeAF29bzUJPXj9InicquB8HUsVXA1TAQ2s6uYx-3OuIT8vhYy2vCw","direction":null} 
[2026-05-05 13:57:50] production.INFO: Unhandled voice event {"event_type":"conference.floor.changed"} 
[2026-05-05 13:57:52] production.INFO: Telnyx voice webhook received {"event_type":"conference.floor.changed","call_control_id":"v3:0aeAF29bzUJPXj9InicquB8HUsVXA1TAQ2s6uYx-3OuIT8vhYy2vCw","direction":null} 
[2026-05-05 13:57:52] production.INFO: Unhandled voice event {"event_type":"conference.floor.changed"} 
[2026-05-05 13:57:54] production.INFO: Telnyx voice webhook received {"event_type":"conference.floor.changed","call_control_id":"v3:0aeAF29bzUJPXj9InicquB8HUsVXA1TAQ2s6uYx-3OuIT8vhYy2vCw","direction":null} 
[2026-05-05 13:57:54] production.INFO: Unhandled voice event {"event_type":"conference.floor.changed"} 
[2026-05-05 13:57:57] production.INFO: Telnyx voice webhook received {"event_type":"conference.floor.changed","call_control_id":"v3:0aeAF29bzUJPXj9InicquB8HUsVXA1TAQ2s6uYx-3OuIT8vhYy2vCw","direction":null} 
[2026-05-05 13:57:57] production.INFO: Unhandled voice event {"event_type":"conference.floor.changed"} 
[2026-05-05 13:57:59] production.INFO: Telnyx voice webhook received {"event_type":"conference.floor.changed","call_control_id":"v3:0aeAF29bzUJPXj9InicquB8HUsVXA1TAQ2s6uYx-3OuIT8vhYy2vCw","direction":null} 
[2026-05-05 13:57:59] production.INFO: Unhandled voice event {"event_type":"conference.floor.changed"} 
[2026-05-05 13:58:02] production.INFO: Telnyx voice webhook received {"event_type":"conference.floor.changed","call_control_id":"v3:0aeAF29bzUJPXj9InicquB8HUsVXA1TAQ2s6uYx-3OuIT8vhYy2vCw","direction":null} 
[2026-05-05 13:58:02] production.INFO: Unhandled voice event {"event_type":"conference.floor.changed"} 
[2026-05-05 13:58:12] production.INFO: Telnyx voice webhook received {"event_type":"conference.floor.changed","call_control_id":"v3:0aeAF29bzUJPXj9InicquB8HUsVXA1TAQ2s6uYx-3OuIT8vhYy2vCw","direction":null} 
[2026-05-05 13:58:12] production.INFO: Unhandled voice event {"event_type":"conference.floor.changed"} 
[2026-05-05 13:58:16] production.INFO: Telnyx voice webhook received {"event_type":"conference.floor.changed","call_control_id":"v3:0aeAF29bzUJPXj9InicquB8HUsVXA1TAQ2s6uYx-3OuIT8vhYy2vCw","direction":null} 
[2026-05-05 13:58:16] production.INFO: Unhandled voice event {"event_type":"conference.floor.changed"} 
[2026-05-05 13:58:54] production.INFO: Telnyx voice webhook received {"event_type":"conference.floor.changed","call_control_id":"v3:0aeAF29bzUJPXj9InicquB8HUsVXA1TAQ2s6uYx-3OuIT8vhYy2vCw","direction":null} 
[2026-05-05 13:58:54] production.INFO: Unhandled voice event {"event_type":"conference.floor.changed"} 
[2026-05-05 13:58:57] production.INFO: Telnyx voice webhook received {"event_type":"conference.floor.changed","call_control_id":"v3:0aeAF29bzUJPXj9InicquB8HUsVXA1TAQ2s6uYx-3OuIT8vhYy2vCw","direction":null} 
[2026-05-05 13:58:57] production.INFO: Unhandled voice event {"event_type":"conference.floor.changed"} 
[2026-05-05 13:58:59] production.INFO: Telnyx voice webhook received {"event_type":"conference.floor.changed","call_control_id":"v3:0aeAF29bzUJPXj9InicquB8HUsVXA1TAQ2s6uYx-3OuIT8vhYy2vCw","direction":null} 
[2026-05-05 13:58:59] production.INFO: Unhandled voice event {"event_type":"conference.floor.changed"} 
[2026-05-05 13:59:03] production.INFO: Telnyx voice webhook received {"event_type":"conference.floor.changed","call_control_id":"v3:0aeAF29bzUJPXj9InicquB8HUsVXA1TAQ2s6uYx-3OuIT8vhYy2vCw","direction":null} 
[2026-05-05 13:59:03] production.INFO: Unhandled voice event {"event_type":"conference.floor.changed"} 
[2026-05-05 13:59:22] production.INFO: Telnyx voice webhook received {"event_type":"conference.floor.changed","call_control_id":"v3:0aeAF29bzUJPXj9InicquB8HUsVXA1TAQ2s6uYx-3OuIT8vhYy2vCw","direction":null} 
[2026-05-05 13:59:22] production.INFO: Unhandled voice event {"event_type":"conference.floor.changed"} 
[2026-05-05 13:59:23] production.INFO: Telnyx voice webhook received {"event_type":"conference.floor.changed","call_control_id":"v3:0aeAF29bzUJPXj9InicquB8HUsVXA1TAQ2s6uYx-3OuIT8vhYy2vCw","direction":null} 
[2026-05-05 13:59:23] production.INFO: Unhandled voice event {"event_type":"conference.floor.changed"} 
[2026-05-05 13:59:32] production.INFO: Telnyx voice webhook received {"event_type":"conference.floor.changed","call_control_id":"v3:0aeAF29bzUJPXj9InicquB8HUsVXA1TAQ2s6uYx-3OuIT8vhYy2vCw","direction":null} 
[2026-05-05 13:59:32] production.INFO: Unhandled voice event {"event_type":"conference.floor.changed"} 
[2026-05-05 13:59:33] production.INFO: Telnyx voice webhook received {"event_type":"conference.floor.changed","call_control_id":"v3:0aeAF29bzUJPXj9InicquB8HUsVXA1TAQ2s6uYx-3OuIT8vhYy2vCw","direction":null} 
[2026-05-05 13:59:33] production.INFO: Unhandled voice event {"event_type":"conference.floor.changed"} 
[2026-05-05 13:59:34] production.INFO: Telnyx voice webhook received {"event_type":"conference.floor.changed","call_control_id":"v3:0aeAF29bzUJPXj9InicquB8HUsVXA1TAQ2s6uYx-3OuIT8vhYy2vCw","direction":null} 
[2026-05-05 13:59:34] production.INFO: Unhandled voice event {"event_type":"conference.floor.changed"} 
[2026-05-05 13:59:35] production.INFO: Telnyx voice webhook received {"event_type":"conference.floor.changed","call_control_id":"v3:0aeAF29bzUJPXj9InicquB8HUsVXA1TAQ2s6uYx-3OuIT8vhYy2vCw","direction":null} 
[2026-05-05 13:59:35] production.INFO: Unhandled voice event {"event_type":"conference.floor.changed"} 
[2026-05-05 13:59:35] production.INFO: Telnyx voice webhook received {"event_type":"conference.floor.changed","call_control_id":"v3:0aeAF29bzUJPXj9InicquB8HUsVXA1TAQ2s6uYx-3OuIT8vhYy2vCw","direction":null} 
[2026-05-05 13:59:35] production.INFO: Unhandled voice event {"event_type":"conference.floor.changed"} 
[2026-05-05 13:59:35] production.INFO: Telnyx voice webhook received {"event_type":"conference.floor.changed","call_control_id":"v3:0aeAF29bzUJPXj9InicquB8HUsVXA1TAQ2s6uYx-3OuIT8vhYy2vCw","direction":null} 
[2026-05-05 13:59:35] production.INFO: Unhandled voice event {"event_type":"conference.floor.changed"} 
[2026-05-05 13:59:39] production.INFO: Telnyx voice webhook received {"event_type":"conference.floor.changed","call_control_id":"v3:0aeAF29bzUJPXj9InicquB8HUsVXA1TAQ2s6uYx-3OuIT8vhYy2vCw","direction":null} 
[2026-05-05 13:59:39] production.INFO: Unhandled voice event {"event_type":"conference.floor.changed"} 
[2026-05-05 13:59:41] production.INFO: Telnyx voice webhook received {"event_type":"conference.floor.changed","call_control_id":"v3:0aeAF29bzUJPXj9InicquB8HUsVXA1TAQ2s6uYx-3OuIT8vhYy2vCw","direction":null} 
[2026-05-05 13:59:41] production.INFO: Unhandled voice event {"event_type":"conference.floor.changed"} 
[2026-05-05 14:00:11] production.INFO: Telnyx voice webhook received {"event_type":"conference.floor.changed","call_control_id":"v3:0aeAF29bzUJPXj9InicquB8HUsVXA1TAQ2s6uYx-3OuIT8vhYy2vCw","direction":null} 
[2026-05-05 14:00:11] production.INFO: Unhandled voice event {"event_type":"conference.floor.changed"} 
[2026-05-05 14:00:19] production.INFO: Telnyx voice webhook received {"event_type":"conference.floor.changed","call_control_id":"v3:0aeAF29bzUJPXj9InicquB8HUsVXA1TAQ2s6uYx-3OuIT8vhYy2vCw","direction":null} 
[2026-05-05 14:00:19] production.INFO: Unhandled voice event {"event_type":"conference.floor.changed"} 
[2026-05-05 14:00:20] production.INFO: Telnyx voice webhook received {"event_type":"conference.floor.changed","call_control_id":"v3:0aeAF29bzUJPXj9InicquB8HUsVXA1TAQ2s6uYx-3OuIT8vhYy2vCw","direction":null} 
[2026-05-05 14:00:20] production.INFO: Unhandled voice event {"event_type":"conference.floor.changed"} 
[2026-05-05 14:00:21] production.INFO: Telnyx voice webhook received {"event_type":"conference.floor.changed","call_control_id":"v3:0aeAF29bzUJPXj9InicquB8HUsVXA1TAQ2s6uYx-3OuIT8vhYy2vCw","direction":null} 
[2026-05-05 14:00:21] production.INFO: Unhandled voice event {"event_type":"conference.floor.changed"} 
[2026-05-05 14:00:26] production.INFO: Telnyx voice webhook received {"event_type":"conference.floor.changed","call_control_id":"v3:0aeAF29bzUJPXj9InicquB8HUsVXA1TAQ2s6uYx-3OuIT8vhYy2vCw","direction":null} 
[2026-05-05 14:00:26] production.INFO: Unhandled voice event {"event_type":"conference.floor.changed"} 
[2026-05-05 14:00:27] production.INFO: Telnyx voice webhook received {"event_type":"conference.floor.changed","call_control_id":"v3:0aeAF29bzUJPXj9InicquB8HUsVXA1TAQ2s6uYx-3OuIT8vhYy2vCw","direction":null} 
[2026-05-05 14:00:27] production.INFO: Unhandled voice event {"event_type":"conference.floor.changed"} 
[2026-05-05 14:00:29] production.INFO: Telnyx voice webhook received {"event_type":"conference.floor.changed","call_control_id":"v3:0aeAF29bzUJPXj9InicquB8HUsVXA1TAQ2s6uYx-3OuIT8vhYy2vCw","direction":null} 
[2026-05-05 14:00:29] production.INFO: Unhandled voice event {"event_type":"conference.floor.changed"} 
[2026-05-05 14:00:31] production.INFO: Telnyx voice webhook received {"event_type":"conference.floor.changed","call_control_id":"v3:0aeAF29bzUJPXj9InicquB8HUsVXA1TAQ2s6uYx-3OuIT8vhYy2vCw","direction":null} 
[2026-05-05 14:00:31] production.INFO: Unhandled voice event {"event_type":"conference.floor.changed"} 
[2026-05-05 14:00:41] production.INFO: Telnyx voice webhook received {"event_type":"conference.floor.changed","call_control_id":"v3:0aeAF29bzUJPXj9InicquB8HUsVXA1TAQ2s6uYx-3OuIT8vhYy2vCw","direction":null} 
[2026-05-05 14:00:41] production.INFO: Unhandled voice event {"event_type":"conference.floor.changed"} 
[2026-05-05 14:00:43] production.INFO: Telnyx voice webhook received {"event_type":"conference.floor.changed","call_control_id":"v3:0aeAF29bzUJPXj9InicquB8HUsVXA1TAQ2s6uYx-3OuIT8vhYy2vCw","direction":null} 
[2026-05-05 14:00:43] production.INFO: Unhandled voice event {"event_type":"conference.floor.changed"} 
[2026-05-05 14:00:43] production.INFO: Telnyx voice webhook received {"event_type":"conference.floor.changed","call_control_id":"v3:0aeAF29bzUJPXj9InicquB8HUsVXA1TAQ2s6uYx-3OuIT8vhYy2vCw","direction":null} 
[2026-05-05 14:00:43] production.INFO: Unhandled voice event {"event_type":"conference.floor.changed"} 
[2026-05-05 14:00:50] production.INFO: Telnyx voice webhook received {"event_type":"conference.floor.changed","call_control_id":"v3:0aeAF29bzUJPXj9InicquB8HUsVXA1TAQ2s6uYx-3OuIT8vhYy2vCw","direction":null} 
[2026-05-05 14:00:50] production.INFO: Unhandled voice event {"event_type":"conference.floor.changed"} 
[2026-05-05 14:00:53] production.INFO: Telnyx voice webhook received {"event_type":"conference.floor.changed","call_control_id":"v3:0aeAF29bzUJPXj9InicquB8HUsVXA1TAQ2s6uYx-3OuIT8vhYy2vCw","direction":null} 
[2026-05-05 14:00:53] production.INFO: Unhandled voice event {"event_type":"conference.floor.changed"} 
[2026-05-05 14:00:54] production.INFO: Telnyx voice webhook received {"event_type":"conference.floor.changed","call_control_id":"v3:0aeAF29bzUJPXj9InicquB8HUsVXA1TAQ2s6uYx-3OuIT8vhYy2vCw","direction":null} 
[2026-05-05 14:00:54] production.INFO: Unhandled voice event {"event_type":"conference.floor.changed"} 
[2026-05-05 14:00:57] production.INFO: Telnyx voice webhook received {"event_type":"conference.floor.changed","call_control_id":"v3:0aeAF29bzUJPXj9InicquB8HUsVXA1TAQ2s6uYx-3OuIT8vhYy2vCw","direction":null} 
[2026-05-05 14:00:57] production.INFO: Unhandled voice event {"event_type":"conference.floor.changed"} 
[2026-05-05 14:01:01] production.INFO: Telnyx voice webhook received {"event_type":"conference.floor.changed","call_control_id":"v3:0aeAF29bzUJPXj9InicquB8HUsVXA1TAQ2s6uYx-3OuIT8vhYy2vCw","direction":null} 
[2026-05-05 14:01:01] production.INFO: Unhandled voice event {"event_type":"conference.floor.changed"} 
[2026-05-05 14:01:30] production.INFO: Telnyx voice webhook received {"event_type":"conference.floor.changed","call_control_id":"v3:0aeAF29bzUJPXj9InicquB8HUsVXA1TAQ2s6uYx-3OuIT8vhYy2vCw","direction":null} 
[2026-05-05 14:01:30] production.INFO: Unhandled voice event {"event_type":"conference.floor.changed"} 
[2026-05-05 14:01:32] production.INFO: Telnyx voice webhook received {"event_type":"conference.floor.changed","call_control_id":"v3:0aeAF29bzUJPXj9InicquB8HUsVXA1TAQ2s6uYx-3OuIT8vhYy2vCw","direction":null} 
[2026-05-05 14:01:32] production.INFO: Unhandled voice event {"event_type":"conference.floor.changed"} 
[2026-05-05 14:01:37] production.INFO: Telnyx voice webhook received {"event_type":"conference.floor.changed","call_control_id":"v3:0aeAF29bzUJPXj9InicquB8HUsVXA1TAQ2s6uYx-3OuIT8vhYy2vCw","direction":null} 
[2026-05-05 14:01:37] production.INFO: Unhandled voice event {"event_type":"conference.floor.changed"} 
[2026-05-05 14:01:46] production.INFO: Telnyx voice webhook received {"event_type":"conference.floor.changed","call_control_id":"v3:0aeAF29bzUJPXj9InicquB8HUsVXA1TAQ2s6uYx-3OuIT8vhYy2vCw","direction":null} 
[2026-05-05 14:01:46] production.INFO: Unhandled voice event {"event_type":"conference.floor.changed"} 
[2026-05-05 14:01:51] production.INFO: Telnyx voice webhook received {"event_type":"conference.floor.changed","call_control_id":"v3:0aeAF29bzUJPXj9InicquB8HUsVXA1TAQ2s6uYx-3OuIT8vhYy2vCw","direction":null} 
[2026-05-05 14:01:51] production.INFO: Unhandled voice event {"event_type":"conference.floor.changed"} 
[2026-05-05 14:01:53] production.INFO: Telnyx voice webhook received {"event_type":"conference.floor.changed","call_control_id":"v3:0aeAF29bzUJPXj9InicquB8HUsVXA1TAQ2s6uYx-3OuIT8vhYy2vCw","direction":null} 
[2026-05-05 14:01:53] production.INFO: Unhandled voice event {"event_type":"conference.floor.changed"} 
[2026-05-05 14:01:53] production.INFO: Telnyx voice webhook received {"event_type":"conference.floor.changed","call_control_id":"v3:0aeAF29bzUJPXj9InicquB8HUsVXA1TAQ2s6uYx-3OuIT8vhYy2vCw","direction":null} 
[2026-05-05 14:01:53] production.INFO: Unhandled voice event {"event_type":"conference.floor.changed"} 
[2026-05-05 14:01:54] production.INFO: Telnyx voice webhook received {"event_type":"conference.floor.changed","call_control_id":"v3:0aeAF29bzUJPXj9InicquB8HUsVXA1TAQ2s6uYx-3OuIT8vhYy2vCw","direction":null} 
[2026-05-05 14:01:54] production.INFO: Unhandled voice event {"event_type":"conference.floor.changed"} 
[2026-05-05 14:01:54] production.INFO: Telnyx voice webhook received {"event_type":"conference.floor.changed","call_control_id":"v3:0aeAF29bzUJPXj9InicquB8HUsVXA1TAQ2s6uYx-3OuIT8vhYy2vCw","direction":null} 
[2026-05-05 14:01:54] production.INFO: Unhandled voice event {"event_type":"conference.floor.changed"} 
[2026-05-05 14:02:03] production.INFO: Telnyx voice webhook received {"event_type":"conference.floor.changed","call_control_id":"v3:0aeAF29bzUJPXj9InicquB8HUsVXA1TAQ2s6uYx-3OuIT8vhYy2vCw","direction":null} 
[2026-05-05 14:02:03] production.INFO: Unhandled voice event {"event_type":"conference.floor.changed"} 
[2026-05-05 14:02:09] production.INFO: Telnyx voice webhook received {"event_type":"conference.floor.changed","call_control_id":"v3:0aeAF29bzUJPXj9InicquB8HUsVXA1TAQ2s6uYx-3OuIT8vhYy2vCw","direction":null} 
[2026-05-05 14:02:09] production.INFO: Unhandled voice event {"event_type":"conference.floor.changed"} 
[2026-05-05 14:02:10] production.INFO: Telnyx voice webhook received {"event_type":"conference.floor.changed","call_control_id":"v3:0aeAF29bzUJPXj9InicquB8HUsVXA1TAQ2s6uYx-3OuIT8vhYy2vCw","direction":null} 
[2026-05-05 14:02:10] production.INFO: Unhandled voice event {"event_type":"conference.floor.changed"} 
[2026-05-05 14:02:13] production.INFO: Telnyx voice webhook received {"event_type":"conference.floor.changed","call_control_id":"v3:0aeAF29bzUJPXj9InicquB8HUsVXA1TAQ2s6uYx-3OuIT8vhYy2vCw","direction":null} 
[2026-05-05 14:02:13] production.INFO: Unhandled voice event {"event_type":"conference.floor.changed"} 
[2026-05-05 14:02:13] production.INFO: Telnyx voice webhook received {"event_type":"conference.floor.changed","call_control_id":"v3:0aeAF29bzUJPXj9InicquB8HUsVXA1TAQ2s6uYx-3OuIT8vhYy2vCw","direction":null} 
[2026-05-05 14:02:13] production.INFO: Unhandled voice event {"event_type":"conference.floor.changed"} 
[2026-05-05 14:02:15] production.INFO: Telnyx voice webhook received {"event_type":"conference.floor.changed","call_control_id":"v3:0aeAF29bzUJPXj9InicquB8HUsVXA1TAQ2s6uYx-3OuIT8vhYy2vCw","direction":null} 
[2026-05-05 14:02:15] production.INFO: Unhandled voice event {"event_type":"conference.floor.changed"} 
[2026-05-05 14:02:17] production.INFO: Telnyx voice webhook received {"event_type":"conference.floor.changed","call_control_id":"v3:0aeAF29bzUJPXj9InicquB8HUsVXA1TAQ2s6uYx-3OuIT8vhYy2vCw","direction":null} 
[2026-05-05 14:02:17] production.INFO: Unhandled voice event {"event_type":"conference.floor.changed"} 
[2026-05-05 14:02:25] production.INFO: Telnyx voice webhook received {"event_type":"conference.floor.changed","call_control_id":"v3:0aeAF29bzUJPXj9InicquB8HUsVXA1TAQ2s6uYx-3OuIT8vhYy2vCw","direction":null} 
[2026-05-05 14:02:25] production.INFO: Unhandled voice event {"event_type":"conference.floor.changed"} 
[2026-05-05 14:02:26] production.INFO: Telnyx voice webhook received {"event_type":"conference.floor.changed","call_control_id":"v3:0aeAF29bzUJPXj9InicquB8HUsVXA1TAQ2s6uYx-3OuIT8vhYy2vCw","direction":null} 
[2026-05-05 14:02:26] production.INFO: Unhandled voice event {"event_type":"conference.floor.changed"} 
[2026-05-05 14:02:27] production.INFO: Telnyx voice webhook received {"event_type":"conference.floor.changed","call_control_id":"v3:0aeAF29bzUJPXj9InicquB8HUsVXA1TAQ2s6uYx-3OuIT8vhYy2vCw","direction":null} 
[2026-05-05 14:02:27] production.INFO: Unhandled voice event {"event_type":"conference.floor.changed"} 
[2026-05-05 14:02:30] production.INFO: Telnyx voice webhook received {"event_type":"conference.floor.changed","call_control_id":"v3:0aeAF29bzUJPXj9InicquB8HUsVXA1TAQ2s6uYx-3OuIT8vhYy2vCw","direction":null} 
[2026-05-05 14:02:30] production.INFO: Unhandled voice event {"event_type":"conference.floor.changed"} 
[2026-05-05 14:02:39] production.INFO: Telnyx voice webhook received {"event_type":"conference.floor.changed","call_control_id":"v3:0aeAF29bzUJPXj9InicquB8HUsVXA1TAQ2s6uYx-3OuIT8vhYy2vCw","direction":null} 
[2026-05-05 14:02:39] production.INFO: Unhandled voice event {"event_type":"conference.floor.changed"} 
[2026-05-05 14:02:43] production.INFO: Telnyx voice webhook received {"event_type":"conference.floor.changed","call_control_id":"v3:0aeAF29bzUJPXj9InicquB8HUsVXA1TAQ2s6uYx-3OuIT8vhYy2vCw","direction":null} 
[2026-05-05 14:02:43] production.INFO: Unhandled voice event {"event_type":"conference.floor.changed"} 
[2026-05-05 14:02:46] production.INFO: Telnyx voice webhook received {"event_type":"conference.floor.changed","call_control_id":"v3:0aeAF29bzUJPXj9InicquB8HUsVXA1TAQ2s6uYx-3OuIT8vhYy2vCw","direction":null} 
[2026-05-05 14:02:46] production.INFO: Unhandled voice event {"event_type":"conference.floor.changed"} 
[2026-05-05 14:02:50] production.INFO: Telnyx voice webhook received {"event_type":"conference.floor.changed","call_control_id":"v3:0aeAF29bzUJPXj9InicquB8HUsVXA1TAQ2s6uYx-3OuIT8vhYy2vCw","direction":null} 
[2026-05-05 14:02:50] production.INFO: Unhandled voice event {"event_type":"conference.floor.changed"} 
[2026-05-05 14:03:06] production.INFO: Telnyx voice webhook received {"event_type":"conference.floor.changed","call_control_id":"v3:0aeAF29bzUJPXj9InicquB8HUsVXA1TAQ2s6uYx-3OuIT8vhYy2vCw","direction":null} 
[2026-05-05 14:03:06] production.INFO: Unhandled voice event {"event_type":"conference.floor.changed"} 
[2026-05-05 14:03:16] production.INFO: Telnyx voice webhook received {"event_type":"conference.floor.changed","call_control_id":"v3:0aeAF29bzUJPXj9InicquB8HUsVXA1TAQ2s6uYx-3OuIT8vhYy2vCw","direction":null} 
[2026-05-05 14:03:16] production.INFO: Unhandled voice event {"event_type":"conference.floor.changed"} 
[2026-05-05 14:03:21] production.INFO: Telnyx voice webhook received {"event_type":"conference.floor.changed","call_control_id":"v3:0aeAF29bzUJPXj9InicquB8HUsVXA1TAQ2s6uYx-3OuIT8vhYy2vCw","direction":null} 
[2026-05-05 14:03:21] production.INFO: Unhandled voice event {"event_type":"conference.floor.changed"} 
[2026-05-05 14:03:22] production.INFO: Telnyx voice webhook received {"event_type":"conference.floor.changed","call_control_id":"v3:0aeAF29bzUJPXj9InicquB8HUsVXA1TAQ2s6uYx-3OuIT8vhYy2vCw","direction":null} 
[2026-05-05 14:03:22] production.INFO: Unhandled voice event {"event_type":"conference.floor.changed"} 
[2026-05-05 14:03:22] production.INFO: Telnyx voice webhook received {"event_type":"conference.floor.changed","call_control_id":"v3:0aeAF29bzUJPXj9InicquB8HUsVXA1TAQ2s6uYx-3OuIT8vhYy2vCw","direction":null} 
[2026-05-05 14:03:22] production.INFO: Unhandled voice event {"event_type":"conference.floor.changed"} 
[2026-05-05 14:03:33] production.INFO: Telnyx voice webhook received {"event_type":"conference.floor.changed","call_control_id":"v3:0aeAF29bzUJPXj9InicquB8HUsVXA1TAQ2s6uYx-3OuIT8vhYy2vCw","direction":null} 
[2026-05-05 14:03:33] production.INFO: Unhandled voice event {"event_type":"conference.floor.changed"} 
[2026-05-05 14:03:36] production.INFO: Telnyx voice webhook received {"event_type":"conference.floor.changed","call_control_id":"v3:0aeAF29bzUJPXj9InicquB8HUsVXA1TAQ2s6uYx-3OuIT8vhYy2vCw","direction":null} 
[2026-05-05 14:03:36] production.INFO: Unhandled voice event {"event_type":"conference.floor.changed"} 
[2026-05-05 14:03:41] production.INFO: Telnyx voice webhook received {"event_type":"conference.floor.changed","call_control_id":"v3:0aeAF29bzUJPXj9InicquB8HUsVXA1TAQ2s6uYx-3OuIT8vhYy2vCw","direction":null} 
[2026-05-05 14:03:41] production.INFO: Unhandled voice event {"event_type":"conference.floor.changed"} 
[2026-05-05 14:03:46] production.INFO: Telnyx voice webhook received {"event_type":"conference.floor.changed","call_control_id":"v3:0aeAF29bzUJPXj9InicquB8HUsVXA1TAQ2s6uYx-3OuIT8vhYy2vCw","direction":null} 
[2026-05-05 14:03:46] production.INFO: Unhandled voice event {"event_type":"conference.floor.changed"} 
[2026-05-05 14:03:54] production.INFO: Telnyx voice webhook received {"event_type":"conference.floor.changed","call_control_id":"v3:0aeAF29bzUJPXj9InicquB8HUsVXA1TAQ2s6uYx-3OuIT8vhYy2vCw","direction":null} 
[2026-05-05 14:03:54] production.INFO: Unhandled voice event {"event_type":"conference.floor.changed"} 
[2026-05-05 14:04:06] production.INFO: Telnyx voice webhook received {"event_type":"conference.floor.changed","call_control_id":"v3:0aeAF29bzUJPXj9InicquB8HUsVXA1TAQ2s6uYx-3OuIT8vhYy2vCw","direction":null} 
[2026-05-05 14:04:06] production.INFO: Unhandled voice event {"event_type":"conference.floor.changed"} 
[2026-05-05 14:04:12] production.INFO: Telnyx voice webhook received {"event_type":"conference.floor.changed","call_control_id":"v3:0aeAF29bzUJPXj9InicquB8HUsVXA1TAQ2s6uYx-3OuIT8vhYy2vCw","direction":null} 
[2026-05-05 14:04:12] production.INFO: Unhandled voice event {"event_type":"conference.floor.changed"} 
[2026-05-05 14:04:13] production.INFO: Telnyx voice webhook received {"event_type":"conference.floor.changed","call_control_id":"v3:0aeAF29bzUJPXj9InicquB8HUsVXA1TAQ2s6uYx-3OuIT8vhYy2vCw","direction":null} 
[2026-05-05 14:04:13] production.INFO: Unhandled voice event {"event_type":"conference.floor.changed"} 
[2026-05-05 14:04:14] production.INFO: Telnyx voice webhook received {"event_type":"conference.floor.changed","call_control_id":"v3:0aeAF29bzUJPXj9InicquB8HUsVXA1TAQ2s6uYx-3OuIT8vhYy2vCw","direction":null} 
[2026-05-05 14:04:14] production.INFO: Unhandled voice event {"event_type":"conference.floor.changed"} 
[2026-05-05 14:04:17] production.INFO: Telnyx voice webhook received {"event_type":"conference.floor.changed","call_control_id":"v3:0aeAF29bzUJPXj9InicquB8HUsVXA1TAQ2s6uYx-3OuIT8vhYy2vCw","direction":null} 
[2026-05-05 14:04:17] production.INFO: Unhandled voice event {"event_type":"conference.floor.changed"} 
[2026-05-05 14:04:17] production.INFO: Telnyx voice webhook received {"event_type":"conference.floor.changed","call_control_id":"v3:0aeAF29bzUJPXj9InicquB8HUsVXA1TAQ2s6uYx-3OuIT8vhYy2vCw","direction":null} 
[2026-05-05 14:04:17] production.INFO: Unhandled voice event {"event_type":"conference.floor.changed"} 
[2026-05-05 14:04:38] production.INFO: Telnyx voice webhook received {"event_type":"conference.floor.changed","call_control_id":"v3:0aeAF29bzUJPXj9InicquB8HUsVXA1TAQ2s6uYx-3OuIT8vhYy2vCw","direction":null} 
[2026-05-05 14:04:38] production.INFO: Unhandled voice event {"event_type":"conference.floor.changed"} 
[2026-05-05 14:04:42] production.INFO: Telnyx voice webhook received {"event_type":"conference.floor.changed","call_control_id":"v3:0aeAF29bzUJPXj9InicquB8HUsVXA1TAQ2s6uYx-3OuIT8vhYy2vCw","direction":null} 
[2026-05-05 14:04:42] production.INFO: Unhandled voice event {"event_type":"conference.floor.changed"} 
[2026-05-05 14:04:43] production.INFO: Telnyx voice webhook received {"event_type":"conference.floor.changed","call_control_id":"v3:0aeAF29bzUJPXj9InicquB8HUsVXA1TAQ2s6uYx-3OuIT8vhYy2vCw","direction":null} 
[2026-05-05 14:04:43] production.INFO: Unhandled voice event {"event_type":"conference.floor.changed"} 
[2026-05-05 14:04:51] production.INFO: Telnyx voice webhook received {"event_type":"conference.floor.changed","call_control_id":"v3:0aeAF29bzUJPXj9InicquB8HUsVXA1TAQ2s6uYx-3OuIT8vhYy2vCw","direction":null} 
[2026-05-05 14:04:51] production.INFO: Unhandled voice event {"event_type":"conference.floor.changed"} 
[2026-05-05 14:04:52] production.INFO: Telnyx voice webhook received {"event_type":"conference.floor.changed","call_control_id":"v3:0aeAF29bzUJPXj9InicquB8HUsVXA1TAQ2s6uYx-3OuIT8vhYy2vCw","direction":null} 
[2026-05-05 14:04:52] production.INFO: Unhandled voice event {"event_type":"conference.floor.changed"} 
[2026-05-05 14:04:57] production.INFO: Telnyx voice webhook received {"event_type":"conference.floor.changed","call_control_id":"v3:0aeAF29bzUJPXj9InicquB8HUsVXA1TAQ2s6uYx-3OuIT8vhYy2vCw","direction":null} 
[2026-05-05 14:04:57] production.INFO: Unhandled voice event {"event_type":"conference.floor.changed"} 
[2026-05-05 14:05:09] production.INFO: Telnyx voice webhook received {"event_type":"conference.floor.changed","call_control_id":"v3:0aeAF29bzUJPXj9InicquB8HUsVXA1TAQ2s6uYx-3OuIT8vhYy2vCw","direction":null} 
[2026-05-05 14:05:09] production.INFO: Unhandled voice event {"event_type":"conference.floor.changed"} 
[2026-05-05 14:05:09] production.INFO: Telnyx voice webhook received {"event_type":"conference.floor.changed","call_control_id":"v3:0aeAF29bzUJPXj9InicquB8HUsVXA1TAQ2s6uYx-3OuIT8vhYy2vCw","direction":null} 
[2026-05-05 14:05:09] production.INFO: Unhandled voice event {"event_type":"conference.floor.changed"} 
[2026-05-05 14:05:10] production.INFO: Telnyx voice webhook received {"event_type":"conference.floor.changed","call_control_id":"v3:0aeAF29bzUJPXj9InicquB8HUsVXA1TAQ2s6uYx-3OuIT8vhYy2vCw","direction":null} 
[2026-05-05 14:05:10] production.INFO: Unhandled voice event {"event_type":"conference.floor.changed"} 
[2026-05-05 14:05:13] production.INFO: Telnyx voice webhook received {"event_type":"conference.floor.changed","call_control_id":"v3:0aeAF29bzUJPXj9InicquB8HUsVXA1TAQ2s6uYx-3OuIT8vhYy2vCw","direction":null} 
[2026-05-05 14:05:13] production.INFO: Unhandled voice event {"event_type":"conference.floor.changed"} 
[2026-05-05 14:05:15] production.INFO: Telnyx voice webhook received {"event_type":"conference.floor.changed","call_control_id":"v3:0aeAF29bzUJPXj9InicquB8HUsVXA1TAQ2s6uYx-3OuIT8vhYy2vCw","direction":null} 
[2026-05-05 14:05:15] production.INFO: Unhandled voice event {"event_type":"conference.floor.changed"} 
[2026-05-05 14:05:16] production.INFO: Telnyx voice webhook received {"event_type":"conference.floor.changed","call_control_id":"v3:0aeAF29bzUJPXj9InicquB8HUsVXA1TAQ2s6uYx-3OuIT8vhYy2vCw","direction":null} 
[2026-05-05 14:05:16] production.INFO: Unhandled voice event {"event_type":"conference.floor.changed"} 
[2026-05-05 14:05:16] production.INFO: Telnyx voice webhook received {"event_type":"conference.floor.changed","call_control_id":"v3:0aeAF29bzUJPXj9InicquB8HUsVXA1TAQ2s6uYx-3OuIT8vhYy2vCw","direction":null} 
[2026-05-05 14:05:16] production.INFO: Unhandled voice event {"event_type":"conference.floor.changed"} 
[2026-05-05 14:05:27] production.INFO: Telnyx voice webhook received {"event_type":"conference.floor.changed","call_control_id":"v3:0aeAF29bzUJPXj9InicquB8HUsVXA1TAQ2s6uYx-3OuIT8vhYy2vCw","direction":null} 
[2026-05-05 14:05:27] production.INFO: Unhandled voice event {"event_type":"conference.floor.changed"} 
[2026-05-05 14:05:56] production.INFO: Telnyx voice webhook received {"event_type":"conference.floor.changed","call_control_id":"v3:0aeAF29bzUJPXj9InicquB8HUsVXA1TAQ2s6uYx-3OuIT8vhYy2vCw","direction":null} 
[2026-05-05 14:05:56] production.INFO: Unhandled voice event {"event_type":"conference.floor.changed"} 
[2026-05-05 14:06:06] production.INFO: Telnyx voice webhook received {"event_type":"conference.floor.changed","call_control_id":"v3:0aeAF29bzUJPXj9InicquB8HUsVXA1TAQ2s6uYx-3OuIT8vhYy2vCw","direction":null} 
[2026-05-05 14:06:06] production.INFO: Unhandled voice event {"event_type":"conference.floor.changed"} 
[2026-05-05 14:06:09] production.INFO: Telnyx voice webhook received {"event_type":"conference.floor.changed","call_control_id":"v3:0aeAF29bzUJPXj9InicquB8HUsVXA1TAQ2s6uYx-3OuIT8vhYy2vCw","direction":null} 
[2026-05-05 14:06:09] production.INFO: Unhandled voice event {"event_type":"conference.floor.changed"} 
[2026-05-05 14:06:16] production.INFO: Telnyx voice webhook received {"event_type":"conference.floor.changed","call_control_id":"v3:0aeAF29bzUJPXj9InicquB8HUsVXA1TAQ2s6uYx-3OuIT8vhYy2vCw","direction":null} 
[2026-05-05 14:06:16] production.INFO: Unhandled voice event {"event_type":"conference.floor.changed"} 
[2026-05-05 14:06:35] production.INFO: Telnyx voice webhook received {"event_type":"conference.floor.changed","call_control_id":"v3:0aeAF29bzUJPXj9InicquB8HUsVXA1TAQ2s6uYx-3OuIT8vhYy2vCw","direction":null} 
[2026-05-05 14:06:35] production.INFO: Unhandled voice event {"event_type":"conference.floor.changed"} 
[2026-05-05 14:06:47] production.INFO: Telnyx voice webhook received {"event_type":"conference.floor.changed","call_control_id":"v3:0aeAF29bzUJPXj9InicquB8HUsVXA1TAQ2s6uYx-3OuIT8vhYy2vCw","direction":null} 
[2026-05-05 14:06:47] production.INFO: Unhandled voice event {"event_type":"conference.floor.changed"} 
[2026-05-05 14:06:50] production.INFO: Telnyx voice webhook received {"event_type":"conference.floor.changed","call_control_id":"v3:0aeAF29bzUJPXj9InicquB8HUsVXA1TAQ2s6uYx-3OuIT8vhYy2vCw","direction":null} 
[2026-05-05 14:06:50] production.INFO: Unhandled voice event {"event_type":"conference.floor.changed"} 
[2026-05-05 14:06:50] production.INFO: Telnyx voice webhook received {"event_type":"conference.floor.changed","call_control_id":"v3:0aeAF29bzUJPXj9InicquB8HUsVXA1TAQ2s6uYx-3OuIT8vhYy2vCw","direction":null} 
[2026-05-05 14:06:50] production.INFO: Unhandled voice event {"event_type":"conference.floor.changed"} 
[2026-05-05 14:06:51] production.INFO: Telnyx voice webhook received {"event_type":"conference.floor.changed","call_control_id":"v3:0aeAF29bzUJPXj9InicquB8HUsVXA1TAQ2s6uYx-3OuIT8vhYy2vCw","direction":null} 
[2026-05-05 14:06:51] production.INFO: Unhandled voice event {"event_type":"conference.floor.changed"} 
[2026-05-05 14:07:03] production.INFO: Telnyx voice webhook received {"event_type":"conference.floor.changed","call_control_id":"v3:0aeAF29bzUJPXj9InicquB8HUsVXA1TAQ2s6uYx-3OuIT8vhYy2vCw","direction":null} 
[2026-05-05 14:07:03] production.INFO: Unhandled voice event {"event_type":"conference.floor.changed"} 
[2026-05-05 14:07:05] production.INFO: Telnyx voice webhook received {"event_type":"conference.floor.changed","call_control_id":"v3:0aeAF29bzUJPXj9InicquB8HUsVXA1TAQ2s6uYx-3OuIT8vhYy2vCw","direction":null} 
[2026-05-05 14:07:05] production.INFO: Unhandled voice event {"event_type":"conference.floor.changed"} 
[2026-05-05 14:07:18] production.INFO: Telnyx voice webhook received {"event_type":"conference.floor.changed","call_control_id":"v3:0aeAF29bzUJPXj9InicquB8HUsVXA1TAQ2s6uYx-3OuIT8vhYy2vCw","direction":null} 
[2026-05-05 14:07:18] production.INFO: Unhandled voice event {"event_type":"conference.floor.changed"} 
[2026-05-05 14:07:18] production.INFO: Telnyx voice webhook received {"event_type":"conference.floor.changed","call_control_id":"v3:0aeAF29bzUJPXj9InicquB8HUsVXA1TAQ2s6uYx-3OuIT8vhYy2vCw","direction":null} 
[2026-05-05 14:07:18] production.INFO: Unhandled voice event {"event_type":"conference.floor.changed"} 
[2026-05-05 14:07:25] production.INFO: Telnyx voice webhook received {"event_type":"conference.floor.changed","call_control_id":"v3:0aeAF29bzUJPXj9InicquB8HUsVXA1TAQ2s6uYx-3OuIT8vhYy2vCw","direction":null} 
[2026-05-05 14:07:25] production.INFO: Unhandled voice event {"event_type":"conference.floor.changed"} 
[2026-05-05 14:07:40] production.INFO: Telnyx voice webhook received {"event_type":"conference.floor.changed","call_control_id":"v3:0aeAF29bzUJPXj9InicquB8HUsVXA1TAQ2s6uYx-3OuIT8vhYy2vCw","direction":null} 
[2026-05-05 14:07:40] production.INFO: Unhandled voice event {"event_type":"conference.floor.changed"} 
[2026-05-05 14:07:41] production.INFO: Telnyx voice webhook received {"event_type":"conference.floor.changed","call_control_id":"v3:0aeAF29bzUJPXj9InicquB8HUsVXA1TAQ2s6uYx-3OuIT8vhYy2vCw","direction":null} 
[2026-05-05 14:07:41] production.INFO: Unhandled voice event {"event_type":"conference.floor.changed"} 
[2026-05-05 14:07:45] production.INFO: Telnyx voice webhook received {"event_type":"conference.floor.changed","call_control_id":"v3:0aeAF29bzUJPXj9InicquB8HUsVXA1TAQ2s6uYx-3OuIT8vhYy2vCw","direction":null} 
[2026-05-05 14:07:45] production.INFO: Unhandled voice event {"event_type":"conference.floor.changed"} 
[2026-05-05 14:07:46] production.INFO: Telnyx voice webhook received {"event_type":"conference.floor.changed","call_control_id":"v3:0aeAF29bzUJPXj9InicquB8HUsVXA1TAQ2s6uYx-3OuIT8vhYy2vCw","direction":null} 
[2026-05-05 14:07:46] production.INFO: Unhandled voice event {"event_type":"conference.floor.changed"} 
[2026-05-05 14:07:48] production.INFO: Telnyx voice webhook received {"event_type":"conference.floor.changed","call_control_id":"v3:0aeAF29bzUJPXj9InicquB8HUsVXA1TAQ2s6uYx-3OuIT8vhYy2vCw","direction":null} 
[2026-05-05 14:07:48] production.INFO: Unhandled voice event {"event_type":"conference.floor.changed"} 
[2026-05-05 14:08:05] production.INFO: Telnyx voice webhook received {"event_type":"conference.floor.changed","call_control_id":"v3:0aeAF29bzUJPXj9InicquB8HUsVXA1TAQ2s6uYx-3OuIT8vhYy2vCw","direction":null} 
[2026-05-05 14:08:05] production.INFO: Unhandled voice event {"event_type":"conference.floor.changed"} 
[2026-05-05 14:08:08] production.INFO: Telnyx voice webhook received {"event_type":"conference.floor.changed","call_control_id":"v3:0aeAF29bzUJPXj9InicquB8HUsVXA1TAQ2s6uYx-3OuIT8vhYy2vCw","direction":null} 
[2026-05-05 14:08:08] production.INFO: Unhandled voice event {"event_type":"conference.floor.changed"} 
[2026-05-05 14:08:15] production.INFO: Telnyx voice webhook received {"event_type":"conference.floor.changed","call_control_id":"v3:0aeAF29bzUJPXj9InicquB8HUsVXA1TAQ2s6uYx-3OuIT8vhYy2vCw","direction":null} 
[2026-05-05 14:08:15] production.INFO: Unhandled voice event {"event_type":"conference.floor.changed"} 
[2026-05-05 14:08:20] production.INFO: Telnyx voice webhook received {"event_type":"conference.floor.changed","call_control_id":"v3:0aeAF29bzUJPXj9InicquB8HUsVXA1TAQ2s6uYx-3OuIT8vhYy2vCw","direction":null} 
[2026-05-05 14:08:20] production.INFO: Unhandled voice event {"event_type":"conference.floor.changed"} 
[2026-05-05 14:08:38] production.INFO: Telnyx voice webhook received {"event_type":"conference.floor.changed","call_control_id":"v3:0aeAF29bzUJPXj9InicquB8HUsVXA1TAQ2s6uYx-3OuIT8vhYy2vCw","direction":null} 
[2026-05-05 14:08:38] production.INFO: Unhandled voice event {"event_type":"conference.floor.changed"} 
[2026-05-05 14:08:40] production.INFO: Telnyx voice webhook received {"event_type":"conference.floor.changed","call_control_id":"v3:0aeAF29bzUJPXj9InicquB8HUsVXA1TAQ2s6uYx-3OuIT8vhYy2vCw","direction":null} 
[2026-05-05 14:08:40] production.INFO: Unhandled voice event {"event_type":"conference.floor.changed"} 
[2026-05-05 14:08:41] production.INFO: Telnyx voice webhook received {"event_type":"conference.floor.changed","call_control_id":"v3:0aeAF29bzUJPXj9InicquB8HUsVXA1TAQ2s6uYx-3OuIT8vhYy2vCw","direction":null} 
[2026-05-05 14:08:41] production.INFO: Unhandled voice event {"event_type":"conference.floor.changed"} 
[2026-05-05 14:08:43] production.INFO: Telnyx voice webhook received {"event_type":"conference.floor.changed","call_control_id":"v3:0aeAF29bzUJPXj9InicquB8HUsVXA1TAQ2s6uYx-3OuIT8vhYy2vCw","direction":null} 
[2026-05-05 14:08:43] production.INFO: Unhandled voice event {"event_type":"conference.floor.changed"} 
[2026-05-05 14:08:47] production.INFO: Telnyx voice webhook received {"event_type":"conference.floor.changed","call_control_id":"v3:0aeAF29bzUJPXj9InicquB8HUsVXA1TAQ2s6uYx-3OuIT8vhYy2vCw","direction":null} 
[2026-05-05 14:08:47] production.INFO: Unhandled voice event {"event_type":"conference.floor.changed"} 
[2026-05-05 14:08:55] production.INFO: Telnyx voice webhook received {"event_type":"conference.floor.changed","call_control_id":"v3:0aeAF29bzUJPXj9InicquB8HUsVXA1TAQ2s6uYx-3OuIT8vhYy2vCw","direction":null} 
[2026-05-05 14:08:55] production.INFO: Unhandled voice event {"event_type":"conference.floor.changed"} 
[2026-05-05 14:09:01] production.INFO: Telnyx voice webhook received {"event_type":"conference.floor.changed","call_control_id":"v3:0aeAF29bzUJPXj9InicquB8HUsVXA1TAQ2s6uYx-3OuIT8vhYy2vCw","direction":null} 
[2026-05-05 14:09:01] production.INFO: Unhandled voice event {"event_type":"conference.floor.changed"} 
[2026-05-05 14:09:02] production.INFO: Telnyx voice webhook received {"event_type":"conference.floor.changed","call_control_id":"v3:0aeAF29bzUJPXj9InicquB8HUsVXA1TAQ2s6uYx-3OuIT8vhYy2vCw","direction":null} 
[2026-05-05 14:09:02] production.INFO: Unhandled voice event {"event_type":"conference.floor.changed"} 
[2026-05-05 14:09:14] production.INFO: Telnyx voice webhook received {"event_type":"conference.floor.changed","call_control_id":"v3:0aeAF29bzUJPXj9InicquB8HUsVXA1TAQ2s6uYx-3OuIT8vhYy2vCw","direction":null} 
[2026-05-05 14:09:14] production.INFO: Unhandled voice event {"event_type":"conference.floor.changed"} 
[2026-05-05 14:09:17] production.INFO: Telnyx voice webhook received {"event_type":"conference.floor.changed","call_control_id":"v3:0aeAF29bzUJPXj9InicquB8HUsVXA1TAQ2s6uYx-3OuIT8vhYy2vCw","direction":null} 
[2026-05-05 14:09:17] production.INFO: Unhandled voice event {"event_type":"conference.floor.changed"} 
[2026-05-05 14:09:18] production.INFO: Telnyx voice webhook received {"event_type":"conference.floor.changed","call_control_id":"v3:0aeAF29bzUJPXj9InicquB8HUsVXA1TAQ2s6uYx-3OuIT8vhYy2vCw","direction":null} 
[2026-05-05 14:09:18] production.INFO: Unhandled voice event {"event_type":"conference.floor.changed"} 
[2026-05-05 14:09:21] production.INFO: Telnyx voice webhook received {"event_type":"conference.floor.changed","call_control_id":"v3:0aeAF29bzUJPXj9InicquB8HUsVXA1TAQ2s6uYx-3OuIT8vhYy2vCw","direction":null} 
[2026-05-05 14:09:21] production.INFO: Unhandled voice event {"event_type":"conference.floor.changed"} 
[2026-05-05 14:09:28] production.INFO: Telnyx voice webhook received {"event_type":"conference.floor.changed","call_control_id":"v3:0aeAF29bzUJPXj9InicquB8HUsVXA1TAQ2s6uYx-3OuIT8vhYy2vCw","direction":null} 
[2026-05-05 14:09:28] production.INFO: Unhandled voice event {"event_type":"conference.floor.changed"} 
[2026-05-05 14:09:39] production.INFO: Telnyx voice webhook received {"event_type":"conference.floor.changed","call_control_id":"v3:0aeAF29bzUJPXj9InicquB8HUsVXA1TAQ2s6uYx-3OuIT8vhYy2vCw","direction":null} 
[2026-05-05 14:09:39] production.INFO: Unhandled voice event {"event_type":"conference.floor.changed"} 
[2026-05-05 14:09:39] production.INFO: Telnyx voice webhook received {"event_type":"conference.floor.changed","call_control_id":"v3:0aeAF29bzUJPXj9InicquB8HUsVXA1TAQ2s6uYx-3OuIT8vhYy2vCw","direction":null} 
[2026-05-05 14:09:39] production.INFO: Unhandled voice event {"event_type":"conference.floor.changed"} 
[2026-05-05 14:09:39] production.INFO: Telnyx voice webhook received {"event_type":"conference.floor.changed","call_control_id":"v3:0aeAF29bzUJPXj9InicquB8HUsVXA1TAQ2s6uYx-3OuIT8vhYy2vCw","direction":null} 
[2026-05-05 14:09:39] production.INFO: Unhandled voice event {"event_type":"conference.floor.changed"} 
[2026-05-05 14:09:52] production.INFO: Telnyx voice webhook received {"event_type":"conference.floor.changed","call_control_id":"v3:0aeAF29bzUJPXj9InicquB8HUsVXA1TAQ2s6uYx-3OuIT8vhYy2vCw","direction":null} 
[2026-05-05 14:09:52] production.INFO: Unhandled voice event {"event_type":"conference.floor.changed"} 
[2026-05-05 14:09:52] production.INFO: Telnyx voice webhook received {"event_type":"conference.floor.changed","call_control_id":"v3:0aeAF29bzUJPXj9InicquB8HUsVXA1TAQ2s6uYx-3OuIT8vhYy2vCw","direction":null} 
[2026-05-05 14:09:52] production.INFO: Unhandled voice event {"event_type":"conference.floor.changed"} 
[2026-05-05 14:10:08] production.INFO: Telnyx voice webhook received {"event_type":"conference.floor.changed","call_control_id":"v3:0aeAF29bzUJPXj9InicquB8HUsVXA1TAQ2s6uYx-3OuIT8vhYy2vCw","direction":null} 
[2026-05-05 14:10:08] production.INFO: Unhandled voice event {"event_type":"conference.floor.changed"} 
[2026-05-05 14:10:11] production.INFO: Telnyx voice webhook received {"event_type":"conference.floor.changed","call_control_id":"v3:0aeAF29bzUJPXj9InicquB8HUsVXA1TAQ2s6uYx-3OuIT8vhYy2vCw","direction":null} 
[2026-05-05 14:10:11] production.INFO: Unhandled voice event {"event_type":"conference.floor.changed"} 
[2026-05-05 14:10:16] production.INFO: Telnyx voice webhook received {"event_type":"conference.floor.changed","call_control_id":"v3:0aeAF29bzUJPXj9InicquB8HUsVXA1TAQ2s6uYx-3OuIT8vhYy2vCw","direction":null} 
[2026-05-05 14:10:16] production.INFO: Unhandled voice event {"event_type":"conference.floor.changed"} 
[2026-05-05 14:10:17] production.INFO: Telnyx voice webhook received {"event_type":"conference.floor.changed","call_control_id":"v3:0aeAF29bzUJPXj9InicquB8HUsVXA1TAQ2s6uYx-3OuIT8vhYy2vCw","direction":null} 
[2026-05-05 14:10:17] production.INFO: Unhandled voice event {"event_type":"conference.floor.changed"} 
[2026-05-05 14:10:19] production.INFO: Telnyx voice webhook received {"event_type":"call.hangup","call_control_id":"v3:0aeAF29bzUJPXj9InicquB8HUsVXA1TAQ2s6uYx-3OuIT8vhYy2vCw","direction":null} 
[2026-05-05 14:10:19] production.INFO: Telnyx voice webhook received {"event_type":"call.hangup","call_control_id":"v3:g6T1EJr_oWx5LM_oEZJAjyHUOOE3BPKna_jcUW-Y-XoNrzSh_QJZuw","direction":null} 
[2026-05-05 14:10:19] production.INFO: Call ended {"call_control_id":"v3:g6T1EJr_oWx5LM_oEZJAjyHUOOE3BPKna_jcUW-Y-XoNrzSh_QJZuw","status":"completed","hangup_cause":"normal_clearing","duration":1063.2346810000001} 
[2026-05-05 14:10:19] production.INFO: Telnyx voice webhook received {"event_type":"conference.participant.left","call_control_id":"v3:g6T1EJr_oWx5LM_oEZJAjyHUOOE3BPKna_jcUW-Y-XoNrzSh_QJZuw","direction":null} 
[2026-05-05 14:10:19] production.INFO: Unhandled voice event {"event_type":"conference.participant.left"} 
[2026-05-05 14:10:19] production.INFO: Telnyx voice webhook received {"event_type":"conference.ended","call_control_id":"v3:0aeAF29bzUJPXj9InicquB8HUsVXA1TAQ2s6uYx-3OuIT8vhYy2vCw","direction":null} 
[2026-05-05 14:10:19] production.INFO: Unhandled voice event {"event_type":"conference.ended"} 
[2026-05-05 14:10:19] production.INFO: Telnyx voice webhook received {"event_type":"conference.participant.left","call_control_id":"v3:0aeAF29bzUJPXj9InicquB8HUsVXA1TAQ2s6uYx-3OuIT8vhYy2vCw","direction":null} 
[2026-05-05 14:10:19] production.INFO: Unhandled voice event {"event_type":"conference.participant.left"} 
[2026-05-05 14:25:29] production.DEBUG: Push notification delivered {"endpoint":"https://web.push.apple.com/QJnqrnzJg9xule8bhPY8CE20AFCRYEqQblM8TaB0eTcRZ7HDySHVw…","status":201} 
[2026-05-05 14:25:29] production.DEBUG: Push notification delivered {"endpoint":"https://wns2-ch1p.notify.windows.com/w/?token=BQYAAAAQe2hvIFkElPQKFh5BKOEEEpIVqW…","status":201,"wns_status":"received","wns_msg_id":"B4224BC53848B66","wns_debug":"CH1PEPF00006F07","content_encoding":"aes128gcm","response_body":""} 
[2026-05-05 14:25:29] production.INFO: Telnyx webhook received {"event_type":"message.sent","message_id":"40319df8-8798-4007-88ca-5d040e1c8901"} 
[2026-05-05 14:25:29] production.INFO: Message sent {"id":"40319df8-8798-4007-88ca-5d040e1c8901","to":"+18478097344","from":"+12247354200"} 
[2026-05-05 14:25:29] production.INFO: Telnyx webhook received {"event_type":"message.finalized","message_id":"40319df8-8798-4007-88ca-5d040e1c8901"} 
[2026-05-05 14:25:29] production.INFO: Message finalized {"id":"40319df8-8798-4007-88ca-5d040e1c8901","to":"+18478097344","status":"delivered"} 
[2026-05-05 14:27:48] production.INFO: Telnyx webhook received {"event_type":"message.received","message_id":"2da37e0b-7121-4030-8a4f-87e6f72a1081"} 
[2026-05-05 14:27:48] production.INFO: Inbound SMS received {"id":"2da37e0b-7121-4030-8a4f-87e6f72a1081","from":"+12245351018","to":"+12247354200","all_to":["+12247354200","+18474204414"],"text":"Hang in there!","media_count":0,"type":"MMS"} 
[2026-05-05 14:27:50] production.DEBUG: Push notification delivered {"endpoint":"https://web.push.apple.com/QDkJcfxcMRPW4uLNUaYZ21nDUMJHCJ-cyja1FMQcNEv6qKbL-ec_s…","status":201} 
[2026-05-05 14:27:50] production.DEBUG: Push notification delivered {"endpoint":"https://fcm.googleapis.com/fcm/send/cYR-NIq4nms:APA91bEppjWa7ZIrYxviNuWljHyZ7qnu…","status":201} 
[2026-05-05 14:27:50] production.DEBUG: Push notification delivered {"endpoint":"https://wns2-by3p.notify.windows.com/w/?token=BQYAAACU%2bKDb9Gyej4KtbEbQJBisasbB…","status":201,"wns_status":"received","wns_msg_id":"6E202D1C421A0759","wns_debug":"BY3PEPF0000EA03","content_encoding":"aes128gcm","response_body":""} 
[2026-05-05 14:27:50] production.DEBUG: Push notification delivered {"endpoint":"https://wns2-ch1p.notify.windows.com/w/?token=BQYAAAAQe2hvIFkElPQKFh5BKOEEEpIVqW…","status":201,"wns_status":"received","wns_msg_id":"21645A732CBA4014","wns_debug":"CH1PEPF00006E7D","content_encoding":"aes128gcm","response_body":""} 
[2026-05-05 14:27:50] production.DEBUG: Push notification delivered {"endpoint":"https://web.push.apple.com/QJnqrnzJg9xule8bhPY8CE20AFCRYEqQblM8TaB0eTcRZ7HDySHVw…","status":201} 
[2026-05-05 15:06:45] production.INFO: Telnyx webhook received {"event_type":"message.received","message_id":"fee4d359-6cfb-4985-82a9-9922a852dad8"} 
[2026-05-05 15:06:45] production.INFO: Inbound SMS received {"id":"fee4d359-6cfb-4985-82a9-9922a852dad8","from":"+18478097344","to":"+12247354200","all_to":["+12247354200"],"text":"1022 w Diversey parkway #2","media_count":0,"type":"SMS"} 
[2026-05-05 15:06:47] production.DEBUG: Push notification delivered {"endpoint":"https://web.push.apple.com/QDkJcfxcMRPW4uLNUaYZ21nDUMJHCJ-cyja1FMQcNEv6qKbL-ec_s…","status":201} 
[2026-05-05 15:06:47] production.DEBUG: Push notification delivered {"endpoint":"https://fcm.googleapis.com/fcm/send/cYR-NIq4nms:APA91bEppjWa7ZIrYxviNuWljHyZ7qnu…","status":201} 
[2026-05-05 15:06:47] production.DEBUG: Push notification delivered {"endpoint":"https://wns2-by3p.notify.windows.com/w/?token=BQYAAACU%2bKDb9Gyej4KtbEbQJBisasbB…","status":201,"wns_status":"received","wns_msg_id":"10102E7B3284CE34","wns_debug":"BY3PEPF0000E973","content_encoding":"aes128gcm","response_body":""} 
[2026-05-05 15:06:47] production.DEBUG: Push notification delivered {"endpoint":"https://wns2-ch1p.notify.windows.com/w/?token=BQYAAAAQe2hvIFkElPQKFh5BKOEEEpIVqW…","status":201,"wns_status":"received","wns_msg_id":"294E9AAE6BEB20D4","wns_debug":"CH1PEPF00006E3B","content_encoding":"aes128gcm","response_body":""} 
[2026-05-05 15:06:48] production.DEBUG: Push notification delivered {"endpoint":"https://web.push.apple.com/QJnqrnzJg9xule8bhPY8CE20AFCRYEqQblM8TaB0eTcRZ7HDySHVw…","status":201} 
[2026-05-05 15:07:30] production.INFO: Telnyx webhook received {"event_type":"message.received","message_id":"e0a1f902-6ae8-45c4-adbb-306e0736e3e4"} 
[2026-05-05 15:07:30] production.INFO: Inbound SMS received {"id":"e0a1f902-6ae8-45c4-adbb-306e0736e3e4","from":"+18478097344","to":"+12247354200","all_to":["+12247354200"],"text":"I'm there today if he wants to meet to look.  Or I can send photos","media_count":0,"type":"SMS"} 
[2026-05-05 15:07:32] production.DEBUG: Push notification delivered {"endpoint":"https://web.push.apple.com/QDkJcfxcMRPW4uLNUaYZ21nDUMJHCJ-cyja1FMQcNEv6qKbL-ec_s…","status":201} 
[2026-05-05 15:07:32] production.DEBUG: Push notification delivered {"endpoint":"https://fcm.googleapis.com/fcm/send/cYR-NIq4nms:APA91bEppjWa7ZIrYxviNuWljHyZ7qnu…","status":201} 
[2026-05-05 15:07:32] production.DEBUG: Push notification delivered {"endpoint":"https://wns2-by3p.notify.windows.com/w/?token=BQYAAACU%2bKDb9Gyej4KtbEbQJBisasbB…","status":201,"wns_status":"received","wns_msg_id":"50582C971F06E267","wns_debug":"BY3PEPF0000E9D4","content_encoding":"aes128gcm","response_body":""} 
[2026-05-05 15:07:33] production.DEBUG: Push notification delivered {"endpoint":"https://wns2-ch1p.notify.windows.com/w/?token=BQYAAAAQe2hvIFkElPQKFh5BKOEEEpIVqW…","status":201,"wns_status":"received","wns_msg_id":"178907885BD591E2","wns_debug":"CH1PEPF00006EF3","content_encoding":"aes128gcm","response_body":""} 
[2026-05-05 15:07:33] production.DEBUG: Push notification delivered {"endpoint":"https://web.push.apple.com/QJnqrnzJg9xule8bhPY8CE20AFCRYEqQblM8TaB0eTcRZ7HDySHVw…","status":201} 
[2026-05-05 15:08:02] production.DEBUG: Push notification delivered {"endpoint":"https://web.push.apple.com/QJnqrnzJg9xule8bhPY8CE20AFCRYEqQblM8TaB0eTcRZ7HDySHVw…","status":201} 
[2026-05-05 15:08:02] production.DEBUG: Push notification delivered {"endpoint":"https://wns2-ch1p.notify.windows.com/w/?token=BQYAAAAQe2hvIFkElPQKFh5BKOEEEpIVqW…","status":201,"wns_status":"received","wns_msg_id":"78F54D8025DA285A","wns_debug":"CH1PEPF00006F69","content_encoding":"aes128gcm","response_body":""} 
[2026-05-05 15:08:02] production.INFO: Telnyx webhook received {"event_type":"message.sent","message_id":"40319df8-ae8e-4d4e-bd01-8be5ecfce303"} 
[2026-05-05 15:08:02] production.INFO: Message sent {"id":"40319df8-ae8e-4d4e-bd01-8be5ecfce303","to":"+18478097344","from":"+12247354200"} 
[2026-05-05 15:08:03] production.INFO: Telnyx webhook received {"event_type":"message.finalized","message_id":"40319df8-ae8e-4d4e-bd01-8be5ecfce303"} 
[2026-05-05 15:08:03] production.INFO: Message finalized {"id":"40319df8-ae8e-4d4e-bd01-8be5ecfce303","to":"+18478097344","status":"delivered"} 
[2026-05-05 15:08:24] production.DEBUG: Push notification delivered {"endpoint":"https://web.push.apple.com/QJnqrnzJg9xule8bhPY8CE20AFCRYEqQblM8TaB0eTcRZ7HDySHVw…","status":201} 
[2026-05-05 15:08:24] production.DEBUG: Push notification delivered {"endpoint":"https://wns2-ch1p.notify.windows.com/w/?token=BQYAAAAQe2hvIFkElPQKFh5BKOEEEpIVqW…","status":201,"wns_status":"received","wns_msg_id":"16C198C348298FDD","wns_debug":"CH1PEPF00006EAC","content_encoding":"aes128gcm","response_body":""} 
[2026-05-05 15:08:24] production.INFO: Telnyx webhook received {"event_type":"message.sent","message_id":"40319df8-aee0-4419-bb86-b5b23e1c1677"} 
[2026-05-05 15:08:24] production.INFO: Message sent {"id":"40319df8-aee0-4419-bb86-b5b23e1c1677","to":"+18478097344","from":"+12247354200"} 
[2026-05-05 15:08:24] production.INFO: Telnyx webhook received {"event_type":"message.finalized","message_id":"40319df8-aee0-4419-bb86-b5b23e1c1677"} 
[2026-05-05 15:08:24] production.INFO: Message finalized {"id":"40319df8-aee0-4419-bb86-b5b23e1c1677","to":"+18478097344","status":"delivered"} 
[2026-05-05 15:09:48] production.INFO: Telnyx webhook received {"event_type":"message.received","message_id":"c8c67ff3-3d73-4b43-ac8c-2df14d49a034"} 
[2026-05-05 15:09:48] production.INFO: Inbound SMS received {"id":"c8c67ff3-3d73-4b43-ac8c-2df14d49a034","from":"+18478097344","to":"+12247354200","all_to":["+12247354200"],"text":"I will check it out.  In my way there now","media_count":0,"type":"SMS"} 
[2026-05-05 15:09:51] production.DEBUG: Push notification delivered {"endpoint":"https://web.push.apple.com/QDkJcfxcMRPW4uLNUaYZ21nDUMJHCJ-cyja1FMQcNEv6qKbL-ec_s…","status":201} 
[2026-05-05 15:09:51] production.DEBUG: Push notification delivered {"endpoint":"https://fcm.googleapis.com/fcm/send/cYR-NIq4nms:APA91bEppjWa7ZIrYxviNuWljHyZ7qnu…","status":201} 
[2026-05-05 15:09:51] production.DEBUG: Push notification delivered {"endpoint":"https://wns2-by3p.notify.windows.com/w/?token=BQYAAACU%2bKDb9Gyej4KtbEbQJBisasbB…","status":201,"wns_status":"received","wns_msg_id":"3DC593A302FE7D5C","wns_debug":"BY3PEPF0001AB1F","content_encoding":"aes128gcm","response_body":""} 
[2026-05-05 15:09:51] production.DEBUG: Push notification delivered {"endpoint":"https://wns2-ch1p.notify.windows.com/w/?token=BQYAAAAQe2hvIFkElPQKFh5BKOEEEpIVqW…","status":201,"wns_status":"received","wns_msg_id":"52D3F22A3EA705C7","wns_debug":"CH1PEPF00006F5E","content_encoding":"aes128gcm","response_body":""} 
[2026-05-05 15:09:51] production.DEBUG: Push notification delivered {"endpoint":"https://web.push.apple.com/QJnqrnzJg9xule8bhPY8CE20AFCRYEqQblM8TaB0eTcRZ7HDySHVw…","status":201} 
[2026-05-05 16:44:06] production.INFO: Telnyx webhook received {"event_type":"message.received","message_id":"c952ecb7-28d2-464c-accf-efbebfa5c7eb"} 
[2026-05-05 16:44:06] production.INFO: Inbound SMS received {"id":"c952ecb7-28d2-464c-accf-efbebfa5c7eb","from":"+18478097344","to":"+12247354200","all_to":["+12247354200"],"text":"","media_count":1,"type":"MMS"} 
[2026-05-05 16:44:08] production.DEBUG: Push notification delivered {"endpoint":"https://web.push.apple.com/QDkJcfxcMRPW4uLNUaYZ21nDUMJHCJ-cyja1FMQcNEv6qKbL-ec_s…","status":201} 
[2026-05-05 16:44:08] production.DEBUG: Push notification delivered {"endpoint":"https://fcm.googleapis.com/fcm/send/cYR-NIq4nms:APA91bEppjWa7ZIrYxviNuWljHyZ7qnu…","status":201} 
[2026-05-05 16:44:08] production.DEBUG: Push notification delivered {"endpoint":"https://wns2-by3p.notify.windows.com/w/?token=BQYAAACU%2bKDb9Gyej4KtbEbQJBisasbB…","status":201,"wns_status":"received","wns_msg_id":"188F16A76996883A","wns_debug":"BY3PEPF0000E9B0","content_encoding":"aes128gcm","response_body":""} 
[2026-05-05 16:44:08] production.DEBUG: Push notification delivered {"endpoint":"https://wns2-ch1p.notify.windows.com/w/?token=BQYAAAAQe2hvIFkElPQKFh5BKOEEEpIVqW…","status":201,"wns_status":"received","wns_msg_id":"732F61512C1C917D","wns_debug":"CH1PEPF00006F00","content_encoding":"aes128gcm","response_body":""} 
[2026-05-05 16:44:08] production.DEBUG: Push notification delivered {"endpoint":"https://web.push.apple.com/QJnqrnzJg9xule8bhPY8CE20AFCRYEqQblM8TaB0eTcRZ7HDySHVw…","status":201} 
[2026-05-05 16:44:16] production.INFO: Telnyx webhook received {"event_type":"message.received","message_id":"5bf12396-47e0-476e-8b25-db4b6fd46bbc"} 
[2026-05-05 16:44:16] production.INFO: Inbound SMS received {"id":"5bf12396-47e0-476e-8b25-db4b6fd46bbc","from":"+18478097344","to":"+12247354200","all_to":["+12247354200"],"text":"For electrician","media_count":0,"type":"SMS"} 
[2026-05-05 16:44:18] production.DEBUG: Push notification delivered {"endpoint":"https://web.push.apple.com/QDkJcfxcMRPW4uLNUaYZ21nDUMJHCJ-cyja1FMQcNEv6qKbL-ec_s…","status":201} 
[2026-05-05 16:44:18] production.DEBUG: Push notification delivered {"endpoint":"https://fcm.googleapis.com/fcm/send/cYR-NIq4nms:APA91bEppjWa7ZIrYxviNuWljHyZ7qnu…","status":201} 
[2026-05-05 16:44:18] production.DEBUG: Push notification delivered {"endpoint":"https://wns2-by3p.notify.windows.com/w/?token=BQYAAACU%2bKDb9Gyej4KtbEbQJBisasbB…","status":201,"wns_status":"received","wns_msg_id":"6E44CE636AEF4EC6","wns_debug":"BY3PEPF000197C3","content_encoding":"aes128gcm","response_body":""} 
[2026-05-05 16:44:18] production.DEBUG: Push notification delivered {"endpoint":"https://wns2-ch1p.notify.windows.com/w/?token=BQYAAAAQe2hvIFkElPQKFh5BKOEEEpIVqW…","status":201,"wns_status":"received","wns_msg_id":"33B1AC8F38695FEE","wns_debug":"CH1PEPF00006F48","content_encoding":"aes128gcm","response_body":""} 
[2026-05-05 16:44:18] production.DEBUG: Push notification delivered {"endpoint":"https://web.push.apple.com/QJnqrnzJg9xule8bhPY8CE20AFCRYEqQblM8TaB0eTcRZ7HDySHVw…","status":201} 
[2026-05-05 16:44:23] production.INFO: Telnyx webhook received {"event_type":"message.received","message_id":"5995aa78-9747-4c94-afdd-ebd7b9b0ed40"} 
[2026-05-05 16:44:23] production.INFO: Inbound SMS received {"id":"5995aa78-9747-4c94-afdd-ebd7b9b0ed40","from":"+18478097344","to":"+12247354200","all_to":["+12247354200"],"text":"Fix can light","media_count":0,"type":"SMS"} 
[2026-05-05 16:44:25] production.DEBUG: Push notification delivered {"endpoint":"https://web.push.apple.com/QDkJcfxcMRPW4uLNUaYZ21nDUMJHCJ-cyja1FMQcNEv6qKbL-ec_s…","status":201} 
[2026-05-05 16:44:25] production.DEBUG: Push notification delivered {"endpoint":"https://fcm.googleapis.com/fcm/send/cYR-NIq4nms:APA91bEppjWa7ZIrYxviNuWljHyZ7qnu…","status":201} 
[2026-05-05 16:44:25] production.DEBUG: Push notification delivered {"endpoint":"https://wns2-by3p.notify.windows.com/w/?token=BQYAAACU%2bKDb9Gyej4KtbEbQJBisasbB…","status":201,"wns_status":"received","wns_msg_id":"17187B1A1D5F088D","wns_debug":"BY3PEPF00028D1A","content_encoding":"aes128gcm","response_body":""} 
[2026-05-05 16:44:25] production.DEBUG: Push notification delivered {"endpoint":"https://wns2-ch1p.notify.windows.com/w/?token=BQYAAAAQe2hvIFkElPQKFh5BKOEEEpIVqW…","status":201,"wns_status":"received","wns_msg_id":"29A8828C7C062713","wns_debug":"CH1PEPF00006E20","content_encoding":"aes128gcm","response_body":""} 
[2026-05-05 16:44:26] production.DEBUG: Push notification delivered {"endpoint":"https://web.push.apple.com/QJnqrnzJg9xule8bhPY8CE20AFCRYEqQblM8TaB0eTcRZ7HDySHVw…","status":201} 
[2026-05-05 16:44:36] production.INFO: Telnyx webhook received {"event_type":"message.received","message_id":"948bb867-1f2a-49a4-a786-c4a8d6726fa5"} 
[2026-05-05 16:44:36] production.INFO: Inbound SMS received {"id":"948bb867-1f2a-49a4-a786-c4a8d6726fa5","from":"+18478097344","to":"+12247354200","all_to":["+12247354200"],"text":"","media_count":1,"type":"MMS"} 
[2026-05-05 16:44:38] production.DEBUG: Push notification delivered {"endpoint":"https://web.push.apple.com/QDkJcfxcMRPW4uLNUaYZ21nDUMJHCJ-cyja1FMQcNEv6qKbL-ec_s…","status":201} 
[2026-05-05 16:44:38] production.DEBUG: Push notification delivered {"endpoint":"https://fcm.googleapis.com/fcm/send/cYR-NIq4nms:APA91bEppjWa7ZIrYxviNuWljHyZ7qnu…","status":201} 
[2026-05-05 16:44:38] production.DEBUG: Push notification delivered {"endpoint":"https://wns2-by3p.notify.windows.com/w/?token=BQYAAACU%2bKDb9Gyej4KtbEbQJBisasbB…","status":201,"wns_status":"received","wns_msg_id":"7DD954244B4CBC4F","wns_debug":"BY3PEPF0000E99F","content_encoding":"aes128gcm","response_body":""} 
[2026-05-05 16:44:38] production.DEBUG: Push notification delivered {"endpoint":"https://wns2-ch1p.notify.windows.com/w/?token=BQYAAAAQe2hvIFkElPQKFh5BKOEEEpIVqW…","status":201,"wns_status":"received","wns_msg_id":"170B954B01CFD290","wns_debug":"CH1PEPF00006EB1","content_encoding":"aes128gcm","response_body":""} 
[2026-05-05 16:44:38] production.INFO: Telnyx webhook received {"event_type":"message.received","message_id":"52e3479b-5dcf-48fe-8664-415810e22905"} 
[2026-05-05 16:44:38] production.INFO: Inbound SMS received {"id":"52e3479b-5dcf-48fe-8664-415810e22905","from":"+18478097344","to":"+12247354200","all_to":["+12247354200"],"text":"Replace light fixture","media_count":0,"type":"SMS"} 
[2026-05-05 16:44:38] production.DEBUG: Push notification delivered {"endpoint":"https://web.push.apple.com/QJnqrnzJg9xule8bhPY8CE20AFCRYEqQblM8TaB0eTcRZ7HDySHVw…","status":201} 
[2026-05-05 16:44:39] production.DEBUG: Push notification delivered {"endpoint":"https://web.push.apple.com/QDkJcfxcMRPW4uLNUaYZ21nDUMJHCJ-cyja1FMQcNEv6qKbL-ec_s…","status":201} 
[2026-05-05 16:44:39] production.DEBUG: Push notification delivered {"endpoint":"https://fcm.googleapis.com/fcm/send/cYR-NIq4nms:APA91bEppjWa7ZIrYxviNuWljHyZ7qnu…","status":201} 
[2026-05-05 16:44:39] production.DEBUG: Push notification delivered {"endpoint":"https://wns2-by3p.notify.windows.com/w/?token=BQYAAACU%2bKDb9Gyej4KtbEbQJBisasbB…","status":201,"wns_status":"received","wns_msg_id":"4FA7B72E160C0DEB","wns_debug":"BY3PEPF00019589","content_encoding":"aes128gcm","response_body":""} 
[2026-05-05 16:44:39] production.DEBUG: Push notification delivered {"endpoint":"https://wns2-ch1p.notify.windows.com/w/?token=BQYAAAAQe2hvIFkElPQKFh5BKOEEEpIVqW…","status":201,"wns_status":"received","wns_msg_id":"2BB320AD4D070E67","wns_debug":"CH1PEPF00006E8C","content_encoding":"aes128gcm","response_body":""} 
[2026-05-05 16:44:39] production.DEBUG: Push notification delivered {"endpoint":"https://web.push.apple.com/QJnqrnzJg9xule8bhPY8CE20AFCRYEqQblM8TaB0eTcRZ7HDySHVw…","status":201} 
[2026-05-05 16:45:00] production.INFO: Telnyx webhook received {"event_type":"message.received","message_id":"d19930d5-0799-4c35-a953-9b245af6dd34"} 
[2026-05-05 16:45:00] production.INFO: Inbound SMS received {"id":"d19930d5-0799-4c35-a953-9b245af6dd34","from":"+18478097344","to":"+12247354200","all_to":["+12247354200"],"text":"","media_count":1,"type":"MMS"} 
[2026-05-05 16:45:01] production.DEBUG: Push notification delivered {"endpoint":"https://web.push.apple.com/QDkJcfxcMRPW4uLNUaYZ21nDUMJHCJ-cyja1FMQcNEv6qKbL-ec_s…","status":201} 
[2026-05-05 16:45:01] production.DEBUG: Push notification delivered {"endpoint":"https://fcm.googleapis.com/fcm/send/cYR-NIq4nms:APA91bEppjWa7ZIrYxviNuWljHyZ7qnu…","status":201} 
[2026-05-05 16:45:01] production.DEBUG: Push notification delivered {"endpoint":"https://wns2-by3p.notify.windows.com/w/?token=BQYAAACU%2bKDb9Gyej4KtbEbQJBisasbB…","status":201,"wns_status":"received","wns_msg_id":"13C6E76562418B86","wns_debug":"BY3PEPF00028CDF","content_encoding":"aes128gcm","response_body":""} 
[2026-05-05 16:45:02] production.DEBUG: Push notification delivered {"endpoint":"https://wns2-ch1p.notify.windows.com/w/?token=BQYAAAAQe2hvIFkElPQKFh5BKOEEEpIVqW…","status":201,"wns_status":"received","wns_msg_id":"26BC3BF61E8BEA79","wns_debug":"CH1PEPF00006F37","content_encoding":"aes128gcm","response_body":""} 
[2026-05-05 16:45:02] production.DEBUG: Push notification delivered {"endpoint":"https://web.push.apple.com/QJnqrnzJg9xule8bhPY8CE20AFCRYEqQblM8TaB0eTcRZ7HDySHVw…","status":201} 
[2026-05-05 16:45:06] production.INFO: Telnyx webhook received {"event_type":"message.received","message_id":"11e84e2f-719d-498b-836f-bbb13b56d6b3"} 
[2026-05-05 16:45:06] production.INFO: Inbound SMS received {"id":"11e84e2f-719d-498b-836f-bbb13b56d6b3","from":"+18478097344","to":"+12247354200","all_to":["+12247354200"],"text":"Fix uc lights","media_count":0,"type":"SMS"} 
[2026-05-05 16:45:08] production.DEBUG: Push notification delivered {"endpoint":"https://web.push.apple.com/QDkJcfxcMRPW4uLNUaYZ21nDUMJHCJ-cyja1FMQcNEv6qKbL-ec_s…","status":201} 
[2026-05-05 16:45:08] production.DEBUG: Push notification delivered {"endpoint":"https://fcm.googleapis.com/fcm/send/cYR-NIq4nms:APA91bEppjWa7ZIrYxviNuWljHyZ7qnu…","status":201} 
[2026-05-05 16:45:08] production.DEBUG: Push notification delivered {"endpoint":"https://wns2-by3p.notify.windows.com/w/?token=BQYAAACU%2bKDb9Gyej4KtbEbQJBisasbB…","status":201,"wns_status":"received","wns_msg_id":"109240262A5417E0","wns_debug":"BY3PEPF000197D2","content_encoding":"aes128gcm","response_body":""} 
[2026-05-05 16:45:08] production.DEBUG: Push notification delivered {"endpoint":"https://wns2-ch1p.notify.windows.com/w/?token=BQYAAAAQe2hvIFkElPQKFh5BKOEEEpIVqW…","status":201,"wns_status":"received","wns_msg_id":"4D0998063D8DACCA","wns_debug":"CH1PEPF00006E64","content_encoding":"aes128gcm","response_body":""} 
[2026-05-05 16:45:08] production.DEBUG: Push notification delivered {"endpoint":"https://web.push.apple.com/QJnqrnzJg9xule8bhPY8CE20AFCRYEqQblM8TaB0eTcRZ7HDySHVw…","status":201} 
[2026-05-05 16:47:15] production.INFO: Telnyx webhook received {"event_type":"message.received","message_id":"2531141d-27cc-49d6-9b9d-e8df4606c9d3"} 
[2026-05-05 16:47:15] production.INFO: Inbound SMS received {"id":"2531141d-27cc-49d6-9b9d-e8df4606c9d3","from":"+18478097344","to":"+12247354200","all_to":["+12247354200"],"text":"","media_count":1,"type":"MMS"} 
[2026-05-05 16:47:17] production.DEBUG: Push notification delivered {"endpoint":"https://web.push.apple.com/QDkJcfxcMRPW4uLNUaYZ21nDUMJHCJ-cyja1FMQcNEv6qKbL-ec_s…","status":201} 
[2026-05-05 16:47:17] production.DEBUG: Push notification delivered {"endpoint":"https://fcm.googleapis.com/fcm/send/cYR-NIq4nms:APA91bEppjWa7ZIrYxviNuWljHyZ7qnu…","status":201} 
[2026-05-05 16:47:17] production.DEBUG: Push notification delivered {"endpoint":"https://wns2-by3p.notify.windows.com/w/?token=BQYAAACU%2bKDb9Gyej4KtbEbQJBisasbB…","status":201,"wns_status":"received","wns_msg_id":"26F7961115C0E486","wns_debug":"BY3PEPF0000E96E","content_encoding":"aes128gcm","response_body":""} 
[2026-05-05 16:47:17] production.DEBUG: Push notification delivered {"endpoint":"https://wns2-ch1p.notify.windows.com/w/?token=BQYAAAAQe2hvIFkElPQKFh5BKOEEEpIVqW…","status":201,"wns_status":"received","wns_msg_id":"55CD974700B091E2","wns_debug":"CH1PEPF00006EA3","content_encoding":"aes128gcm","response_body":""} 
[2026-05-05 16:47:17] production.DEBUG: Push notification delivered {"endpoint":"https://web.push.apple.com/QJnqrnzJg9xule8bhPY8CE20AFCRYEqQblM8TaB0eTcRZ7HDySHVw…","status":201} 
[2026-05-05 16:47:24] production.INFO: Telnyx webhook received {"event_type":"message.received","message_id":"9cb5215d-bca9-42df-a3b0-266763bf3eac"} 
[2026-05-05 16:47:24] production.INFO: Inbound SMS received {"id":"9cb5215d-bca9-42df-a3b0-266763bf3eac","from":"+18478097344","to":"+12247354200","all_to":["+12247354200"],"text":"","media_count":1,"type":"MMS"} 
[2026-05-05 16:47:26] production.DEBUG: Push notification delivered {"endpoint":"https://web.push.apple.com/QDkJcfxcMRPW4uLNUaYZ21nDUMJHCJ-cyja1FMQcNEv6qKbL-ec_s…","status":201} 
[2026-05-05 16:47:26] production.DEBUG: Push notification delivered {"endpoint":"https://fcm.googleapis.com/fcm/send/cYR-NIq4nms:APA91bEppjWa7ZIrYxviNuWljHyZ7qnu…","status":201} 
[2026-05-05 16:47:26] production.DEBUG: Push notification delivered {"endpoint":"https://wns2-by3p.notify.windows.com/w/?token=BQYAAACU%2bKDb9Gyej4KtbEbQJBisasbB…","status":201,"wns_status":"received","wns_msg_id":"71EAC3806D5C74FC","wns_debug":"BY3PEPF0000E993","content_encoding":"aes128gcm","response_body":""} 
[2026-05-05 16:47:26] production.DEBUG: Push notification delivered {"endpoint":"https://wns2-ch1p.notify.windows.com/w/?token=BQYAAAAQe2hvIFkElPQKFh5BKOEEEpIVqW…","status":201,"wns_status":"received","wns_msg_id":"64D35AA617605127","wns_debug":"CH1PEPF00006E60","content_encoding":"aes128gcm","response_body":""} 
[2026-05-05 16:47:26] production.DEBUG: Push notification delivered {"endpoint":"https://web.push.apple.com/QJnqrnzJg9xule8bhPY8CE20AFCRYEqQblM8TaB0eTcRZ7HDySHVw…","status":201} 
[2026-05-05 16:48:40] production.INFO: Telnyx webhook received {"event_type":"message.received","message_id":"e09f1325-a3bc-4ccb-9f29-8339df278309"} 
[2026-05-05 16:48:40] production.INFO: Inbound SMS received {"id":"e09f1325-a3bc-4ccb-9f29-8339df278309","from":"+18478097344","to":"+12247354200","all_to":["+12247354200"],"text":"","media_count":1,"type":"MMS"} 
[2026-05-05 16:48:42] production.DEBUG: Push notification delivered {"endpoint":"https://web.push.apple.com/QDkJcfxcMRPW4uLNUaYZ21nDUMJHCJ-cyja1FMQcNEv6qKbL-ec_s…","status":201} 
[2026-05-05 16:48:42] production.DEBUG: Push notification delivered {"endpoint":"https://fcm.googleapis.com/fcm/send/cYR-NIq4nms:APA91bEppjWa7ZIrYxviNuWljHyZ7qnu…","status":201} 
[2026-05-05 16:48:42] production.DEBUG: Push notification delivered {"endpoint":"https://wns2-by3p.notify.windows.com/w/?token=BQYAAACU%2bKDb9Gyej4KtbEbQJBisasbB…","status":201,"wns_status":"received","wns_msg_id":"5D10A17824CB5EE9","wns_debug":"BY3PEPF0001959E","content_encoding":"aes128gcm","response_body":""} 
[2026-05-05 16:48:42] production.DEBUG: Push notification delivered {"endpoint":"https://wns2-ch1p.notify.windows.com/w/?token=BQYAAAAQe2hvIFkElPQKFh5BKOEEEpIVqW…","status":201,"wns_status":"received","wns_msg_id":"7CDDE5FB05DDFB6B","wns_debug":"CH1PEPF00006E34","content_encoding":"aes128gcm","response_body":""} 
[2026-05-05 16:48:43] production.DEBUG: Push notification delivered {"endpoint":"https://web.push.apple.com/QJnqrnzJg9xule8bhPY8CE20AFCRYEqQblM8TaB0eTcRZ7HDySHVw…","status":201} 
[2026-05-05 16:50:03] production.INFO: Telnyx webhook received {"event_type":"message.received","message_id":"483339b9-4075-45ad-b78f-868056058119"} 
[2026-05-05 16:50:03] production.INFO: Inbound SMS received {"id":"483339b9-4075-45ad-b78f-868056058119","from":"+18478097344","to":"+12247354200","all_to":["+12247354200"],"text":"","media_count":1,"type":"MMS"} 
[2026-05-05 16:50:05] production.DEBUG: Push notification delivered {"endpoint":"https://web.push.apple.com/QDkJcfxcMRPW4uLNUaYZ21nDUMJHCJ-cyja1FMQcNEv6qKbL-ec_s…","status":201} 
[2026-05-05 16:50:05] production.DEBUG: Push notification delivered {"endpoint":"https://fcm.googleapis.com/fcm/send/cYR-NIq4nms:APA91bEppjWa7ZIrYxviNuWljHyZ7qnu…","status":201} 
[2026-05-05 16:50:05] production.DEBUG: Push notification delivered {"endpoint":"https://wns2-by3p.notify.windows.com/w/?token=BQYAAACU%2bKDb9Gyej4KtbEbQJBisasbB…","status":201,"wns_status":"received","wns_msg_id":"72423CFD5001D2C6","wns_debug":"BY3PEPF00028CDF","content_encoding":"aes128gcm","response_body":""} 
[2026-05-05 16:50:05] production.DEBUG: Push notification delivered {"endpoint":"https://wns2-ch1p.notify.windows.com/w/?token=BQYAAAAQe2hvIFkElPQKFh5BKOEEEpIVqW…","status":201,"wns_status":"received","wns_msg_id":"7C0C59507216B77E","wns_debug":"CH1PEPF00006EF7","content_encoding":"aes128gcm","response_body":""} 
[2026-05-05 16:50:05] production.DEBUG: Push notification delivered {"endpoint":"https://web.push.apple.com/QJnqrnzJg9xule8bhPY8CE20AFCRYEqQblM8TaB0eTcRZ7HDySHVw…","status":201} 
[2026-05-05 16:55:25] production.INFO: Telnyx webhook received {"event_type":"message.received","message_id":"1aaafae1-399d-4fef-9725-0d32a5f4d7f5"} 
[2026-05-05 16:55:25] production.INFO: Inbound SMS received {"id":"1aaafae1-399d-4fef-9725-0d32a5f4d7f5","from":"+18478097344","to":"+12247354200","all_to":["+12247354200"],"text":"","media_count":1,"type":"MMS"} 
[2026-05-05 16:55:27] production.DEBUG: Push notification delivered {"endpoint":"https://web.push.apple.com/QDkJcfxcMRPW4uLNUaYZ21nDUMJHCJ-cyja1FMQcNEv6qKbL-ec_s…","status":201} 
[2026-05-05 16:55:27] production.DEBUG: Push notification delivered {"endpoint":"https://fcm.googleapis.com/fcm/send/cYR-NIq4nms:APA91bEppjWa7ZIrYxviNuWljHyZ7qnu…","status":201} 
[2026-05-05 16:55:27] production.DEBUG: Push notification delivered {"endpoint":"https://wns2-by3p.notify.windows.com/w/?token=BQYAAACU%2bKDb9Gyej4KtbEbQJBisasbB…","status":201,"wns_status":"received","wns_msg_id":"1A73BA62172BE740","wns_debug":"BY3PEPF0000E9BE","content_encoding":"aes128gcm","response_body":""} 
[2026-05-05 16:55:27] production.DEBUG: Push notification delivered {"endpoint":"https://wns2-ch1p.notify.windows.com/w/?token=BQYAAAAQe2hvIFkElPQKFh5BKOEEEpIVqW…","status":201,"wns_status":"received","wns_msg_id":"1C507F3A2FB404F6","wns_debug":"CH1PEPF00006E36","content_encoding":"aes128gcm","response_body":""} 
[2026-05-05 16:55:27] production.INFO: Telnyx webhook received {"event_type":"message.received","message_id":"fda0d045-492c-4bdb-9612-a5f2f74b28c4"} 
[2026-05-05 16:55:27] production.INFO: Inbound SMS received {"id":"fda0d045-492c-4bdb-9612-a5f2f74b28c4","from":"+18478097344","to":"+12247354200","all_to":["+12247354200"],"text":"Master bedroom","media_count":0,"type":"SMS"} 
[2026-05-05 16:55:27] production.DEBUG: Push notification delivered {"endpoint":"https://web.push.apple.com/QJnqrnzJg9xule8bhPY8CE20AFCRYEqQblM8TaB0eTcRZ7HDySHVw…","status":201} 
[2026-05-05 16:55:28] production.DEBUG: Push notification delivered {"endpoint":"https://web.push.apple.com/QDkJcfxcMRPW4uLNUaYZ21nDUMJHCJ-cyja1FMQcNEv6qKbL-ec_s…","status":201} 
[2026-05-05 16:55:28] production.DEBUG: Push notification delivered {"endpoint":"https://fcm.googleapis.com/fcm/send/cYR-NIq4nms:APA91bEppjWa7ZIrYxviNuWljHyZ7qnu…","status":201} 
[2026-05-05 16:55:28] production.DEBUG: Push notification delivered {"endpoint":"https://wns2-by3p.notify.windows.com/w/?token=BQYAAACU%2bKDb9Gyej4KtbEbQJBisasbB…","status":201,"wns_status":"received","wns_msg_id":"D41F0A461719B11","wns_debug":"BY3PEPF0001959E","content_encoding":"aes128gcm","response_body":""} 
[2026-05-05 16:55:28] production.DEBUG: Push notification delivered {"endpoint":"https://wns2-ch1p.notify.windows.com/w/?token=BQYAAAAQe2hvIFkElPQKFh5BKOEEEpIVqW…","status":201,"wns_status":"received","wns_msg_id":"4FE80612039624A","wns_debug":"CH1PEPF00006EA6","content_encoding":"aes128gcm","response_body":""} 
[2026-05-05 16:55:28] production.DEBUG: Push notification delivered {"endpoint":"https://web.push.apple.com/QJnqrnzJg9xule8bhPY8CE20AFCRYEqQblM8TaB0eTcRZ7HDySHVw…","status":201} 
[2026-05-05 16:56:21] production.INFO: Telnyx webhook received {"event_type":"message.received","message_id":"e8c0ae10-2209-4c09-b2ff-b898f18b4949"} 
[2026-05-05 16:56:21] production.INFO: Inbound SMS received {"id":"e8c0ae10-2209-4c09-b2ff-b898f18b4949","from":"+18478097344","to":"+12247354200","all_to":["+12247354200"],"text":"","media_count":1,"type":"MMS"} 
[2026-05-05 16:56:24] production.DEBUG: Push notification delivered {"endpoint":"https://web.push.apple.com/QDkJcfxcMRPW4uLNUaYZ21nDUMJHCJ-cyja1FMQcNEv6qKbL-ec_s…","status":201} 
[2026-05-05 16:56:24] production.DEBUG: Push notification delivered {"endpoint":"https://fcm.googleapis.com/fcm/send/cYR-NIq4nms:APA91bEppjWa7ZIrYxviNuWljHyZ7qnu…","status":201} 
[2026-05-05 16:56:24] production.DEBUG: Push notification delivered {"endpoint":"https://wns2-by3p.notify.windows.com/w/?token=BQYAAACU%2bKDb9Gyej4KtbEbQJBisasbB…","status":201,"wns_status":"received","wns_msg_id":"74FC60090D654B43","wns_debug":"BY3PEPF0000E9E1","content_encoding":"aes128gcm","response_body":""} 
[2026-05-05 16:56:24] production.DEBUG: Push notification delivered {"endpoint":"https://wns2-ch1p.notify.windows.com/w/?token=BQYAAAAQe2hvIFkElPQKFh5BKOEEEpIVqW…","status":201,"wns_status":"received","wns_msg_id":"4D4653AD46002D0D","wns_debug":"CH1PEPF00006F1A","content_encoding":"aes128gcm","response_body":""} 
[2026-05-05 16:56:24] production.DEBUG: Push notification delivered {"endpoint":"https://web.push.apple.com/QJnqrnzJg9xule8bhPY8CE20AFCRYEqQblM8TaB0eTcRZ7HDySHVw…","status":201} 
[2026-05-05 16:57:52] production.INFO: Telnyx webhook received {"event_type":"message.received","message_id":"c1fab1e0-64df-44b2-a937-073b245b9cdd"} 
[2026-05-05 16:57:52] production.INFO: Inbound SMS received {"id":"c1fab1e0-64df-44b2-a937-073b245b9cdd","from":"+18478097344","to":"+12247354200","all_to":["+12247354200"],"text":"","media_count":1,"type":"MMS"} 
[2026-05-05 16:57:54] production.DEBUG: Push notification delivered {"endpoint":"https://web.push.apple.com/QDkJcfxcMRPW4uLNUaYZ21nDUMJHCJ-cyja1FMQcNEv6qKbL-ec_s…","status":201} 
[2026-05-05 16:57:54] production.DEBUG: Push notification delivered {"endpoint":"https://fcm.googleapis.com/fcm/send/cYR-NIq4nms:APA91bEppjWa7ZIrYxviNuWljHyZ7qnu…","status":201} 
[2026-05-05 16:57:54] production.DEBUG: Push notification delivered {"endpoint":"https://wns2-by3p.notify.windows.com/w/?token=BQYAAACU%2bKDb9Gyej4KtbEbQJBisasbB…","status":201,"wns_status":"received","wns_msg_id":"2238893E4CB11050","wns_debug":"BY3PEPF0000E993","content_encoding":"aes128gcm","response_body":""} 
[2026-05-05 16:57:54] production.DEBUG: Push notification delivered {"endpoint":"https://wns2-ch1p.notify.windows.com/w/?token=BQYAAAAQe2hvIFkElPQKFh5BKOEEEpIVqW…","status":201,"wns_status":"received","wns_msg_id":"3DABF02070DB1535","wns_debug":"CH1PEPF00006F3C","content_encoding":"aes128gcm","response_body":""} 
[2026-05-05 16:57:54] production.DEBUG: Push notification delivered {"endpoint":"https://web.push.apple.com/QJnqrnzJg9xule8bhPY8CE20AFCRYEqQblM8TaB0eTcRZ7HDySHVw…","status":201} 
[2026-05-05 16:58:54] production.INFO: Telnyx webhook received {"event_type":"message.received","message_id":"0e722881-2b7d-4e10-bbb3-47c52e7160d5"} 
[2026-05-05 16:58:54] production.INFO: Inbound SMS received {"id":"0e722881-2b7d-4e10-bbb3-47c52e7160d5","from":"+18478097344","to":"+12247354200","all_to":["+12247354200"],"text":"","media_count":1,"type":"MMS"} 
[2026-05-05 16:58:55] production.DEBUG: Push notification delivered {"endpoint":"https://web.push.apple.com/QDkJcfxcMRPW4uLNUaYZ21nDUMJHCJ-cyja1FMQcNEv6qKbL-ec_s…","status":201} 
[2026-05-05 16:58:55] production.DEBUG: Push notification delivered {"endpoint":"https://fcm.googleapis.com/fcm/send/cYR-NIq4nms:APA91bEppjWa7ZIrYxviNuWljHyZ7qnu…","status":201} 
[2026-05-05 16:58:55] production.DEBUG: Push notification delivered {"endpoint":"https://wns2-by3p.notify.windows.com/w/?token=BQYAAACU%2bKDb9Gyej4KtbEbQJBisasbB…","status":201,"wns_status":"received","wns_msg_id":"28A18EF2710DBD79","wns_debug":"BY3PEPF000197D5","content_encoding":"aes128gcm","response_body":""} 
[2026-05-05 16:58:55] production.DEBUG: Push notification delivered {"endpoint":"https://wns2-ch1p.notify.windows.com/w/?token=BQYAAAAQe2hvIFkElPQKFh5BKOEEEpIVqW…","status":201,"wns_status":"received","wns_msg_id":"3F3BBCFB1A66B734","wns_debug":"CH1PEPF00006F11","content_encoding":"aes128gcm","response_body":""} 
[2026-05-05 16:58:56] production.DEBUG: Push notification delivered {"endpoint":"https://web.push.apple.com/QJnqrnzJg9xule8bhPY8CE20AFCRYEqQblM8TaB0eTcRZ7HDySHVw…","status":201} 
[2026-05-05 16:59:30] production.INFO: Telnyx webhook received {"event_type":"message.received","message_id":"b719da31-c233-4ff9-a137-76847456a3b2"} 
[2026-05-05 16:59:30] production.INFO: Inbound SMS received {"id":"b719da31-c233-4ff9-a137-76847456a3b2","from":"+18478097344","to":"+12247354200","all_to":["+12247354200"],"text":"","media_count":1,"type":"MMS"} 
[2026-05-05 16:59:32] production.DEBUG: Push notification delivered {"endpoint":"https://web.push.apple.com/QDkJcfxcMRPW4uLNUaYZ21nDUMJHCJ-cyja1FMQcNEv6qKbL-ec_s…","status":201} 
[2026-05-05 16:59:32] production.DEBUG: Push notification delivered {"endpoint":"https://fcm.googleapis.com/fcm/send/cYR-NIq4nms:APA91bEppjWa7ZIrYxviNuWljHyZ7qnu…","status":201} 
[2026-05-05 16:59:32] production.DEBUG: Push notification delivered {"endpoint":"https://wns2-by3p.notify.windows.com/w/?token=BQYAAACU%2bKDb9Gyej4KtbEbQJBisasbB…","status":201,"wns_status":"received","wns_msg_id":"7117A0872069F11F","wns_debug":"BY3PEPF0000E98E","content_encoding":"aes128gcm","response_body":""} 
[2026-05-05 16:59:33] production.DEBUG: Push notification delivered {"endpoint":"https://wns2-ch1p.notify.windows.com/w/?token=BQYAAAAQe2hvIFkElPQKFh5BKOEEEpIVqW…","status":201,"wns_status":"received","wns_msg_id":"2C79C8F64A6DF344","wns_debug":"CH1PEPF00006EF0","content_encoding":"aes128gcm","response_body":""} 
[2026-05-05 16:59:33] production.DEBUG: Push notification delivered {"endpoint":"https://web.push.apple.com/QJnqrnzJg9xule8bhPY8CE20AFCRYEqQblM8TaB0eTcRZ7HDySHVw…","status":201} 
[2026-05-05 17:34:57] production.INFO: Telnyx webhook received {"event_type":"message.received","message_id":"07e53c75-ca70-401c-9e1d-4cf04d8d85cd"} 
[2026-05-05 17:34:57] production.INFO: Inbound SMS received {"id":"07e53c75-ca70-401c-9e1d-4cf04d8d85cd","from":"+18478097344","to":"+12247354200","all_to":["+12247354200"],"text":"Actually, I need upper walls painted in the fam room too. So basically the whole apartment besides the bathrooms","media_count":0,"type":"SMS"} 
[2026-05-05 17:35:00] production.DEBUG: Push notification delivered {"endpoint":"https://web.push.apple.com/QDkJcfxcMRPW4uLNUaYZ21nDUMJHCJ-cyja1FMQcNEv6qKbL-ec_s…","status":201} 
[2026-05-05 17:35:00] production.DEBUG: Push notification delivered {"endpoint":"https://fcm.googleapis.com/fcm/send/cYR-NIq4nms:APA91bEppjWa7ZIrYxviNuWljHyZ7qnu…","status":201} 
[2026-05-05 17:35:00] production.DEBUG: Push notification delivered {"endpoint":"https://wns2-by3p.notify.windows.com/w/?token=BQYAAACU%2bKDb9Gyej4KtbEbQJBisasbB…","status":201,"wns_status":"received","wns_msg_id":"68A2619415C1DD21","wns_debug":"BY3PEPF000197C7","content_encoding":"aes128gcm","response_body":""} 
[2026-05-05 17:35:00] production.DEBUG: Push notification delivered {"endpoint":"https://wns2-ch1p.notify.windows.com/w/?token=BQYAAAAQe2hvIFkElPQKFh5BKOEEEpIVqW…","status":201,"wns_status":"received","wns_msg_id":"21341E015EB6A78E","wns_debug":"CH1PEPF00006F6E","content_encoding":"aes128gcm","response_body":""} 
[2026-05-05 17:35:00] production.DEBUG: Push notification delivered {"endpoint":"https://web.push.apple.com/QJnqrnzJg9xule8bhPY8CE20AFCRYEqQblM8TaB0eTcRZ7HDySHVw…","status":201} 
[2026-05-05 20:26:55] production.INFO: Click-to-call initiated {"call_log_id":939,"user_phone":"+12249993880","target_phone":"+18478097344","call_control_id":"v3:3VpDjyr1KWMx5HGpKsLo7iAT4SkLQCPVsSXfnGaol69ZK47syoTOdA"} 
[2026-05-05 20:26:56] production.INFO: Telnyx voice webhook received {"event_type":"call.initiated","call_control_id":"v3:3VpDjyr1KWMx5HGpKsLo7iAT4SkLQCPVsSXfnGaol69ZK47syoTOdA","direction":"outgoing"} 
[2026-05-05 20:26:56] production.INFO: Outbound call initiated {"call_control_id":"v3:3VpDjyr1KWMx5HGpKsLo7iAT4SkLQCPVsSXfnGaol69ZK47syoTOdA","to":"+12249993880"} 
[2026-05-05 20:26:59] production.INFO: Telnyx voice webhook received {"event_type":"call.answered","call_control_id":"v3:3VpDjyr1KWMx5HGpKsLo7iAT4SkLQCPVsSXfnGaol69ZK47syoTOdA","direction":null} 
[2026-05-05 20:26:59] production.INFO: Click-to-call: user answered → playing ringback and dialing target {"call_control_id":"v3:3VpDjyr1KWMx5HGpKsLo7iAT4SkLQCPVsSXfnGaol69ZK47syoTOdA","target_phone":"+18478097344","call_log_id":939} 
[2026-05-05 20:26:59] production.INFO: Call command sent: playback_start {"call_control_id":"v3:3VpDjyr1KWMx5HGpKsLo7iAT4SkLQCPVsSXfnGaol69ZK47syoTOdA","result":"ok"} 
[2026-05-05 20:26:59] production.INFO: Telnyx voice webhook received {"event_type":"call.playback.started","call_control_id":"v3:3VpDjyr1KWMx5HGpKsLo7iAT4SkLQCPVsSXfnGaol69ZK47syoTOdA","direction":null} 
[2026-05-05 20:26:59] production.INFO: Unhandled voice event {"event_type":"call.playback.started"} 
[2026-05-05 20:26:59] production.INFO: Click-to-call: target dialed {"target_phone":"+18478097344","target_call_control_id":"v3:4qysh48TMxnIOqYgYDN8o_Vitvi1AZKm0uW2X5i-o9SOtodYbSc0pA"} 
[2026-05-05 20:26:59] production.INFO: Telnyx voice webhook received {"event_type":"call.initiated","call_control_id":"v3:4qysh48TMxnIOqYgYDN8o_Vitvi1AZKm0uW2X5i-o9SOtodYbSc0pA","direction":"outgoing"} 
[2026-05-05 20:26:59] production.INFO: Outbound call initiated {"call_control_id":"v3:4qysh48TMxnIOqYgYDN8o_Vitvi1AZKm0uW2X5i-o9SOtodYbSc0pA","to":"+18478097344"} 
[2026-05-05 20:27:18] production.INFO: Telnyx voice webhook received {"event_type":"call.answered","call_control_id":"v3:4qysh48TMxnIOqYgYDN8o_Vitvi1AZKm0uW2X5i-o9SOtodYbSc0pA","direction":null} 
[2026-05-05 20:27:18] production.INFO: Click-to-call: target answered — bridging immediately {"target_call_control_id":"v3:4qysh48TMxnIOqYgYDN8o_Vitvi1AZKm0uW2X5i-o9SOtodYbSc0pA","user_call_control_id":"v3:3VpDjyr1KWMx5HGpKsLo7iAT4SkLQCPVsSXfnGaol69ZK47syoTOdA","call_log_id":939} 
[2026-05-05 20:27:19] production.INFO: Calls bridged successfully {"call_control_id_a":"v3:4qysh48TMxnIOqYgYDN8o_Vitvi1AZKm0uW2X5i-o9SOtodYbSc0pA","call_control_id_b":"v3:3VpDjyr1KWMx5HGpKsLo7iAT4SkLQCPVsSXfnGaol69ZK47syoTOdA"} 
[2026-05-05 20:27:19] production.INFO: Telnyx voice webhook received {"event_type":"call.playback.ended","call_control_id":"v3:3VpDjyr1KWMx5HGpKsLo7iAT4SkLQCPVsSXfnGaol69ZK47syoTOdA","direction":null} 
[2026-05-05 20:27:19] production.INFO: Telnyx voice webhook received {"event_type":"call.bridged","call_control_id":"v3:3VpDjyr1KWMx5HGpKsLo7iAT4SkLQCPVsSXfnGaol69ZK47syoTOdA","direction":null} 
[2026-05-05 20:27:19] production.INFO: Call bridged {"call_control_id":"v3:3VpDjyr1KWMx5HGpKsLo7iAT4SkLQCPVsSXfnGaol69ZK47syoTOdA","call_session_id":"c264470e-48c0-11f1-a1a9-02420aefe3f3"} 
[2026-05-05 20:27:19] production.INFO: Telnyx voice webhook received {"event_type":"call.bridged","call_control_id":"v3:4qysh48TMxnIOqYgYDN8o_Vitvi1AZKm0uW2X5i-o9SOtodYbSc0pA","direction":null} 
[2026-05-05 20:27:19] production.INFO: Call bridged {"call_control_id":"v3:4qysh48TMxnIOqYgYDN8o_Vitvi1AZKm0uW2X5i-o9SOtodYbSc0pA","call_session_id":"c49719ca-48c0-11f1-a3a9-02420aefe576"} 
[2026-05-05 20:27:24] production.INFO: Telnyx voice webhook received {"event_type":"call.hangup","call_control_id":"v3:3VpDjyr1KWMx5HGpKsLo7iAT4SkLQCPVsSXfnGaol69ZK47syoTOdA","direction":null} 
[2026-05-05 20:27:24] production.INFO: Click-to-call user leg ended {"call_control_id":"v3:3VpDjyr1KWMx5HGpKsLo7iAT4SkLQCPVsSXfnGaol69ZK47syoTOdA","action":"click_to_call_waiting","status":"completed","call_log_id":939,"hangup_cause":"normal_clearing"} 
[2026-05-05 20:27:24] production.INFO: Telnyx voice webhook received {"event_type":"call.hangup","call_control_id":"v3:4qysh48TMxnIOqYgYDN8o_Vitvi1AZKm0uW2X5i-o9SOtodYbSc0pA","direction":null} 
[2026-05-05 20:27:24] production.INFO: Click-to-call: target hung up after connected call {"call_control_id":"v3:4qysh48TMxnIOqYgYDN8o_Vitvi1AZKm0uW2X5i-o9SOtodYbSc0pA","hangup_cause":"normal_clearing","call_log_id":939,"duration":25.714516} 
[2026-05-05 21:06:41] production.DEBUG: Push notification delivered {"endpoint":"https://web.push.apple.com/QJnqrnzJg9xule8bhPY8CE20AFCRYEqQblM8TaB0eTcRZ7HDySHVw…","status":201} 
[2026-05-05 21:06:41] production.DEBUG: Push notification delivered {"endpoint":"https://wns2-ch1p.notify.windows.com/w/?token=BQYAAAAQe2hvIFkElPQKFh5BKOEEEpIVqW…","status":201,"wns_status":"received","wns_msg_id":"1725971D383206CE","wns_debug":"CH1PEPF00006F71","content_encoding":"aes128gcm","response_body":""} 
[2026-05-05 21:06:44] production.INFO: Telnyx webhook received {"event_type":"message.sent","message_id":"40319df9-f6e9-4d8d-b15f-7184ee3f51e5"} 
[2026-05-05 21:06:44] production.INFO: Message sent {"id":"40319df9-f6e9-4d8d-b15f-7184ee3f51e5","to":"+18476449480","from":"+12247354200"} 
[2026-05-05 21:06:48] production.INFO: Telnyx voice webhook received {"event_type":"call.initiated","call_control_id":"v3:bW-B-5c1XdBCsncRlp5ojPqtL0rMwEXs36-MAms060VHKbXYY3LR1A","direction":"incoming"} 
[2026-05-05 21:06:48] production.INFO: Spam call blocked {"call_control_id":"v3:bW-B-5c1XdBCsncRlp5ojPqtL0rMwEXs36-MAms060VHKbXYY3LR1A","from":"+13124295431","reason":"blocked_list","attestation":null} 
[2026-05-05 21:06:49] production.INFO: Call command sent: hangup {"call_control_id":"v3:bW-B-5c1XdBCsncRlp5ojPqtL0rMwEXs36-MAms060VHKbXYY3LR1A","result":"ok"} 
[2026-05-05 21:06:49] production.INFO: Telnyx voice webhook received {"event_type":"call.hangup","call_control_id":"v3:bW-B-5c1XdBCsncRlp5ojPqtL0rMwEXs36-MAms060VHKbXYY3LR1A","direction":null} 
[2026-05-05 21:06:49] production.INFO: Blocked call hangup (status preserved) {"call_control_id":"v3:bW-B-5c1XdBCsncRlp5ojPqtL0rMwEXs36-MAms060VHKbXYY3LR1A","hangup_cause":"normal_clearing"} 
[2026-05-05 21:06:49] production.INFO: Telnyx webhook received {"event_type":"message.finalized","message_id":"40319df9-f6e9-4d8d-b15f-7184ee3f51e5"} 
[2026-05-05 21:06:49] production.INFO: Message finalized {"id":"40319df9-f6e9-4d8d-b15f-7184ee3f51e5","to":"+18476449480","status":"delivered"} 
[2026-05-05 21:06:49] production.INFO: Telnyx voice webhook received {"event_type":"call.initiated","call_control_id":"v3:r9FFXcFGeT-DtVbVo4seyMFm50G1c-Dqj3QOO9sziU830_Dpd5_N3g","direction":"incoming"} 
[2026-05-05 21:06:49] production.INFO: Spam call blocked {"call_control_id":"v3:r9FFXcFGeT-DtVbVo4seyMFm50G1c-Dqj3QOO9sziU830_Dpd5_N3g","from":"+13124295431","reason":"blocked_list","attestation":null} 
[2026-05-05 21:06:50] production.INFO: Call command sent: hangup {"call_control_id":"v3:r9FFXcFGeT-DtVbVo4seyMFm50G1c-Dqj3QOO9sziU830_Dpd5_N3g","result":"ok"} 
[2026-05-05 21:06:50] production.INFO: Telnyx voice webhook received {"event_type":"call.hangup","call_control_id":"v3:r9FFXcFGeT-DtVbVo4seyMFm50G1c-Dqj3QOO9sziU830_Dpd5_N3g","direction":null} 
[2026-05-05 21:06:50] production.INFO: Blocked call hangup (status preserved) {"call_control_id":"v3:r9FFXcFGeT-DtVbVo4seyMFm50G1c-Dqj3QOO9sziU830_Dpd5_N3g","hangup_cause":"normal_clearing"} 
[2026-05-05 21:06:50] production.INFO: Telnyx voice webhook received {"event_type":"call.initiated","call_control_id":"v3:ZLavvMWigQfb2ArccmttsApjcYLog9AE-CQxBO6Laap3yKIe0Prqhw","direction":"incoming"} 
[2026-05-05 21:06:50] production.INFO: Spam call blocked {"call_control_id":"v3:ZLavvMWigQfb2ArccmttsApjcYLog9AE-CQxBO6Laap3yKIe0Prqhw","from":"+13124295431","reason":"blocked_list","attestation":null} 
[2026-05-05 21:06:50] production.INFO: Call command sent: hangup {"call_control_id":"v3:ZLavvMWigQfb2ArccmttsApjcYLog9AE-CQxBO6Laap3yKIe0Prqhw","result":"ok"} 
[2026-05-05 21:06:51] production.INFO: Telnyx voice webhook received {"event_type":"call.hangup","call_control_id":"v3:ZLavvMWigQfb2ArccmttsApjcYLog9AE-CQxBO6Laap3yKIe0Prqhw","direction":null} 
[2026-05-05 21:06:51] production.INFO: Blocked call hangup (status preserved) {"call_control_id":"v3:ZLavvMWigQfb2ArccmttsApjcYLog9AE-CQxBO6Laap3yKIe0Prqhw","hangup_cause":"normal_clearing"} 
[2026-05-05 21:06:51] production.INFO: Telnyx voice webhook received {"event_type":"call.initiated","call_control_id":"v3:f_2MRV-bx6GHKIVgRn4VGYxr1D3jTZcH5VXm7X6KsrmfpgVyfLXuRQ","direction":"incoming"} 
[2026-05-05 21:06:51] production.INFO: Spam call blocked {"call_control_id":"v3:f_2MRV-bx6GHKIVgRn4VGYxr1D3jTZcH5VXm7X6KsrmfpgVyfLXuRQ","from":"+13124295431","reason":"blocked_list","attestation":null} 
[2026-05-05 21:06:51] production.INFO: Call command sent: hangup {"call_control_id":"v3:f_2MRV-bx6GHKIVgRn4VGYxr1D3jTZcH5VXm7X6KsrmfpgVyfLXuRQ","result":"ok"} 
[2026-05-05 21:06:52] production.INFO: Telnyx voice webhook received {"event_type":"call.hangup","call_control_id":"v3:f_2MRV-bx6GHKIVgRn4VGYxr1D3jTZcH5VXm7X6KsrmfpgVyfLXuRQ","direction":null} 
[2026-05-05 21:06:52] production.INFO: Blocked call hangup (status preserved) {"call_control_id":"v3:f_2MRV-bx6GHKIVgRn4VGYxr1D3jTZcH5VXm7X6KsrmfpgVyfLXuRQ","hangup_cause":"normal_clearing"} 
[2026-05-05 21:06:53] production.INFO: Telnyx voice webhook received {"event_type":"call.initiated","call_control_id":"v3:Pb5ETvsyH3OzxCdDzf_IvwH6neacs86fNC65R7IBKtEm_G05mR0eDg","direction":"incoming"} 
[2026-05-05 21:06:53] production.INFO: Spam call blocked {"call_control_id":"v3:Pb5ETvsyH3OzxCdDzf_IvwH6neacs86fNC65R7IBKtEm_G05mR0eDg","from":"+13124295431","reason":"blocked_list","attestation":null} 
[2026-05-05 21:06:53] production.INFO: Call command sent: hangup {"call_control_id":"v3:Pb5ETvsyH3OzxCdDzf_IvwH6neacs86fNC65R7IBKtEm_G05mR0eDg","result":"ok"} 
[2026-05-05 21:06:53] production.INFO: Telnyx voice webhook received {"event_type":"call.hangup","call_control_id":"v3:Pb5ETvsyH3OzxCdDzf_IvwH6neacs86fNC65R7IBKtEm_G05mR0eDg","direction":null} 
[2026-05-05 21:06:53] production.INFO: Blocked call hangup (status preserved) {"call_control_id":"v3:Pb5ETvsyH3OzxCdDzf_IvwH6neacs86fNC65R7IBKtEm_G05mR0eDg","hangup_cause":"normal_clearing"} 
[2026-05-05 21:06:54] production.INFO: Telnyx voice webhook received {"event_type":"call.initiated","call_control_id":"v3:wZOATGDnCC9sCBqjWjYYS0RI76fM1DrrVT1BMYMHcVwlmGcx7qVFFQ","direction":"incoming"} 
[2026-05-05 21:06:54] production.INFO: Spam call blocked {"call_control_id":"v3:wZOATGDnCC9sCBqjWjYYS0RI76fM1DrrVT1BMYMHcVwlmGcx7qVFFQ","from":"+13124295431","reason":"blocked_list","attestation":null} 
[2026-05-05 21:06:54] production.INFO: Call command sent: hangup {"call_control_id":"v3:wZOATGDnCC9sCBqjWjYYS0RI76fM1DrrVT1BMYMHcVwlmGcx7qVFFQ","result":"ok"} 
[2026-05-05 21:06:55] production.INFO: Telnyx voice webhook received {"event_type":"call.hangup","call_control_id":"v3:wZOATGDnCC9sCBqjWjYYS0RI76fM1DrrVT1BMYMHcVwlmGcx7qVFFQ","direction":null} 
[2026-05-05 21:06:55] production.INFO: Blocked call hangup (status preserved) {"call_control_id":"v3:wZOATGDnCC9sCBqjWjYYS0RI76fM1DrrVT1BMYMHcVwlmGcx7qVFFQ","hangup_cause":"normal_clearing"} 
[2026-05-05 21:06:55] production.INFO: Telnyx voice webhook received {"event_type":"call.initiated","call_control_id":"v3:QrneQ-Ls9FNO_raXAsXotnnJvcplHomKdJ6bh7jDK-PF4ml613zX8A","direction":"incoming"} 
[2026-05-05 21:06:55] production.INFO: Spam call blocked {"call_control_id":"v3:QrneQ-Ls9FNO_raXAsXotnnJvcplHomKdJ6bh7jDK-PF4ml613zX8A","from":"+13124295431","reason":"blocked_list","attestation":null} 
[2026-05-05 21:06:55] production.INFO: Call command sent: hangup {"call_control_id":"v3:QrneQ-Ls9FNO_raXAsXotnnJvcplHomKdJ6bh7jDK-PF4ml613zX8A","result":"ok"} 
[2026-05-05 21:06:56] production.INFO: Telnyx voice webhook received {"event_type":"call.hangup","call_control_id":"v3:QrneQ-Ls9FNO_raXAsXotnnJvcplHomKdJ6bh7jDK-PF4ml613zX8A","direction":null} 
[2026-05-05 21:06:56] production.INFO: Blocked call hangup (status preserved) {"call_control_id":"v3:QrneQ-Ls9FNO_raXAsXotnnJvcplHomKdJ6bh7jDK-PF4ml613zX8A","hangup_cause":"normal_clearing"} 
[2026-05-05 21:06:56] production.INFO: Telnyx voice webhook received {"event_type":"call.initiated","call_control_id":"v3:ISuMKd4eBlqj3yAsYI0t3uUXV4SjtjWPguU2XyRsHGnnJigjyuGD4w","direction":"incoming"} 
[2026-05-05 21:06:56] production.INFO: Spam call blocked {"call_control_id":"v3:ISuMKd4eBlqj3yAsYI0t3uUXV4SjtjWPguU2XyRsHGnnJigjyuGD4w","from":"+13124295431","reason":"blocked_list","attestation":null} 
[2026-05-05 21:06:57] production.INFO: Call command sent: hangup {"call_control_id":"v3:ISuMKd4eBlqj3yAsYI0t3uUXV4SjtjWPguU2XyRsHGnnJigjyuGD4w","result":"ok"} 
[2026-05-05 21:06:57] production.INFO: Telnyx voice webhook received {"event_type":"call.hangup","call_control_id":"v3:ISuMKd4eBlqj3yAsYI0t3uUXV4SjtjWPguU2XyRsHGnnJigjyuGD4w","direction":null} 
[2026-05-05 21:06:57] production.INFO: Blocked call hangup (status preserved) {"call_control_id":"v3:ISuMKd4eBlqj3yAsYI0t3uUXV4SjtjWPguU2XyRsHGnnJigjyuGD4w","hangup_cause":"normal_clearing"} 
[2026-05-05 21:06:57] production.INFO: Telnyx voice webhook received {"event_type":"call.initiated","call_control_id":"v3:pTsEefg096jLrDljuFvYZB_BjTvANM4movvDlByjD-rfuI-Ca10lSA","direction":"incoming"} 
[2026-05-05 21:06:57] production.INFO: Spam call blocked {"call_control_id":"v3:pTsEefg096jLrDljuFvYZB_BjTvANM4movvDlByjD-rfuI-Ca10lSA","from":"+13124295431","reason":"blocked_list","attestation":null} 
[2026-05-05 21:06:57] production.INFO: Call command sent: hangup {"call_control_id":"v3:pTsEefg096jLrDljuFvYZB_BjTvANM4movvDlByjD-rfuI-Ca10lSA","result":"ok"} 
[2026-05-05 21:06:58] production.INFO: Telnyx voice webhook received {"event_type":"call.hangup","call_control_id":"v3:pTsEefg096jLrDljuFvYZB_BjTvANM4movvDlByjD-rfuI-Ca10lSA","direction":null} 
[2026-05-05 21:06:58] production.INFO: Blocked call hangup (status preserved) {"call_control_id":"v3:pTsEefg096jLrDljuFvYZB_BjTvANM4movvDlByjD-rfuI-Ca10lSA","hangup_cause":"normal_clearing"} 
[2026-05-05 21:06:59] production.INFO: Telnyx voice webhook received {"event_type":"call.initiated","call_control_id":"v3:JU0uQj_ndwRVch7pp7zKuQn40WC947rnS0XGT8oBQAv6ziTOP-hnxg","direction":"incoming"} 
[2026-05-05 21:06:59] production.INFO: Spam call blocked {"call_control_id":"v3:JU0uQj_ndwRVch7pp7zKuQn40WC947rnS0XGT8oBQAv6ziTOP-hnxg","from":"+13124295431","reason":"blocked_list","attestation":null} 
[2026-05-05 21:06:59] production.INFO: Call command sent: hangup {"call_control_id":"v3:JU0uQj_ndwRVch7pp7zKuQn40WC947rnS0XGT8oBQAv6ziTOP-hnxg","result":"ok"} 
[2026-05-05 21:06:59] production.INFO: Telnyx voice webhook received {"event_type":"call.hangup","call_control_id":"v3:JU0uQj_ndwRVch7pp7zKuQn40WC947rnS0XGT8oBQAv6ziTOP-hnxg","direction":null} 
[2026-05-05 21:06:59] production.INFO: Blocked call hangup (status preserved) {"call_control_id":"v3:JU0uQj_ndwRVch7pp7zKuQn40WC947rnS0XGT8oBQAv6ziTOP-hnxg","hangup_cause":"normal_clearing"} 
[2026-05-05 21:07:00] production.INFO: Telnyx voice webhook received {"event_type":"call.initiated","call_control_id":"v3:MErIS-Tm56GQQdca5LAXnvTQj9IgzN9ozaVb2j-_VVMtRJYnmvwXEg","direction":"incoming"} 
[2026-05-05 21:07:00] production.INFO: Spam call blocked {"call_control_id":"v3:MErIS-Tm56GQQdca5LAXnvTQj9IgzN9ozaVb2j-_VVMtRJYnmvwXEg","from":"+13124295431","reason":"blocked_list","attestation":null} 
[2026-05-05 21:07:00] production.INFO: Call command sent: hangup {"call_control_id":"v3:MErIS-Tm56GQQdca5LAXnvTQj9IgzN9ozaVb2j-_VVMtRJYnmvwXEg","result":"ok"} 
[2026-05-05 21:07:00] production.INFO: Telnyx voice webhook received {"event_type":"call.hangup","call_control_id":"v3:MErIS-Tm56GQQdca5LAXnvTQj9IgzN9ozaVb2j-_VVMtRJYnmvwXEg","direction":null} 
[2026-05-05 21:07:00] production.INFO: Blocked call hangup (status preserved) {"call_control_id":"v3:MErIS-Tm56GQQdca5LAXnvTQj9IgzN9ozaVb2j-_VVMtRJYnmvwXEg","hangup_cause":"normal_clearing"} 
[2026-05-05 21:07:01] production.INFO: Telnyx voice webhook received {"event_type":"call.initiated","call_control_id":"v3:BwFmFz2o1BH6Sy5qv3RWoHz9V_e57ixdGUADn1LaxO9zHYsW-PtEJw","direction":"incoming"} 
[2026-05-05 21:07:01] production.INFO: Spam call blocked {"call_control_id":"v3:BwFmFz2o1BH6Sy5qv3RWoHz9V_e57ixdGUADn1LaxO9zHYsW-PtEJw","from":"+13124295431","reason":"blocked_list","attestation":null} 
[2026-05-05 21:07:01] production.INFO: Call command sent: hangup {"call_control_id":"v3:BwFmFz2o1BH6Sy5qv3RWoHz9V_e57ixdGUADn1LaxO9zHYsW-PtEJw","result":"ok"} 
[2026-05-05 21:07:01] production.INFO: Telnyx voice webhook received {"event_type":"call.hangup","call_control_id":"v3:BwFmFz2o1BH6Sy5qv3RWoHz9V_e57ixdGUADn1LaxO9zHYsW-PtEJw","direction":null} 
[2026-05-05 21:07:01] production.INFO: Blocked call hangup (status preserved) {"call_control_id":"v3:BwFmFz2o1BH6Sy5qv3RWoHz9V_e57ixdGUADn1LaxO9zHYsW-PtEJw","hangup_cause":"normal_clearing"} 
[2026-05-05 21:07:02] production.INFO: Telnyx voice webhook received {"event_type":"call.initiated","call_control_id":"v3:EMVY1pieA2kG0VuNvrf0H11pu1CwRlkun4ETPpaNJnyQDhqOmju6SQ","direction":"incoming"} 
[2026-05-05 21:07:02] production.INFO: Spam call blocked {"call_control_id":"v3:EMVY1pieA2kG0VuNvrf0H11pu1CwRlkun4ETPpaNJnyQDhqOmju6SQ","from":"+13124295431","reason":"blocked_list","attestation":null} 
[2026-05-05 21:07:02] production.INFO: Call command sent: hangup {"call_control_id":"v3:EMVY1pieA2kG0VuNvrf0H11pu1CwRlkun4ETPpaNJnyQDhqOmju6SQ","result":"ok"} 
[2026-05-05 21:07:02] production.INFO: Telnyx voice webhook received {"event_type":"call.hangup","call_control_id":"v3:EMVY1pieA2kG0VuNvrf0H11pu1CwRlkun4ETPpaNJnyQDhqOmju6SQ","direction":null} 
[2026-05-05 21:07:02] production.INFO: Blocked call hangup (status preserved) {"call_control_id":"v3:EMVY1pieA2kG0VuNvrf0H11pu1CwRlkun4ETPpaNJnyQDhqOmju6SQ","hangup_cause":"normal_clearing"} 
[2026-05-05 21:07:04] production.INFO: Telnyx voice webhook received {"event_type":"call.initiated","call_control_id":"v3:OL1TP1TxF49pUbXEx1u3NmM2s8X3TSwshUPisZaRFnDziEfaivdqZw","direction":"incoming"} 
[2026-05-05 21:07:04] production.INFO: Spam call blocked {"call_control_id":"v3:OL1TP1TxF49pUbXEx1u3NmM2s8X3TSwshUPisZaRFnDziEfaivdqZw","from":"+13124295431","reason":"blocked_list","attestation":null} 
[2026-05-05 21:07:04] production.INFO: Call command sent: hangup {"call_control_id":"v3:OL1TP1TxF49pUbXEx1u3NmM2s8X3TSwshUPisZaRFnDziEfaivdqZw","result":"ok"} 
[2026-05-05 21:07:04] production.INFO: Telnyx voice webhook received {"event_type":"call.hangup","call_control_id":"v3:OL1TP1TxF49pUbXEx1u3NmM2s8X3TSwshUPisZaRFnDziEfaivdqZw","direction":null} 
[2026-05-05 21:07:04] production.INFO: Blocked call hangup (status preserved) {"call_control_id":"v3:OL1TP1TxF49pUbXEx1u3NmM2s8X3TSwshUPisZaRFnDziEfaivdqZw","hangup_cause":"normal_clearing"} 
[2026-05-05 21:07:06] production.INFO: Telnyx voice webhook received {"event_type":"call.initiated","call_control_id":"v3:Tenj5JX6j_tC6i6Y9vnP6WXAi-MneL8tTP1Q916zKGqZ8jPkuzwXoA","direction":"incoming"} 
[2026-05-05 21:07:06] production.INFO: Spam call blocked {"call_control_id":"v3:Tenj5JX6j_tC6i6Y9vnP6WXAi-MneL8tTP1Q916zKGqZ8jPkuzwXoA","from":"+13124295431","reason":"blocked_list","attestation":null} 
[2026-05-05 21:07:06] production.INFO: Call command sent: hangup {"call_control_id":"v3:Tenj5JX6j_tC6i6Y9vnP6WXAi-MneL8tTP1Q916zKGqZ8jPkuzwXoA","result":"ok"} 
[2026-05-05 21:07:06] production.INFO: Telnyx voice webhook received {"event_type":"call.hangup","call_control_id":"v3:Tenj5JX6j_tC6i6Y9vnP6WXAi-MneL8tTP1Q916zKGqZ8jPkuzwXoA","direction":null} 
[2026-05-05 21:07:06] production.INFO: Blocked call hangup (status preserved) {"call_control_id":"v3:Tenj5JX6j_tC6i6Y9vnP6WXAi-MneL8tTP1Q916zKGqZ8jPkuzwXoA","hangup_cause":"normal_clearing"} 
[2026-05-05 21:07:07] production.INFO: Telnyx voice webhook received {"event_type":"call.initiated","call_control_id":"v3:dDpG0a9SMzdhXebxbM9O2vq1rUiFsO4-tmJexMmv_TfsNtKq4_-JRA","direction":"incoming"} 
[2026-05-05 21:07:07] production.INFO: Spam call blocked {"call_control_id":"v3:dDpG0a9SMzdhXebxbM9O2vq1rUiFsO4-tmJexMmv_TfsNtKq4_-JRA","from":"+13124295431","reason":"blocked_list","attestation":null} 
[2026-05-05 21:07:07] production.INFO: Call command sent: hangup {"call_control_id":"v3:dDpG0a9SMzdhXebxbM9O2vq1rUiFsO4-tmJexMmv_TfsNtKq4_-JRA","result":"ok"} 
[2026-05-05 21:07:07] production.INFO: Telnyx voice webhook received {"event_type":"call.hangup","call_control_id":"v3:dDpG0a9SMzdhXebxbM9O2vq1rUiFsO4-tmJexMmv_TfsNtKq4_-JRA","direction":null} 
[2026-05-05 21:07:07] production.INFO: Blocked call hangup (status preserved) {"call_control_id":"v3:dDpG0a9SMzdhXebxbM9O2vq1rUiFsO4-tmJexMmv_TfsNtKq4_-JRA","hangup_cause":"normal_clearing"} 
[2026-05-05 21:07:08] production.INFO: Telnyx voice webhook received {"event_type":"call.initiated","call_control_id":"v3:Dqs6ylvKKTiMfaH7FQQSXeBQnadQvCzygQAjIynT44YKCttyslS1KQ","direction":"incoming"} 
[2026-05-05 21:07:08] production.INFO: Spam call blocked {"call_control_id":"v3:Dqs6ylvKKTiMfaH7FQQSXeBQnadQvCzygQAjIynT44YKCttyslS1KQ","from":"+13124295431","reason":"blocked_list","attestation":null} 
[2026-05-05 21:07:09] production.INFO: Call command sent: hangup {"call_control_id":"v3:Dqs6ylvKKTiMfaH7FQQSXeBQnadQvCzygQAjIynT44YKCttyslS1KQ","result":"ok"} 
[2026-05-05 21:07:09] production.INFO: Telnyx voice webhook received {"event_type":"call.hangup","call_control_id":"v3:Dqs6ylvKKTiMfaH7FQQSXeBQnadQvCzygQAjIynT44YKCttyslS1KQ","direction":null} 
[2026-05-05 21:07:09] production.INFO: Blocked call hangup (status preserved) {"call_control_id":"v3:Dqs6ylvKKTiMfaH7FQQSXeBQnadQvCzygQAjIynT44YKCttyslS1KQ","hangup_cause":"normal_clearing"} 
[2026-05-05 21:07:10] production.INFO: Telnyx voice webhook received {"event_type":"call.initiated","call_control_id":"v3:wNJXdg51tXMuqy3YZ88LXP-7ojhLDD18B29VJK_RKqqeHD6YI3JDDg","direction":"incoming"} 
[2026-05-05 21:07:10] production.INFO: Spam call blocked {"call_control_id":"v3:wNJXdg51tXMuqy3YZ88LXP-7ojhLDD18B29VJK_RKqqeHD6YI3JDDg","from":"+13124295431","reason":"blocked_list","attestation":null} 
[2026-05-05 21:07:10] production.INFO: Call command sent: hangup {"call_control_id":"v3:wNJXdg51tXMuqy3YZ88LXP-7ojhLDD18B29VJK_RKqqeHD6YI3JDDg","result":"ok"} 
[2026-05-05 21:07:10] production.INFO: Telnyx voice webhook received {"event_type":"call.hangup","call_control_id":"v3:wNJXdg51tXMuqy3YZ88LXP-7ojhLDD18B29VJK_RKqqeHD6YI3JDDg","direction":null} 
[2026-05-05 21:07:10] production.INFO: Blocked call hangup (status preserved) {"call_control_id":"v3:wNJXdg51tXMuqy3YZ88LXP-7ojhLDD18B29VJK_RKqqeHD6YI3JDDg","hangup_cause":"normal_clearing"} 
[2026-05-05 21:07:12] production.INFO: Telnyx voice webhook received {"event_type":"call.initiated","call_control_id":"v3:N5vkfcZquOry_4gOppkKXF2N6KwuiNmB_1wkVDPIBkHFFuNUTJpHlA","direction":"incoming"} 
[2026-05-05 21:07:12] production.INFO: Spam call blocked {"call_control_id":"v3:N5vkfcZquOry_4gOppkKXF2N6KwuiNmB_1wkVDPIBkHFFuNUTJpHlA","from":"+13124295431","reason":"blocked_list","attestation":null} 
[2026-05-05 21:07:13] production.INFO: Call command sent: hangup {"call_control_id":"v3:N5vkfcZquOry_4gOppkKXF2N6KwuiNmB_1wkVDPIBkHFFuNUTJpHlA","result":"ok"} 
[2026-05-05 21:07:13] production.INFO: Telnyx voice webhook received {"event_type":"call.hangup","call_control_id":"v3:N5vkfcZquOry_4gOppkKXF2N6KwuiNmB_1wkVDPIBkHFFuNUTJpHlA","direction":null} 
[2026-05-05 21:07:13] production.INFO: Blocked call hangup (status preserved) {"call_control_id":"v3:N5vkfcZquOry_4gOppkKXF2N6KwuiNmB_1wkVDPIBkHFFuNUTJpHlA","hangup_cause":"normal_clearing"} 
[2026-05-05 21:07:13] production.INFO: Telnyx voice webhook received {"event_type":"call.initiated","call_control_id":"v3:phKy9XpcR-SwSuRz2jFqYo5ghWRpRh1ADmCN34buM_axZVidk8d8aQ","direction":"incoming"} 
[2026-05-05 21:07:13] production.INFO: Spam call blocked {"call_control_id":"v3:phKy9XpcR-SwSuRz2jFqYo5ghWRpRh1ADmCN34buM_axZVidk8d8aQ","from":"+13124295431","reason":"blocked_list","attestation":null} 
[2026-05-05 21:07:14] production.INFO: Call command sent: hangup {"call_control_id":"v3:phKy9XpcR-SwSuRz2jFqYo5ghWRpRh1ADmCN34buM_axZVidk8d8aQ","result":"ok"} 
[2026-05-05 21:07:14] production.INFO: Telnyx voice webhook received {"event_type":"call.hangup","call_control_id":"v3:phKy9XpcR-SwSuRz2jFqYo5ghWRpRh1ADmCN34buM_axZVidk8d8aQ","direction":null} 
[2026-05-05 21:07:14] production.INFO: Blocked call hangup (status preserved) {"call_control_id":"v3:phKy9XpcR-SwSuRz2jFqYo5ghWRpRh1ADmCN34buM_axZVidk8d8aQ","hangup_cause":"normal_clearing"} 
[2026-05-05 21:07:15] production.INFO: Telnyx voice webhook received {"event_type":"call.initiated","call_control_id":"v3:1y972mnPrv1IabpQZ36Cq6P2ZFJzB_cUymbBJckf5pbui5FIZ6ulNg","direction":"incoming"} 
[2026-05-05 21:07:15] production.INFO: Spam call blocked {"call_control_id":"v3:1y972mnPrv1IabpQZ36Cq6P2ZFJzB_cUymbBJckf5pbui5FIZ6ulNg","from":"+13124295431","reason":"blocked_list","attestation":null} 
[2026-05-05 21:07:15] production.INFO: Call command sent: hangup {"call_control_id":"v3:1y972mnPrv1IabpQZ36Cq6P2ZFJzB_cUymbBJckf5pbui5FIZ6ulNg","result":"ok"} 
[2026-05-05 21:07:15] production.INFO: Telnyx voice webhook received {"event_type":"call.hangup","call_control_id":"v3:1y972mnPrv1IabpQZ36Cq6P2ZFJzB_cUymbBJckf5pbui5FIZ6ulNg","direction":null} 
[2026-05-05 21:07:15] production.INFO: Blocked call hangup (status preserved) {"call_control_id":"v3:1y972mnPrv1IabpQZ36Cq6P2ZFJzB_cUymbBJckf5pbui5FIZ6ulNg","hangup_cause":"normal_clearing"} 
[2026-05-05 21:07:17] production.INFO: Telnyx voice webhook received {"event_type":"call.initiated","call_control_id":"v3:mtD4zeiZaQ0ceDTD4736O_L0ZtYoctTnF6w0gjG918THHZ3WIlaQiA","direction":"incoming"} 
[2026-05-05 21:07:17] production.INFO: Spam call blocked {"call_control_id":"v3:mtD4zeiZaQ0ceDTD4736O_L0ZtYoctTnF6w0gjG918THHZ3WIlaQiA","from":"+13124295431","reason":"blocked_list","attestation":null} 
[2026-05-05 21:07:17] production.INFO: Call command sent: hangup {"call_control_id":"v3:mtD4zeiZaQ0ceDTD4736O_L0ZtYoctTnF6w0gjG918THHZ3WIlaQiA","result":"ok"} 
[2026-05-05 21:07:17] production.INFO: Telnyx voice webhook received {"event_type":"call.hangup","call_control_id":"v3:mtD4zeiZaQ0ceDTD4736O_L0ZtYoctTnF6w0gjG918THHZ3WIlaQiA","direction":null} 
[2026-05-05 21:07:17] production.INFO: Blocked call hangup (status preserved) {"call_control_id":"v3:mtD4zeiZaQ0ceDTD4736O_L0ZtYoctTnF6w0gjG918THHZ3WIlaQiA","hangup_cause":"normal_clearing"} 
[2026-05-05 21:07:18] production.INFO: Telnyx voice webhook received {"event_type":"call.initiated","call_control_id":"v3:JkLPUfhq5X0Gdq765yl6FILFFVaZ2s0Suy1qen49igL13ePo7qH0wA","direction":"incoming"} 
[2026-05-05 21:07:18] production.INFO: Spam call blocked {"call_control_id":"v3:JkLPUfhq5X0Gdq765yl6FILFFVaZ2s0Suy1qen49igL13ePo7qH0wA","from":"+13124295431","reason":"blocked_list","attestation":null} 
[2026-05-05 21:07:18] production.INFO: Call command sent: hangup {"call_control_id":"v3:JkLPUfhq5X0Gdq765yl6FILFFVaZ2s0Suy1qen49igL13ePo7qH0wA","result":"ok"} 
[2026-05-05 21:07:18] production.INFO: Telnyx voice webhook received {"event_type":"call.hangup","call_control_id":"v3:JkLPUfhq5X0Gdq765yl6FILFFVaZ2s0Suy1qen49igL13ePo7qH0wA","direction":null} 
[2026-05-05 21:07:18] production.INFO: Blocked call hangup (status preserved) {"call_control_id":"v3:JkLPUfhq5X0Gdq765yl6FILFFVaZ2s0Suy1qen49igL13ePo7qH0wA","hangup_cause":"normal_clearing"} 
[2026-05-05 21:07:20] production.INFO: Telnyx voice webhook received {"event_type":"call.initiated","call_control_id":"v3:mabqTSaY7NovINxlCtzO0WXWiqa1tQ3yMkbIqaSaORpjnX7ZHT46XQ","direction":"incoming"} 
[2026-05-05 21:07:20] production.INFO: Spam call blocked {"call_control_id":"v3:mabqTSaY7NovINxlCtzO0WXWiqa1tQ3yMkbIqaSaORpjnX7ZHT46XQ","from":"+13124295431","reason":"blocked_list","attestation":null} 
[2026-05-05 21:07:20] production.INFO: Call command sent: hangup {"call_control_id":"v3:mabqTSaY7NovINxlCtzO0WXWiqa1tQ3yMkbIqaSaORpjnX7ZHT46XQ","result":"ok"} 
[2026-05-05 21:07:20] production.INFO: Telnyx voice webhook received {"event_type":"call.hangup","call_control_id":"v3:mabqTSaY7NovINxlCtzO0WXWiqa1tQ3yMkbIqaSaORpjnX7ZHT46XQ","direction":null} 
[2026-05-05 21:07:20] production.INFO: Blocked call hangup (status preserved) {"call_control_id":"v3:mabqTSaY7NovINxlCtzO0WXWiqa1tQ3yMkbIqaSaORpjnX7ZHT46XQ","hangup_cause":"normal_clearing"} 
[2026-05-05 21:07:21] production.INFO: Telnyx voice webhook received {"event_type":"call.initiated","call_control_id":"v3:RUKgbHkhvMwak51jgKjgh7vCx3mkrixTTO90Z2CPoJZvCwmwJnXOLw","direction":"incoming"} 
[2026-05-05 21:07:21] production.INFO: Spam call blocked {"call_control_id":"v3:RUKgbHkhvMwak51jgKjgh7vCx3mkrixTTO90Z2CPoJZvCwmwJnXOLw","from":"+13124295431","reason":"blocked_list","attestation":null} 
[2026-05-05 21:07:21] production.INFO: Call command sent: hangup {"call_control_id":"v3:RUKgbHkhvMwak51jgKjgh7vCx3mkrixTTO90Z2CPoJZvCwmwJnXOLw","result":"ok"} 
[2026-05-05 21:07:21] production.INFO: Telnyx voice webhook received {"event_type":"call.hangup","call_control_id":"v3:RUKgbHkhvMwak51jgKjgh7vCx3mkrixTTO90Z2CPoJZvCwmwJnXOLw","direction":null} 
[2026-05-05 21:07:21] production.INFO: Blocked call hangup (status preserved) {"call_control_id":"v3:RUKgbHkhvMwak51jgKjgh7vCx3mkrixTTO90Z2CPoJZvCwmwJnXOLw","hangup_cause":"normal_clearing"} 
[2026-05-05 21:07:24] production.INFO: Telnyx voice webhook received {"event_type":"call.initiated","call_control_id":"v3:V6x0Vbm3bBP7ggMD059p6qiedcZzYxhTASUm0Di6ZGP91rx20KzSYA","direction":"incoming"} 
[2026-05-05 21:07:24] production.INFO: Spam call blocked {"call_control_id":"v3:V6x0Vbm3bBP7ggMD059p6qiedcZzYxhTASUm0Di6ZGP91rx20KzSYA","from":"+13124295431","reason":"blocked_list","attestation":null} 
[2026-05-05 21:07:24] production.INFO: Call command sent: hangup {"call_control_id":"v3:V6x0Vbm3bBP7ggMD059p6qiedcZzYxhTASUm0Di6ZGP91rx20KzSYA","result":"ok"} 
[2026-05-05 21:07:24] production.INFO: Telnyx voice webhook received {"event_type":"call.hangup","call_control_id":"v3:V6x0Vbm3bBP7ggMD059p6qiedcZzYxhTASUm0Di6ZGP91rx20KzSYA","direction":null} 
[2026-05-05 21:07:24] production.INFO: Blocked call hangup (status preserved) {"call_control_id":"v3:V6x0Vbm3bBP7ggMD059p6qiedcZzYxhTASUm0Di6ZGP91rx20KzSYA","hangup_cause":"normal_clearing"} 
[2026-05-05 21:07:25] production.INFO: Telnyx voice webhook received {"event_type":"call.initiated","call_control_id":"v3:5WkNck00FbtHeJ899WtSsUR_rd8Kuz6b17YK13kvfIJaXqB1YmuGTA","direction":"incoming"} 
[2026-05-05 21:07:25] production.INFO: Spam call blocked {"call_control_id":"v3:5WkNck00FbtHeJ899WtSsUR_rd8Kuz6b17YK13kvfIJaXqB1YmuGTA","from":"+13124295431","reason":"blocked_list","attestation":null} 
[2026-05-05 21:07:25] production.INFO: Call command sent: hangup {"call_control_id":"v3:5WkNck00FbtHeJ899WtSsUR_rd8Kuz6b17YK13kvfIJaXqB1YmuGTA","result":"ok"} 
[2026-05-05 21:07:25] production.INFO: Telnyx voice webhook received {"event_type":"call.hangup","call_control_id":"v3:5WkNck00FbtHeJ899WtSsUR_rd8Kuz6b17YK13kvfIJaXqB1YmuGTA","direction":null} 
[2026-05-05 21:07:25] production.INFO: Blocked call hangup (status preserved) {"call_control_id":"v3:5WkNck00FbtHeJ899WtSsUR_rd8Kuz6b17YK13kvfIJaXqB1YmuGTA","hangup_cause":"normal_clearing"} 
[2026-05-05 21:07:27] production.INFO: Telnyx voice webhook received {"event_type":"call.initiated","call_control_id":"v3:FUK24shvZfR2UMyPkfLs5kn6DII121lR0PgxZr88shJkIgbLgcA0qg","direction":"incoming"} 
[2026-05-05 21:07:27] production.INFO: Spam call blocked {"call_control_id":"v3:FUK24shvZfR2UMyPkfLs5kn6DII121lR0PgxZr88shJkIgbLgcA0qg","from":"+13124295431","reason":"blocked_list","attestation":null} 
[2026-05-05 21:07:27] production.INFO: Call command sent: hangup {"call_control_id":"v3:FUK24shvZfR2UMyPkfLs5kn6DII121lR0PgxZr88shJkIgbLgcA0qg","result":"ok"} 
[2026-05-05 21:07:27] production.INFO: Telnyx voice webhook received {"event_type":"call.hangup","call_control_id":"v3:FUK24shvZfR2UMyPkfLs5kn6DII121lR0PgxZr88shJkIgbLgcA0qg","direction":null} 
[2026-05-05 21:07:27] production.INFO: Blocked call hangup (status preserved) {"call_control_id":"v3:FUK24shvZfR2UMyPkfLs5kn6DII121lR0PgxZr88shJkIgbLgcA0qg","hangup_cause":"normal_clearing"} 
[2026-05-05 21:07:29] production.INFO: Telnyx voice webhook received {"event_type":"call.initiated","call_control_id":"v3:ihYh-5AZ2uP-q7j_FrJ_ZF6G7Ynt9VibpgG4G0v1BPJjpg_G8cPDTQ","direction":"incoming"} 
[2026-05-05 21:07:29] production.INFO: Spam call blocked {"call_control_id":"v3:ihYh-5AZ2uP-q7j_FrJ_ZF6G7Ynt9VibpgG4G0v1BPJjpg_G8cPDTQ","from":"+13124295431","reason":"blocked_list","attestation":null} 
[2026-05-05 21:07:29] production.INFO: Call command sent: hangup {"call_control_id":"v3:ihYh-5AZ2uP-q7j_FrJ_ZF6G7Ynt9VibpgG4G0v1BPJjpg_G8cPDTQ","result":"ok"} 
[2026-05-05 21:07:29] production.INFO: Telnyx voice webhook received {"event_type":"call.hangup","call_control_id":"v3:ihYh-5AZ2uP-q7j_FrJ_ZF6G7Ynt9VibpgG4G0v1BPJjpg_G8cPDTQ","direction":null} 
[2026-05-05 21:07:29] production.INFO: Blocked call hangup (status preserved) {"call_control_id":"v3:ihYh-5AZ2uP-q7j_FrJ_ZF6G7Ynt9VibpgG4G0v1BPJjpg_G8cPDTQ","hangup_cause":"normal_clearing"} 
[2026-05-05 21:07:30] production.INFO: Telnyx voice webhook received {"event_type":"call.initiated","call_control_id":"v3:B7xno_vfxzGqXsWdmBqBH8UcuiS8dy26su1eNYKQEFwyEW_KZ5DtXQ","direction":"incoming"} 
[2026-05-05 21:07:30] production.INFO: Spam call blocked {"call_control_id":"v3:B7xno_vfxzGqXsWdmBqBH8UcuiS8dy26su1eNYKQEFwyEW_KZ5DtXQ","from":"+13124295431","reason":"blocked_list","attestation":null} 
[2026-05-05 21:07:30] production.INFO: Call command sent: hangup {"call_control_id":"v3:B7xno_vfxzGqXsWdmBqBH8UcuiS8dy26su1eNYKQEFwyEW_KZ5DtXQ","result":"ok"} 
[2026-05-05 21:07:30] production.INFO: Telnyx voice webhook received {"event_type":"call.hangup","call_control_id":"v3:B7xno_vfxzGqXsWdmBqBH8UcuiS8dy26su1eNYKQEFwyEW_KZ5DtXQ","direction":null} 
[2026-05-05 21:07:30] production.INFO: Blocked call hangup (status preserved) {"call_control_id":"v3:B7xno_vfxzGqXsWdmBqBH8UcuiS8dy26su1eNYKQEFwyEW_KZ5DtXQ","hangup_cause":"normal_clearing"} 
[2026-05-05 21:07:36] production.INFO: Telnyx voice webhook received {"event_type":"call.initiated","call_control_id":"v3:Fw16hY-7eb6ppcpjDMsI2oNOheYidLhBNpoArEBwmitXG5CY-jZrDg","direction":"incoming"} 
[2026-05-05 21:07:36] production.INFO: Spam call blocked {"call_control_id":"v3:Fw16hY-7eb6ppcpjDMsI2oNOheYidLhBNpoArEBwmitXG5CY-jZrDg","from":"+13124295431","reason":"blocked_list","attestation":null} 
[2026-05-05 21:07:36] production.INFO: Call command sent: hangup {"call_control_id":"v3:Fw16hY-7eb6ppcpjDMsI2oNOheYidLhBNpoArEBwmitXG5CY-jZrDg","result":"ok"} 
[2026-05-05 21:07:37] production.INFO: Telnyx voice webhook received {"event_type":"call.hangup","call_control_id":"v3:Fw16hY-7eb6ppcpjDMsI2oNOheYidLhBNpoArEBwmitXG5CY-jZrDg","direction":null} 
[2026-05-05 21:07:37] production.INFO: Blocked call hangup (status preserved) {"call_control_id":"v3:Fw16hY-7eb6ppcpjDMsI2oNOheYidLhBNpoArEBwmitXG5CY-jZrDg","hangup_cause":"normal_clearing"} 
[2026-05-05 21:07:37] production.INFO: Telnyx voice webhook received {"event_type":"call.initiated","call_control_id":"v3:xQJIWc_rZ82etXA6XP7NkFhD4rodJbbTRVA6DGYTue2xNywl4KC9zA","direction":"incoming"} 
[2026-05-05 21:07:37] production.INFO: Spam call blocked {"call_control_id":"v3:xQJIWc_rZ82etXA6XP7NkFhD4rodJbbTRVA6DGYTue2xNywl4KC9zA","from":"+13124295431","reason":"blocked_list","attestation":null} 
[2026-05-05 21:07:37] production.INFO: Call command sent: hangup {"call_control_id":"v3:xQJIWc_rZ82etXA6XP7NkFhD4rodJbbTRVA6DGYTue2xNywl4KC9zA","result":"ok"} 
[2026-05-05 21:07:37] production.INFO: Telnyx voice webhook received {"event_type":"call.hangup","call_control_id":"v3:xQJIWc_rZ82etXA6XP7NkFhD4rodJbbTRVA6DGYTue2xNywl4KC9zA","direction":null} 
[2026-05-05 21:07:37] production.INFO: Blocked call hangup (status preserved) {"call_control_id":"v3:xQJIWc_rZ82etXA6XP7NkFhD4rodJbbTRVA6DGYTue2xNywl4KC9zA","hangup_cause":"normal_clearing"} 
[2026-05-05 21:07:57] production.DEBUG: Push notification delivered {"endpoint":"https://web.push.apple.com/QJnqrnzJg9xule8bhPY8CE20AFCRYEqQblM8TaB0eTcRZ7HDySHVw…","status":201} 
[2026-05-05 21:07:57] production.DEBUG: Push notification delivered {"endpoint":"https://wns2-ch1p.notify.windows.com/w/?token=BQYAAAAQe2hvIFkElPQKFh5BKOEEEpIVqW…","status":201,"wns_status":"received","wns_msg_id":"17B73A5941442B14","wns_debug":"CH1PEPF00006E9F","content_encoding":"aes128gcm","response_body":""} 
[2026-05-05 21:07:57] production.INFO: Telnyx webhook received {"event_type":"message.sent","message_id":"40319df9-f80f-45db-958d-722a8e12a995"} 
[2026-05-05 21:07:57] production.INFO: Message sent {"id":"40319df9-f80f-45db-958d-722a8e12a995","to":"+18478097344","from":"+12247354200"} 
[2026-05-05 21:07:57] production.INFO: Telnyx webhook received {"event_type":"message.finalized","message_id":"40319df9-f80f-45db-958d-722a8e12a995"} 
[2026-05-05 21:07:57] production.INFO: Message finalized {"id":"40319df9-f80f-45db-958d-722a8e12a995","to":"+18478097344","status":"delivered"} 
[2026-05-05 21:11:02] production.INFO: Telnyx voice webhook received {"event_type":"call.initiated","call_control_id":"v3:P2Cl1iJWaKVPp-ga3W_z75B7Jye_Iqf-bW-hOVAQklprwflKfgfFGA","direction":"incoming"} 
[2026-05-05 21:11:02] production.INFO: Incoming call - answering {"call_control_id":"v3:P2Cl1iJWaKVPp-ga3W_z75B7Jye_Iqf-bW-hOVAQklprwflKfgfFGA","from":"+18478097344","to":"+12247354200","caller_user_id":37,"caller_name":"Jennifer Peterson"} 
[2026-05-05 21:11:03] production.INFO: Call command sent: answer {"call_control_id":"v3:P2Cl1iJWaKVPp-ga3W_z75B7Jye_Iqf-bW-hOVAQklprwflKfgfFGA","result":"ok"} 
[2026-05-05 21:11:03] production.INFO: Telnyx voice webhook received {"event_type":"call.answered","call_control_id":"v3:P2Cl1iJWaKVPp-ga3W_z75B7Jye_Iqf-bW-hOVAQklprwflKfgfFGA","direction":null} 
[2026-05-05 21:11:03] production.INFO: Playing welcome TTS and dialing admins simultaneously {"call_control_id":"v3:P2Cl1iJWaKVPp-ga3W_z75B7Jye_Iqf-bW-hOVAQklprwflKfgfFGA","tts":"<speak version=\"1.0\" xml:lang=\"en-US\"><break time=\"400ms\"/><prosody rate=\"+15%\">Good afternoon Jennifer! One moment while we connect you to the GS Crew.</prosody><break time=\"400ms\"/></speak>","is_known_caller":true} 
[2026-05-05 21:11:03] production.INFO: Call command sent: speak {"call_control_id":"v3:P2Cl1iJWaKVPp-ga3W_z75B7Jye_Iqf-bW-hOVAQklprwflKfgfFGA","result":"ok"} 
[2026-05-05 21:11:04] production.DEBUG: Push notification delivered {"endpoint":"https://web.push.apple.com/QDkJcfxcMRPW4uLNUaYZ21nDUMJHCJ-cyja1FMQcNEv6qKbL-ec_s…","status":201} 
[2026-05-05 21:11:04] production.DEBUG: Push notification delivered {"endpoint":"https://fcm.googleapis.com/fcm/send/cYR-NIq4nms:APA91bEppjWa7ZIrYxviNuWljHyZ7qnu…","status":201} 
[2026-05-05 21:11:04] production.DEBUG: Push notification delivered {"endpoint":"https://wns2-by3p.notify.windows.com/w/?token=BQYAAACU%2bKDb9Gyej4KtbEbQJBisasbB…","status":201,"wns_status":"received","wns_msg_id":"5BCEF5434B69CFD0","wns_debug":"BY3PEPF0001AB30","content_encoding":"aes128gcm","response_body":""} 
[2026-05-05 21:11:04] production.INFO: Dialed admin {"admin_user_id":1,"admin_name":"Patryk Szady","phone":"+12249993880","admin_call_control_id":"v3:4nMyl_a1RuIVIL3iIdAT9VUtgyTgm3Pm9jHO0T1p0F9f4OQXfqDn2g"} 
[2026-05-05 21:11:04] production.INFO: Telnyx voice webhook received {"event_type":"call.speak.started","call_control_id":"v3:P2Cl1iJWaKVPp-ga3W_z75B7Jye_Iqf-bW-hOVAQklprwflKfgfFGA","direction":null} 
[2026-05-05 21:11:04] production.INFO: TTS speak started {"call_control_id":"v3:P2Cl1iJWaKVPp-ga3W_z75B7Jye_Iqf-bW-hOVAQklprwflKfgfFGA"} 
[2026-05-05 21:11:04] production.INFO: Telnyx voice webhook received {"event_type":"call.initiated","call_control_id":"v3:4nMyl_a1RuIVIL3iIdAT9VUtgyTgm3Pm9jHO0T1p0F9f4OQXfqDn2g","direction":"outgoing"} 
[2026-05-05 21:11:04] production.INFO: Outbound call initiated {"call_control_id":"v3:4nMyl_a1RuIVIL3iIdAT9VUtgyTgm3Pm9jHO0T1p0F9f4OQXfqDn2g","to":"+12249993880"} 
[2026-05-05 21:11:04] production.DEBUG: Push notification delivered {"endpoint":"https://web.push.apple.com/QDkJcfxcMRPW4uLNUaYZ21nDUMJHCJ-cyja1FMQcNEv6qKbL-ec_s…","status":201} 
[2026-05-05 21:11:04] production.DEBUG: Push notification delivered {"endpoint":"https://fcm.googleapis.com/fcm/send/cYR-NIq4nms:APA91bEppjWa7ZIrYxviNuWljHyZ7qnu…","status":201} 
[2026-05-05 21:11:04] production.DEBUG: Push notification delivered {"endpoint":"https://wns2-by3p.notify.windows.com/w/?token=BQYAAACU%2bKDb9Gyej4KtbEbQJBisasbB…","status":201,"wns_status":"received","wns_msg_id":"5A6AD9097DCA59DA","wns_debug":"BY3PEPF0000E96E","content_encoding":"aes128gcm","response_body":""} 
[2026-05-05 21:11:06] production.INFO: Telnyx voice webhook received {"event_type":"call.answered","call_control_id":"v3:4nMyl_a1RuIVIL3iIdAT9VUtgyTgm3Pm9jHO0T1p0F9f4OQXfqDn2g","direction":null} 
[2026-05-05 21:11:06] production.INFO: Playing admin screening prompt {"admin_call_control_id":"v3:4nMyl_a1RuIVIL3iIdAT9VUtgyTgm3Pm9jHO0T1p0F9f4OQXfqDn2g","call_log_id":972,"admin_user_id":1,"is_late_answerer":false,"caller_label":"Jennifer Peterson"} 
[2026-05-05 21:11:07] production.INFO: Call command sent: speak {"call_control_id":"v3:4nMyl_a1RuIVIL3iIdAT9VUtgyTgm3Pm9jHO0T1p0F9f4OQXfqDn2g","result":"ok"} 
[2026-05-05 21:11:07] production.INFO: Telnyx voice webhook received {"event_type":"call.speak.started","call_control_id":"v3:4nMyl_a1RuIVIL3iIdAT9VUtgyTgm3Pm9jHO0T1p0F9f4OQXfqDn2g","direction":null} 
[2026-05-05 21:11:07] production.INFO: TTS speak started {"call_control_id":"v3:4nMyl_a1RuIVIL3iIdAT9VUtgyTgm3Pm9jHO0T1p0F9f4OQXfqDn2g"} 
[2026-05-05 21:11:08] production.INFO: Telnyx webhook received {"event_type":"message.received","message_id":"ec11d86d-3062-4a69-a1bf-5154168f5f06"} 
[2026-05-05 21:11:08] production.INFO: Inbound SMS received {"id":"ec11d86d-3062-4a69-a1bf-5154168f5f06","from":"+18476449480","to":"+12247354200","all_to":["+12247354200","+18476449490"],"text":"Okay, sounds good. Thank you!","media_count":0,"type":"MMS"} 
[2026-05-05 21:11:09] production.DEBUG: Push notification delivered {"endpoint":"https://web.push.apple.com/QDkJcfxcMRPW4uLNUaYZ21nDUMJHCJ-cyja1FMQcNEv6qKbL-ec_s…","status":201} 
[2026-05-05 21:11:09] production.DEBUG: Push notification delivered {"endpoint":"https://fcm.googleapis.com/fcm/send/cYR-NIq4nms:APA91bEppjWa7ZIrYxviNuWljHyZ7qnu…","status":201} 
[2026-05-05 21:11:09] production.DEBUG: Push notification delivered {"endpoint":"https://wns2-by3p.notify.windows.com/w/?token=BQYAAACU%2bKDb9Gyej4KtbEbQJBisasbB…","status":201,"wns_status":"received","wns_msg_id":"796EB37E1AA5F2FE","wns_debug":"BY3PEPF0000E994","content_encoding":"aes128gcm","response_body":""} 
[2026-05-05 21:11:10] production.DEBUG: Push notification delivered {"endpoint":"https://wns2-ch1p.notify.windows.com/w/?token=BQYAAAAQe2hvIFkElPQKFh5BKOEEEpIVqW…","status":201,"wns_status":"received","wns_msg_id":"67445C6A4918D1D9","wns_debug":"CH1PEPF00006F0A","content_encoding":"aes128gcm","response_body":""} 
[2026-05-05 21:11:10] production.INFO: Telnyx voice webhook received {"event_type":"call.speak.ended","call_control_id":"v3:P2Cl1iJWaKVPp-ga3W_z75B7Jye_Iqf-bW-hOVAQklprwflKfgfFGA","direction":null} 
[2026-05-05 21:11:10] production.INFO: handleCallSpeakEnded ENTRY {"call_control_id":"v3:P2Cl1iJWaKVPp-ga3W_z75B7Jye_Iqf-bW-hOVAQklprwflKfgfFGA","action":"welcome_done","client_state":{"action":"welcome_done","call_log_id":972,"original_caller":"+18478097344"},"client_state_raw_present":true} 
[2026-05-05 21:11:10] production.INFO: TTS completed — no admin answered yet, playing ringback {"call_control_id":"v3:P2Cl1iJWaKVPp-ga3W_z75B7Jye_Iqf-bW-hOVAQklprwflKfgfFGA","call_log_id":972} 
[2026-05-05 21:11:10] production.DEBUG: Push notification delivered {"endpoint":"https://web.push.apple.com/QJnqrnzJg9xule8bhPY8CE20AFCRYEqQblM8TaB0eTcRZ7HDySHVw…","status":201} 
[2026-05-05 21:11:10] production.INFO: Call command sent: playback_start {"call_control_id":"v3:P2Cl1iJWaKVPp-ga3W_z75B7Jye_Iqf-bW-hOVAQklprwflKfgfFGA","result":"ok"} 
[2026-05-05 21:11:10] production.INFO: Telnyx voice webhook received {"event_type":"call.playback.started","call_control_id":"v3:P2Cl1iJWaKVPp-ga3W_z75B7Jye_Iqf-bW-hOVAQklprwflKfgfFGA","direction":null} 
[2026-05-05 21:11:10] production.INFO: Unhandled voice event {"event_type":"call.playback.started"} 
[2026-05-05 21:11:12] production.INFO: Telnyx voice webhook received {"event_type":"call.speak.ended","call_control_id":"v3:4nMyl_a1RuIVIL3iIdAT9VUtgyTgm3Pm9jHO0T1p0F9f4OQXfqDn2g","direction":null} 
[2026-05-05 21:11:12] production.INFO: handleCallSpeakEnded ENTRY {"call_control_id":"v3:4nMyl_a1RuIVIL3iIdAT9VUtgyTgm3Pm9jHO0T1p0F9f4OQXfqDn2g","action":"admin_screen_done","client_state":{"action":"admin_screen_done","call_log_id":972,"incoming_call_control_id":"v3:P2Cl1iJWaKVPp-ga3W_z75B7Jye_Iqf-bW-hOVAQklprwflKfgfFGA","admin_user_id":1,"conference_id":null},"client_state_raw_present":true} 
[2026-05-05 21:11:12] production.INFO: First admin answered — bridging without prompt {"admin_call_control_id":"v3:4nMyl_a1RuIVIL3iIdAT9VUtgyTgm3Pm9jHO0T1p0F9f4OQXfqDn2g","incoming_call_control_id":"v3:P2Cl1iJWaKVPp-ga3W_z75B7Jye_Iqf-bW-hOVAQklprwflKfgfFGA","call_log_id":972,"admin_user_id":1} 
[2026-05-05 21:11:13] production.INFO: Creating conference with caller as first participant {"call_log_id":972,"conference_name":"call_972_a500002f","incoming_call_control_id":"v3:P2Cl1iJWaKVPp-ga3W_z75B7Jye_Iqf-bW-hOVAQklprwflKfgfFGA","admin_call_control_id":"v3:4nMyl_a1RuIVIL3iIdAT9VUtgyTgm3Pm9jHO0T1p0F9f4OQXfqDn2g","admin_user_id":1} 
[2026-05-05 21:11:13] production.INFO: Call command sent: playback_stop {"call_control_id":"v3:P2Cl1iJWaKVPp-ga3W_z75B7Jye_Iqf-bW-hOVAQklprwflKfgfFGA","result":"ok"} 
[2026-05-05 21:11:13] production.INFO: Telnyx voice webhook received {"event_type":"call.playback.ended","call_control_id":"v3:P2Cl1iJWaKVPp-ga3W_z75B7Jye_Iqf-bW-hOVAQklprwflKfgfFGA","direction":null} 
[2026-05-05 21:11:13] production.INFO: Call command sent: playback_stop {"call_control_id":"v3:4nMyl_a1RuIVIL3iIdAT9VUtgyTgm3Pm9jHO0T1p0F9f4OQXfqDn2g","result":"ok"} 
[2026-05-05 21:11:13] production.INFO: Call command sent: playback_start {"call_control_id":"v3:P2Cl1iJWaKVPp-ga3W_z75B7Jye_Iqf-bW-hOVAQklprwflKfgfFGA","result":"ok"} 
[2026-05-05 21:11:13] production.INFO: Conference created {"name":"call_972_a500002f","conference_id":"9c477a94-ffab-4a98-90b4-a0b70b16a54f","beneficiary_call_control_id":"v3:P2Cl1iJWaKVPp-ga3W_z75B7Jye_Iqf-bW-hOVAQklprwflKfgfFGA"} 
[2026-05-05 21:11:13] production.INFO: Telnyx voice webhook received {"event_type":"call.playback.ended","call_control_id":"v3:P2Cl1iJWaKVPp-ga3W_z75B7Jye_Iqf-bW-hOVAQklprwflKfgfFGA","direction":null} 
[2026-05-05 21:11:14] production.INFO: Telnyx voice webhook received {"event_type":"call.playback.started","call_control_id":"v3:P2Cl1iJWaKVPp-ga3W_z75B7Jye_Iqf-bW-hOVAQklprwflKfgfFGA","direction":null} 
[2026-05-05 21:11:14] production.INFO: Unhandled voice event {"event_type":"call.playback.started"} 
[2026-05-05 21:11:14] production.INFO: Telnyx voice webhook received {"event_type":"conference.floor.changed","call_control_id":"v3:P2Cl1iJWaKVPp-ga3W_z75B7Jye_Iqf-bW-hOVAQklprwflKfgfFGA","direction":null} 
[2026-05-05 21:11:14] production.INFO: Unhandled voice event {"event_type":"conference.floor.changed"} 
[2026-05-05 21:11:14] production.INFO: Telnyx voice webhook received {"event_type":"conference.created","call_control_id":"v3:P2Cl1iJWaKVPp-ga3W_z75B7Jye_Iqf-bW-hOVAQklprwflKfgfFGA","direction":null} 
[2026-05-05 21:11:14] production.INFO: Unhandled voice event {"event_type":"conference.created"} 
[2026-05-05 21:11:14] production.INFO: Telnyx voice webhook received {"event_type":"conference.participant.joined","call_control_id":"v3:P2Cl1iJWaKVPp-ga3W_z75B7Jye_Iqf-bW-hOVAQklprwflKfgfFGA","direction":null} 
[2026-05-05 21:11:14] production.INFO: Unhandled voice event {"event_type":"conference.participant.joined"} 
[2026-05-05 21:11:14] production.INFO: Joined conference {"conference_id":"9c477a94-ffab-4a98-90b4-a0b70b16a54f","call_control_id":"v3:4nMyl_a1RuIVIL3iIdAT9VUtgyTgm3Pm9jHO0T1p0F9f4OQXfqDn2g"} 
[2026-05-05 21:11:14] production.INFO: Telnyx voice webhook received {"event_type":"conference.participant.joined","call_control_id":"v3:4nMyl_a1RuIVIL3iIdAT9VUtgyTgm3Pm9jHO0T1p0F9f4OQXfqDn2g","direction":null} 
[2026-05-05 21:11:14] production.INFO: Unhandled voice event {"event_type":"conference.participant.joined"} 
[2026-05-05 21:11:14] production.INFO: Telnyx voice webhook received {"event_type":"conference.floor.changed","call_control_id":"v3:4nMyl_a1RuIVIL3iIdAT9VUtgyTgm3Pm9jHO0T1p0F9f4OQXfqDn2g","direction":null} 
[2026-05-05 21:11:14] production.INFO: Unhandled voice event {"event_type":"conference.floor.changed"} 
[2026-05-05 21:11:16] production.INFO: Telnyx voice webhook received {"event_type":"conference.floor.changed","call_control_id":"v3:4nMyl_a1RuIVIL3iIdAT9VUtgyTgm3Pm9jHO0T1p0F9f4OQXfqDn2g","direction":null} 
[2026-05-05 21:11:16] production.INFO: Unhandled voice event {"event_type":"conference.floor.changed"} 
[2026-05-05 21:11:18] production.INFO: Telnyx voice webhook received {"event_type":"conference.floor.changed","call_control_id":"v3:4nMyl_a1RuIVIL3iIdAT9VUtgyTgm3Pm9jHO0T1p0F9f4OQXfqDn2g","direction":null} 
[2026-05-05 21:11:18] production.INFO: Unhandled voice event {"event_type":"conference.floor.changed"} 
[2026-05-05 21:11:24] production.INFO: Telnyx voice webhook received {"event_type":"conference.floor.changed","call_control_id":"v3:4nMyl_a1RuIVIL3iIdAT9VUtgyTgm3Pm9jHO0T1p0F9f4OQXfqDn2g","direction":null} 
[2026-05-05 21:11:24] production.INFO: Unhandled voice event {"event_type":"conference.floor.changed"} 
[2026-05-05 21:11:25] production.INFO: Telnyx voice webhook received {"event_type":"conference.floor.changed","call_control_id":"v3:4nMyl_a1RuIVIL3iIdAT9VUtgyTgm3Pm9jHO0T1p0F9f4OQXfqDn2g","direction":null} 
[2026-05-05 21:11:25] production.INFO: Unhandled voice event {"event_type":"conference.floor.changed"} 
[2026-05-05 21:11:27] production.INFO: Telnyx webhook received {"event_type":"message.received","message_id":"e59bd295-3525-4587-90c6-31bf9ed31b51"} 
[2026-05-05 21:11:27] production.INFO: Inbound SMS received {"id":"e59bd295-3525-4587-90c6-31bf9ed31b51","from":"+18476449480","to":"+12247354200","all_to":["+12247354200","+18476449490"],"text":"Love the pics in the website!","media_count":0,"type":"MMS"} 
[2026-05-05 21:11:30] production.DEBUG: Push notification delivered {"endpoint":"https://web.push.apple.com/QDkJcfxcMRPW4uLNUaYZ21nDUMJHCJ-cyja1FMQcNEv6qKbL-ec_s…","status":201} 
[2026-05-05 21:11:30] production.DEBUG: Push notification delivered {"endpoint":"https://fcm.googleapis.com/fcm/send/cYR-NIq4nms:APA91bEppjWa7ZIrYxviNuWljHyZ7qnu…","status":201} 
[2026-05-05 21:11:30] production.DEBUG: Push notification delivered {"endpoint":"https://wns2-by3p.notify.windows.com/w/?token=BQYAAACU%2bKDb9Gyej4KtbEbQJBisasbB…","status":201,"wns_status":"received","wns_msg_id":"5705FB471F6B5547","wns_debug":"BY3PEPF0000FF2C","content_encoding":"aes128gcm","response_body":""} 
[2026-05-05 21:11:31] production.DEBUG: Push notification delivered {"endpoint":"https://wns2-ch1p.notify.windows.com/w/?token=BQYAAAAQe2hvIFkElPQKFh5BKOEEEpIVqW…","status":201,"wns_status":"received","wns_msg_id":"245DE2B41361C92F","wns_debug":"CH1PEPF00006E1D","content_encoding":"aes128gcm","response_body":""} 
[2026-05-05 21:11:31] production.DEBUG: Push notification delivered {"endpoint":"https://web.push.apple.com/QJnqrnzJg9xule8bhPY8CE20AFCRYEqQblM8TaB0eTcRZ7HDySHVw…","status":201} 
[2026-05-05 21:11:34] production.INFO: Telnyx voice webhook received {"event_type":"conference.floor.changed","call_control_id":"v3:4nMyl_a1RuIVIL3iIdAT9VUtgyTgm3Pm9jHO0T1p0F9f4OQXfqDn2g","direction":null} 
[2026-05-05 21:11:34] production.INFO: Unhandled voice event {"event_type":"conference.floor.changed"} 
[2026-05-05 21:11:42] production.INFO: Telnyx voice webhook received {"event_type":"call.initiated","call_control_id":"v3:vwqlU_fbCuaKrpwNeOeO0Czi9m9Ajkgci_ioyNFVaQ6kgn-3XADTQQ","direction":"incoming"} 
[2026-05-05 21:11:42] production.INFO: Incoming call - answering {"call_control_id":"v3:vwqlU_fbCuaKrpwNeOeO0Czi9m9Ajkgci_ioyNFVaQ6kgn-3XADTQQ","from":"+17732513666","to":"+12247354200","caller_user_id":409,"caller_name":"Mark Brodson"} 
[2026-05-05 21:11:42] production.INFO: Call command sent: answer {"call_control_id":"v3:vwqlU_fbCuaKrpwNeOeO0Czi9m9Ajkgci_ioyNFVaQ6kgn-3XADTQQ","result":"ok"} 
[2026-05-05 21:11:43] production.INFO: Telnyx voice webhook received {"event_type":"call.answered","call_control_id":"v3:vwqlU_fbCuaKrpwNeOeO0Czi9m9Ajkgci_ioyNFVaQ6kgn-3XADTQQ","direction":null} 
[2026-05-05 21:11:43] production.INFO: Playing welcome TTS and dialing admins simultaneously {"call_control_id":"v3:vwqlU_fbCuaKrpwNeOeO0Czi9m9Ajkgci_ioyNFVaQ6kgn-3XADTQQ","tts":"<speak version=\"1.0\" xml:lang=\"en-US\"><break time=\"400ms\"/><prosody rate=\"+15%\">Good afternoon Mark! One moment while we connect you to the GS Crew.</prosody><break time=\"400ms\"/></speak>","is_known_caller":true} 
[2026-05-05 21:11:43] production.INFO: Call command sent: speak {"call_control_id":"v3:vwqlU_fbCuaKrpwNeOeO0Czi9m9Ajkgci_ioyNFVaQ6kgn-3XADTQQ","result":"ok"} 
[2026-05-05 21:11:43] production.INFO: Dialed admin {"admin_user_id":1,"admin_name":"Patryk Szady","phone":"+12249993880","admin_call_control_id":"v3:YWMKltxEDupa56ef8e_chJc8Ank6XbfljOTgiul4t4W4XWbC_B8r4g"} 
[2026-05-05 21:11:43] production.INFO: Telnyx voice webhook received {"event_type":"call.initiated","call_control_id":"v3:YWMKltxEDupa56ef8e_chJc8Ank6XbfljOTgiul4t4W4XWbC_B8r4g","direction":"outgoing"} 
[2026-05-05 21:11:43] production.INFO: Outbound call initiated {"call_control_id":"v3:YWMKltxEDupa56ef8e_chJc8Ank6XbfljOTgiul4t4W4XWbC_B8r4g","to":"+12249993880"} 
[2026-05-05 21:11:43] production.INFO: Telnyx voice webhook received {"event_type":"call.speak.started","call_control_id":"v3:vwqlU_fbCuaKrpwNeOeO0Czi9m9Ajkgci_ioyNFVaQ6kgn-3XADTQQ","direction":null} 
[2026-05-05 21:11:43] production.INFO: TTS speak started {"call_control_id":"v3:vwqlU_fbCuaKrpwNeOeO0Czi9m9Ajkgci_ioyNFVaQ6kgn-3XADTQQ"} 
[2026-05-05 21:11:45] production.DEBUG: Push notification delivered {"endpoint":"https://web.push.apple.com/QDkJcfxcMRPW4uLNUaYZ21nDUMJHCJ-cyja1FMQcNEv6qKbL-ec_s…","status":201} 
[2026-05-05 21:11:45] production.DEBUG: Push notification delivered {"endpoint":"https://fcm.googleapis.com/fcm/send/cYR-NIq4nms:APA91bEppjWa7ZIrYxviNuWljHyZ7qnu…","status":201} 
[2026-05-05 21:11:45] production.DEBUG: Push notification delivered {"endpoint":"https://wns2-by3p.notify.windows.com/w/?token=BQYAAACU%2bKDb9Gyej4KtbEbQJBisasbB…","status":201,"wns_status":"received","wns_msg_id":"4BB7CAB91F27AB85","wns_debug":"BY3PEPF0001AAE2","content_encoding":"aes128gcm","response_body":""} 
[2026-05-05 21:11:46] production.DEBUG: Push notification delivered {"endpoint":"https://web.push.apple.com/QDkJcfxcMRPW4uLNUaYZ21nDUMJHCJ-cyja1FMQcNEv6qKbL-ec_s…","status":201} 
[2026-05-05 21:11:46] production.DEBUG: Push notification delivered {"endpoint":"https://fcm.googleapis.com/fcm/send/cYR-NIq4nms:APA91bEppjWa7ZIrYxviNuWljHyZ7qnu…","status":201} 
[2026-05-05 21:11:46] production.DEBUG: Push notification delivered {"endpoint":"https://wns2-by3p.notify.windows.com/w/?token=BQYAAACU%2bKDb9Gyej4KtbEbQJBisasbB…","status":201,"wns_status":"received","wns_msg_id":"5CD4675965030589","wns_debug":"BY3PEPF0000E9CA","content_encoding":"aes128gcm","response_body":""} 
[2026-05-05 21:11:48] production.INFO: Telnyx voice webhook received {"event_type":"call.speak.ended","call_control_id":"v3:vwqlU_fbCuaKrpwNeOeO0Czi9m9Ajkgci_ioyNFVaQ6kgn-3XADTQQ","direction":null} 
[2026-05-05 21:11:48] production.INFO: handleCallSpeakEnded ENTRY {"call_control_id":"v3:vwqlU_fbCuaKrpwNeOeO0Czi9m9Ajkgci_ioyNFVaQ6kgn-3XADTQQ","action":"welcome_done","client_state":{"action":"welcome_done","call_log_id":973,"original_caller":"+17732513666"},"client_state_raw_present":true} 
[2026-05-05 21:11:48] production.INFO: TTS completed — no admin answered yet, playing ringback {"call_control_id":"v3:vwqlU_fbCuaKrpwNeOeO0Czi9m9Ajkgci_ioyNFVaQ6kgn-3XADTQQ","call_log_id":973} 
[2026-05-05 21:11:48] production.INFO: Call command sent: playback_start {"call_control_id":"v3:vwqlU_fbCuaKrpwNeOeO0Czi9m9Ajkgci_ioyNFVaQ6kgn-3XADTQQ","result":"ok"} 
[2026-05-05 21:11:49] production.INFO: Telnyx voice webhook received {"event_type":"call.playback.started","call_control_id":"v3:vwqlU_fbCuaKrpwNeOeO0Czi9m9Ajkgci_ioyNFVaQ6kgn-3XADTQQ","direction":null} 
[2026-05-05 21:11:49] production.INFO: Unhandled voice event {"event_type":"call.playback.started"} 
[2026-05-05 21:11:50] production.INFO: Telnyx voice webhook received {"event_type":"conference.floor.changed","call_control_id":"v3:4nMyl_a1RuIVIL3iIdAT9VUtgyTgm3Pm9jHO0T1p0F9f4OQXfqDn2g","direction":null} 
[2026-05-05 21:11:50] production.INFO: Unhandled voice event {"event_type":"conference.floor.changed"} 
[2026-05-05 21:11:58] production.INFO: Telnyx voice webhook received {"event_type":"call.hangup","call_control_id":"v3:YWMKltxEDupa56ef8e_chJc8Ank6XbfljOTgiul4t4W4XWbC_B8r4g","direction":null} 
[2026-05-05 21:11:58] production.INFO: Admin ring leg hung up {"admin_call_control_id":"v3:YWMKltxEDupa56ef8e_chJc8Ank6XbfljOTgiul4t4W4XWbC_B8r4g","hangup_cause":"timeout","call_log_id":973,"incoming_call_control_id":"v3:vwqlU_fbCuaKrpwNeOeO0Czi9m9Ajkgci_ioyNFVaQ6kgn-3XADTQQ"} 
[2026-05-05 21:11:58] production.INFO: Admin removed from pending list {"removed_id":"v3:YWMKltxEDupa56ef8e_chJc8Ank6XbfljOTgiul4t4W4XWbC_B8r4g","was_in_list":true,"had_joined_conference":false,"remaining_ringing_count":0,"remaining_joined_count":0,"call_log_id":973} 
[2026-05-05 21:11:58] production.INFO: All admin legs failed — triggering voicemail {"incoming_call_control_id":"v3:vwqlU_fbCuaKrpwNeOeO0Czi9m9Ajkgci_ioyNFVaQ6kgn-3XADTQQ","call_log_id":973} 
[2026-05-05 21:11:58] production.INFO: Telnyx voice webhook received {"event_type":"conference.floor.changed","call_control_id":"v3:4nMyl_a1RuIVIL3iIdAT9VUtgyTgm3Pm9jHO0T1p0F9f4OQXfqDn2g","direction":null} 
[2026-05-05 21:11:58] production.INFO: Unhandled voice event {"event_type":"conference.floor.changed"} 
[2026-05-05 21:11:58] production.INFO: Call command sent: playback_stop {"call_control_id":"v3:vwqlU_fbCuaKrpwNeOeO0Czi9m9Ajkgci_ioyNFVaQ6kgn-3XADTQQ","result":"ok"} 
[2026-05-05 21:11:58] production.INFO: Playing voicemail IVR menu {"call_control_id":"v3:vwqlU_fbCuaKrpwNeOeO0Czi9m9Ajkgci_ioyNFVaQ6kgn-3XADTQQ","call_log_id":973,"ivr_prompt":"<speak version=\"1.0\" xml:lang=\"en-US\"><break time=\"400ms\"/><prosody rate=\"+15%\">GS Construction is not available right now. Mark, if this is an emergency, press 1 to re-dial. Press 2 to send a text on your behalf so the GS Crew knows to call you back ASAP. Or stay on the line to leave a voicemail.</prosody><break time=\"400ms\"/></speak>","is_known_caller":true} 
[2026-05-05 21:11:58] production.INFO: Telnyx voice webhook received {"event_type":"call.playback.ended","call_control_id":"v3:vwqlU_fbCuaKrpwNeOeO0Czi9m9Ajkgci_ioyNFVaQ6kgn-3XADTQQ","direction":null} 
[2026-05-05 21:11:58] production.INFO: Call command sent: gather_using_speak {"call_control_id":"v3:vwqlU_fbCuaKrpwNeOeO0Czi9m9Ajkgci_ioyNFVaQ6kgn-3XADTQQ","result":"ok"} 
[2026-05-05 21:11:59] production.INFO: Telnyx voice webhook received {"event_type":"call.speak.started","call_control_id":"v3:vwqlU_fbCuaKrpwNeOeO0Czi9m9Ajkgci_ioyNFVaQ6kgn-3XADTQQ","direction":null} 
[2026-05-05 21:11:59] production.INFO: TTS speak started {"call_control_id":"v3:vwqlU_fbCuaKrpwNeOeO0Czi9m9Ajkgci_ioyNFVaQ6kgn-3XADTQQ"} 
[2026-05-05 21:12:11] production.INFO: Telnyx voice webhook received {"event_type":"conference.floor.changed","call_control_id":"v3:4nMyl_a1RuIVIL3iIdAT9VUtgyTgm3Pm9jHO0T1p0F9f4OQXfqDn2g","direction":null} 
[2026-05-05 21:12:11] production.INFO: Unhandled voice event {"event_type":"conference.floor.changed"} 
[2026-05-05 21:12:12] production.INFO: Telnyx voice webhook received {"event_type":"conference.floor.changed","call_control_id":"v3:4nMyl_a1RuIVIL3iIdAT9VUtgyTgm3Pm9jHO0T1p0F9f4OQXfqDn2g","direction":null} 
[2026-05-05 21:12:12] production.INFO: Unhandled voice event {"event_type":"conference.floor.changed"} 
[2026-05-05 21:12:14] production.INFO: Telnyx voice webhook received {"event_type":"call.speak.ended","call_control_id":"v3:vwqlU_fbCuaKrpwNeOeO0Czi9m9Ajkgci_ioyNFVaQ6kgn-3XADTQQ","direction":null} 
[2026-05-05 21:12:14] production.INFO: handleCallSpeakEnded ENTRY {"call_control_id":"v3:vwqlU_fbCuaKrpwNeOeO0Czi9m9Ajkgci_ioyNFVaQ6kgn-3XADTQQ","action":"voicemail_ivr_menu","client_state":{"action":"voicemail_ivr_menu","call_log_id":973,"original_caller":"+17732513666","is_known_caller":true,"retry_count":0},"client_state_raw_present":true} 
[2026-05-05 21:12:16] production.INFO: Telnyx voice webhook received {"event_type":"call.gather.ended","call_control_id":"v3:vwqlU_fbCuaKrpwNeOeO0Czi9m9Ajkgci_ioyNFVaQ6kgn-3XADTQQ","direction":null} 
[2026-05-05 21:12:16] production.INFO: IVR gather ended {"call_control_id":"v3:vwqlU_fbCuaKrpwNeOeO0Czi9m9Ajkgci_ioyNFVaQ6kgn-3XADTQQ","digits":"","call_log_id":973} 
[2026-05-05 21:12:16] production.INFO: IVR: no digit pressed — playing voicemail greeting {"call_control_id":"v3:vwqlU_fbCuaKrpwNeOeO0Czi9m9Ajkgci_ioyNFVaQ6kgn-3XADTQQ","call_log_id":973} 
[2026-05-05 21:12:16] production.INFO: Call command sent: speak {"call_control_id":"v3:vwqlU_fbCuaKrpwNeOeO0Czi9m9Ajkgci_ioyNFVaQ6kgn-3XADTQQ","result":"ok"} 
[2026-05-05 21:12:17] production.INFO: Telnyx voice webhook received {"event_type":"call.speak.started","call_control_id":"v3:vwqlU_fbCuaKrpwNeOeO0Czi9m9Ajkgci_ioyNFVaQ6kgn-3XADTQQ","direction":null} 
[2026-05-05 21:12:17] production.INFO: TTS speak started {"call_control_id":"v3:vwqlU_fbCuaKrpwNeOeO0Czi9m9Ajkgci_ioyNFVaQ6kgn-3XADTQQ"} 
[2026-05-05 21:12:18] production.INFO: Telnyx voice webhook received {"event_type":"conference.floor.changed","call_control_id":"v3:4nMyl_a1RuIVIL3iIdAT9VUtgyTgm3Pm9jHO0T1p0F9f4OQXfqDn2g","direction":null} 
[2026-05-05 21:12:18] production.INFO: Unhandled voice event {"event_type":"conference.floor.changed"} 
[2026-05-05 21:12:22] production.INFO: Telnyx voice webhook received {"event_type":"call.speak.ended","call_control_id":"v3:vwqlU_fbCuaKrpwNeOeO0Czi9m9Ajkgci_ioyNFVaQ6kgn-3XADTQQ","direction":null} 
[2026-05-05 21:12:22] production.INFO: handleCallSpeakEnded ENTRY {"call_control_id":"v3:vwqlU_fbCuaKrpwNeOeO0Czi9m9Ajkgci_ioyNFVaQ6kgn-3XADTQQ","action":"voicemail_prompt_done","client_state":{"action":"voicemail_prompt_done","call_log_id":973},"client_state_raw_present":true} 
[2026-05-05 21:12:22] production.INFO: Voicemail prompt done — starting recording {"call_control_id":"v3:vwqlU_fbCuaKrpwNeOeO0Czi9m9Ajkgci_ioyNFVaQ6kgn-3XADTQQ"} 
[2026-05-05 21:12:22] production.INFO: Call command sent: record_start {"call_control_id":"v3:vwqlU_fbCuaKrpwNeOeO0Czi9m9Ajkgci_ioyNFVaQ6kgn-3XADTQQ","result":"ok"} 
[2026-05-05 21:12:25] production.INFO: Telnyx voice webhook received {"event_type":"conference.floor.changed","call_control_id":"v3:4nMyl_a1RuIVIL3iIdAT9VUtgyTgm3Pm9jHO0T1p0F9f4OQXfqDn2g","direction":null} 
[2026-05-05 21:12:25] production.INFO: Unhandled voice event {"event_type":"conference.floor.changed"} 
[2026-05-05 21:12:25] production.INFO: Telnyx voice webhook received {"event_type":"call.transcription","call_control_id":"v3:vwqlU_fbCuaKrpwNeOeO0Czi9m9Ajkgci_ioyNFVaQ6kgn-3XADTQQ","direction":null} 
[2026-05-05 21:12:25] production.INFO: Unhandled voice event {"event_type":"call.transcription"} 
[2026-05-05 21:12:26] production.INFO: Telnyx voice webhook received {"event_type":"call.transcription","call_control_id":"v3:vwqlU_fbCuaKrpwNeOeO0Czi9m9Ajkgci_ioyNFVaQ6kgn-3XADTQQ","direction":null} 
[2026-05-05 21:12:26] production.INFO: Unhandled voice event {"event_type":"call.transcription"} 
[2026-05-05 21:12:26] production.INFO: Telnyx voice webhook received {"event_type":"call.transcription","call_control_id":"v3:vwqlU_fbCuaKrpwNeOeO0Czi9m9Ajkgci_ioyNFVaQ6kgn-3XADTQQ","direction":null} 
[2026-05-05 21:12:26] production.INFO: Unhandled voice event {"event_type":"call.transcription"} 
[2026-05-05 21:12:26] production.INFO: Telnyx voice webhook received {"event_type":"call.transcription","call_control_id":"v3:vwqlU_fbCuaKrpwNeOeO0Czi9m9Ajkgci_ioyNFVaQ6kgn-3XADTQQ","direction":null} 
[2026-05-05 21:12:26] production.INFO: Unhandled voice event {"event_type":"call.transcription"} 
[2026-05-05 21:12:27] production.INFO: Telnyx voice webhook received {"event_type":"call.transcription","call_control_id":"v3:vwqlU_fbCuaKrpwNeOeO0Czi9m9Ajkgci_ioyNFVaQ6kgn-3XADTQQ","direction":null} 
[2026-05-05 21:12:27] production.INFO: Unhandled voice event {"event_type":"call.transcription"} 
[2026-05-05 21:12:27] production.INFO: Telnyx voice webhook received {"event_type":"call.transcription","call_control_id":"v3:vwqlU_fbCuaKrpwNeOeO0Czi9m9Ajkgci_ioyNFVaQ6kgn-3XADTQQ","direction":null} 
[2026-05-05 21:12:27] production.INFO: Unhandled voice event {"event_type":"call.transcription"} 
[2026-05-05 21:12:27] production.INFO: Telnyx voice webhook received {"event_type":"call.transcription","call_control_id":"v3:vwqlU_fbCuaKrpwNeOeO0Czi9m9Ajkgci_ioyNFVaQ6kgn-3XADTQQ","direction":null} 
[2026-05-05 21:12:27] production.INFO: Unhandled voice event {"event_type":"call.transcription"} 
[2026-05-05 21:12:28] production.INFO: Telnyx voice webhook received {"event_type":"call.transcription","call_control_id":"v3:vwqlU_fbCuaKrpwNeOeO0Czi9m9Ajkgci_ioyNFVaQ6kgn-3XADTQQ","direction":null} 
[2026-05-05 21:12:28] production.INFO: Unhandled voice event {"event_type":"call.transcription"} 
[2026-05-05 21:12:28] production.INFO: Telnyx voice webhook received {"event_type":"call.transcription","call_control_id":"v3:vwqlU_fbCuaKrpwNeOeO0Czi9m9Ajkgci_ioyNFVaQ6kgn-3XADTQQ","direction":null} 
[2026-05-05 21:12:28] production.INFO: Unhandled voice event {"event_type":"call.transcription"} 
[2026-05-05 21:12:28] production.INFO: Telnyx voice webhook received {"event_type":"call.transcription","call_control_id":"v3:vwqlU_fbCuaKrpwNeOeO0Czi9m9Ajkgci_ioyNFVaQ6kgn-3XADTQQ","direction":null} 
[2026-05-05 21:12:28] production.INFO: Unhandled voice event {"event_type":"call.transcription"} 
[2026-05-05 21:12:28] production.INFO: Telnyx voice webhook received {"event_type":"call.transcription","call_control_id":"v3:vwqlU_fbCuaKrpwNeOeO0Czi9m9Ajkgci_ioyNFVaQ6kgn-3XADTQQ","direction":null} 
[2026-05-05 21:12:28] production.INFO: Unhandled voice event {"event_type":"call.transcription"} 
[2026-05-05 21:12:28] production.INFO: Telnyx voice webhook received {"event_type":"call.transcription","call_control_id":"v3:vwqlU_fbCuaKrpwNeOeO0Czi9m9Ajkgci_ioyNFVaQ6kgn-3XADTQQ","direction":null} 
[2026-05-05 21:12:28] production.INFO: Unhandled voice event {"event_type":"call.transcription"} 
[2026-05-05 21:12:28] production.INFO: Telnyx voice webhook received {"event_type":"call.transcription","call_control_id":"v3:vwqlU_fbCuaKrpwNeOeO0Czi9m9Ajkgci_ioyNFVaQ6kgn-3XADTQQ","direction":null} 
[2026-05-05 21:12:28] production.INFO: Unhandled voice event {"event_type":"call.transcription"} 
[2026-05-05 21:12:29] production.INFO: Telnyx voice webhook received {"event_type":"call.transcription","call_control_id":"v3:vwqlU_fbCuaKrpwNeOeO0Czi9m9Ajkgci_ioyNFVaQ6kgn-3XADTQQ","direction":null} 
[2026-05-05 21:12:29] production.INFO: Unhandled voice event {"event_type":"call.transcription"} 
[2026-05-05 21:12:29] production.INFO: Telnyx voice webhook received {"event_type":"call.transcription","call_control_id":"v3:vwqlU_fbCuaKrpwNeOeO0Czi9m9Ajkgci_ioyNFVaQ6kgn-3XADTQQ","direction":null} 
[2026-05-05 21:12:29] production.INFO: Unhandled voice event {"event_type":"call.transcription"} 
[2026-05-05 21:12:29] production.INFO: Telnyx voice webhook received {"event_type":"call.transcription","call_control_id":"v3:vwqlU_fbCuaKrpwNeOeO0Czi9m9Ajkgci_ioyNFVaQ6kgn-3XADTQQ","direction":null} 
[2026-05-05 21:12:29] production.INFO: Unhandled voice event {"event_type":"call.transcription"} 
[2026-05-05 21:12:29] production.INFO: Telnyx voice webhook received {"event_type":"call.transcription","call_control_id":"v3:vwqlU_fbCuaKrpwNeOeO0Czi9m9Ajkgci_ioyNFVaQ6kgn-3XADTQQ","direction":null} 
[2026-05-05 21:12:29] production.INFO: Unhandled voice event {"event_type":"call.transcription"} 
[2026-05-05 21:12:29] production.INFO: Telnyx voice webhook received {"event_type":"call.transcription","call_control_id":"v3:vwqlU_fbCuaKrpwNeOeO0Czi9m9Ajkgci_ioyNFVaQ6kgn-3XADTQQ","direction":null} 
[2026-05-05 21:12:29] production.INFO: Unhandled voice event {"event_type":"call.transcription"} 
[2026-05-05 21:12:29] production.INFO: Telnyx voice webhook received {"event_type":"call.transcription","call_control_id":"v3:vwqlU_fbCuaKrpwNeOeO0Czi9m9Ajkgci_ioyNFVaQ6kgn-3XADTQQ","direction":null} 
[2026-05-05 21:12:29] production.INFO: Unhandled voice event {"event_type":"call.transcription"} 
[2026-05-05 21:12:30] production.INFO: Telnyx voice webhook received {"event_type":"call.transcription","call_control_id":"v3:vwqlU_fbCuaKrpwNeOeO0Czi9m9Ajkgci_ioyNFVaQ6kgn-3XADTQQ","direction":null} 
[2026-05-05 21:12:30] production.INFO: Unhandled voice event {"event_type":"call.transcription"} 
[2026-05-05 21:12:31] production.INFO: Telnyx voice webhook received {"event_type":"call.transcription","call_control_id":"v3:vwqlU_fbCuaKrpwNeOeO0Czi9m9Ajkgci_ioyNFVaQ6kgn-3XADTQQ","direction":null} 
[2026-05-05 21:12:31] production.INFO: Unhandled voice event {"event_type":"call.transcription"} 
[2026-05-05 21:12:31] production.INFO: Telnyx voice webhook received {"event_type":"call.transcription","call_control_id":"v3:vwqlU_fbCuaKrpwNeOeO0Czi9m9Ajkgci_ioyNFVaQ6kgn-3XADTQQ","direction":null} 
[2026-05-05 21:12:31] production.INFO: Unhandled voice event {"event_type":"call.transcription"} 
[2026-05-05 21:12:31] production.INFO: Telnyx voice webhook received {"event_type":"call.transcription","call_control_id":"v3:vwqlU_fbCuaKrpwNeOeO0Czi9m9Ajkgci_ioyNFVaQ6kgn-3XADTQQ","direction":null} 
[2026-05-05 21:12:31] production.INFO: Unhandled voice event {"event_type":"call.transcription"} 
[2026-05-05 21:12:31] production.INFO: Telnyx voice webhook received {"event_type":"call.transcription","call_control_id":"v3:vwqlU_fbCuaKrpwNeOeO0Czi9m9Ajkgci_ioyNFVaQ6kgn-3XADTQQ","direction":null} 
[2026-05-05 21:12:31] production.INFO: Unhandled voice event {"event_type":"call.transcription"} 
[2026-05-05 21:12:31] production.INFO: Telnyx voice webhook received {"event_type":"call.transcription","call_control_id":"v3:vwqlU_fbCuaKrpwNeOeO0Czi9m9Ajkgci_ioyNFVaQ6kgn-3XADTQQ","direction":null} 
[2026-05-05 21:12:31] production.INFO: Unhandled voice event {"event_type":"call.transcription"} 
[2026-05-05 21:12:31] production.INFO: Telnyx voice webhook received {"event_type":"call.transcription","call_control_id":"v3:vwqlU_fbCuaKrpwNeOeO0Czi9m9Ajkgci_ioyNFVaQ6kgn-3XADTQQ","direction":null} 
[2026-05-05 21:12:31] production.INFO: Unhandled voice event {"event_type":"call.transcription"} 
[2026-05-05 21:12:32] production.INFO: Telnyx voice webhook received {"event_type":"call.transcription","call_control_id":"v3:vwqlU_fbCuaKrpwNeOeO0Czi9m9Ajkgci_ioyNFVaQ6kgn-3XADTQQ","direction":null} 
[2026-05-05 21:12:32] production.INFO: Unhandled voice event {"event_type":"call.transcription"} 
[2026-05-05 21:12:32] production.INFO: Telnyx voice webhook received {"event_type":"call.transcription","call_control_id":"v3:vwqlU_fbCuaKrpwNeOeO0Czi9m9Ajkgci_ioyNFVaQ6kgn-3XADTQQ","direction":null} 
[2026-05-05 21:12:32] production.INFO: Unhandled voice event {"event_type":"call.transcription"} 
[2026-05-05 21:12:32] production.INFO: Telnyx voice webhook received {"event_type":"call.transcription","call_control_id":"v3:vwqlU_fbCuaKrpwNeOeO0Czi9m9Ajkgci_ioyNFVaQ6kgn-3XADTQQ","direction":null} 
[2026-05-05 21:12:32] production.INFO: Telnyx voice webhook received {"event_type":"call.transcription","call_control_id":"v3:vwqlU_fbCuaKrpwNeOeO0Czi9m9Ajkgci_ioyNFVaQ6kgn-3XADTQQ","direction":null} 
[2026-05-05 21:12:32] production.INFO: Unhandled voice event {"event_type":"call.transcription"} 
[2026-05-05 21:12:32] production.INFO: Unhandled voice event {"event_type":"call.transcription"} 
[2026-05-05 21:12:32] production.INFO: Telnyx voice webhook received {"event_type":"call.transcription","call_control_id":"v3:vwqlU_fbCuaKrpwNeOeO0Czi9m9Ajkgci_ioyNFVaQ6kgn-3XADTQQ","direction":null} 
[2026-05-05 21:12:32] production.INFO: Unhandled voice event {"event_type":"call.transcription"} 
[2026-05-05 21:12:32] production.INFO: Telnyx voice webhook received {"event_type":"call.transcription","call_control_id":"v3:vwqlU_fbCuaKrpwNeOeO0Czi9m9Ajkgci_ioyNFVaQ6kgn-3XADTQQ","direction":null} 
[2026-05-05 21:12:32] production.INFO: Unhandled voice event {"event_type":"call.transcription"} 
[2026-05-05 21:12:33] production.INFO: Telnyx voice webhook received {"event_type":"call.transcription","call_control_id":"v3:vwqlU_fbCuaKrpwNeOeO0Czi9m9Ajkgci_ioyNFVaQ6kgn-3XADTQQ","direction":null} 
[2026-05-05 21:12:33] production.INFO: Unhandled voice event {"event_type":"call.transcription"} 
[2026-05-05 21:12:33] production.INFO: Telnyx voice webhook received {"event_type":"call.transcription","call_control_id":"v3:vwqlU_fbCuaKrpwNeOeO0Czi9m9Ajkgci_ioyNFVaQ6kgn-3XADTQQ","direction":null} 
[2026-05-05 21:12:33] production.INFO: Unhandled voice event {"event_type":"call.transcription"} 
[2026-05-05 21:12:33] production.INFO: Telnyx voice webhook received {"event_type":"call.transcription","call_control_id":"v3:vwqlU_fbCuaKrpwNeOeO0Czi9m9Ajkgci_ioyNFVaQ6kgn-3XADTQQ","direction":null} 
[2026-05-05 21:12:33] production.INFO: Unhandled voice event {"event_type":"call.transcription"} 
[2026-05-05 21:12:33] production.INFO: Telnyx voice webhook received {"event_type":"call.transcription","call_control_id":"v3:vwqlU_fbCuaKrpwNeOeO0Czi9m9Ajkgci_ioyNFVaQ6kgn-3XADTQQ","direction":null} 
[2026-05-05 21:12:33] production.INFO: Unhandled voice event {"event_type":"call.transcription"} 
[2026-05-05 21:12:33] production.INFO: Telnyx voice webhook received {"event_type":"call.transcription","call_control_id":"v3:vwqlU_fbCuaKrpwNeOeO0Czi9m9Ajkgci_ioyNFVaQ6kgn-3XADTQQ","direction":null} 
[2026-05-05 21:12:33] production.INFO: Unhandled voice event {"event_type":"call.transcription"} 
[2026-05-05 21:12:33] production.INFO: Telnyx voice webhook received {"event_type":"call.transcription","call_control_id":"v3:vwqlU_fbCuaKrpwNeOeO0Czi9m9Ajkgci_ioyNFVaQ6kgn-3XADTQQ","direction":null} 
[2026-05-05 21:12:33] production.INFO: Unhandled voice event {"event_type":"call.transcription"} 
[2026-05-05 21:12:33] production.INFO: Telnyx voice webhook received {"event_type":"call.transcription","call_control_id":"v3:vwqlU_fbCuaKrpwNeOeO0Czi9m9Ajkgci_ioyNFVaQ6kgn-3XADTQQ","direction":null} 
[2026-05-05 21:12:33] production.INFO: Unhandled voice event {"event_type":"call.transcription"} 
[2026-05-05 21:12:33] production.INFO: Telnyx voice webhook received {"event_type":"call.transcription","call_control_id":"v3:vwqlU_fbCuaKrpwNeOeO0Czi9m9Ajkgci_ioyNFVaQ6kgn-3XADTQQ","direction":null} 
[2026-05-05 21:12:33] production.INFO: Unhandled voice event {"event_type":"call.transcription"} 
[2026-05-05 21:12:33] production.INFO: Telnyx voice webhook received {"event_type":"call.transcription","call_control_id":"v3:vwqlU_fbCuaKrpwNeOeO0Czi9m9Ajkgci_ioyNFVaQ6kgn-3XADTQQ","direction":null} 
[2026-05-05 21:12:33] production.INFO: Unhandled voice event {"event_type":"call.transcription"} 
[2026-05-05 21:12:33] production.INFO: Telnyx voice webhook received {"event_type":"call.transcription","call_control_id":"v3:vwqlU_fbCuaKrpwNeOeO0Czi9m9Ajkgci_ioyNFVaQ6kgn-3XADTQQ","direction":null} 
[2026-05-05 21:12:33] production.INFO: Unhandled voice event {"event_type":"call.transcription"} 
[2026-05-05 21:12:33] production.INFO: Telnyx voice webhook received {"event_type":"call.transcription","call_control_id":"v3:vwqlU_fbCuaKrpwNeOeO0Czi9m9Ajkgci_ioyNFVaQ6kgn-3XADTQQ","direction":null} 
[2026-05-05 21:12:33] production.INFO: Unhandled voice event {"event_type":"call.transcription"} 
[2026-05-05 21:12:33] production.INFO: Telnyx voice webhook received {"event_type":"call.transcription","call_control_id":"v3:vwqlU_fbCuaKrpwNeOeO0Czi9m9Ajkgci_ioyNFVaQ6kgn-3XADTQQ","direction":null} 
[2026-05-05 21:12:33] production.INFO: Unhandled voice event {"event_type":"call.transcription"} 
[2026-05-05 21:12:33] production.INFO: Telnyx voice webhook received {"event_type":"call.transcription","call_control_id":"v3:vwqlU_fbCuaKrpwNeOeO0Czi9m9Ajkgci_ioyNFVaQ6kgn-3XADTQQ","direction":null} 
[2026-05-05 21:12:33] production.INFO: Unhandled voice event {"event_type":"call.transcription"} 
[2026-05-05 21:12:33] production.INFO: Telnyx voice webhook received {"event_type":"call.transcription","call_control_id":"v3:vwqlU_fbCuaKrpwNeOeO0Czi9m9Ajkgci_ioyNFVaQ6kgn-3XADTQQ","direction":null} 
[2026-05-05 21:12:33] production.INFO: Unhandled voice event {"event_type":"call.transcription"} 
[2026-05-05 21:12:34] production.INFO: Telnyx voice webhook received {"event_type":"call.transcription","call_control_id":"v3:vwqlU_fbCuaKrpwNeOeO0Czi9m9Ajkgci_ioyNFVaQ6kgn-3XADTQQ","direction":null} 
[2026-05-05 21:12:34] production.INFO: Unhandled voice event {"event_type":"call.transcription"} 
[2026-05-05 21:12:34] production.INFO: Telnyx voice webhook received {"event_type":"call.transcription","call_control_id":"v3:vwqlU_fbCuaKrpwNeOeO0Czi9m9Ajkgci_ioyNFVaQ6kgn-3XADTQQ","direction":null} 
[2026-05-05 21:12:34] production.INFO: Unhandled voice event {"event_type":"call.transcription"} 
[2026-05-05 21:12:34] production.INFO: Telnyx voice webhook received {"event_type":"call.transcription","call_control_id":"v3:vwqlU_fbCuaKrpwNeOeO0Czi9m9Ajkgci_ioyNFVaQ6kgn-3XADTQQ","direction":null} 
[2026-05-05 21:12:34] production.INFO: Unhandled voice event {"event_type":"call.transcription"} 
[2026-05-05 21:12:34] production.INFO: Telnyx voice webhook received {"event_type":"call.transcription","call_control_id":"v3:vwqlU_fbCuaKrpwNeOeO0Czi9m9Ajkgci_ioyNFVaQ6kgn-3XADTQQ","direction":null} 
[2026-05-05 21:12:34] production.INFO: Unhandled voice event {"event_type":"call.transcription"} 
[2026-05-05 21:12:34] production.INFO: Telnyx voice webhook received {"event_type":"call.transcription","call_control_id":"v3:vwqlU_fbCuaKrpwNeOeO0Czi9m9Ajkgci_ioyNFVaQ6kgn-3XADTQQ","direction":null} 
[2026-05-05 21:12:34] production.INFO: Unhandled voice event {"event_type":"call.transcription"} 
[2026-05-05 21:12:34] production.INFO: Telnyx voice webhook received {"event_type":"call.transcription","call_control_id":"v3:vwqlU_fbCuaKrpwNeOeO0Czi9m9Ajkgci_ioyNFVaQ6kgn-3XADTQQ","direction":null} 
[2026-05-05 21:12:34] production.INFO: Unhandled voice event {"event_type":"call.transcription"} 
[2026-05-05 21:12:34] production.INFO: Telnyx voice webhook received {"event_type":"call.transcription","call_control_id":"v3:vwqlU_fbCuaKrpwNeOeO0Czi9m9Ajkgci_ioyNFVaQ6kgn-3XADTQQ","direction":null} 
[2026-05-05 21:12:34] production.INFO: Unhandled voice event {"event_type":"call.transcription"} 
[2026-05-05 21:12:34] production.INFO: Telnyx voice webhook received {"event_type":"call.transcription","call_control_id":"v3:vwqlU_fbCuaKrpwNeOeO0Czi9m9Ajkgci_ioyNFVaQ6kgn-3XADTQQ","direction":null} 
[2026-05-05 21:12:34] production.INFO: Unhandled voice event {"event_type":"call.transcription"} 
[2026-05-05 21:12:34] production.INFO: Telnyx voice webhook received {"event_type":"call.transcription","call_control_id":"v3:vwqlU_fbCuaKrpwNeOeO0Czi9m9Ajkgci_ioyNFVaQ6kgn-3XADTQQ","direction":null} 
[2026-05-05 21:12:34] production.INFO: Unhandled voice event {"event_type":"call.transcription"} 
[2026-05-05 21:12:34] production.INFO: Telnyx voice webhook received {"event_type":"call.transcription","call_control_id":"v3:vwqlU_fbCuaKrpwNeOeO0Czi9m9Ajkgci_ioyNFVaQ6kgn-3XADTQQ","direction":null} 
[2026-05-05 21:12:34] production.INFO: Unhandled voice event {"event_type":"call.transcription"} 
[2026-05-05 21:12:35] production.INFO: Telnyx voice webhook received {"event_type":"call.transcription","call_control_id":"v3:vwqlU_fbCuaKrpwNeOeO0Czi9m9Ajkgci_ioyNFVaQ6kgn-3XADTQQ","direction":null} 
[2026-05-05 21:12:35] production.INFO: Unhandled voice event {"event_type":"call.transcription"} 
[2026-05-05 21:12:35] production.INFO: Telnyx voice webhook received {"event_type":"call.transcription","call_control_id":"v3:vwqlU_fbCuaKrpwNeOeO0Czi9m9Ajkgci_ioyNFVaQ6kgn-3XADTQQ","direction":null} 
[2026-05-05 21:12:35] production.INFO: Unhandled voice event {"event_type":"call.transcription"} 
[2026-05-05 21:12:35] production.INFO: Telnyx voice webhook received {"event_type":"call.transcription","call_control_id":"v3:vwqlU_fbCuaKrpwNeOeO0Czi9m9Ajkgci_ioyNFVaQ6kgn-3XADTQQ","direction":null} 
[2026-05-05 21:12:35] production.INFO: Unhandled voice event {"event_type":"call.transcription"} 
[2026-05-05 21:12:35] production.INFO: Telnyx voice webhook received {"event_type":"call.transcription","call_control_id":"v3:vwqlU_fbCuaKrpwNeOeO0Czi9m9Ajkgci_ioyNFVaQ6kgn-3XADTQQ","direction":null} 
[2026-05-05 21:12:35] production.INFO: Unhandled voice event {"event_type":"call.transcription"} 
[2026-05-05 21:12:35] production.INFO: Telnyx voice webhook received {"event_type":"call.transcription","call_control_id":"v3:vwqlU_fbCuaKrpwNeOeO0Czi9m9Ajkgci_ioyNFVaQ6kgn-3XADTQQ","direction":null} 
[2026-05-05 21:12:35] production.INFO: Unhandled voice event {"event_type":"call.transcription"} 
[2026-05-05 21:12:35] production.INFO: Telnyx voice webhook received {"event_type":"call.transcription","call_control_id":"v3:vwqlU_fbCuaKrpwNeOeO0Czi9m9Ajkgci_ioyNFVaQ6kgn-3XADTQQ","direction":null} 
[2026-05-05 21:12:35] production.INFO: Unhandled voice event {"event_type":"call.transcription"} 
[2026-05-05 21:12:35] production.INFO: Telnyx voice webhook received {"event_type":"call.transcription","call_control_id":"v3:vwqlU_fbCuaKrpwNeOeO0Czi9m9Ajkgci_ioyNFVaQ6kgn-3XADTQQ","direction":null} 
[2026-05-05 21:12:35] production.INFO: Unhandled voice event {"event_type":"call.transcription"} 
[2026-05-05 21:12:35] production.INFO: Telnyx voice webhook received {"event_type":"call.transcription","call_control_id":"v3:vwqlU_fbCuaKrpwNeOeO0Czi9m9Ajkgci_ioyNFVaQ6kgn-3XADTQQ","direction":null} 
[2026-05-05 21:12:35] production.INFO: Unhandled voice event {"event_type":"call.transcription"} 
[2026-05-05 21:12:35] production.INFO: Telnyx voice webhook received {"event_type":"call.transcription","call_control_id":"v3:vwqlU_fbCuaKrpwNeOeO0Czi9m9Ajkgci_ioyNFVaQ6kgn-3XADTQQ","direction":null} 
[2026-05-05 21:12:35] production.INFO: Unhandled voice event {"event_type":"call.transcription"} 
[2026-05-05 21:12:35] production.INFO: Telnyx voice webhook received {"event_type":"call.transcription","call_control_id":"v3:vwqlU_fbCuaKrpwNeOeO0Czi9m9Ajkgci_ioyNFVaQ6kgn-3XADTQQ","direction":null} 
[2026-05-05 21:12:35] production.INFO: Unhandled voice event {"event_type":"call.transcription"} 
[2026-05-05 21:12:35] production.INFO: Telnyx voice webhook received {"event_type":"call.transcription","call_control_id":"v3:vwqlU_fbCuaKrpwNeOeO0Czi9m9Ajkgci_ioyNFVaQ6kgn-3XADTQQ","direction":null} 
[2026-05-05 21:12:35] production.INFO: Telnyx voice webhook received {"event_type":"call.transcription","call_control_id":"v3:vwqlU_fbCuaKrpwNeOeO0Czi9m9Ajkgci_ioyNFVaQ6kgn-3XADTQQ","direction":null} 
[2026-05-05 21:12:35] production.INFO: Unhandled voice event {"event_type":"call.transcription"} 
[2026-05-05 21:12:35] production.INFO: Unhandled voice event {"event_type":"call.transcription"} 
[2026-05-05 21:12:36] production.INFO: Telnyx voice webhook received {"event_type":"call.transcription","call_control_id":"v3:vwqlU_fbCuaKrpwNeOeO0Czi9m9Ajkgci_ioyNFVaQ6kgn-3XADTQQ","direction":null} 
[2026-05-05 21:12:36] production.INFO: Unhandled voice event {"event_type":"call.transcription"} 
[2026-05-05 21:12:36] production.INFO: Telnyx voice webhook received {"event_type":"call.transcription","call_control_id":"v3:vwqlU_fbCuaKrpwNeOeO0Czi9m9Ajkgci_ioyNFVaQ6kgn-3XADTQQ","direction":null} 
[2026-05-05 21:12:36] production.INFO: Unhandled voice event {"event_type":"call.transcription"} 
[2026-05-05 21:12:36] production.INFO: Telnyx voice webhook received {"event_type":"call.transcription","call_control_id":"v3:vwqlU_fbCuaKrpwNeOeO0Czi9m9Ajkgci_ioyNFVaQ6kgn-3XADTQQ","direction":null} 
[2026-05-05 21:12:36] production.INFO: Unhandled voice event {"event_type":"call.transcription"} 
[2026-05-05 21:12:36] production.INFO: Telnyx voice webhook received {"event_type":"call.transcription","call_control_id":"v3:vwqlU_fbCuaKrpwNeOeO0Czi9m9Ajkgci_ioyNFVaQ6kgn-3XADTQQ","direction":null} 
[2026-05-05 21:12:36] production.INFO: Unhandled voice event {"event_type":"call.transcription"} 
[2026-05-05 21:12:36] production.INFO: Telnyx voice webhook received {"event_type":"call.transcription","call_control_id":"v3:vwqlU_fbCuaKrpwNeOeO0Czi9m9Ajkgci_ioyNFVaQ6kgn-3XADTQQ","direction":null} 
[2026-05-05 21:12:36] production.INFO: Unhandled voice event {"event_type":"call.transcription"} 
[2026-05-05 21:12:36] production.INFO: Telnyx voice webhook received {"event_type":"conference.floor.changed","call_control_id":"v3:4nMyl_a1RuIVIL3iIdAT9VUtgyTgm3Pm9jHO0T1p0F9f4OQXfqDn2g","direction":null} 
[2026-05-05 21:12:36] production.INFO: Unhandled voice event {"event_type":"conference.floor.changed"} 
[2026-05-05 21:12:36] production.INFO: Telnyx voice webhook received {"event_type":"call.transcription","call_control_id":"v3:vwqlU_fbCuaKrpwNeOeO0Czi9m9Ajkgci_ioyNFVaQ6kgn-3XADTQQ","direction":null} 
[2026-05-05 21:12:36] production.INFO: Unhandled voice event {"event_type":"call.transcription"} 
[2026-05-05 21:12:36] production.INFO: Telnyx voice webhook received {"event_type":"call.transcription","call_control_id":"v3:vwqlU_fbCuaKrpwNeOeO0Czi9m9Ajkgci_ioyNFVaQ6kgn-3XADTQQ","direction":null} 
[2026-05-05 21:12:36] production.INFO: Unhandled voice event {"event_type":"call.transcription"} 
[2026-05-05 21:12:36] production.INFO: Telnyx voice webhook received {"event_type":"call.transcription","call_control_id":"v3:vwqlU_fbCuaKrpwNeOeO0Czi9m9Ajkgci_ioyNFVaQ6kgn-3XADTQQ","direction":null} 
[2026-05-05 21:12:36] production.INFO: Unhandled voice event {"event_type":"call.transcription"} 
[2026-05-05 21:12:36] production.INFO: Telnyx voice webhook received {"event_type":"call.transcription","call_control_id":"v3:vwqlU_fbCuaKrpwNeOeO0Czi9m9Ajkgci_ioyNFVaQ6kgn-3XADTQQ","direction":null} 
[2026-05-05 21:12:36] production.INFO: Telnyx voice webhook received {"event_type":"call.transcription","call_control_id":"v3:vwqlU_fbCuaKrpwNeOeO0Czi9m9Ajkgci_ioyNFVaQ6kgn-3XADTQQ","direction":null} 
[2026-05-05 21:12:36] production.INFO: Unhandled voice event {"event_type":"call.transcription"} 
[2026-05-05 21:12:36] production.INFO: Unhandled voice event {"event_type":"call.transcription"} 
[2026-05-05 21:12:37] production.INFO: Telnyx voice webhook received {"event_type":"call.transcription","call_control_id":"v3:vwqlU_fbCuaKrpwNeOeO0Czi9m9Ajkgci_ioyNFVaQ6kgn-3XADTQQ","direction":null} 
[2026-05-05 21:12:37] production.INFO: Unhandled voice event {"event_type":"call.transcription"} 
[2026-05-05 21:12:37] production.INFO: Telnyx voice webhook received {"event_type":"call.transcription","call_control_id":"v3:vwqlU_fbCuaKrpwNeOeO0Czi9m9Ajkgci_ioyNFVaQ6kgn-3XADTQQ","direction":null} 
[2026-05-05 21:12:37] production.INFO: Unhandled voice event {"event_type":"call.transcription"} 
[2026-05-05 21:12:37] production.INFO: Telnyx voice webhook received {"event_type":"call.transcription","call_control_id":"v3:vwqlU_fbCuaKrpwNeOeO0Czi9m9Ajkgci_ioyNFVaQ6kgn-3XADTQQ","direction":null} 
[2026-05-05 21:12:37] production.INFO: Unhandled voice event {"event_type":"call.transcription"} 
[2026-05-05 21:12:37] production.INFO: Telnyx voice webhook received {"event_type":"call.transcription","call_control_id":"v3:vwqlU_fbCuaKrpwNeOeO0Czi9m9Ajkgci_ioyNFVaQ6kgn-3XADTQQ","direction":null} 
[2026-05-05 21:12:37] production.INFO: Unhandled voice event {"event_type":"call.transcription"} 
[2026-05-05 21:12:37] production.INFO: Telnyx voice webhook received {"event_type":"call.transcription","call_control_id":"v3:vwqlU_fbCuaKrpwNeOeO0Czi9m9Ajkgci_ioyNFVaQ6kgn-3XADTQQ","direction":null} 
[2026-05-05 21:12:37] production.INFO: Unhandled voice event {"event_type":"call.transcription"} 
[2026-05-05 21:12:37] production.INFO: Telnyx voice webhook received {"event_type":"call.transcription","call_control_id":"v3:vwqlU_fbCuaKrpwNeOeO0Czi9m9Ajkgci_ioyNFVaQ6kgn-3XADTQQ","direction":null} 
[2026-05-05 21:12:37] production.INFO: Unhandled voice event {"event_type":"call.transcription"} 
[2026-05-05 21:12:37] production.INFO: Telnyx voice webhook received {"event_type":"call.transcription","call_control_id":"v3:vwqlU_fbCuaKrpwNeOeO0Czi9m9Ajkgci_ioyNFVaQ6kgn-3XADTQQ","direction":null} 
[2026-05-05 21:12:37] production.INFO: Unhandled voice event {"event_type":"call.transcription"} 
[2026-05-05 21:12:37] production.INFO: Telnyx voice webhook received {"event_type":"call.transcription","call_control_id":"v3:vwqlU_fbCuaKrpwNeOeO0Czi9m9Ajkgci_ioyNFVaQ6kgn-3XADTQQ","direction":null} 
[2026-05-05 21:12:37] production.INFO: Unhandled voice event {"event_type":"call.transcription"} 
[2026-05-05 21:12:37] production.INFO: Telnyx voice webhook received {"event_type":"call.transcription","call_control_id":"v3:vwqlU_fbCuaKrpwNeOeO0Czi9m9Ajkgci_ioyNFVaQ6kgn-3XADTQQ","direction":null} 
[2026-05-05 21:12:37] production.INFO: Unhandled voice event {"event_type":"call.transcription"} 
[2026-05-05 21:12:37] production.INFO: Telnyx voice webhook received {"event_type":"call.transcription","call_control_id":"v3:vwqlU_fbCuaKrpwNeOeO0Czi9m9Ajkgci_ioyNFVaQ6kgn-3XADTQQ","direction":null} 
[2026-05-05 21:12:37] production.INFO: Unhandled voice event {"event_type":"call.transcription"} 
[2026-05-05 21:12:37] production.INFO: Telnyx voice webhook received {"event_type":"call.transcription","call_control_id":"v3:vwqlU_fbCuaKrpwNeOeO0Czi9m9Ajkgci_ioyNFVaQ6kgn-3XADTQQ","direction":null} 
[2026-05-05 21:12:37] production.INFO: Unhandled voice event {"event_type":"call.transcription"} 
[2026-05-05 21:12:37] production.INFO: Telnyx voice webhook received {"event_type":"call.transcription","call_control_id":"v3:vwqlU_fbCuaKrpwNeOeO0Czi9m9Ajkgci_ioyNFVaQ6kgn-3XADTQQ","direction":null} 
[2026-05-05 21:12:37] production.INFO: Unhandled voice event {"event_type":"call.transcription"} 
[2026-05-05 21:12:38] production.INFO: Telnyx voice webhook received {"event_type":"call.transcription","call_control_id":"v3:vwqlU_fbCuaKrpwNeOeO0Czi9m9Ajkgci_ioyNFVaQ6kgn-3XADTQQ","direction":null} 
[2026-05-05 21:12:38] production.INFO: Unhandled voice event {"event_type":"call.transcription"} 
[2026-05-05 21:12:38] production.INFO: Telnyx voice webhook received {"event_type":"call.transcription","call_control_id":"v3:vwqlU_fbCuaKrpwNeOeO0Czi9m9Ajkgci_ioyNFVaQ6kgn-3XADTQQ","direction":null} 
[2026-05-05 21:12:38] production.INFO: Unhandled voice event {"event_type":"call.transcription"} 
[2026-05-05 21:12:38] production.INFO: Telnyx voice webhook received {"event_type":"call.transcription","call_control_id":"v3:vwqlU_fbCuaKrpwNeOeO0Czi9m9Ajkgci_ioyNFVaQ6kgn-3XADTQQ","direction":null} 
[2026-05-05 21:12:38] production.INFO: Unhandled voice event {"event_type":"call.transcription"} 
[2026-05-05 21:12:38] production.INFO: Telnyx voice webhook received {"event_type":"call.transcription","call_control_id":"v3:vwqlU_fbCuaKrpwNeOeO0Czi9m9Ajkgci_ioyNFVaQ6kgn-3XADTQQ","direction":null} 
[2026-05-05 21:12:38] production.INFO: Unhandled voice event {"event_type":"call.transcription"} 
[2026-05-05 21:12:38] production.INFO: Telnyx voice webhook received {"event_type":"call.transcription","call_control_id":"v3:vwqlU_fbCuaKrpwNeOeO0Czi9m9Ajkgci_ioyNFVaQ6kgn-3XADTQQ","direction":null} 
[2026-05-05 21:12:38] production.INFO: Unhandled voice event {"event_type":"call.transcription"} 
[2026-05-05 21:12:38] production.INFO: Telnyx voice webhook received {"event_type":"call.transcription","call_control_id":"v3:vwqlU_fbCuaKrpwNeOeO0Czi9m9Ajkgci_ioyNFVaQ6kgn-3XADTQQ","direction":null} 
[2026-05-05 21:12:38] production.INFO: Unhandled voice event {"event_type":"call.transcription"} 
[2026-05-05 21:12:38] production.INFO: Telnyx voice webhook received {"event_type":"call.transcription","call_control_id":"v3:vwqlU_fbCuaKrpwNeOeO0Czi9m9Ajkgci_ioyNFVaQ6kgn-3XADTQQ","direction":null} 
[2026-05-05 21:12:38] production.INFO: Unhandled voice event {"event_type":"call.transcription"} 
[2026-05-05 21:12:38] production.INFO: Telnyx voice webhook received {"event_type":"call.transcription","call_control_id":"v3:vwqlU_fbCuaKrpwNeOeO0Czi9m9Ajkgci_ioyNFVaQ6kgn-3XADTQQ","direction":null} 
[2026-05-05 21:12:38] production.INFO: Unhandled voice event {"event_type":"call.transcription"} 
[2026-05-05 21:12:38] production.INFO: Telnyx voice webhook received {"event_type":"call.transcription","call_control_id":"v3:vwqlU_fbCuaKrpwNeOeO0Czi9m9Ajkgci_ioyNFVaQ6kgn-3XADTQQ","direction":null} 
[2026-05-05 21:12:38] production.INFO: Unhandled voice event {"event_type":"call.transcription"} 
[2026-05-05 21:12:38] production.INFO: Telnyx voice webhook received {"event_type":"call.transcription","call_control_id":"v3:vwqlU_fbCuaKrpwNeOeO0Czi9m9Ajkgci_ioyNFVaQ6kgn-3XADTQQ","direction":null} 
[2026-05-05 21:12:38] production.INFO: Unhandled voice event {"event_type":"call.transcription"} 
[2026-05-05 21:12:38] production.INFO: Telnyx voice webhook received {"event_type":"call.transcription","call_control_id":"v3:vwqlU_fbCuaKrpwNeOeO0Czi9m9Ajkgci_ioyNFVaQ6kgn-3XADTQQ","direction":null} 
[2026-05-05 21:12:38] production.INFO: Unhandled voice event {"event_type":"call.transcription"} 
[2026-05-05 21:12:38] production.INFO: Telnyx voice webhook received {"event_type":"call.transcription","call_control_id":"v3:vwqlU_fbCuaKrpwNeOeO0Czi9m9Ajkgci_ioyNFVaQ6kgn-3XADTQQ","direction":null} 
[2026-05-05 21:12:38] production.INFO: Unhandled voice event {"event_type":"call.transcription"} 
[2026-05-05 21:12:38] production.INFO: Telnyx voice webhook received {"event_type":"call.transcription","call_control_id":"v3:vwqlU_fbCuaKrpwNeOeO0Czi9m9Ajkgci_ioyNFVaQ6kgn-3XADTQQ","direction":null} 
[2026-05-05 21:12:38] production.INFO: Unhandled voice event {"event_type":"call.transcription"} 
[2026-05-05 21:12:38] production.INFO: Telnyx voice webhook received {"event_type":"call.transcription","call_control_id":"v3:vwqlU_fbCuaKrpwNeOeO0Czi9m9Ajkgci_ioyNFVaQ6kgn-3XADTQQ","direction":null} 
[2026-05-05 21:12:38] production.INFO: Unhandled voice event {"event_type":"call.transcription"} 
[2026-05-05 21:12:39] production.INFO: Telnyx voice webhook received {"event_type":"call.transcription","call_control_id":"v3:vwqlU_fbCuaKrpwNeOeO0Czi9m9Ajkgci_ioyNFVaQ6kgn-3XADTQQ","direction":null} 
[2026-05-05 21:12:39] production.INFO: Telnyx voice webhook received {"event_type":"call.transcription","call_control_id":"v3:vwqlU_fbCuaKrpwNeOeO0Czi9m9Ajkgci_ioyNFVaQ6kgn-3XADTQQ","direction":null} 
[2026-05-05 21:12:39] production.INFO: Unhandled voice event {"event_type":"call.transcription"} 
[2026-05-05 21:12:39] production.INFO: Unhandled voice event {"event_type":"call.transcription"} 
[2026-05-05 21:12:39] production.INFO: Telnyx voice webhook received {"event_type":"call.transcription","call_control_id":"v3:vwqlU_fbCuaKrpwNeOeO0Czi9m9Ajkgci_ioyNFVaQ6kgn-3XADTQQ","direction":null} 
[2026-05-05 21:12:39] production.INFO: Unhandled voice event {"event_type":"call.transcription"} 
[2026-05-05 21:12:39] production.INFO: Telnyx voice webhook received {"event_type":"call.transcription","call_control_id":"v3:vwqlU_fbCuaKrpwNeOeO0Czi9m9Ajkgci_ioyNFVaQ6kgn-3XADTQQ","direction":null} 
[2026-05-05 21:12:39] production.INFO: Unhandled voice event {"event_type":"call.transcription"} 
[2026-05-05 21:12:39] production.INFO: Telnyx voice webhook received {"event_type":"call.transcription","call_control_id":"v3:vwqlU_fbCuaKrpwNeOeO0Czi9m9Ajkgci_ioyNFVaQ6kgn-3XADTQQ","direction":null} 
[2026-05-05 21:12:39] production.INFO: Unhandled voice event {"event_type":"call.transcription"} 
[2026-05-05 21:12:39] production.INFO: Telnyx voice webhook received {"event_type":"call.transcription","call_control_id":"v3:vwqlU_fbCuaKrpwNeOeO0Czi9m9Ajkgci_ioyNFVaQ6kgn-3XADTQQ","direction":null} 
[2026-05-05 21:12:39] production.INFO: Unhandled voice event {"event_type":"call.transcription"} 
[2026-05-05 21:12:39] production.INFO: Telnyx voice webhook received {"event_type":"call.transcription","call_control_id":"v3:vwqlU_fbCuaKrpwNeOeO0Czi9m9Ajkgci_ioyNFVaQ6kgn-3XADTQQ","direction":null} 
[2026-05-05 21:12:39] production.INFO: Unhandled voice event {"event_type":"call.transcription"} 
[2026-05-05 21:12:39] production.INFO: Telnyx voice webhook received {"event_type":"call.transcription","call_control_id":"v3:vwqlU_fbCuaKrpwNeOeO0Czi9m9Ajkgci_ioyNFVaQ6kgn-3XADTQQ","direction":null} 
[2026-05-05 21:12:39] production.INFO: Unhandled voice event {"event_type":"call.transcription"} 
[2026-05-05 21:12:39] production.INFO: Telnyx voice webhook received {"event_type":"call.transcription","call_control_id":"v3:vwqlU_fbCuaKrpwNeOeO0Czi9m9Ajkgci_ioyNFVaQ6kgn-3XADTQQ","direction":null} 
[2026-05-05 21:12:39] production.INFO: Unhandled voice event {"event_type":"call.transcription"} 
[2026-05-05 21:12:39] production.INFO: Telnyx voice webhook received {"event_type":"call.transcription","call_control_id":"v3:vwqlU_fbCuaKrpwNeOeO0Czi9m9Ajkgci_ioyNFVaQ6kgn-3XADTQQ","direction":null} 
[2026-05-05 21:12:39] production.INFO: Unhandled voice event {"event_type":"call.transcription"} 
[2026-05-05 21:12:39] production.INFO: Telnyx voice webhook received {"event_type":"call.transcription","call_control_id":"v3:vwqlU_fbCuaKrpwNeOeO0Czi9m9Ajkgci_ioyNFVaQ6kgn-3XADTQQ","direction":null} 
[2026-05-05 21:12:39] production.INFO: Unhandled voice event {"event_type":"call.transcription"} 
[2026-05-05 21:12:39] production.INFO: Telnyx voice webhook received {"event_type":"call.transcription","call_control_id":"v3:vwqlU_fbCuaKrpwNeOeO0Czi9m9Ajkgci_ioyNFVaQ6kgn-3XADTQQ","direction":null} 
[2026-05-05 21:12:39] production.INFO: Unhandled voice event {"event_type":"call.transcription"} 
[2026-05-05 21:12:39] production.INFO: Telnyx voice webhook received {"event_type":"call.transcription","call_control_id":"v3:vwqlU_fbCuaKrpwNeOeO0Czi9m9Ajkgci_ioyNFVaQ6kgn-3XADTQQ","direction":null} 
[2026-05-05 21:12:39] production.INFO: Unhandled voice event {"event_type":"call.transcription"} 
[2026-05-05 21:12:39] production.INFO: Telnyx voice webhook received {"event_type":"call.transcription","call_control_id":"v3:vwqlU_fbCuaKrpwNeOeO0Czi9m9Ajkgci_ioyNFVaQ6kgn-3XADTQQ","direction":null} 
[2026-05-05 21:12:39] production.INFO: Unhandled voice event {"event_type":"call.transcription"} 
[2026-05-05 21:12:40] production.INFO: Telnyx voice webhook received {"event_type":"call.transcription","call_control_id":"v3:vwqlU_fbCuaKrpwNeOeO0Czi9m9Ajkgci_ioyNFVaQ6kgn-3XADTQQ","direction":null} 
[2026-05-05 21:12:40] production.INFO: Unhandled voice event {"event_type":"call.transcription"} 
[2026-05-05 21:12:40] production.INFO: Telnyx voice webhook received {"event_type":"call.transcription","call_control_id":"v3:vwqlU_fbCuaKrpwNeOeO0Czi9m9Ajkgci_ioyNFVaQ6kgn-3XADTQQ","direction":null} 
[2026-05-05 21:12:40] production.INFO: Unhandled voice event {"event_type":"call.transcription"} 
[2026-05-05 21:12:40] production.INFO: Telnyx voice webhook received {"event_type":"call.transcription","call_control_id":"v3:vwqlU_fbCuaKrpwNeOeO0Czi9m9Ajkgci_ioyNFVaQ6kgn-3XADTQQ","direction":null} 
[2026-05-05 21:12:40] production.INFO: Unhandled voice event {"event_type":"call.transcription"} 
[2026-05-05 21:12:40] production.INFO: Telnyx voice webhook received {"event_type":"call.transcription","call_control_id":"v3:vwqlU_fbCuaKrpwNeOeO0Czi9m9Ajkgci_ioyNFVaQ6kgn-3XADTQQ","direction":null} 
[2026-05-05 21:12:40] production.INFO: Unhandled voice event {"event_type":"call.transcription"} 
[2026-05-05 21:12:40] production.INFO: Telnyx voice webhook received {"event_type":"call.transcription","call_control_id":"v3:vwqlU_fbCuaKrpwNeOeO0Czi9m9Ajkgci_ioyNFVaQ6kgn-3XADTQQ","direction":null} 
[2026-05-05 21:12:40] production.INFO: Unhandled voice event {"event_type":"call.transcription"} 
[2026-05-05 21:12:40] production.INFO: Telnyx voice webhook received {"event_type":"call.transcription","call_control_id":"v3:vwqlU_fbCuaKrpwNeOeO0Czi9m9Ajkgci_ioyNFVaQ6kgn-3XADTQQ","direction":null} 
[2026-05-05 21:12:40] production.INFO: Unhandled voice event {"event_type":"call.transcription"} 
[2026-05-05 21:12:40] production.INFO: Telnyx voice webhook received {"event_type":"call.transcription","call_control_id":"v3:vwqlU_fbCuaKrpwNeOeO0Czi9m9Ajkgci_ioyNFVaQ6kgn-3XADTQQ","direction":null} 
[2026-05-05 21:12:40] production.INFO: Unhandled voice event {"event_type":"call.transcription"} 
[2026-05-05 21:12:40] production.INFO: Telnyx voice webhook received {"event_type":"call.transcription","call_control_id":"v3:vwqlU_fbCuaKrpwNeOeO0Czi9m9Ajkgci_ioyNFVaQ6kgn-3XADTQQ","direction":null} 
[2026-05-05 21:12:40] production.INFO: Unhandled voice event {"event_type":"call.transcription"} 
[2026-05-05 21:12:40] production.INFO: Telnyx voice webhook received {"event_type":"call.transcription","call_control_id":"v3:vwqlU_fbCuaKrpwNeOeO0Czi9m9Ajkgci_ioyNFVaQ6kgn-3XADTQQ","direction":null} 
[2026-05-05 21:12:40] production.INFO: Unhandled voice event {"event_type":"call.transcription"} 
[2026-05-05 21:12:40] production.INFO: Telnyx voice webhook received {"event_type":"call.transcription","call_control_id":"v3:vwqlU_fbCuaKrpwNeOeO0Czi9m9Ajkgci_ioyNFVaQ6kgn-3XADTQQ","direction":null} 
[2026-05-05 21:12:40] production.INFO: Unhandled voice event {"event_type":"call.transcription"} 
[2026-05-05 21:12:40] production.INFO: Telnyx voice webhook received {"event_type":"call.transcription","call_control_id":"v3:vwqlU_fbCuaKrpwNeOeO0Czi9m9Ajkgci_ioyNFVaQ6kgn-3XADTQQ","direction":null} 
[2026-05-05 21:12:40] production.INFO: Unhandled voice event {"event_type":"call.transcription"} 
[2026-05-05 21:12:40] production.INFO: Telnyx voice webhook received {"event_type":"call.transcription","call_control_id":"v3:vwqlU_fbCuaKrpwNeOeO0Czi9m9Ajkgci_ioyNFVaQ6kgn-3XADTQQ","direction":null} 
[2026-05-05 21:12:40] production.INFO: Unhandled voice event {"event_type":"call.transcription"} 
[2026-05-05 21:12:40] production.INFO: Telnyx voice webhook received {"event_type":"call.transcription","call_control_id":"v3:vwqlU_fbCuaKrpwNeOeO0Czi9m9Ajkgci_ioyNFVaQ6kgn-3XADTQQ","direction":null} 
[2026-05-05 21:12:40] production.INFO: Unhandled voice event {"event_type":"call.transcription"} 
[2026-05-05 21:12:40] production.INFO: Telnyx voice webhook received {"event_type":"call.transcription","call_control_id":"v3:vwqlU_fbCuaKrpwNeOeO0Czi9m9Ajkgci_ioyNFVaQ6kgn-3XADTQQ","direction":null} 
[2026-05-05 21:12:40] production.INFO: Unhandled voice event {"event_type":"call.transcription"} 
[2026-05-05 21:12:41] production.INFO: Telnyx voice webhook received {"event_type":"call.transcription","call_control_id":"v3:vwqlU_fbCuaKrpwNeOeO0Czi9m9Ajkgci_ioyNFVaQ6kgn-3XADTQQ","direction":null} 
[2026-05-05 21:12:41] production.INFO: Unhandled voice event {"event_type":"call.transcription"} 
[2026-05-05 21:12:41] production.INFO: Telnyx voice webhook received {"event_type":"call.transcription","call_control_id":"v3:vwqlU_fbCuaKrpwNeOeO0Czi9m9Ajkgci_ioyNFVaQ6kgn-3XADTQQ","direction":null} 
[2026-05-05 21:12:41] production.INFO: Unhandled voice event {"event_type":"call.transcription"} 
[2026-05-05 21:12:41] production.INFO: Telnyx voice webhook received {"event_type":"call.transcription","call_control_id":"v3:vwqlU_fbCuaKrpwNeOeO0Czi9m9Ajkgci_ioyNFVaQ6kgn-3XADTQQ","direction":null} 
[2026-05-05 21:12:41] production.INFO: Unhandled voice event {"event_type":"call.transcription"} 
[2026-05-05 21:12:41] production.INFO: Telnyx voice webhook received {"event_type":"call.transcription","call_control_id":"v3:vwqlU_fbCuaKrpwNeOeO0Czi9m9Ajkgci_ioyNFVaQ6kgn-3XADTQQ","direction":null} 
[2026-05-05 21:12:41] production.INFO: Unhandled voice event {"event_type":"call.transcription"} 
[2026-05-05 21:12:41] production.INFO: Telnyx voice webhook received {"event_type":"call.transcription","call_control_id":"v3:vwqlU_fbCuaKrpwNeOeO0Czi9m9Ajkgci_ioyNFVaQ6kgn-3XADTQQ","direction":null} 
[2026-05-05 21:12:41] production.INFO: Unhandled voice event {"event_type":"call.transcription"} 
[2026-05-05 21:12:41] production.INFO: Telnyx voice webhook received {"event_type":"call.transcription","call_control_id":"v3:vwqlU_fbCuaKrpwNeOeO0Czi9m9Ajkgci_ioyNFVaQ6kgn-3XADTQQ","direction":null} 
[2026-05-05 21:12:41] production.INFO: Unhandled voice event {"event_type":"call.transcription"} 
[2026-05-05 21:12:41] production.INFO: Telnyx voice webhook received {"event_type":"call.transcription","call_control_id":"v3:vwqlU_fbCuaKrpwNeOeO0Czi9m9Ajkgci_ioyNFVaQ6kgn-3XADTQQ","direction":null} 
[2026-05-05 21:12:41] production.INFO: Unhandled voice event {"event_type":"call.transcription"} 
[2026-05-05 21:12:41] production.INFO: Telnyx voice webhook received {"event_type":"call.transcription","call_control_id":"v3:vwqlU_fbCuaKrpwNeOeO0Czi9m9Ajkgci_ioyNFVaQ6kgn-3XADTQQ","direction":null} 
[2026-05-05 21:12:41] production.INFO: Unhandled voice event {"event_type":"call.transcription"} 
[2026-05-05 21:12:42] production.INFO: Telnyx voice webhook received {"event_type":"call.transcription","call_control_id":"v3:vwqlU_fbCuaKrpwNeOeO0Czi9m9Ajkgci_ioyNFVaQ6kgn-3XADTQQ","direction":null} 
[2026-05-05 21:12:42] production.INFO: Unhandled voice event {"event_type":"call.transcription"} 
[2026-05-05 21:12:42] production.INFO: Telnyx voice webhook received {"event_type":"call.transcription","call_control_id":"v3:vwqlU_fbCuaKrpwNeOeO0Czi9m9Ajkgci_ioyNFVaQ6kgn-3XADTQQ","direction":null} 
[2026-05-05 21:12:42] production.INFO: Unhandled voice event {"event_type":"call.transcription"} 
[2026-05-05 21:12:42] production.INFO: Telnyx voice webhook received {"event_type":"call.transcription","call_control_id":"v3:vwqlU_fbCuaKrpwNeOeO0Czi9m9Ajkgci_ioyNFVaQ6kgn-3XADTQQ","direction":null} 
[2026-05-05 21:12:42] production.INFO: Unhandled voice event {"event_type":"call.transcription"} 
[2026-05-05 21:12:42] production.INFO: Telnyx voice webhook received {"event_type":"call.transcription","call_control_id":"v3:vwqlU_fbCuaKrpwNeOeO0Czi9m9Ajkgci_ioyNFVaQ6kgn-3XADTQQ","direction":null} 
[2026-05-05 21:12:42] production.INFO: Unhandled voice event {"event_type":"call.transcription"} 
[2026-05-05 21:12:42] production.INFO: Telnyx voice webhook received {"event_type":"call.transcription","call_control_id":"v3:vwqlU_fbCuaKrpwNeOeO0Czi9m9Ajkgci_ioyNFVaQ6kgn-3XADTQQ","direction":null} 
[2026-05-05 21:12:42] production.INFO: Unhandled voice event {"event_type":"call.transcription"} 
[2026-05-05 21:12:42] production.INFO: Telnyx voice webhook received {"event_type":"call.transcription","call_control_id":"v3:vwqlU_fbCuaKrpwNeOeO0Czi9m9Ajkgci_ioyNFVaQ6kgn-3XADTQQ","direction":null} 
[2026-05-05 21:12:42] production.INFO: Unhandled voice event {"event_type":"call.transcription"} 
[2026-05-05 21:12:43] production.INFO: Telnyx voice webhook received {"event_type":"call.transcription","call_control_id":"v3:vwqlU_fbCuaKrpwNeOeO0Czi9m9Ajkgci_ioyNFVaQ6kgn-3XADTQQ","direction":null} 
[2026-05-05 21:12:43] production.INFO: Unhandled voice event {"event_type":"call.transcription"} 
[2026-05-05 21:12:43] production.INFO: Telnyx voice webhook received {"event_type":"call.transcription","call_control_id":"v3:vwqlU_fbCuaKrpwNeOeO0Czi9m9Ajkgci_ioyNFVaQ6kgn-3XADTQQ","direction":null} 
[2026-05-05 21:12:43] production.INFO: Unhandled voice event {"event_type":"call.transcription"} 
[2026-05-05 21:12:43] production.INFO: Telnyx voice webhook received {"event_type":"call.transcription","call_control_id":"v3:vwqlU_fbCuaKrpwNeOeO0Czi9m9Ajkgci_ioyNFVaQ6kgn-3XADTQQ","direction":null} 
[2026-05-05 21:12:43] production.INFO: Unhandled voice event {"event_type":"call.transcription"} 
[2026-05-05 21:12:43] production.INFO: Telnyx voice webhook received {"event_type":"call.transcription","call_control_id":"v3:vwqlU_fbCuaKrpwNeOeO0Czi9m9Ajkgci_ioyNFVaQ6kgn-3XADTQQ","direction":null} 
[2026-05-05 21:12:43] production.INFO: Unhandled voice event {"event_type":"call.transcription"} 
[2026-05-05 21:12:43] production.INFO: Telnyx voice webhook received {"event_type":"call.transcription","call_control_id":"v3:vwqlU_fbCuaKrpwNeOeO0Czi9m9Ajkgci_ioyNFVaQ6kgn-3XADTQQ","direction":null} 
[2026-05-05 21:12:43] production.INFO: Unhandled voice event {"event_type":"call.transcription"} 
[2026-05-05 21:12:43] production.INFO: Telnyx voice webhook received {"event_type":"call.transcription","call_control_id":"v3:vwqlU_fbCuaKrpwNeOeO0Czi9m9Ajkgci_ioyNFVaQ6kgn-3XADTQQ","direction":null} 
[2026-05-05 21:12:43] production.INFO: Unhandled voice event {"event_type":"call.transcription"} 
[2026-05-05 21:12:43] production.INFO: Telnyx voice webhook received {"event_type":"call.transcription","call_control_id":"v3:vwqlU_fbCuaKrpwNeOeO0Czi9m9Ajkgci_ioyNFVaQ6kgn-3XADTQQ","direction":null} 
[2026-05-05 21:12:43] production.INFO: Unhandled voice event {"event_type":"call.transcription"} 
[2026-05-05 21:12:43] production.INFO: Telnyx voice webhook received {"event_type":"call.transcription","call_control_id":"v3:vwqlU_fbCuaKrpwNeOeO0Czi9m9Ajkgci_ioyNFVaQ6kgn-3XADTQQ","direction":null} 
[2026-05-05 21:12:43] production.INFO: Unhandled voice event {"event_type":"call.transcription"} 
[2026-05-05 21:12:44] production.INFO: Telnyx voice webhook received {"event_type":"call.transcription","call_control_id":"v3:vwqlU_fbCuaKrpwNeOeO0Czi9m9Ajkgci_ioyNFVaQ6kgn-3XADTQQ","direction":null} 
[2026-05-05 21:12:44] production.INFO: Unhandled voice event {"event_type":"call.transcription"} 
[2026-05-05 21:12:44] production.INFO: Telnyx voice webhook received {"event_type":"call.transcription","call_control_id":"v3:vwqlU_fbCuaKrpwNeOeO0Czi9m9Ajkgci_ioyNFVaQ6kgn-3XADTQQ","direction":null} 
[2026-05-05 21:12:44] production.INFO: Unhandled voice event {"event_type":"call.transcription"} 
[2026-05-05 21:12:44] production.INFO: Telnyx voice webhook received {"event_type":"call.transcription","call_control_id":"v3:vwqlU_fbCuaKrpwNeOeO0Czi9m9Ajkgci_ioyNFVaQ6kgn-3XADTQQ","direction":null} 
[2026-05-05 21:12:44] production.INFO: Unhandled voice event {"event_type":"call.transcription"} 
[2026-05-05 21:12:44] production.INFO: Telnyx voice webhook received {"event_type":"call.transcription","call_control_id":"v3:vwqlU_fbCuaKrpwNeOeO0Czi9m9Ajkgci_ioyNFVaQ6kgn-3XADTQQ","direction":null} 
[2026-05-05 21:12:44] production.INFO: Unhandled voice event {"event_type":"call.transcription"} 
[2026-05-05 21:12:44] production.INFO: Telnyx voice webhook received {"event_type":"call.transcription","call_control_id":"v3:vwqlU_fbCuaKrpwNeOeO0Czi9m9Ajkgci_ioyNFVaQ6kgn-3XADTQQ","direction":null} 
[2026-05-05 21:12:44] production.INFO: Unhandled voice event {"event_type":"call.transcription"} 
[2026-05-05 21:12:44] production.INFO: Telnyx voice webhook received {"event_type":"call.transcription","call_control_id":"v3:vwqlU_fbCuaKrpwNeOeO0Czi9m9Ajkgci_ioyNFVaQ6kgn-3XADTQQ","direction":null} 
[2026-05-05 21:12:44] production.INFO: Unhandled voice event {"event_type":"call.transcription"} 
[2026-05-05 21:12:44] production.INFO: Telnyx voice webhook received {"event_type":"call.transcription","call_control_id":"v3:vwqlU_fbCuaKrpwNeOeO0Czi9m9Ajkgci_ioyNFVaQ6kgn-3XADTQQ","direction":null} 
[2026-05-05 21:12:44] production.INFO: Unhandled voice event {"event_type":"call.transcription"} 
[2026-05-05 21:12:44] production.INFO: Telnyx voice webhook received {"event_type":"call.transcription","call_control_id":"v3:vwqlU_fbCuaKrpwNeOeO0Czi9m9Ajkgci_ioyNFVaQ6kgn-3XADTQQ","direction":null} 
[2026-05-05 21:12:44] production.INFO: Unhandled voice event {"event_type":"call.transcription"} 
[2026-05-05 21:12:44] production.INFO: Telnyx voice webhook received {"event_type":"call.transcription","call_control_id":"v3:vwqlU_fbCuaKrpwNeOeO0Czi9m9Ajkgci_ioyNFVaQ6kgn-3XADTQQ","direction":null} 
[2026-05-05 21:12:44] production.INFO: Unhandled voice event {"event_type":"call.transcription"} 
[2026-05-05 21:12:44] production.INFO: Telnyx voice webhook received {"event_type":"call.transcription","call_control_id":"v3:vwqlU_fbCuaKrpwNeOeO0Czi9m9Ajkgci_ioyNFVaQ6kgn-3XADTQQ","direction":null} 
[2026-05-05 21:12:44] production.INFO: Unhandled voice event {"event_type":"call.transcription"} 
[2026-05-05 21:12:44] production.INFO: Telnyx voice webhook received {"event_type":"call.transcription","call_control_id":"v3:vwqlU_fbCuaKrpwNeOeO0Czi9m9Ajkgci_ioyNFVaQ6kgn-3XADTQQ","direction":null} 
[2026-05-05 21:12:44] production.INFO: Unhandled voice event {"event_type":"call.transcription"} 
[2026-05-05 21:12:44] production.INFO: Telnyx voice webhook received {"event_type":"call.transcription","call_control_id":"v3:vwqlU_fbCuaKrpwNeOeO0Czi9m9Ajkgci_ioyNFVaQ6kgn-3XADTQQ","direction":null} 
[2026-05-05 21:12:44] production.INFO: Unhandled voice event {"event_type":"call.transcription"} 
[2026-05-05 21:12:45] production.INFO: Telnyx voice webhook received {"event_type":"call.transcription","call_control_id":"v3:vwqlU_fbCuaKrpwNeOeO0Czi9m9Ajkgci_ioyNFVaQ6kgn-3XADTQQ","direction":null} 
[2026-05-05 21:12:45] production.INFO: Telnyx voice webhook received {"event_type":"call.transcription","call_control_id":"v3:vwqlU_fbCuaKrpwNeOeO0Czi9m9Ajkgci_ioyNFVaQ6kgn-3XADTQQ","direction":null} 
[2026-05-05 21:12:45] production.INFO: Unhandled voice event {"event_type":"call.transcription"} 
[2026-05-05 21:12:45] production.INFO: Unhandled voice event {"event_type":"call.transcription"} 
[2026-05-05 21:12:45] production.INFO: Telnyx voice webhook received {"event_type":"call.transcription","call_control_id":"v3:vwqlU_fbCuaKrpwNeOeO0Czi9m9Ajkgci_ioyNFVaQ6kgn-3XADTQQ","direction":null} 
[2026-05-05 21:12:45] production.INFO: Unhandled voice event {"event_type":"call.transcription"} 
[2026-05-05 21:12:45] production.INFO: Telnyx voice webhook received {"event_type":"call.transcription","call_control_id":"v3:vwqlU_fbCuaKrpwNeOeO0Czi9m9Ajkgci_ioyNFVaQ6kgn-3XADTQQ","direction":null} 
[2026-05-05 21:12:45] production.INFO: Unhandled voice event {"event_type":"call.transcription"} 
[2026-05-05 21:12:45] production.INFO: Telnyx voice webhook received {"event_type":"call.transcription","call_control_id":"v3:vwqlU_fbCuaKrpwNeOeO0Czi9m9Ajkgci_ioyNFVaQ6kgn-3XADTQQ","direction":null} 
[2026-05-05 21:12:45] production.INFO: Unhandled voice event {"event_type":"call.transcription"} 
[2026-05-05 21:12:45] production.INFO: Telnyx voice webhook received {"event_type":"call.transcription","call_control_id":"v3:vwqlU_fbCuaKrpwNeOeO0Czi9m9Ajkgci_ioyNFVaQ6kgn-3XADTQQ","direction":null} 
[2026-05-05 21:12:45] production.INFO: Unhandled voice event {"event_type":"call.transcription"} 
[2026-05-05 21:12:46] production.INFO: Telnyx voice webhook received {"event_type":"call.transcription","call_control_id":"v3:vwqlU_fbCuaKrpwNeOeO0Czi9m9Ajkgci_ioyNFVaQ6kgn-3XADTQQ","direction":null} 
[2026-05-05 21:12:46] production.INFO: Unhandled voice event {"event_type":"call.transcription"} 
[2026-05-05 21:12:46] production.INFO: Telnyx voice webhook received {"event_type":"call.transcription","call_control_id":"v3:vwqlU_fbCuaKrpwNeOeO0Czi9m9Ajkgci_ioyNFVaQ6kgn-3XADTQQ","direction":null} 
[2026-05-05 21:12:46] production.INFO: Unhandled voice event {"event_type":"call.transcription"} 
[2026-05-05 21:12:46] production.INFO: Telnyx voice webhook received {"event_type":"call.transcription","call_control_id":"v3:vwqlU_fbCuaKrpwNeOeO0Czi9m9Ajkgci_ioyNFVaQ6kgn-3XADTQQ","direction":null} 
[2026-05-05 21:12:46] production.INFO: Unhandled voice event {"event_type":"call.transcription"} 
[2026-05-05 21:12:46] production.INFO: Telnyx voice webhook received {"event_type":"call.transcription","call_control_id":"v3:vwqlU_fbCuaKrpwNeOeO0Czi9m9Ajkgci_ioyNFVaQ6kgn-3XADTQQ","direction":null} 
[2026-05-05 21:12:46] production.INFO: Unhandled voice event {"event_type":"call.transcription"} 
[2026-05-05 21:12:47] production.INFO: Telnyx voice webhook received {"event_type":"conference.floor.changed","call_control_id":"v3:4nMyl_a1RuIVIL3iIdAT9VUtgyTgm3Pm9jHO0T1p0F9f4OQXfqDn2g","direction":null} 
[2026-05-05 21:12:47] production.INFO: Unhandled voice event {"event_type":"conference.floor.changed"} 
[2026-05-05 21:12:47] production.INFO: Telnyx voice webhook received {"event_type":"call.transcription","call_control_id":"v3:vwqlU_fbCuaKrpwNeOeO0Czi9m9Ajkgci_ioyNFVaQ6kgn-3XADTQQ","direction":null} 
[2026-05-05 21:12:47] production.INFO: Unhandled voice event {"event_type":"call.transcription"} 
[2026-05-05 21:12:47] production.INFO: Telnyx voice webhook received {"event_type":"conference.floor.changed","call_control_id":"v3:4nMyl_a1RuIVIL3iIdAT9VUtgyTgm3Pm9jHO0T1p0F9f4OQXfqDn2g","direction":null} 
[2026-05-05 21:12:47] production.INFO: Unhandled voice event {"event_type":"conference.floor.changed"} 
[2026-05-05 21:12:47] production.INFO: Telnyx voice webhook received {"event_type":"call.transcription","call_control_id":"v3:vwqlU_fbCuaKrpwNeOeO0Czi9m9Ajkgci_ioyNFVaQ6kgn-3XADTQQ","direction":null} 
[2026-05-05 21:12:47] production.INFO: Unhandled voice event {"event_type":"call.transcription"} 
[2026-05-05 21:12:48] production.INFO: Telnyx voice webhook received {"event_type":"call.transcription","call_control_id":"v3:vwqlU_fbCuaKrpwNeOeO0Czi9m9Ajkgci_ioyNFVaQ6kgn-3XADTQQ","direction":null} 
[2026-05-05 21:12:48] production.INFO: Unhandled voice event {"event_type":"call.transcription"} 
[2026-05-05 21:12:48] production.INFO: Telnyx voice webhook received {"event_type":"call.transcription","call_control_id":"v3:vwqlU_fbCuaKrpwNeOeO0Czi9m9Ajkgci_ioyNFVaQ6kgn-3XADTQQ","direction":null} 
[2026-05-05 21:12:48] production.INFO: Unhandled voice event {"event_type":"call.transcription"} 
[2026-05-05 21:12:48] production.INFO: Telnyx voice webhook received {"event_type":"call.transcription","call_control_id":"v3:vwqlU_fbCuaKrpwNeOeO0Czi9m9Ajkgci_ioyNFVaQ6kgn-3XADTQQ","direction":null} 
[2026-05-05 21:12:48] production.INFO: Unhandled voice event {"event_type":"call.transcription"} 
[2026-05-05 21:12:48] production.INFO: Telnyx voice webhook received {"event_type":"call.transcription","call_control_id":"v3:vwqlU_fbCuaKrpwNeOeO0Czi9m9Ajkgci_ioyNFVaQ6kgn-3XADTQQ","direction":null} 
[2026-05-05 21:12:48] production.INFO: Unhandled voice event {"event_type":"call.transcription"} 
[2026-05-05 21:12:48] production.INFO: Telnyx voice webhook received {"event_type":"call.transcription","call_control_id":"v3:vwqlU_fbCuaKrpwNeOeO0Czi9m9Ajkgci_ioyNFVaQ6kgn-3XADTQQ","direction":null} 
[2026-05-05 21:12:48] production.INFO: Unhandled voice event {"event_type":"call.transcription"} 
[2026-05-05 21:12:48] production.INFO: Telnyx voice webhook received {"event_type":"call.transcription","call_control_id":"v3:vwqlU_fbCuaKrpwNeOeO0Czi9m9Ajkgci_ioyNFVaQ6kgn-3XADTQQ","direction":null} 
[2026-05-05 21:12:48] production.INFO: Unhandled voice event {"event_type":"call.transcription"} 
[2026-05-05 21:12:48] production.INFO: Telnyx voice webhook received {"event_type":"call.transcription","call_control_id":"v3:vwqlU_fbCuaKrpwNeOeO0Czi9m9Ajkgci_ioyNFVaQ6kgn-3XADTQQ","direction":null} 
[2026-05-05 21:12:48] production.INFO: Unhandled voice event {"event_type":"call.transcription"} 
[2026-05-05 21:12:48] production.INFO: Telnyx voice webhook received {"event_type":"call.transcription","call_control_id":"v3:vwqlU_fbCuaKrpwNeOeO0Czi9m9Ajkgci_ioyNFVaQ6kgn-3XADTQQ","direction":null} 
[2026-05-05 21:12:48] production.INFO: Unhandled voice event {"event_type":"call.transcription"} 
[2026-05-05 21:12:49] production.INFO: Telnyx voice webhook received {"event_type":"call.transcription","call_control_id":"v3:vwqlU_fbCuaKrpwNeOeO0Czi9m9Ajkgci_ioyNFVaQ6kgn-3XADTQQ","direction":null} 
[2026-05-05 21:12:49] production.INFO: Telnyx voice webhook received {"event_type":"call.transcription","call_control_id":"v3:vwqlU_fbCuaKrpwNeOeO0Czi9m9Ajkgci_ioyNFVaQ6kgn-3XADTQQ","direction":null} 
[2026-05-05 21:12:49] production.INFO: Unhandled voice event {"event_type":"call.transcription"} 
[2026-05-05 21:12:49] production.INFO: Unhandled voice event {"event_type":"call.transcription"} 
[2026-05-05 21:12:49] production.INFO: Telnyx voice webhook received {"event_type":"call.transcription","call_control_id":"v3:vwqlU_fbCuaKrpwNeOeO0Czi9m9Ajkgci_ioyNFVaQ6kgn-3XADTQQ","direction":null} 
[2026-05-05 21:12:49] production.INFO: Unhandled voice event {"event_type":"call.transcription"} 
[2026-05-05 21:12:49] production.INFO: Telnyx voice webhook received {"event_type":"call.transcription","call_control_id":"v3:vwqlU_fbCuaKrpwNeOeO0Czi9m9Ajkgci_ioyNFVaQ6kgn-3XADTQQ","direction":null} 
[2026-05-05 21:12:49] production.INFO: Unhandled voice event {"event_type":"call.transcription"} 
[2026-05-05 21:12:49] production.INFO: Telnyx voice webhook received {"event_type":"call.transcription","call_control_id":"v3:vwqlU_fbCuaKrpwNeOeO0Czi9m9Ajkgci_ioyNFVaQ6kgn-3XADTQQ","direction":null} 
[2026-05-05 21:12:49] production.INFO: Unhandled voice event {"event_type":"call.transcription"} 
[2026-05-05 21:12:49] production.INFO: Telnyx voice webhook received {"event_type":"call.transcription","call_control_id":"v3:vwqlU_fbCuaKrpwNeOeO0Czi9m9Ajkgci_ioyNFVaQ6kgn-3XADTQQ","direction":null} 
[2026-05-05 21:12:49] production.INFO: Unhandled voice event {"event_type":"call.transcription"} 
[2026-05-05 21:12:49] production.INFO: Telnyx voice webhook received {"event_type":"call.transcription","call_control_id":"v3:vwqlU_fbCuaKrpwNeOeO0Czi9m9Ajkgci_ioyNFVaQ6kgn-3XADTQQ","direction":null} 
[2026-05-05 21:12:49] production.INFO: Unhandled voice event {"event_type":"call.transcription"} 
[2026-05-05 21:12:50] production.INFO: Telnyx voice webhook received {"event_type":"call.transcription","call_control_id":"v3:vwqlU_fbCuaKrpwNeOeO0Czi9m9Ajkgci_ioyNFVaQ6kgn-3XADTQQ","direction":null} 
[2026-05-05 21:12:50] production.INFO: Unhandled voice event {"event_type":"call.transcription"} 
[2026-05-05 21:12:50] production.INFO: Telnyx voice webhook received {"event_type":"call.transcription","call_control_id":"v3:vwqlU_fbCuaKrpwNeOeO0Czi9m9Ajkgci_ioyNFVaQ6kgn-3XADTQQ","direction":null} 
[2026-05-05 21:12:50] production.INFO: Unhandled voice event {"event_type":"call.transcription"} 
[2026-05-05 21:12:50] production.INFO: Telnyx voice webhook received {"event_type":"call.transcription","call_control_id":"v3:vwqlU_fbCuaKrpwNeOeO0Czi9m9Ajkgci_ioyNFVaQ6kgn-3XADTQQ","direction":null} 
[2026-05-05 21:12:50] production.INFO: Unhandled voice event {"event_type":"call.transcription"} 
[2026-05-05 21:12:50] production.INFO: Telnyx voice webhook received {"event_type":"call.transcription","call_control_id":"v3:vwqlU_fbCuaKrpwNeOeO0Czi9m9Ajkgci_ioyNFVaQ6kgn-3XADTQQ","direction":null} 
[2026-05-05 21:12:50] production.INFO: Unhandled voice event {"event_type":"call.transcription"} 
[2026-05-05 21:12:50] production.INFO: Telnyx voice webhook received {"event_type":"call.transcription","call_control_id":"v3:vwqlU_fbCuaKrpwNeOeO0Czi9m9Ajkgci_ioyNFVaQ6kgn-3XADTQQ","direction":null} 
[2026-05-05 21:12:50] production.INFO: Unhandled voice event {"event_type":"call.transcription"} 
[2026-05-05 21:12:50] production.INFO: Telnyx voice webhook received {"event_type":"call.transcription","call_control_id":"v3:vwqlU_fbCuaKrpwNeOeO0Czi9m9Ajkgci_ioyNFVaQ6kgn-3XADTQQ","direction":null} 
[2026-05-05 21:12:50] production.INFO: Telnyx voice webhook received {"event_type":"call.transcription","call_control_id":"v3:vwqlU_fbCuaKrpwNeOeO0Czi9m9Ajkgci_ioyNFVaQ6kgn-3XADTQQ","direction":null} 
[2026-05-05 21:12:50] production.INFO: Unhandled voice event {"event_type":"call.transcription"} 
[2026-05-05 21:12:50] production.INFO: Unhandled voice event {"event_type":"call.transcription"} 
[2026-05-05 21:12:50] production.INFO: Telnyx voice webhook received {"event_type":"call.transcription","call_control_id":"v3:vwqlU_fbCuaKrpwNeOeO0Czi9m9Ajkgci_ioyNFVaQ6kgn-3XADTQQ","direction":null} 
[2026-05-05 21:12:50] production.INFO: Telnyx voice webhook received {"event_type":"call.transcription","call_control_id":"v3:vwqlU_fbCuaKrpwNeOeO0Czi9m9Ajkgci_ioyNFVaQ6kgn-3XADTQQ","direction":null} 
[2026-05-05 21:12:50] production.INFO: Unhandled voice event {"event_type":"call.transcription"} 
[2026-05-05 21:12:50] production.INFO: Unhandled voice event {"event_type":"call.transcription"} 
[2026-05-05 21:12:50] production.INFO: Telnyx voice webhook received {"event_type":"call.transcription","call_control_id":"v3:vwqlU_fbCuaKrpwNeOeO0Czi9m9Ajkgci_ioyNFVaQ6kgn-3XADTQQ","direction":null} 
[2026-05-05 21:12:50] production.INFO: Unhandled voice event {"event_type":"call.transcription"} 
[2026-05-05 21:12:50] production.INFO: Telnyx voice webhook received {"event_type":"call.transcription","call_control_id":"v3:vwqlU_fbCuaKrpwNeOeO0Czi9m9Ajkgci_ioyNFVaQ6kgn-3XADTQQ","direction":null} 
[2026-05-05 21:12:50] production.INFO: Unhandled voice event {"event_type":"call.transcription"} 
[2026-05-05 21:12:50] production.INFO: Telnyx voice webhook received {"event_type":"call.transcription","call_control_id":"v3:vwqlU_fbCuaKrpwNeOeO0Czi9m9Ajkgci_ioyNFVaQ6kgn-3XADTQQ","direction":null} 
[2026-05-05 21:12:50] production.INFO: Unhandled voice event {"event_type":"call.transcription"} 
[2026-05-05 21:12:50] production.INFO: Telnyx voice webhook received {"event_type":"call.transcription","call_control_id":"v3:vwqlU_fbCuaKrpwNeOeO0Czi9m9Ajkgci_ioyNFVaQ6kgn-3XADTQQ","direction":null} 
[2026-05-05 21:12:50] production.INFO: Unhandled voice event {"event_type":"call.transcription"} 
[2026-05-05 21:12:50] production.INFO: Telnyx voice webhook received {"event_type":"call.transcription","call_control_id":"v3:vwqlU_fbCuaKrpwNeOeO0Czi9m9Ajkgci_ioyNFVaQ6kgn-3XADTQQ","direction":null} 
[2026-05-05 21:12:50] production.INFO: Unhandled voice event {"event_type":"call.transcription"} 
[2026-05-05 21:12:50] production.INFO: Telnyx voice webhook received {"event_type":"call.transcription","call_control_id":"v3:vwqlU_fbCuaKrpwNeOeO0Czi9m9Ajkgci_ioyNFVaQ6kgn-3XADTQQ","direction":null} 
[2026-05-05 21:12:50] production.INFO: Unhandled voice event {"event_type":"call.transcription"} 
[2026-05-05 21:12:51] production.INFO: Telnyx voice webhook received {"event_type":"call.transcription","call_control_id":"v3:vwqlU_fbCuaKrpwNeOeO0Czi9m9Ajkgci_ioyNFVaQ6kgn-3XADTQQ","direction":null} 
[2026-05-05 21:12:51] production.INFO: Unhandled voice event {"event_type":"call.transcription"} 
[2026-05-05 21:12:51] production.INFO: Telnyx voice webhook received {"event_type":"call.transcription","call_control_id":"v3:vwqlU_fbCuaKrpwNeOeO0Czi9m9Ajkgci_ioyNFVaQ6kgn-3XADTQQ","direction":null} 
[2026-05-05 21:12:51] production.INFO: Unhandled voice event {"event_type":"call.transcription"} 
[2026-05-05 21:12:51] production.INFO: Telnyx voice webhook received {"event_type":"call.transcription","call_control_id":"v3:vwqlU_fbCuaKrpwNeOeO0Czi9m9Ajkgci_ioyNFVaQ6kgn-3XADTQQ","direction":null} 
[2026-05-05 21:12:51] production.INFO: Unhandled voice event {"event_type":"call.transcription"} 
[2026-05-05 21:12:51] production.INFO: Telnyx voice webhook received {"event_type":"call.transcription","call_control_id":"v3:vwqlU_fbCuaKrpwNeOeO0Czi9m9Ajkgci_ioyNFVaQ6kgn-3XADTQQ","direction":null} 
[2026-05-05 21:12:51] production.INFO: Unhandled voice event {"event_type":"call.transcription"} 
[2026-05-05 21:12:51] production.INFO: Telnyx voice webhook received {"event_type":"call.transcription","call_control_id":"v3:vwqlU_fbCuaKrpwNeOeO0Czi9m9Ajkgci_ioyNFVaQ6kgn-3XADTQQ","direction":null} 
[2026-05-05 21:12:51] production.INFO: Unhandled voice event {"event_type":"call.transcription"} 
[2026-05-05 21:12:51] production.INFO: Telnyx voice webhook received {"event_type":"call.transcription","call_control_id":"v3:vwqlU_fbCuaKrpwNeOeO0Czi9m9Ajkgci_ioyNFVaQ6kgn-3XADTQQ","direction":null} 
[2026-05-05 21:12:51] production.INFO: Unhandled voice event {"event_type":"call.transcription"} 
[2026-05-05 21:12:51] production.INFO: Telnyx voice webhook received {"event_type":"call.transcription","call_control_id":"v3:vwqlU_fbCuaKrpwNeOeO0Czi9m9Ajkgci_ioyNFVaQ6kgn-3XADTQQ","direction":null} 
[2026-05-05 21:12:51] production.INFO: Unhandled voice event {"event_type":"call.transcription"} 
[2026-05-05 21:12:51] production.INFO: Telnyx voice webhook received {"event_type":"call.transcription","call_control_id":"v3:vwqlU_fbCuaKrpwNeOeO0Czi9m9Ajkgci_ioyNFVaQ6kgn-3XADTQQ","direction":null} 
[2026-05-05 21:12:51] production.INFO: Unhandled voice event {"event_type":"call.transcription"} 
[2026-05-05 21:12:52] production.INFO: Telnyx voice webhook received {"event_type":"call.transcription","call_control_id":"v3:vwqlU_fbCuaKrpwNeOeO0Czi9m9Ajkgci_ioyNFVaQ6kgn-3XADTQQ","direction":null} 
[2026-05-05 21:12:52] production.INFO: Unhandled voice event {"event_type":"call.transcription"} 
[2026-05-05 21:12:52] production.INFO: Telnyx voice webhook received {"event_type":"call.transcription","call_control_id":"v3:vwqlU_fbCuaKrpwNeOeO0Czi9m9Ajkgci_ioyNFVaQ6kgn-3XADTQQ","direction":null} 
[2026-05-05 21:12:52] production.INFO: Unhandled voice event {"event_type":"call.transcription"} 
[2026-05-05 21:12:52] production.INFO: Telnyx voice webhook received {"event_type":"conference.floor.changed","call_control_id":"v3:4nMyl_a1RuIVIL3iIdAT9VUtgyTgm3Pm9jHO0T1p0F9f4OQXfqDn2g","direction":null} 
[2026-05-05 21:12:52] production.INFO: Unhandled voice event {"event_type":"conference.floor.changed"} 
[2026-05-05 21:12:53] production.INFO: Telnyx voice webhook received {"event_type":"conference.floor.changed","call_control_id":"v3:4nMyl_a1RuIVIL3iIdAT9VUtgyTgm3Pm9jHO0T1p0F9f4OQXfqDn2g","direction":null} 
[2026-05-05 21:12:53] production.INFO: Unhandled voice event {"event_type":"conference.floor.changed"} 
[2026-05-05 21:12:57] production.INFO: Telnyx voice webhook received {"event_type":"call.hangup","call_control_id":"v3:vwqlU_fbCuaKrpwNeOeO0Czi9m9Ajkgci_ioyNFVaQ6kgn-3XADTQQ","direction":null} 
[2026-05-05 21:12:57] production.INFO: Voicemail call ended {"call_control_id":"v3:vwqlU_fbCuaKrpwNeOeO0Czi9m9Ajkgci_ioyNFVaQ6kgn-3XADTQQ","call_log_id":973} 
[2026-05-05 21:12:58] production.INFO: Telnyx voice webhook received {"event_type":"call.recording.saved","call_control_id":"v3:vwqlU_fbCuaKrpwNeOeO0Czi9m9Ajkgci_ioyNFVaQ6kgn-3XADTQQ","direction":null} 
[2026-05-05 21:12:58] production.INFO: Call recording saved {"call_control_id":"v3:vwqlU_fbCuaKrpwNeOeO0Czi9m9Ajkgci_ioyNFVaQ6kgn-3XADTQQ","recording_urls":{"mp3":"https://s3.amazonaws.com/telephony-recorder-prod/49566db4-02e9-44ab-813f-f71a0c0b49d7/2026-05-05/03b121f4-48c7-11f1-abf2-02420aefe173-1778015542494149.mp3?X-Amz-Algorithm=AWS4-HMAC-SHA256&X-Amz-Credential=AKIASDC5E2MJDPKMH7UW%2F20260505%2Fus-east-1%2Fs3%2Faws4_request&X-Amz-Date=20260505T211258Z&X-Amz-Expires=600&X-Amz-SignedHeaders=host&X-Amz-Signature=96ba3da2aa913c1e17facfc91fbab11c8cc25a2e6538ea0475fcf85ec0a4607d"},"is_voicemail":true} 
[2026-05-05 21:13:00] production.INFO: Call recording stored locally {"call_log_id":973,"path":"call-recordings/2026/05/a01ec8d5-be52-4f71-b1d5-4d89ca2b5314.mp3"} 
[2026-05-05 21:13:00] production.DEBUG: Push notification delivered {"endpoint":"https://web.push.apple.com/QDkJcfxcMRPW4uLNUaYZ21nDUMJHCJ-cyja1FMQcNEv6qKbL-ec_s…","status":201} 
[2026-05-05 21:13:00] production.DEBUG: Push notification delivered {"endpoint":"https://fcm.googleapis.com/fcm/send/cYR-NIq4nms:APA91bEppjWa7ZIrYxviNuWljHyZ7qnu…","status":201} 
[2026-05-05 21:13:00] production.DEBUG: Push notification delivered {"endpoint":"https://wns2-by3p.notify.windows.com/w/?token=BQYAAACU%2bKDb9Gyej4KtbEbQJBisasbB…","status":201,"wns_status":"received","wns_msg_id":"2B9ECEDA77E3B574","wns_debug":"BY3PEPF00028D10","content_encoding":"aes128gcm","response_body":""} 
[2026-05-05 21:13:03] production.INFO: Telnyx voice webhook received {"event_type":"conference.floor.changed","call_control_id":"v3:4nMyl_a1RuIVIL3iIdAT9VUtgyTgm3Pm9jHO0T1p0F9f4OQXfqDn2g","direction":null} 
[2026-05-05 21:13:03] production.INFO: Unhandled voice event {"event_type":"conference.floor.changed"} 
[2026-05-05 21:13:03] production.INFO: Telnyx voice webhook received {"event_type":"conference.floor.changed","call_control_id":"v3:4nMyl_a1RuIVIL3iIdAT9VUtgyTgm3Pm9jHO0T1p0F9f4OQXfqDn2g","direction":null} 
[2026-05-05 21:13:03] production.INFO: Unhandled voice event {"event_type":"conference.floor.changed"} 
[2026-05-05 21:13:23] production.INFO: Telnyx voice webhook received {"event_type":"conference.floor.changed","call_control_id":"v3:4nMyl_a1RuIVIL3iIdAT9VUtgyTgm3Pm9jHO0T1p0F9f4OQXfqDn2g","direction":null} 
[2026-05-05 21:13:23] production.INFO: Unhandled voice event {"event_type":"conference.floor.changed"} 
[2026-05-05 21:13:33] production.INFO: Telnyx voice webhook received {"event_type":"conference.floor.changed","call_control_id":"v3:4nMyl_a1RuIVIL3iIdAT9VUtgyTgm3Pm9jHO0T1p0F9f4OQXfqDn2g","direction":null} 
[2026-05-05 21:13:33] production.INFO: Unhandled voice event {"event_type":"conference.floor.changed"} 
[2026-05-05 21:13:34] production.INFO: Telnyx voice webhook received {"event_type":"conference.floor.changed","call_control_id":"v3:4nMyl_a1RuIVIL3iIdAT9VUtgyTgm3Pm9jHO0T1p0F9f4OQXfqDn2g","direction":null} 
[2026-05-05 21:13:34] production.INFO: Unhandled voice event {"event_type":"conference.floor.changed"} 
[2026-05-05 21:13:36] production.INFO: Telnyx voice webhook received {"event_type":"conference.floor.changed","call_control_id":"v3:4nMyl_a1RuIVIL3iIdAT9VUtgyTgm3Pm9jHO0T1p0F9f4OQXfqDn2g","direction":null} 
[2026-05-05 21:13:36] production.INFO: Unhandled voice event {"event_type":"conference.floor.changed"} 
[2026-05-05 21:13:37] production.INFO: Telnyx voice webhook received {"event_type":"conference.floor.changed","call_control_id":"v3:4nMyl_a1RuIVIL3iIdAT9VUtgyTgm3Pm9jHO0T1p0F9f4OQXfqDn2g","direction":null} 
[2026-05-05 21:13:37] production.INFO: Unhandled voice event {"event_type":"conference.floor.changed"} 
[2026-05-05 21:13:39] production.INFO: Telnyx voice webhook received {"event_type":"conference.floor.changed","call_control_id":"v3:4nMyl_a1RuIVIL3iIdAT9VUtgyTgm3Pm9jHO0T1p0F9f4OQXfqDn2g","direction":null} 
[2026-05-05 21:13:39] production.INFO: Unhandled voice event {"event_type":"conference.floor.changed"} 
[2026-05-05 21:13:40] production.INFO: Telnyx voice webhook received {"event_type":"conference.floor.changed","call_control_id":"v3:4nMyl_a1RuIVIL3iIdAT9VUtgyTgm3Pm9jHO0T1p0F9f4OQXfqDn2g","direction":null} 
[2026-05-05 21:13:40] production.INFO: Unhandled voice event {"event_type":"conference.floor.changed"} 
[2026-05-05 21:13:52] production.INFO: Telnyx voice webhook received {"event_type":"conference.floor.changed","call_control_id":"v3:4nMyl_a1RuIVIL3iIdAT9VUtgyTgm3Pm9jHO0T1p0F9f4OQXfqDn2g","direction":null} 
[2026-05-05 21:13:52] production.INFO: Unhandled voice event {"event_type":"conference.floor.changed"} 
[2026-05-05 21:14:23] production.INFO: Telnyx voice webhook received {"event_type":"conference.floor.changed","call_control_id":"v3:4nMyl_a1RuIVIL3iIdAT9VUtgyTgm3Pm9jHO0T1p0F9f4OQXfqDn2g","direction":null} 
[2026-05-05 21:14:23] production.INFO: Unhandled voice event {"event_type":"conference.floor.changed"} 
[2026-05-05 21:14:27] production.INFO: Telnyx voice webhook received {"event_type":"conference.floor.changed","call_control_id":"v3:4nMyl_a1RuIVIL3iIdAT9VUtgyTgm3Pm9jHO0T1p0F9f4OQXfqDn2g","direction":null} 
[2026-05-05 21:14:27] production.INFO: Unhandled voice event {"event_type":"conference.floor.changed"} 
[2026-05-05 21:14:39] production.INFO: Telnyx voice webhook received {"event_type":"conference.floor.changed","call_control_id":"v3:4nMyl_a1RuIVIL3iIdAT9VUtgyTgm3Pm9jHO0T1p0F9f4OQXfqDn2g","direction":null} 
[2026-05-05 21:14:39] production.INFO: Unhandled voice event {"event_type":"conference.floor.changed"} 
[2026-05-05 21:14:41] production.INFO: Telnyx voice webhook received {"event_type":"conference.floor.changed","call_control_id":"v3:4nMyl_a1RuIVIL3iIdAT9VUtgyTgm3Pm9jHO0T1p0F9f4OQXfqDn2g","direction":null} 
[2026-05-05 21:14:41] production.INFO: Unhandled voice event {"event_type":"conference.floor.changed"} 
[2026-05-05 21:14:47] production.INFO: Telnyx voice webhook received {"event_type":"conference.floor.changed","call_control_id":"v3:4nMyl_a1RuIVIL3iIdAT9VUtgyTgm3Pm9jHO0T1p0F9f4OQXfqDn2g","direction":null} 
[2026-05-05 21:14:47] production.INFO: Unhandled voice event {"event_type":"conference.floor.changed"} 
[2026-05-05 21:14:57] production.INFO: Telnyx voice webhook received {"event_type":"conference.floor.changed","call_control_id":"v3:4nMyl_a1RuIVIL3iIdAT9VUtgyTgm3Pm9jHO0T1p0F9f4OQXfqDn2g","direction":null} 
[2026-05-05 21:14:57] production.INFO: Unhandled voice event {"event_type":"conference.floor.changed"} 
[2026-05-05 21:15:09] production.INFO: Telnyx voice webhook received {"event_type":"conference.floor.changed","call_control_id":"v3:4nMyl_a1RuIVIL3iIdAT9VUtgyTgm3Pm9jHO0T1p0F9f4OQXfqDn2g","direction":null} 
[2026-05-05 21:15:09] production.INFO: Unhandled voice event {"event_type":"conference.floor.changed"} 
[2026-05-05 21:15:11] production.INFO: Telnyx voice webhook received {"event_type":"conference.floor.changed","call_control_id":"v3:4nMyl_a1RuIVIL3iIdAT9VUtgyTgm3Pm9jHO0T1p0F9f4OQXfqDn2g","direction":null} 
[2026-05-05 21:15:11] production.INFO: Unhandled voice event {"event_type":"conference.floor.changed"} 
[2026-05-05 21:15:13] production.INFO: Telnyx voice webhook received {"event_type":"conference.floor.changed","call_control_id":"v3:4nMyl_a1RuIVIL3iIdAT9VUtgyTgm3Pm9jHO0T1p0F9f4OQXfqDn2g","direction":null} 
[2026-05-05 21:15:13] production.INFO: Unhandled voice event {"event_type":"conference.floor.changed"} 
[2026-05-05 21:15:21] production.INFO: Telnyx voice webhook received {"event_type":"conference.floor.changed","call_control_id":"v3:4nMyl_a1RuIVIL3iIdAT9VUtgyTgm3Pm9jHO0T1p0F9f4OQXfqDn2g","direction":null} 
[2026-05-05 21:15:21] production.INFO: Unhandled voice event {"event_type":"conference.floor.changed"} 
[2026-05-05 21:15:35] production.INFO: Telnyx voice webhook received {"event_type":"conference.floor.changed","call_control_id":"v3:4nMyl_a1RuIVIL3iIdAT9VUtgyTgm3Pm9jHO0T1p0F9f4OQXfqDn2g","direction":null} 
[2026-05-05 21:15:35] production.INFO: Unhandled voice event {"event_type":"conference.floor.changed"} 
[2026-05-05 21:15:45] production.INFO: Telnyx voice webhook received {"event_type":"conference.floor.changed","call_control_id":"v3:4nMyl_a1RuIVIL3iIdAT9VUtgyTgm3Pm9jHO0T1p0F9f4OQXfqDn2g","direction":null} 
[2026-05-05 21:15:45] production.INFO: Unhandled voice event {"event_type":"conference.floor.changed"} 
[2026-05-05 21:15:57] production.INFO: Telnyx voice webhook received {"event_type":"conference.floor.changed","call_control_id":"v3:4nMyl_a1RuIVIL3iIdAT9VUtgyTgm3Pm9jHO0T1p0F9f4OQXfqDn2g","direction":null} 
[2026-05-05 21:15:57] production.INFO: Unhandled voice event {"event_type":"conference.floor.changed"} 
[2026-05-05 21:15:57] production.INFO: Telnyx voice webhook received {"event_type":"conference.floor.changed","call_control_id":"v3:4nMyl_a1RuIVIL3iIdAT9VUtgyTgm3Pm9jHO0T1p0F9f4OQXfqDn2g","direction":null} 
[2026-05-05 21:15:57] production.INFO: Unhandled voice event {"event_type":"conference.floor.changed"} 
[2026-05-05 21:16:02] production.INFO: Telnyx voice webhook received {"event_type":"conference.floor.changed","call_control_id":"v3:4nMyl_a1RuIVIL3iIdAT9VUtgyTgm3Pm9jHO0T1p0F9f4OQXfqDn2g","direction":null} 
[2026-05-05 21:16:02] production.INFO: Unhandled voice event {"event_type":"conference.floor.changed"} 
[2026-05-05 21:16:03] production.INFO: Telnyx voice webhook received {"event_type":"conference.floor.changed","call_control_id":"v3:4nMyl_a1RuIVIL3iIdAT9VUtgyTgm3Pm9jHO0T1p0F9f4OQXfqDn2g","direction":null} 
[2026-05-05 21:16:03] production.INFO: Unhandled voice event {"event_type":"conference.floor.changed"} 
[2026-05-05 21:16:05] production.INFO: Telnyx voice webhook received {"event_type":"conference.floor.changed","call_control_id":"v3:4nMyl_a1RuIVIL3iIdAT9VUtgyTgm3Pm9jHO0T1p0F9f4OQXfqDn2g","direction":null} 
[2026-05-05 21:16:05] production.INFO: Unhandled voice event {"event_type":"conference.floor.changed"} 
[2026-05-05 21:16:09] production.INFO: Telnyx voice webhook received {"event_type":"conference.floor.changed","call_control_id":"v3:4nMyl_a1RuIVIL3iIdAT9VUtgyTgm3Pm9jHO0T1p0F9f4OQXfqDn2g","direction":null} 
[2026-05-05 21:16:09] production.INFO: Unhandled voice event {"event_type":"conference.floor.changed"} 
[2026-05-05 21:16:11] production.INFO: Telnyx voice webhook received {"event_type":"conference.floor.changed","call_control_id":"v3:4nMyl_a1RuIVIL3iIdAT9VUtgyTgm3Pm9jHO0T1p0F9f4OQXfqDn2g","direction":null} 
[2026-05-05 21:16:11] production.INFO: Unhandled voice event {"event_type":"conference.floor.changed"} 
[2026-05-05 21:16:15] production.INFO: Telnyx voice webhook received {"event_type":"conference.floor.changed","call_control_id":"v3:4nMyl_a1RuIVIL3iIdAT9VUtgyTgm3Pm9jHO0T1p0F9f4OQXfqDn2g","direction":null} 
[2026-05-05 21:16:15] production.INFO: Unhandled voice event {"event_type":"conference.floor.changed"} 
[2026-05-05 21:16:15] production.INFO: Telnyx voice webhook received {"event_type":"conference.floor.changed","call_control_id":"v3:4nMyl_a1RuIVIL3iIdAT9VUtgyTgm3Pm9jHO0T1p0F9f4OQXfqDn2g","direction":null} 
[2026-05-05 21:16:15] production.INFO: Unhandled voice event {"event_type":"conference.floor.changed"} 
[2026-05-05 21:16:36] production.INFO: Telnyx voice webhook received {"event_type":"conference.floor.changed","call_control_id":"v3:4nMyl_a1RuIVIL3iIdAT9VUtgyTgm3Pm9jHO0T1p0F9f4OQXfqDn2g","direction":null} 
[2026-05-05 21:16:36] production.INFO: Unhandled voice event {"event_type":"conference.floor.changed"} 
[2026-05-05 21:16:41] production.INFO: Telnyx voice webhook received {"event_type":"conference.floor.changed","call_control_id":"v3:4nMyl_a1RuIVIL3iIdAT9VUtgyTgm3Pm9jHO0T1p0F9f4OQXfqDn2g","direction":null} 
[2026-05-05 21:16:41] production.INFO: Unhandled voice event {"event_type":"conference.floor.changed"} 
[2026-05-05 21:16:43] production.INFO: Telnyx voice webhook received {"event_type":"conference.floor.changed","call_control_id":"v3:4nMyl_a1RuIVIL3iIdAT9VUtgyTgm3Pm9jHO0T1p0F9f4OQXfqDn2g","direction":null} 
[2026-05-05 21:16:43] production.INFO: Unhandled voice event {"event_type":"conference.floor.changed"} 
[2026-05-05 21:16:50] production.INFO: Telnyx voice webhook received {"event_type":"conference.floor.changed","call_control_id":"v3:4nMyl_a1RuIVIL3iIdAT9VUtgyTgm3Pm9jHO0T1p0F9f4OQXfqDn2g","direction":null} 
[2026-05-05 21:16:50] production.INFO: Unhandled voice event {"event_type":"conference.floor.changed"} 
[2026-05-05 21:17:01] production.INFO: Telnyx voice webhook received {"event_type":"conference.floor.changed","call_control_id":"v3:4nMyl_a1RuIVIL3iIdAT9VUtgyTgm3Pm9jHO0T1p0F9f4OQXfqDn2g","direction":null} 
[2026-05-05 21:17:01] production.INFO: Unhandled voice event {"event_type":"conference.floor.changed"} 
[2026-05-05 21:17:02] production.INFO: Telnyx voice webhook received {"event_type":"conference.floor.changed","call_control_id":"v3:4nMyl_a1RuIVIL3iIdAT9VUtgyTgm3Pm9jHO0T1p0F9f4OQXfqDn2g","direction":null} 
[2026-05-05 21:17:02] production.INFO: Unhandled voice event {"event_type":"conference.floor.changed"} 
[2026-05-05 21:17:16] production.INFO: Telnyx voice webhook received {"event_type":"conference.floor.changed","call_control_id":"v3:4nMyl_a1RuIVIL3iIdAT9VUtgyTgm3Pm9jHO0T1p0F9f4OQXfqDn2g","direction":null} 
[2026-05-05 21:17:16] production.INFO: Unhandled voice event {"event_type":"conference.floor.changed"} 
[2026-05-05 21:17:28] production.INFO: Telnyx voice webhook received {"event_type":"conference.floor.changed","call_control_id":"v3:4nMyl_a1RuIVIL3iIdAT9VUtgyTgm3Pm9jHO0T1p0F9f4OQXfqDn2g","direction":null} 
[2026-05-05 21:17:28] production.INFO: Unhandled voice event {"event_type":"conference.floor.changed"} 
[2026-05-05 21:17:28] production.INFO: Telnyx voice webhook received {"event_type":"conference.floor.changed","call_control_id":"v3:4nMyl_a1RuIVIL3iIdAT9VUtgyTgm3Pm9jHO0T1p0F9f4OQXfqDn2g","direction":null} 
[2026-05-05 21:17:28] production.INFO: Unhandled voice event {"event_type":"conference.floor.changed"} 
[2026-05-05 21:17:32] production.INFO: Telnyx voice webhook received {"event_type":"conference.floor.changed","call_control_id":"v3:4nMyl_a1RuIVIL3iIdAT9VUtgyTgm3Pm9jHO0T1p0F9f4OQXfqDn2g","direction":null} 
[2026-05-05 21:17:32] production.INFO: Unhandled voice event {"event_type":"conference.floor.changed"} 
[2026-05-05 21:17:40] production.INFO: Telnyx voice webhook received {"event_type":"conference.floor.changed","call_control_id":"v3:4nMyl_a1RuIVIL3iIdAT9VUtgyTgm3Pm9jHO0T1p0F9f4OQXfqDn2g","direction":null} 
[2026-05-05 21:17:40] production.INFO: Unhandled voice event {"event_type":"conference.floor.changed"} 
[2026-05-05 21:17:41] production.INFO: Telnyx voice webhook received {"event_type":"conference.floor.changed","call_control_id":"v3:4nMyl_a1RuIVIL3iIdAT9VUtgyTgm3Pm9jHO0T1p0F9f4OQXfqDn2g","direction":null} 
[2026-05-05 21:17:41] production.INFO: Unhandled voice event {"event_type":"conference.floor.changed"} 
[2026-05-05 21:17:43] production.INFO: Telnyx voice webhook received {"event_type":"conference.floor.changed","call_control_id":"v3:4nMyl_a1RuIVIL3iIdAT9VUtgyTgm3Pm9jHO0T1p0F9f4OQXfqDn2g","direction":null} 
[2026-05-05 21:17:43] production.INFO: Unhandled voice event {"event_type":"conference.floor.changed"} 
[2026-05-05 21:17:46] production.INFO: Telnyx voice webhook received {"event_type":"conference.floor.changed","call_control_id":"v3:4nMyl_a1RuIVIL3iIdAT9VUtgyTgm3Pm9jHO0T1p0F9f4OQXfqDn2g","direction":null} 
[2026-05-05 21:17:46] production.INFO: Unhandled voice event {"event_type":"conference.floor.changed"} 
[2026-05-05 21:17:56] production.INFO: Telnyx voice webhook received {"event_type":"conference.floor.changed","call_control_id":"v3:4nMyl_a1RuIVIL3iIdAT9VUtgyTgm3Pm9jHO0T1p0F9f4OQXfqDn2g","direction":null} 
[2026-05-05 21:17:56] production.INFO: Unhandled voice event {"event_type":"conference.floor.changed"} 
[2026-05-05 21:18:16] production.INFO: Telnyx voice webhook received {"event_type":"conference.floor.changed","call_control_id":"v3:4nMyl_a1RuIVIL3iIdAT9VUtgyTgm3Pm9jHO0T1p0F9f4OQXfqDn2g","direction":null} 
[2026-05-05 21:18:16] production.INFO: Unhandled voice event {"event_type":"conference.floor.changed"} 
[2026-05-05 21:18:23] production.INFO: Telnyx voice webhook received {"event_type":"conference.floor.changed","call_control_id":"v3:4nMyl_a1RuIVIL3iIdAT9VUtgyTgm3Pm9jHO0T1p0F9f4OQXfqDn2g","direction":null} 
[2026-05-05 21:18:23] production.INFO: Unhandled voice event {"event_type":"conference.floor.changed"} 
[2026-05-05 21:18:24] production.INFO: Telnyx voice webhook received {"event_type":"conference.floor.changed","call_control_id":"v3:4nMyl_a1RuIVIL3iIdAT9VUtgyTgm3Pm9jHO0T1p0F9f4OQXfqDn2g","direction":null} 
[2026-05-05 21:18:24] production.INFO: Unhandled voice event {"event_type":"conference.floor.changed"} 
[2026-05-05 21:18:24] production.INFO: Telnyx voice webhook received {"event_type":"conference.floor.changed","call_control_id":"v3:4nMyl_a1RuIVIL3iIdAT9VUtgyTgm3Pm9jHO0T1p0F9f4OQXfqDn2g","direction":null} 
[2026-05-05 21:18:24] production.INFO: Unhandled voice event {"event_type":"conference.floor.changed"} 
[2026-05-05 21:18:25] production.INFO: Telnyx voice webhook received {"event_type":"conference.floor.changed","call_control_id":"v3:4nMyl_a1RuIVIL3iIdAT9VUtgyTgm3Pm9jHO0T1p0F9f4OQXfqDn2g","direction":null} 
[2026-05-05 21:18:25] production.INFO: Unhandled voice event {"event_type":"conference.floor.changed"} 
[2026-05-05 21:18:28] production.INFO: Telnyx voice webhook received {"event_type":"conference.floor.changed","call_control_id":"v3:4nMyl_a1RuIVIL3iIdAT9VUtgyTgm3Pm9jHO0T1p0F9f4OQXfqDn2g","direction":null} 
[2026-05-05 21:18:28] production.INFO: Unhandled voice event {"event_type":"conference.floor.changed"} 
[2026-05-05 21:18:31] production.INFO: Telnyx voice webhook received {"event_type":"conference.floor.changed","call_control_id":"v3:4nMyl_a1RuIVIL3iIdAT9VUtgyTgm3Pm9jHO0T1p0F9f4OQXfqDn2g","direction":null} 
[2026-05-05 21:18:31] production.INFO: Unhandled voice event {"event_type":"conference.floor.changed"} 
[2026-05-05 21:18:33] production.INFO: Telnyx voice webhook received {"event_type":"conference.floor.changed","call_control_id":"v3:4nMyl_a1RuIVIL3iIdAT9VUtgyTgm3Pm9jHO0T1p0F9f4OQXfqDn2g","direction":null} 
[2026-05-05 21:18:33] production.INFO: Unhandled voice event {"event_type":"conference.floor.changed"} 
[2026-05-05 21:18:35] production.INFO: Telnyx voice webhook received {"event_type":"conference.floor.changed","call_control_id":"v3:4nMyl_a1RuIVIL3iIdAT9VUtgyTgm3Pm9jHO0T1p0F9f4OQXfqDn2g","direction":null} 
[2026-05-05 21:18:35] production.INFO: Unhandled voice event {"event_type":"conference.floor.changed"} 
[2026-05-05 21:18:36] production.INFO: Telnyx voice webhook received {"event_type":"conference.floor.changed","call_control_id":"v3:4nMyl_a1RuIVIL3iIdAT9VUtgyTgm3Pm9jHO0T1p0F9f4OQXfqDn2g","direction":null} 
[2026-05-05 21:18:36] production.INFO: Unhandled voice event {"event_type":"conference.floor.changed"} 
[2026-05-05 21:18:38] production.INFO: Telnyx voice webhook received {"event_type":"conference.floor.changed","call_control_id":"v3:4nMyl_a1RuIVIL3iIdAT9VUtgyTgm3Pm9jHO0T1p0F9f4OQXfqDn2g","direction":null} 
[2026-05-05 21:18:38] production.INFO: Unhandled voice event {"event_type":"conference.floor.changed"} 
[2026-05-05 21:18:39] production.INFO: Telnyx voice webhook received {"event_type":"conference.floor.changed","call_control_id":"v3:4nMyl_a1RuIVIL3iIdAT9VUtgyTgm3Pm9jHO0T1p0F9f4OQXfqDn2g","direction":null} 
[2026-05-05 21:18:39] production.INFO: Unhandled voice event {"event_type":"conference.floor.changed"} 
[2026-05-05 21:18:39] production.INFO: Telnyx voice webhook received {"event_type":"conference.floor.changed","call_control_id":"v3:4nMyl_a1RuIVIL3iIdAT9VUtgyTgm3Pm9jHO0T1p0F9f4OQXfqDn2g","direction":null} 
[2026-05-05 21:18:39] production.INFO: Unhandled voice event {"event_type":"conference.floor.changed"} 
[2026-05-05 21:18:39] production.INFO: Telnyx voice webhook received {"event_type":"call.hangup","call_control_id":"v3:P2Cl1iJWaKVPp-ga3W_z75B7Jye_Iqf-bW-hOVAQklprwflKfgfFGA","direction":null} 
[2026-05-05 21:18:39] production.INFO: Call ended {"call_control_id":"v3:P2Cl1iJWaKVPp-ga3W_z75B7Jye_Iqf-bW-hOVAQklprwflKfgfFGA","status":"completed","hangup_cause":"normal_clearing","duration":456.563432} 
[2026-05-05 21:18:39] production.INFO: Telnyx voice webhook received {"event_type":"call.hangup","call_control_id":"v3:4nMyl_a1RuIVIL3iIdAT9VUtgyTgm3Pm9jHO0T1p0F9f4OQXfqDn2g","direction":null} 
[2026-05-05 21:18:39] production.INFO: Telnyx voice webhook received {"event_type":"conference.participant.left","call_control_id":"v3:P2Cl1iJWaKVPp-ga3W_z75B7Jye_Iqf-bW-hOVAQklprwflKfgfFGA","direction":null} 
[2026-05-05 21:18:39] production.INFO: Unhandled voice event {"event_type":"conference.participant.left"} 
[2026-05-05 21:18:40] production.INFO: Telnyx voice webhook received {"event_type":"conference.participant.left","call_control_id":"v3:4nMyl_a1RuIVIL3iIdAT9VUtgyTgm3Pm9jHO0T1p0F9f4OQXfqDn2g","direction":null} 
[2026-05-05 21:18:40] production.INFO: Unhandled voice event {"event_type":"conference.participant.left"} 
[2026-05-05 21:18:40] production.INFO: Telnyx voice webhook received {"event_type":"conference.ended","call_control_id":"v3:4nMyl_a1RuIVIL3iIdAT9VUtgyTgm3Pm9jHO0T1p0F9f4OQXfqDn2g","direction":null} 
[2026-05-05 21:18:40] production.INFO: Unhandled voice event {"event_type":"conference.ended"} 
[2026-05-05 21:21:46] production.DEBUG: Push notification delivered {"endpoint":"https://web.push.apple.com/QJnqrnzJg9xule8bhPY8CE20AFCRYEqQblM8TaB0eTcRZ7HDySHVw…","status":201} 
[2026-05-05 21:21:46] production.DEBUG: Push notification delivered {"endpoint":"https://wns2-ch1p.notify.windows.com/w/?token=BQYAAAAQe2hvIFkElPQKFh5BKOEEEpIVqW…","status":201,"wns_status":"received","wns_msg_id":"3F82DA9D01B98AF7","wns_debug":"CH1PEPF00006EB1","content_encoding":"aes128gcm","response_body":""} 
[2026-05-05 21:21:49] production.INFO: Telnyx webhook received {"event_type":"message.sent","message_id":"40319dfa-04b7-4d2c-9f2a-3c602b918c1e"} 
[2026-05-05 21:21:49] production.INFO: Message sent {"id":"40319dfa-04b7-4d2c-9f2a-3c602b918c1e","to":"+18476449480","from":"+12247354200"} 
[2026-05-05 21:21:53] production.INFO: Telnyx webhook received {"event_type":"message.finalized","message_id":"40319dfa-04b7-4d2c-9f2a-3c602b918c1e"} 
[2026-05-05 21:21:53] production.INFO: Message finalized {"id":"40319dfa-04b7-4d2c-9f2a-3c602b918c1e","to":"+18476449480","status":"delivered"} 
[2026-05-05 21:33:47] production.DEBUG: Push notification delivered {"endpoint":"https://web.push.apple.com/QJnqrnzJg9xule8bhPY8CE20AFCRYEqQblM8TaB0eTcRZ7HDySHVw…","status":201} 
[2026-05-05 21:33:47] production.DEBUG: Push notification delivered {"endpoint":"https://wns2-ch1p.notify.windows.com/w/?token=BQYAAAAQe2hvIFkElPQKFh5BKOEEEpIVqW…","status":201,"wns_status":"received","wns_msg_id":"361DB3983BDFBE06","wns_debug":"CH1PEPF00006F56","content_encoding":"aes128gcm","response_body":""} 
[2026-05-05 21:33:49] production.INFO: Telnyx webhook received {"event_type":"message.sent","message_id":"40319dfa-0fb7-4792-8d7d-0f2389ba5bcc"} 
[2026-05-05 21:33:49] production.INFO: Message sent {"id":"40319dfa-0fb7-4792-8d7d-0f2389ba5bcc","to":"+17732513666","from":"+12247354200"} 
[2026-05-05 21:33:58] production.INFO: Telnyx webhook received {"event_type":"message.finalized","message_id":"40319dfa-0fb7-4792-8d7d-0f2389ba5bcc"} 
[2026-05-05 21:33:58] production.INFO: Message finalized {"id":"40319dfa-0fb7-4792-8d7d-0f2389ba5bcc","to":"+17732513666","status":"delivered"} 
[2026-05-05 21:45:59] production.INFO: Click-to-call initiated {"call_log_id":974,"user_phone":"+12249993880","target_phone":"+17732513666","call_control_id":"v3:GIl0sXmlbkApoC0DLCbLpB2TLltWpLri9UdBZH_923CD4A_TuTqh_g"} 
[2026-05-05 21:45:59] production.INFO: Telnyx voice webhook received {"event_type":"call.initiated","call_control_id":"v3:GIl0sXmlbkApoC0DLCbLpB2TLltWpLri9UdBZH_923CD4A_TuTqh_g","direction":"outgoing"} 
[2026-05-05 21:45:59] production.INFO: Outbound call initiated {"call_control_id":"v3:GIl0sXmlbkApoC0DLCbLpB2TLltWpLri9UdBZH_923CD4A_TuTqh_g","to":"+12249993880"} 
[2026-05-05 21:46:01] production.INFO: Telnyx voice webhook received {"event_type":"call.answered","call_control_id":"v3:GIl0sXmlbkApoC0DLCbLpB2TLltWpLri9UdBZH_923CD4A_TuTqh_g","direction":null} 
[2026-05-05 21:46:01] production.INFO: Click-to-call: user answered → playing ringback and dialing target {"call_control_id":"v3:GIl0sXmlbkApoC0DLCbLpB2TLltWpLri9UdBZH_923CD4A_TuTqh_g","target_phone":"+17732513666","call_log_id":974} 
[2026-05-05 21:46:01] production.INFO: Call command sent: playback_start {"call_control_id":"v3:GIl0sXmlbkApoC0DLCbLpB2TLltWpLri9UdBZH_923CD4A_TuTqh_g","result":"ok"} 
[2026-05-05 21:46:02] production.INFO: Telnyx voice webhook received {"event_type":"call.playback.started","call_control_id":"v3:GIl0sXmlbkApoC0DLCbLpB2TLltWpLri9UdBZH_923CD4A_TuTqh_g","direction":null} 
[2026-05-05 21:46:02] production.INFO: Unhandled voice event {"event_type":"call.playback.started"} 
[2026-05-05 21:46:02] production.INFO: Click-to-call: target dialed {"target_phone":"+17732513666","target_call_control_id":"v3:ecLMNGHoqsRlDPzEhKN3bfDsoWwE6WYnpN3MjR51Ewbb1mxGghb-Hg"} 
[2026-05-05 21:46:02] production.INFO: Telnyx voice webhook received {"event_type":"call.initiated","call_control_id":"v3:ecLMNGHoqsRlDPzEhKN3bfDsoWwE6WYnpN3MjR51Ewbb1mxGghb-Hg","direction":"outgoing"} 
[2026-05-05 21:46:02] production.INFO: Outbound call initiated {"call_control_id":"v3:ecLMNGHoqsRlDPzEhKN3bfDsoWwE6WYnpN3MjR51Ewbb1mxGghb-Hg","to":"+17732513666"} 
[2026-05-05 21:46:22] production.INFO: Telnyx voice webhook received {"event_type":"call.hangup","call_control_id":"v3:ecLMNGHoqsRlDPzEhKN3bfDsoWwE6WYnpN3MjR51Ewbb1mxGghb-Hg","direction":null} 
[2026-05-05 21:46:22] production.INFO: Click-to-call: target did not answer {"call_control_id":"v3:ecLMNGHoqsRlDPzEhKN3bfDsoWwE6WYnpN3MjR51Ewbb1mxGghb-Hg","hangup_cause":"timeout","call_log_id":974} 
[2026-05-05 21:46:22] production.INFO: Call command sent: speak {"call_control_id":"v3:GIl0sXmlbkApoC0DLCbLpB2TLltWpLri9UdBZH_923CD4A_TuTqh_g","result":"ok"} 
[2026-05-05 21:46:32] production.INFO: Telnyx voice webhook received {"event_type":"call.playback.ended","call_control_id":"v3:GIl0sXmlbkApoC0DLCbLpB2TLltWpLri9UdBZH_923CD4A_TuTqh_g","direction":null} 
[2026-05-05 21:46:32] production.INFO: Playback ended (non-ringback) {"call_control_id":"v3:GIl0sXmlbkApoC0DLCbLpB2TLltWpLri9UdBZH_923CD4A_TuTqh_g","action":"click_to_call_failed_tts"} 
[2026-05-05 21:46:33] production.INFO: Telnyx voice webhook received {"event_type":"call.speak.started","call_control_id":"v3:GIl0sXmlbkApoC0DLCbLpB2TLltWpLri9UdBZH_923CD4A_TuTqh_g","direction":null} 
[2026-05-05 21:46:33] production.INFO: TTS speak started {"call_control_id":"v3:GIl0sXmlbkApoC0DLCbLpB2TLltWpLri9UdBZH_923CD4A_TuTqh_g"} 
[2026-05-05 21:46:36] production.INFO: Telnyx voice webhook received {"event_type":"call.speak.ended","call_control_id":"v3:GIl0sXmlbkApoC0DLCbLpB2TLltWpLri9UdBZH_923CD4A_TuTqh_g","direction":null} 
[2026-05-05 21:46:36] production.INFO: handleCallSpeakEnded ENTRY {"call_control_id":"v3:GIl0sXmlbkApoC0DLCbLpB2TLltWpLri9UdBZH_923CD4A_TuTqh_g","action":"click_to_call_failed_tts","client_state":{"action":"click_to_call_failed_tts","call_log_id":974},"client_state_raw_present":true} 
[2026-05-05 21:46:36] production.INFO: Click-to-call: failure TTS done — hanging up {"call_control_id":"v3:GIl0sXmlbkApoC0DLCbLpB2TLltWpLri9UdBZH_923CD4A_TuTqh_g","call_log_id":974} 
[2026-05-05 21:46:36] production.INFO: Telnyx voice webhook received {"event_type":"call.hangup","call_control_id":"v3:GIl0sXmlbkApoC0DLCbLpB2TLltWpLri9UdBZH_923CD4A_TuTqh_g","direction":null} 
[2026-05-05 21:46:36] production.INFO: Click-to-call user leg ended {"call_control_id":"v3:GIl0sXmlbkApoC0DLCbLpB2TLltWpLri9UdBZH_923CD4A_TuTqh_g","action":"click_to_call_failed_tts","status":"missed","call_log_id":974,"hangup_cause":"normal_clearing"} 
[2026-05-05 21:46:36] production.INFO: Call command sent: hangup {"call_control_id":"v3:GIl0sXmlbkApoC0DLCbLpB2TLltWpLri9UdBZH_923CD4A_TuTqh_g","result":"ok"} 
[2026-05-05 22:07:43] production.INFO: Telnyx voice webhook received {"event_type":"call.initiated","call_control_id":"v3:OCItqGpowYsMKZ78GDWyLEzeukmyrtIKmuknTX1lE6s9UjzEWGcmNg","direction":"incoming"} 
[2026-05-05 22:07:43] production.INFO: Incoming call - answering {"call_control_id":"v3:OCItqGpowYsMKZ78GDWyLEzeukmyrtIKmuknTX1lE6s9UjzEWGcmNg","from":"+17732513666","to":"+12247354200","caller_user_id":409,"caller_name":"Mark Brodson"} 
[2026-05-05 22:07:43] production.INFO: Call command sent: answer {"call_control_id":"v3:OCItqGpowYsMKZ78GDWyLEzeukmyrtIKmuknTX1lE6s9UjzEWGcmNg","result":"ok"} 
[2026-05-05 22:07:44] production.DEBUG: Push notification delivered {"endpoint":"https://web.push.apple.com/QDkJcfxcMRPW4uLNUaYZ21nDUMJHCJ-cyja1FMQcNEv6qKbL-ec_s…","status":201} 
[2026-05-05 22:07:44] production.DEBUG: Push notification delivered {"endpoint":"https://fcm.googleapis.com/fcm/send/cYR-NIq4nms:APA91bEppjWa7ZIrYxviNuWljHyZ7qnu…","status":201} 
[2026-05-05 22:07:44] production.DEBUG: Push notification delivered {"endpoint":"https://wns2-by3p.notify.windows.com/w/?token=BQYAAACU%2bKDb9Gyej4KtbEbQJBisasbB…","status":201,"wns_status":"received","wns_msg_id":"48B03EFF317B63FA","wns_debug":"BY3PEPF0000E9F0","content_encoding":"aes128gcm","response_body":""} 
[2026-05-05 22:07:44] production.DEBUG: Push notification delivered {"endpoint":"https://web.push.apple.com/QDkJcfxcMRPW4uLNUaYZ21nDUMJHCJ-cyja1FMQcNEv6qKbL-ec_s…","status":201} 
[2026-05-05 22:07:44] production.DEBUG: Push notification delivered {"endpoint":"https://fcm.googleapis.com/fcm/send/cYR-NIq4nms:APA91bEppjWa7ZIrYxviNuWljHyZ7qnu…","status":201} 
[2026-05-05 22:07:44] production.DEBUG: Push notification delivered {"endpoint":"https://wns2-by3p.notify.windows.com/w/?token=BQYAAACU%2bKDb9Gyej4KtbEbQJBisasbB…","status":201,"wns_status":"received","wns_msg_id":"8ABC5DB190BBFCB","wns_debug":"BY3PEPF000195A8","content_encoding":"aes128gcm","response_body":""} 
[2026-05-05 22:07:46] production.INFO: Telnyx voice webhook received {"event_type":"call.answered","call_control_id":"v3:OCItqGpowYsMKZ78GDWyLEzeukmyrtIKmuknTX1lE6s9UjzEWGcmNg","direction":null} 
[2026-05-05 22:07:46] production.INFO: Playing welcome TTS and dialing admins simultaneously {"call_control_id":"v3:OCItqGpowYsMKZ78GDWyLEzeukmyrtIKmuknTX1lE6s9UjzEWGcmNg","tts":"<speak version=\"1.0\" xml:lang=\"en-US\"><break time=\"400ms\"/><prosody rate=\"+15%\">Good evening Mark! One moment while we connect you to the GS Crew.</prosody><break time=\"400ms\"/></speak>","is_known_caller":true} 
[2026-05-05 22:07:46] production.INFO: Call command sent: speak {"call_control_id":"v3:OCItqGpowYsMKZ78GDWyLEzeukmyrtIKmuknTX1lE6s9UjzEWGcmNg","result":"ok"} 
[2026-05-05 22:07:47] production.INFO: Telnyx voice webhook received {"event_type":"call.speak.started","call_control_id":"v3:OCItqGpowYsMKZ78GDWyLEzeukmyrtIKmuknTX1lE6s9UjzEWGcmNg","direction":null} 
[2026-05-05 22:07:47] production.INFO: TTS speak started {"call_control_id":"v3:OCItqGpowYsMKZ78GDWyLEzeukmyrtIKmuknTX1lE6s9UjzEWGcmNg"} 
[2026-05-05 22:07:47] production.INFO: Dialed admin {"admin_user_id":1,"admin_name":"Patryk Szady","phone":"+12249993880","admin_call_control_id":"v3:QnrQkkqf9ljkz6-Pu-BPHkYK5_BcruZxFkvkkzZxQzHHi3SckOM9yQ"} 
[2026-05-05 22:07:47] production.INFO: Telnyx voice webhook received {"event_type":"call.initiated","call_control_id":"v3:QnrQkkqf9ljkz6-Pu-BPHkYK5_BcruZxFkvkkzZxQzHHi3SckOM9yQ","direction":"outgoing"} 
[2026-05-05 22:07:47] production.INFO: Outbound call initiated {"call_control_id":"v3:QnrQkkqf9ljkz6-Pu-BPHkYK5_BcruZxFkvkkzZxQzHHi3SckOM9yQ","to":"+12249993880"} 
[2026-05-05 22:07:51] production.INFO: Telnyx voice webhook received {"event_type":"call.answered","call_control_id":"v3:QnrQkkqf9ljkz6-Pu-BPHkYK5_BcruZxFkvkkzZxQzHHi3SckOM9yQ","direction":null} 
[2026-05-05 22:07:51] production.INFO: Playing admin screening prompt {"admin_call_control_id":"v3:QnrQkkqf9ljkz6-Pu-BPHkYK5_BcruZxFkvkkzZxQzHHi3SckOM9yQ","call_log_id":975,"admin_user_id":1,"is_late_answerer":false,"caller_label":"Mark Brodson"} 
[2026-05-05 22:07:51] production.INFO: Call command sent: speak {"call_control_id":"v3:QnrQkkqf9ljkz6-Pu-BPHkYK5_BcruZxFkvkkzZxQzHHi3SckOM9yQ","result":"ok"} 
[2026-05-05 22:07:52] production.INFO: Telnyx voice webhook received {"event_type":"call.speak.ended","call_control_id":"v3:OCItqGpowYsMKZ78GDWyLEzeukmyrtIKmuknTX1lE6s9UjzEWGcmNg","direction":null} 
[2026-05-05 22:07:52] production.INFO: handleCallSpeakEnded ENTRY {"call_control_id":"v3:OCItqGpowYsMKZ78GDWyLEzeukmyrtIKmuknTX1lE6s9UjzEWGcmNg","action":"welcome_done","client_state":{"action":"welcome_done","call_log_id":975,"original_caller":"+17732513666"},"client_state_raw_present":true} 
[2026-05-05 22:07:52] production.INFO: TTS completed — no admin answered yet, playing ringback {"call_control_id":"v3:OCItqGpowYsMKZ78GDWyLEzeukmyrtIKmuknTX1lE6s9UjzEWGcmNg","call_log_id":975} 
[2026-05-05 22:07:52] production.INFO: Call command sent: playback_start {"call_control_id":"v3:OCItqGpowYsMKZ78GDWyLEzeukmyrtIKmuknTX1lE6s9UjzEWGcmNg","result":"ok"} 
[2026-05-05 22:07:52] production.INFO: Telnyx voice webhook received {"event_type":"call.speak.started","call_control_id":"v3:QnrQkkqf9ljkz6-Pu-BPHkYK5_BcruZxFkvkkzZxQzHHi3SckOM9yQ","direction":null} 
[2026-05-05 22:07:52] production.INFO: TTS speak started {"call_control_id":"v3:QnrQkkqf9ljkz6-Pu-BPHkYK5_BcruZxFkvkkzZxQzHHi3SckOM9yQ"} 
[2026-05-05 22:07:52] production.INFO: Telnyx voice webhook received {"event_type":"call.playback.started","call_control_id":"v3:OCItqGpowYsMKZ78GDWyLEzeukmyrtIKmuknTX1lE6s9UjzEWGcmNg","direction":null} 
[2026-05-05 22:07:52] production.INFO: Unhandled voice event {"event_type":"call.playback.started"} 
[2026-05-05 22:07:57] production.INFO: Telnyx voice webhook received {"event_type":"call.speak.ended","call_control_id":"v3:QnrQkkqf9ljkz6-Pu-BPHkYK5_BcruZxFkvkkzZxQzHHi3SckOM9yQ","direction":null} 
[2026-05-05 22:07:57] production.INFO: handleCallSpeakEnded ENTRY {"call_control_id":"v3:QnrQkkqf9ljkz6-Pu-BPHkYK5_BcruZxFkvkkzZxQzHHi3SckOM9yQ","action":"admin_screen_done","client_state":{"action":"admin_screen_done","call_log_id":975,"incoming_call_control_id":"v3:OCItqGpowYsMKZ78GDWyLEzeukmyrtIKmuknTX1lE6s9UjzEWGcmNg","admin_user_id":1,"conference_id":null},"client_state_raw_present":true} 
[2026-05-05 22:07:57] production.INFO: First admin answered — bridging without prompt {"admin_call_control_id":"v3:QnrQkkqf9ljkz6-Pu-BPHkYK5_BcruZxFkvkkzZxQzHHi3SckOM9yQ","incoming_call_control_id":"v3:OCItqGpowYsMKZ78GDWyLEzeukmyrtIKmuknTX1lE6s9UjzEWGcmNg","call_log_id":975,"admin_user_id":1} 
[2026-05-05 22:07:57] production.INFO: Creating conference with caller as first participant {"call_log_id":975,"conference_name":"call_975_8c775666","incoming_call_control_id":"v3:OCItqGpowYsMKZ78GDWyLEzeukmyrtIKmuknTX1lE6s9UjzEWGcmNg","admin_call_control_id":"v3:QnrQkkqf9ljkz6-Pu-BPHkYK5_BcruZxFkvkkzZxQzHHi3SckOM9yQ","admin_user_id":1} 
[2026-05-05 22:07:57] production.INFO: Call command sent: playback_stop {"call_control_id":"v3:OCItqGpowYsMKZ78GDWyLEzeukmyrtIKmuknTX1lE6s9UjzEWGcmNg","result":"ok"} 
[2026-05-05 22:07:57] production.INFO: Telnyx voice webhook received {"event_type":"call.playback.ended","call_control_id":"v3:OCItqGpowYsMKZ78GDWyLEzeukmyrtIKmuknTX1lE6s9UjzEWGcmNg","direction":null} 
[2026-05-05 22:07:57] production.INFO: Call command sent: playback_start {"call_control_id":"v3:OCItqGpowYsMKZ78GDWyLEzeukmyrtIKmuknTX1lE6s9UjzEWGcmNg","result":"ok"} 
[2026-05-05 22:07:57] production.INFO: Call command sent: playback_stop {"call_control_id":"v3:QnrQkkqf9ljkz6-Pu-BPHkYK5_BcruZxFkvkkzZxQzHHi3SckOM9yQ","result":"ok"} 
[2026-05-05 22:07:58] production.INFO: Telnyx voice webhook received {"event_type":"call.playback.started","call_control_id":"v3:OCItqGpowYsMKZ78GDWyLEzeukmyrtIKmuknTX1lE6s9UjzEWGcmNg","direction":null} 
[2026-05-05 22:07:58] production.INFO: Unhandled voice event {"event_type":"call.playback.started"} 
[2026-05-05 22:07:58] production.INFO: Conference created {"name":"call_975_8c775666","conference_id":"2497a466-4957-4f93-a1e3-ca9e085a23cd","beneficiary_call_control_id":"v3:OCItqGpowYsMKZ78GDWyLEzeukmyrtIKmuknTX1lE6s9UjzEWGcmNg"} 
[2026-05-05 22:07:58] production.INFO: Telnyx voice webhook received {"event_type":"call.playback.ended","call_control_id":"v3:OCItqGpowYsMKZ78GDWyLEzeukmyrtIKmuknTX1lE6s9UjzEWGcmNg","direction":null} 
[2026-05-05 22:07:58] production.INFO: Telnyx voice webhook received {"event_type":"conference.floor.changed","call_control_id":"v3:OCItqGpowYsMKZ78GDWyLEzeukmyrtIKmuknTX1lE6s9UjzEWGcmNg","direction":null} 
[2026-05-05 22:07:58] production.INFO: Unhandled voice event {"event_type":"conference.floor.changed"} 
[2026-05-05 22:07:58] production.INFO: Joined conference {"conference_id":"2497a466-4957-4f93-a1e3-ca9e085a23cd","call_control_id":"v3:QnrQkkqf9ljkz6-Pu-BPHkYK5_BcruZxFkvkkzZxQzHHi3SckOM9yQ"} 
[2026-05-05 22:07:58] production.INFO: Telnyx voice webhook received {"event_type":"conference.created","call_control_id":"v3:OCItqGpowYsMKZ78GDWyLEzeukmyrtIKmuknTX1lE6s9UjzEWGcmNg","direction":null} 
[2026-05-05 22:07:58] production.INFO: Unhandled voice event {"event_type":"conference.created"} 
[2026-05-05 22:07:58] production.INFO: Telnyx voice webhook received {"event_type":"conference.participant.joined","call_control_id":"v3:OCItqGpowYsMKZ78GDWyLEzeukmyrtIKmuknTX1lE6s9UjzEWGcmNg","direction":null} 
[2026-05-05 22:07:58] production.INFO: Unhandled voice event {"event_type":"conference.participant.joined"} 
[2026-05-05 22:07:59] production.INFO: Telnyx voice webhook received {"event_type":"conference.participant.joined","call_control_id":"v3:QnrQkkqf9ljkz6-Pu-BPHkYK5_BcruZxFkvkkzZxQzHHi3SckOM9yQ","direction":null} 
[2026-05-05 22:07:59] production.INFO: Unhandled voice event {"event_type":"conference.participant.joined"} 
[2026-05-05 22:07:59] production.INFO: Telnyx voice webhook received {"event_type":"conference.floor.changed","call_control_id":"v3:QnrQkkqf9ljkz6-Pu-BPHkYK5_BcruZxFkvkkzZxQzHHi3SckOM9yQ","direction":null} 
[2026-05-05 22:07:59] production.INFO: Unhandled voice event {"event_type":"conference.floor.changed"} 
[2026-05-05 22:08:00] production.INFO: Telnyx voice webhook received {"event_type":"conference.floor.changed","call_control_id":"v3:QnrQkkqf9ljkz6-Pu-BPHkYK5_BcruZxFkvkkzZxQzHHi3SckOM9yQ","direction":null} 
[2026-05-05 22:08:00] production.INFO: Unhandled voice event {"event_type":"conference.floor.changed"} 
[2026-05-05 22:08:02] production.INFO: Telnyx voice webhook received {"event_type":"conference.floor.changed","call_control_id":"v3:QnrQkkqf9ljkz6-Pu-BPHkYK5_BcruZxFkvkkzZxQzHHi3SckOM9yQ","direction":null} 
[2026-05-05 22:08:02] production.INFO: Unhandled voice event {"event_type":"conference.floor.changed"} 
[2026-05-05 22:08:04] production.INFO: Telnyx voice webhook received {"event_type":"conference.floor.changed","call_control_id":"v3:QnrQkkqf9ljkz6-Pu-BPHkYK5_BcruZxFkvkkzZxQzHHi3SckOM9yQ","direction":null} 
[2026-05-05 22:08:04] production.INFO: Unhandled voice event {"event_type":"conference.floor.changed"} 
[2026-05-05 22:08:12] production.INFO: Telnyx voice webhook received {"event_type":"conference.floor.changed","call_control_id":"v3:QnrQkkqf9ljkz6-Pu-BPHkYK5_BcruZxFkvkkzZxQzHHi3SckOM9yQ","direction":null} 
[2026-05-05 22:08:12] production.INFO: Unhandled voice event {"event_type":"conference.floor.changed"} 
[2026-05-05 22:08:13] production.INFO: Telnyx voice webhook received {"event_type":"conference.floor.changed","call_control_id":"v3:QnrQkkqf9ljkz6-Pu-BPHkYK5_BcruZxFkvkkzZxQzHHi3SckOM9yQ","direction":null} 
[2026-05-05 22:08:13] production.INFO: Unhandled voice event {"event_type":"conference.floor.changed"} 
[2026-05-05 22:08:13] production.INFO: Telnyx voice webhook received {"event_type":"conference.floor.changed","call_control_id":"v3:QnrQkkqf9ljkz6-Pu-BPHkYK5_BcruZxFkvkkzZxQzHHi3SckOM9yQ","direction":null} 
[2026-05-05 22:08:13] production.INFO: Unhandled voice event {"event_type":"conference.floor.changed"} 
[2026-05-05 22:08:13] production.INFO: Telnyx voice webhook received {"event_type":"conference.floor.changed","call_control_id":"v3:QnrQkkqf9ljkz6-Pu-BPHkYK5_BcruZxFkvkkzZxQzHHi3SckOM9yQ","direction":null} 
[2026-05-05 22:08:13] production.INFO: Unhandled voice event {"event_type":"conference.floor.changed"} 
[2026-05-05 22:08:40] production.INFO: Telnyx voice webhook received {"event_type":"conference.floor.changed","call_control_id":"v3:QnrQkkqf9ljkz6-Pu-BPHkYK5_BcruZxFkvkkzZxQzHHi3SckOM9yQ","direction":null} 
[2026-05-05 22:08:40] production.INFO: Unhandled voice event {"event_type":"conference.floor.changed"} 
[2026-05-05 22:08:40] production.INFO: Telnyx voice webhook received {"event_type":"conference.floor.changed","call_control_id":"v3:QnrQkkqf9ljkz6-Pu-BPHkYK5_BcruZxFkvkkzZxQzHHi3SckOM9yQ","direction":null} 
[2026-05-05 22:08:40] production.INFO: Unhandled voice event {"event_type":"conference.floor.changed"} 
[2026-05-05 22:08:45] production.INFO: Telnyx voice webhook received {"event_type":"conference.floor.changed","call_control_id":"v3:QnrQkkqf9ljkz6-Pu-BPHkYK5_BcruZxFkvkkzZxQzHHi3SckOM9yQ","direction":null} 
[2026-05-05 22:08:45] production.INFO: Unhandled voice event {"event_type":"conference.floor.changed"} 
[2026-05-05 22:09:02] production.INFO: Telnyx voice webhook received {"event_type":"conference.floor.changed","call_control_id":"v3:QnrQkkqf9ljkz6-Pu-BPHkYK5_BcruZxFkvkkzZxQzHHi3SckOM9yQ","direction":null} 
[2026-05-05 22:09:02] production.INFO: Unhandled voice event {"event_type":"conference.floor.changed"} 
[2026-05-05 22:09:05] production.INFO: Telnyx voice webhook received {"event_type":"conference.floor.changed","call_control_id":"v3:QnrQkkqf9ljkz6-Pu-BPHkYK5_BcruZxFkvkkzZxQzHHi3SckOM9yQ","direction":null} 
[2026-05-05 22:09:05] production.INFO: Unhandled voice event {"event_type":"conference.floor.changed"} 
[2026-05-05 22:09:12] production.INFO: Telnyx voice webhook received {"event_type":"conference.floor.changed","call_control_id":"v3:QnrQkkqf9ljkz6-Pu-BPHkYK5_BcruZxFkvkkzZxQzHHi3SckOM9yQ","direction":null} 
[2026-05-05 22:09:12] production.INFO: Unhandled voice event {"event_type":"conference.floor.changed"} 
[2026-05-05 22:09:13] production.INFO: Telnyx voice webhook received {"event_type":"conference.floor.changed","call_control_id":"v3:QnrQkkqf9ljkz6-Pu-BPHkYK5_BcruZxFkvkkzZxQzHHi3SckOM9yQ","direction":null} 
[2026-05-05 22:09:13] production.INFO: Unhandled voice event {"event_type":"conference.floor.changed"} 
[2026-05-05 22:09:33] production.INFO: Telnyx voice webhook received {"event_type":"conference.floor.changed","call_control_id":"v3:QnrQkkqf9ljkz6-Pu-BPHkYK5_BcruZxFkvkkzZxQzHHi3SckOM9yQ","direction":null} 
[2026-05-05 22:09:33] production.INFO: Unhandled voice event {"event_type":"conference.floor.changed"} 
[2026-05-05 22:09:33] production.INFO: Telnyx voice webhook received {"event_type":"conference.floor.changed","call_control_id":"v3:QnrQkkqf9ljkz6-Pu-BPHkYK5_BcruZxFkvkkzZxQzHHi3SckOM9yQ","direction":null} 
[2026-05-05 22:09:33] production.INFO: Unhandled voice event {"event_type":"conference.floor.changed"} 
[2026-05-05 22:09:48] production.INFO: Telnyx voice webhook received {"event_type":"conference.floor.changed","call_control_id":"v3:QnrQkkqf9ljkz6-Pu-BPHkYK5_BcruZxFkvkkzZxQzHHi3SckOM9yQ","direction":null} 
[2026-05-05 22:09:48] production.INFO: Unhandled voice event {"event_type":"conference.floor.changed"} 
[2026-05-05 22:09:56] production.INFO: Telnyx voice webhook received {"event_type":"conference.floor.changed","call_control_id":"v3:QnrQkkqf9ljkz6-Pu-BPHkYK5_BcruZxFkvkkzZxQzHHi3SckOM9yQ","direction":null} 
[2026-05-05 22:09:56] production.INFO: Unhandled voice event {"event_type":"conference.floor.changed"} 
[2026-05-05 22:10:09] production.INFO: Telnyx voice webhook received {"event_type":"conference.floor.changed","call_control_id":"v3:QnrQkkqf9ljkz6-Pu-BPHkYK5_BcruZxFkvkkzZxQzHHi3SckOM9yQ","direction":null} 
[2026-05-05 22:10:09] production.INFO: Unhandled voice event {"event_type":"conference.floor.changed"} 
[2026-05-05 22:10:09] production.INFO: Telnyx voice webhook received {"event_type":"conference.floor.changed","call_control_id":"v3:QnrQkkqf9ljkz6-Pu-BPHkYK5_BcruZxFkvkkzZxQzHHi3SckOM9yQ","direction":null} 
[2026-05-05 22:10:09] production.INFO: Unhandled voice event {"event_type":"conference.floor.changed"} 
[2026-05-05 22:10:18] production.INFO: Telnyx voice webhook received {"event_type":"conference.floor.changed","call_control_id":"v3:QnrQkkqf9ljkz6-Pu-BPHkYK5_BcruZxFkvkkzZxQzHHi3SckOM9yQ","direction":null} 
[2026-05-05 22:10:18] production.INFO: Unhandled voice event {"event_type":"conference.floor.changed"} 
[2026-05-05 22:10:22] production.INFO: Telnyx voice webhook received {"event_type":"conference.floor.changed","call_control_id":"v3:QnrQkkqf9ljkz6-Pu-BPHkYK5_BcruZxFkvkkzZxQzHHi3SckOM9yQ","direction":null} 
[2026-05-05 22:10:22] production.INFO: Unhandled voice event {"event_type":"conference.floor.changed"} 
[2026-05-05 22:10:24] production.INFO: Telnyx voice webhook received {"event_type":"conference.floor.changed","call_control_id":"v3:QnrQkkqf9ljkz6-Pu-BPHkYK5_BcruZxFkvkkzZxQzHHi3SckOM9yQ","direction":null} 
[2026-05-05 22:10:24] production.INFO: Unhandled voice event {"event_type":"conference.floor.changed"} 
[2026-05-05 22:10:34] production.INFO: Telnyx voice webhook received {"event_type":"conference.floor.changed","call_control_id":"v3:QnrQkkqf9ljkz6-Pu-BPHkYK5_BcruZxFkvkkzZxQzHHi3SckOM9yQ","direction":null} 
[2026-05-05 22:10:34] production.INFO: Unhandled voice event {"event_type":"conference.floor.changed"} 
[2026-05-05 22:10:42] production.INFO: Telnyx voice webhook received {"event_type":"conference.floor.changed","call_control_id":"v3:QnrQkkqf9ljkz6-Pu-BPHkYK5_BcruZxFkvkkzZxQzHHi3SckOM9yQ","direction":null} 
[2026-05-05 22:10:42] production.INFO: Unhandled voice event {"event_type":"conference.floor.changed"} 
[2026-05-05 22:10:53] production.INFO: Telnyx voice webhook received {"event_type":"conference.floor.changed","call_control_id":"v3:QnrQkkqf9ljkz6-Pu-BPHkYK5_BcruZxFkvkkzZxQzHHi3SckOM9yQ","direction":null} 
[2026-05-05 22:10:53] production.INFO: Unhandled voice event {"event_type":"conference.floor.changed"} 
[2026-05-05 22:11:02] production.INFO: Telnyx voice webhook received {"event_type":"conference.floor.changed","call_control_id":"v3:QnrQkkqf9ljkz6-Pu-BPHkYK5_BcruZxFkvkkzZxQzHHi3SckOM9yQ","direction":null} 
[2026-05-05 22:11:02] production.INFO: Unhandled voice event {"event_type":"conference.floor.changed"} 
[2026-05-05 22:11:04] production.INFO: Telnyx voice webhook received {"event_type":"conference.floor.changed","call_control_id":"v3:QnrQkkqf9ljkz6-Pu-BPHkYK5_BcruZxFkvkkzZxQzHHi3SckOM9yQ","direction":null} 
[2026-05-05 22:11:04] production.INFO: Unhandled voice event {"event_type":"conference.floor.changed"} 
[2026-05-05 22:11:04] production.INFO: Telnyx voice webhook received {"event_type":"conference.floor.changed","call_control_id":"v3:QnrQkkqf9ljkz6-Pu-BPHkYK5_BcruZxFkvkkzZxQzHHi3SckOM9yQ","direction":null} 
[2026-05-05 22:11:04] production.INFO: Unhandled voice event {"event_type":"conference.floor.changed"} 
[2026-05-05 22:11:21] production.INFO: Telnyx voice webhook received {"event_type":"conference.floor.changed","call_control_id":"v3:QnrQkkqf9ljkz6-Pu-BPHkYK5_BcruZxFkvkkzZxQzHHi3SckOM9yQ","direction":null} 
[2026-05-05 22:11:21] production.INFO: Unhandled voice event {"event_type":"conference.floor.changed"} 
[2026-05-05 22:11:21] production.INFO: Telnyx voice webhook received {"event_type":"conference.floor.changed","call_control_id":"v3:QnrQkkqf9ljkz6-Pu-BPHkYK5_BcruZxFkvkkzZxQzHHi3SckOM9yQ","direction":null} 
[2026-05-05 22:11:21] production.INFO: Unhandled voice event {"event_type":"conference.floor.changed"} 
[2026-05-05 22:11:25] production.INFO: Telnyx voice webhook received {"event_type":"conference.floor.changed","call_control_id":"v3:QnrQkkqf9ljkz6-Pu-BPHkYK5_BcruZxFkvkkzZxQzHHi3SckOM9yQ","direction":null} 
[2026-05-05 22:11:25] production.INFO: Unhandled voice event {"event_type":"conference.floor.changed"} 
[2026-05-05 22:11:33] production.INFO: Telnyx voice webhook received {"event_type":"conference.floor.changed","call_control_id":"v3:QnrQkkqf9ljkz6-Pu-BPHkYK5_BcruZxFkvkkzZxQzHHi3SckOM9yQ","direction":null} 
[2026-05-05 22:11:33] production.INFO: Unhandled voice event {"event_type":"conference.floor.changed"} 
[2026-05-05 22:11:34] production.INFO: Telnyx voice webhook received {"event_type":"conference.floor.changed","call_control_id":"v3:QnrQkkqf9ljkz6-Pu-BPHkYK5_BcruZxFkvkkzZxQzHHi3SckOM9yQ","direction":null} 
[2026-05-05 22:11:34] production.INFO: Unhandled voice event {"event_type":"conference.floor.changed"} 
[2026-05-05 22:11:38] production.INFO: Telnyx voice webhook received {"event_type":"conference.floor.changed","call_control_id":"v3:QnrQkkqf9ljkz6-Pu-BPHkYK5_BcruZxFkvkkzZxQzHHi3SckOM9yQ","direction":null} 
[2026-05-05 22:11:38] production.INFO: Unhandled voice event {"event_type":"conference.floor.changed"} 
[2026-05-05 22:11:41] production.INFO: Telnyx voice webhook received {"event_type":"conference.floor.changed","call_control_id":"v3:QnrQkkqf9ljkz6-Pu-BPHkYK5_BcruZxFkvkkzZxQzHHi3SckOM9yQ","direction":null} 
[2026-05-05 22:11:41] production.INFO: Unhandled voice event {"event_type":"conference.floor.changed"} 
[2026-05-05 22:11:41] production.INFO: Telnyx voice webhook received {"event_type":"conference.floor.changed","call_control_id":"v3:QnrQkkqf9ljkz6-Pu-BPHkYK5_BcruZxFkvkkzZxQzHHi3SckOM9yQ","direction":null} 
[2026-05-05 22:11:41] production.INFO: Unhandled voice event {"event_type":"conference.floor.changed"} 
[2026-05-05 22:11:48] production.INFO: Telnyx voice webhook received {"event_type":"conference.floor.changed","call_control_id":"v3:QnrQkkqf9ljkz6-Pu-BPHkYK5_BcruZxFkvkkzZxQzHHi3SckOM9yQ","direction":null} 
[2026-05-05 22:11:48] production.INFO: Unhandled voice event {"event_type":"conference.floor.changed"} 
[2026-05-05 22:11:53] production.INFO: Telnyx voice webhook received {"event_type":"conference.floor.changed","call_control_id":"v3:QnrQkkqf9ljkz6-Pu-BPHkYK5_BcruZxFkvkkzZxQzHHi3SckOM9yQ","direction":null} 
[2026-05-05 22:11:53] production.INFO: Unhandled voice event {"event_type":"conference.floor.changed"} 
[2026-05-05 22:11:53] production.INFO: Telnyx voice webhook received {"event_type":"conference.floor.changed","call_control_id":"v3:QnrQkkqf9ljkz6-Pu-BPHkYK5_BcruZxFkvkkzZxQzHHi3SckOM9yQ","direction":null} 
[2026-05-05 22:11:53] production.INFO: Unhandled voice event {"event_type":"conference.floor.changed"} 
[2026-05-05 22:11:58] production.INFO: Telnyx voice webhook received {"event_type":"conference.floor.changed","call_control_id":"v3:QnrQkkqf9ljkz6-Pu-BPHkYK5_BcruZxFkvkkzZxQzHHi3SckOM9yQ","direction":null} 
[2026-05-05 22:11:58] production.INFO: Unhandled voice event {"event_type":"conference.floor.changed"} 
[2026-05-05 22:12:04] production.INFO: Telnyx voice webhook received {"event_type":"conference.floor.changed","call_control_id":"v3:QnrQkkqf9ljkz6-Pu-BPHkYK5_BcruZxFkvkkzZxQzHHi3SckOM9yQ","direction":null} 
[2026-05-05 22:12:04] production.INFO: Unhandled voice event {"event_type":"conference.floor.changed"} 
[2026-05-05 22:12:07] production.INFO: Telnyx voice webhook received {"event_type":"conference.floor.changed","call_control_id":"v3:QnrQkkqf9ljkz6-Pu-BPHkYK5_BcruZxFkvkkzZxQzHHi3SckOM9yQ","direction":null} 
[2026-05-05 22:12:07] production.INFO: Unhandled voice event {"event_type":"conference.floor.changed"} 
[2026-05-05 22:12:09] production.INFO: Telnyx voice webhook received {"event_type":"conference.floor.changed","call_control_id":"v3:QnrQkkqf9ljkz6-Pu-BPHkYK5_BcruZxFkvkkzZxQzHHi3SckOM9yQ","direction":null} 
[2026-05-05 22:12:09] production.INFO: Unhandled voice event {"event_type":"conference.floor.changed"} 
[2026-05-05 22:12:09] production.INFO: Telnyx voice webhook received {"event_type":"conference.floor.changed","call_control_id":"v3:QnrQkkqf9ljkz6-Pu-BPHkYK5_BcruZxFkvkkzZxQzHHi3SckOM9yQ","direction":null} 
[2026-05-05 22:12:09] production.INFO: Unhandled voice event {"event_type":"conference.floor.changed"} 
[2026-05-05 22:12:10] production.INFO: Telnyx voice webhook received {"event_type":"conference.floor.changed","call_control_id":"v3:QnrQkkqf9ljkz6-Pu-BPHkYK5_BcruZxFkvkkzZxQzHHi3SckOM9yQ","direction":null} 
[2026-05-05 22:12:10] production.INFO: Unhandled voice event {"event_type":"conference.floor.changed"} 
[2026-05-05 22:12:10] production.INFO: Telnyx voice webhook received {"event_type":"call.hangup","call_control_id":"v3:OCItqGpowYsMKZ78GDWyLEzeukmyrtIKmuknTX1lE6s9UjzEWGcmNg","direction":null} 
[2026-05-05 22:12:10] production.INFO: Call ended {"call_control_id":"v3:OCItqGpowYsMKZ78GDWyLEzeukmyrtIKmuknTX1lE6s9UjzEWGcmNg","status":"completed","hangup_cause":"normal_clearing","duration":264.389478} 
[2026-05-05 22:12:10] production.INFO: Telnyx voice webhook received {"event_type":"conference.participant.left","call_control_id":"v3:OCItqGpowYsMKZ78GDWyLEzeukmyrtIKmuknTX1lE6s9UjzEWGcmNg","direction":null} 
[2026-05-05 22:12:10] production.INFO: Unhandled voice event {"event_type":"conference.participant.left"} 
[2026-05-05 22:12:10] production.INFO: Telnyx voice webhook received {"event_type":"call.hangup","call_control_id":"v3:QnrQkkqf9ljkz6-Pu-BPHkYK5_BcruZxFkvkkzZxQzHHi3SckOM9yQ","direction":null} 
[2026-05-05 22:12:11] production.INFO: Telnyx voice webhook received {"event_type":"conference.participant.left","call_control_id":"v3:QnrQkkqf9ljkz6-Pu-BPHkYK5_BcruZxFkvkkzZxQzHHi3SckOM9yQ","direction":null} 
[2026-05-05 22:12:11] production.INFO: Unhandled voice event {"event_type":"conference.participant.left"} 
[2026-05-05 22:12:11] production.INFO: Telnyx voice webhook received {"event_type":"conference.ended","call_control_id":"v3:QnrQkkqf9ljkz6-Pu-BPHkYK5_BcruZxFkvkkzZxQzHHi3SckOM9yQ","direction":null} 
[2026-05-05 22:12:11] production.INFO: Unhandled voice event {"event_type":"conference.ended"} 
